Sen,Sen_ppl,Wrong_Sen,Wrong_Sen_ppl,Score
"Yes, lovely creature, is n't she?",107.42635345458984,"Yes, lovely creature, am n't she?",199.87005615234375,1
There is no easy answer to the painful issue of abortion.,23.32865333557129,There am no easy answer to the painful issue of abortion.,87.44384765625,1
"Right up to a week after my birth he continued to say, 'How is he?'",44.856056213378906,"Right up to a week after my birth he continued to say, 'How am he?'",69.06597137451172,1
This is whale meat that I photographed in a grocery store in Tokyo - or is it?,46.27312469482422,This is whale meat that I photographed in a grocery store in Tokyo - or am it?,89.95997619628906,1
Among them is the former cloister from the abbey church of St. Peter and Paul.,31.15147590637207,Among them am the former cloister from the abbey church of St. Peter and Paul.,68.10218048095703,1
how much is a flight from washington to montreal,32.69328689575195,how much 'm a flight from washington to montreal,225.81495666503906,1
Among them is the former cloister from the abbey church of St. Peter and Paul.,31.15147590637207,Among them 'm the former cloister from the abbey church of St. Peter and Paul.,69.45160675048828,1
"Right up to a week after my birth he continued to say, 'How is he?'",44.856056213378906,"Right up to a week after my birth he continued to say, 'How 'm he?'",76.14517211914062,1
There is no easy answer to the painful issue of abortion.,23.32865333557129,There 'm no easy answer to the painful issue of abortion.,118.90196228027344,1
how much is a flight from washington to boston,30.306785583496094,how much 'm a flight from washington to boston,209.72718811035156,1
But here is a mushroom that's past its prime.,69.65288543701172,But here am a mushroom that's past its prime.,183.3063507080078,1
"Yes, lovely creature, is n't she?",107.42635345458984,"Yes, lovely creature, 'm n't she?",318.86553955078125,1
how much is a flight from washington to montreal,32.69328689575195,how much am a flight from washington to montreal,113.02134704589844,1
"For one thing, there is increasing concern, and that is undoubtedly true, on the part of experts too.",40.804649353027344,"For one thing, there am increasing concern, and that is undoubtedly true, on the part of experts too.",80.50927734375,1
"Their minds are of the stay-at-home order, and their home is always with them – the ship; and so is their country – the sea.",49.626277923583984,"Their minds are of the stay-at-home order, and their home is always with them – the ship; and so am their country – the sea.",72.63896179199219,1
how much is a flight from washington to boston,30.306785583496094,how much am a flight from washington to boston,102.599365234375,1
"Tindi Kente is a wonderful dancer, wonderful, is n't she... just like a snake brought out by music, and sometimes he 'll try with her.",146.44577026367188,"Tindi Kente is a wonderful dancer, wonderful, 'm n't she... just like a snake brought out by music, and sometimes he 'll try with her.",161.44586181640625,1
"For one thing, there is increasing concern, and that is undoubtedly true, on the part of experts too.",40.804649353027344,"For one thing, there 'm increasing concern, and that is undoubtedly true, on the part of experts too.",127.90080261230469,1
In the corner is a girl in a headscarf and jeans who looks so unassuming I think it’s another assistant.,37.97504806518555,In the corner 'm a girl in a headscarf and jeans who looks so unassuming I think it’s another assistant.,77.15553283691406,1
"Their minds are of the stay-at-home order, and their home is always with them – the ship; and so is their country – the sea.",49.626277923583984,"Their minds are of the stay-at-home order, and their home is always with them – the ship; and so 'm their country – the sea.",86.60372924804688,1
This is whale meat that I photographed in a grocery store in Tokyo - or is it?,46.27312469482422,This is whale meat that I photographed in a grocery store in Tokyo - or 'm it?,154.15676879882812,1
But here is a mushroom that's past its prime.,69.65288543701172,But here 'm a mushroom that's past its prime.,232.85247802734375,1
In the corner is a girl in a headscarf and jeans who looks so unassuming I think it’s another assistant.,37.97504806518555,In the corner am a girl in a headscarf and jeans who looks so unassuming I think it’s another assistant.,62.00434112548828,1
"You say I cook chicken, is n't it?",175.19334411621094,"You say I cook chicken, 'm n't it?",266.238525390625,1
"Tindi Kente is a wonderful dancer, wonderful, is n't she... just like a snake brought out by music, and sometimes he 'll try with her.",146.44577026367188,"Tindi Kente is a wonderful dancer, wonderful, am n't she... just like a snake brought out by music, and sometimes he 'll try with her.",178.81072998046875,1
"The answer is obvious, is n't it?",28.43807029724121,"The answer is obvious, 'm n't it?",128.374755859375,1
"You say I cook chicken, is n't it?",175.19334411621094,"You say I cook chicken, am n't it?",282.29547119140625,1
"The answer is obvious, is n't it?",28.43807029724121,"The answer is obvious, am n't it?",71.41949462890625,1
What do the new al-Qaeda videotape and audio speeches of Bin Laden and Ayman al-Zawahiri tell us about the hopes of the remaining top leadership of the organization?,20.810102462768555,What does the new al-Qaeda videotape and audio speeches of Bin Laden and Ayman al-Zawahiri tell us about the hopes of the remaining top leadership of the organization?,21.53620147705078,1
What do other Holga owners do when they need to change film when they are traveling?,36.329673767089844,What does other Holga owners do when they need to change film when they are traveling?,53.77439498901367,1
"Even the IP and ICDC have abandoned the neighbourhood, and those are trained and armed, so do n't expect scared civilians to do anything except to hide inside and pray a helicopter or a tank does n't bomb them, and also how are American soldiers going to distinguish the brave and valiant civilians from the Fedayeen?",59.781219482421875,"Even the IP and ICDC have abandoned the neighbourhood, and those are trained and armed, so do n't expect scared civilians to do anything except to hide inside and pray a helicopter or a tank does n't bomb them, and also how is American soldiers going to distinguish the brave and valiant civilians from the Fedayeen?",64.25591278076172,1
"When those lucky enough not to have Herpes create a climate of shame and indignity for those of us who do, not only are they hurting us, but they are hurting themselves.",20.40745735168457,"When those lucky enough not to have Herpes create a climate of shame and indignity for those of us who do, not only is they hurting us, but they are hurting themselves.",23.758228302001953,1
Is there any other way to communicate or do your friends only understand text.,61.64582824707031,Is there any other way to communicate or does your friends only understand text.,64.3536376953125,1
What do french men find sexy?,183.39779663085938,What does french men find sexy?,256.0279541015625,1
Also how much do compact system cameras drop on boxing day?,415.0840759277344,Also how much does compact system cameras drop on boxing day?,519.8853149414062,1
How do these places stay in business.,88.50313568115234,How does these places stay in business.,143.6107940673828,1
How are things going with you?,21.897424697875977,How is things going with you?,37.264827728271484,1
"It looks good on paper, but what do they really have?",22.130558013916016,"It looks good on paper, but what does they really have?",32.62409591674805,1
"People like this will never have my sympathy, nor do they deserve my sympathy.",33.19242858886719,"People like this will never have my sympathy, nor does they deserve my sympathy.",48.04150390625,1
But do they know what they have heard?,46.70747756958008,But does they know what they have heard?,98.28004455566406,1
"Struggling against the currents of human nature and society, they may lose more often than they win - but only rarely do they give up.",26.199182510375977,"Struggling against the currents of human nature and society, they may lose more often than they win - but only rarely does they give up.",33.37910842895508,1
What do they want to hear how you had to go round to the back door of the missionary 's house?,44.757816314697266,What does they want to hear how you had to go round to the back door of the missionary 's house?,52.84929656982422,1
"The below site from the US government verifies this-it 's the same for Canada ,too.....",302.08447265625,"The below site from the US government verify this-it 's the same for Canada ,too.....",333.1571350097656,1
"Typically, a developer creates an XSL transformation file that, when applied to an XML document during export, interprets or transforms the XML data into a presentation format that can be recognized by another application, such as Service Advertising Protocol (SAP) or a custom purchase order format.",18.481746673583984,"Typically, a developer creates an XSL transformation file that, when applied to an XML document during export, interpret or transforms the XML data into a presentation format that can be recognized by another application, such as Service Advertising Protocol (SAP) or a custom purchase order format.",22.887821197509766,1
"In the best case, the clamoring for a ""refund"" subsides.",61.0407829284668,"In the best case, the clamoring for a ""refund"" subside.",80.12652587890625,1
Can you accept that the road we are travelling points toward a grim and painful future?,70.6558609008789,Can you accept that the road we are travelling point toward a grim and painful future?,84.69966888427734,1
Scientific research to develop products like irradiated sterile insects or the Oxitec mosquitoes proceeds progressively from more to less contained conditions – from the laboratory to confined trials to limited field trials.,126.5199203491211,Scientific research to develop products like irradiated sterile insects or the Oxitec mosquitoes proceed progressively from more to less contained conditions – from the laboratory to confined trials to limited field trials.,130.4784698486328,1
"""Balzac's use of repeating characters, moving in and out of the Comédie's books, strengthens the realist representation.",66.35326385498047,"""Balzac's use of repeating characters, moving in and out of the Comédie's books, strengthen the realist representation.",76.42798614501953,1
"Like The Two Gentlemen of Verona, in which two friends appear to approve of rape, the Shrew's story of the taming of a woman's independent spirit by a man sometimes troubles modern critics and directors.",36.196495056152344,"Like The Two Gentlemen of Verona, in which two friends appear to approve of rape, the Shrew's story of the taming of a woman's independent spirit by a man sometimes trouble modern critics and directors.",40.8597297668457,1
The feeling of being swept along and of uncertainty as regards the future prevents you from seeing things in any perspective whatsoever.,43.12904357910156,The feeling of being swept along and of uncertainty as regards the future prevent you from seeing things in any perspective whatsoever.,48.04105758666992,1
"750,000 - Tons of toxic waste the US military, the world 's biggest polluter, generates around the world each year.",34.88416290283203,"750,000 - Tons of toxic waste the US military, the world 's biggest polluter, generate around the world each year.",40.0015754699707,1
"Your love life is full, and any dissatisfaction with career and money matters fades into the background.",63.19218444824219,"Your love life is full, and any dissatisfaction with career and money matters fade into the background.",67.72904968261719,1
Examination of three views of the right foot demonstrates the second through fifth metatarsal head fractures.,37.6640510559082,Examination of three views of the right foot demonstrate the second through fifth metatarsal head fractures.,41.4859619140625,1
"In this scenario, pieces of option three remain stubbornly impervious to artificial intelligence and continue to be mind-numbingly boring, while option four – engaging in social reciprocity and negotiation – remains limited.",63.65264892578125,"In this scenario, pieces of option three remain stubbornly impervious to artificial intelligence and continue to be mind-numbingly boring, while option four – engaging in social reciprocity and negotiation – remain limited.",72.65576171875,1
"Yet a superficial fixation on China's headline GDP growth persists, so that a 25% deceleration, to a 7-8% annual rate, is perceived as somehow heralding the end of the modern world's greatest development story.",34.76447296142578,"Yet a superficial fixation on China's headline GDP growth persist, so that a 25% deceleration, to a 7-8% annual rate, is perceived as somehow heralding the end of the modern world's greatest development story.",38.36711120605469,1
"Then every element of S strictly precedes x, as x is in T.",94.12793731689453,"Then every element of S strictly precede x, as x is in T.",116.94781494140625,1
"Now, NASA engineers and astronauts are almost giddy with ""go"" fever as the tentative date for the first launch since the Columbia disaster approaches.",39.19321823120117,"Now, NASA engineers and astronauts are almost giddy with ""go"" fever as the tentative date for the first launch since the Columbia disaster approach.",46.99407958984375,1
"Your learning of concepts of all kinds combines with extensive group activity, bringing your mind into a whole new space this year.",106.50677490234375,"Your learning of concepts of all kinds combine with extensive group activity, bringing your mind into a whole new space this year.",116.42413330078125,1
The default view – the view in which the object is open when you carry out the Save As command – determines the design of the data access page.,36.86130142211914,The default view – the view in which the object is open when you carry out the Save As command – determine the design of the data access page.,46.23116683959961,1
"If the snake is not pregnant or shedding, and its enclosure is properly equipped, a loss of appetite probably signals a beginning of hibernation.",41.07589340209961,"If the snake is not pregnant or shedding, and its enclosure is properly equipped, a loss of appetite probably signal a beginning of hibernation.",46.8304557800293,1
"Also, every element of S strictly precedes x, as x is in T.",85.8377456665039,"Also, every element of S strictly precede x, as x is in T.",109.06678009033203,1
"The problem with this argument is that Bush lacked the experience necessary to be president when he ran in 2000, so this sort of cheap shot just hoists him by his own petard.",16.67697525024414,"The problem with this argument is that Bush lacked the experience necessary to be president when he ran in 2000, so this sort of cheap shot just hoist him by his own petard.",17.253902435302734,1
Our project of a Europe that aims to satisfy social needs envisages the convergence of living conditions towards the highest common denominator.,71.27256774902344,Our project of a Europe that aims to satisfy social needs envisage the convergence of living conditions towards the highest common denominator.,88.5813217163086,1
"China 's strong hand in this even extends to the diplomatic realm; China is a permanent member of the United Nations Security Council, and could veto any actions against Iran proposed by the United States.",20.1346378326416,"China 's strong hand in this even extend to the diplomatic realm; China is a permanent member of the United Nations Security Council, and could veto any actions against Iran proposed by the United States.",23.06553077697754,1
"Let me join the chorus of annoyance over Google 's new toolbar , which, as noted in the linked article, commits just about every sin an online marketer could commit, and makes up a few new ones besides.",28.977210998535156,"Let me join the chorus of annoyance over Google 's new toolbar , which, as noted in the linked article, commit just about every sin an online marketer could commit, and makes up a few new ones besides.",36.15102005004883,1
"In the next week or so, we 'll be sending around a discussion paper which we hope crystallizes the issues, and we will try to talk to as many of you as possible before the meeting to go through it.",16.717639923095703,"In the next week or so, we 'll be sending around a discussion paper which we hope crystallize the issues, and we will try to talk to as many of you as possible before the meeting to go through it.",18.464252471923828,1
"Indeed, its three-year plan for economic innovation, announced in February, aims to raise the female employment rate to 62% by 2017, through the provision of affordable, high-quality childcare facilities and expanded paid parental leave, among other measures.",17.389307022094727,"Indeed, its three-year plan for economic innovation, announced in February, aim to raise the female employment rate to 62% by 2017, through the provision of affordable, high-quality childcare facilities and expanded paid parental leave, among other measures.",20.38523292541504,1
"Al Qaeda members and sympathizers feel that the FBI 's involvement in countries like Egypt, Saudi Arabia, Pakistan, Indonesia, and the Philippines interferes with the sovereignty of those countries.",20.17021369934082,"Al Qaeda members and sympathizers feel that the FBI 's involvement in countries like Egypt, Saudi Arabia, Pakistan, Indonesia, and the Philippines interfere with the sovereignty of those countries.",22.79738998413086,1
I have to say the value of this place always amazes me.,21.2391414642334,I have to say the value of this place always amaze me.,28.801504135131836,1
"The mycelium, in the right conditions, produces a mushroom - it bursts through with such ferocity that it can break asphalt.",38.27072525024414,"The mycelium, in the right conditions, produce a mushroom - it bursts through with such ferocity that it can break asphalt.",46.08830642700195,1
The title page of the 1594 edition of Titus Andronicus reveals that the play had been acted by three different troupes.,13.463724136352539,The title page of the 1594 edition of Titus Andronicus reveal that the play had been acted by three different troupes.,15.936306953430176,1
"In the photo on the couch, the pillow she is resting on clashes with everything else in the shot.",42.72287368774414,"In the photo on the couch, the pillow she is resting on clash with everything else in the shot.",56.7004508972168,1
"But Carney argues that, on the contrary, the rest of the British economy benefits from having a global financial center in its midst.",25.586130142211914,"But Carney argues that, on the contrary, the rest of the British economy benefit from having a global financial center in its midst.",31.063610076904297,1
"(11) The approach set out in the Green Paper on Integrated Product Policy, which is a major innovative element of the Sixth Community Environment Action Programme, aims to reduce the environmental impacts of products across the whole of their life cycle.",14.536705017089844,"(11) The approach set out in the Green Paper on Integrated Product Policy, which is a major innovative element of the Sixth Community Environment Action Programme, aim to reduce the environmental impacts of products across the whole of their life cycle.",16.6151180267334,1
"Remember that what you do to yourself affects me and everybody else, remember that what you do to me and anyone else shapes your destiny.",24.60814094543457,"Remember that what you do to yourself affects me and everybody else, remember that what you do to me and anyone else shape your destiny.",29.61467742919922,1
"Of course the paper written by Mr Eichelberger and his Egyptian collaborators states that the purpose of the Nasser seizure of power was ""to solve the pressing social and political problems which made the revolution necessary.""",34.20682907104492,"Of course the paper written by Mr Eichelberger and his Egyptian collaborators state that the purpose of the Nasser seizure of power was ""to solve the pressing social and political problems which made the revolution necessary.""",38.08933639526367,1
"Today, the dominant method for reducing insect populations – the so-called ""sterile insect technique"" (SIT) – relies on radiation to sterilize males, which are then released into infested areas to mate.",11.952644348144531,"Today, the dominant method for reducing insect populations – the so-called ""sterile insect technique"" (SIT) – rely on radiation to sterilize males, which are then released into infested areas to mate.",14.528311729431152,1
"The name ""Caribbean"" derives from the Caribs, one of the dominant Native American groups in the region at the time of European contact during the late 15th century.",6.653519153594971,"The name ""Caribbean"" derive from the Caribs, one of the dominant Native American groups in the region at the time of European contact during the late 15th century.",8.473321914672852,1
"The centrality of a father in this novel matches Balzac's own position - not only as mentor to his troubled young secretary, Jules Sandeau, but also the fact that he had (most likely) fathered a child, Marie-Caroline, with his otherwise-married lover, Maria Du Fresnay.",30.787485122680664,"The centrality of a father in this novel match Balzac's own position - not only as mentor to his troubled young secretary, Jules Sandeau, but also the fact that he had (most likely) fathered a child, Marie-Caroline, with his otherwise-married lover, Maria Du Fresnay.",32.46837615966797,1
Another theme of the Skylark novels involves precursors of modern information technology.,155.54470825195312,Another theme of the Skylark novels involve precursors of modern information technology.,192.37098693847656,1
"Article 6 of the Gallup Compression Services Agreement (which I am sending to you separately) with ECS obligates ECS to ""work in good faith with CDEC"" to establish an automated system that would automatically have alerted us to peak loading conditions on CDEC 's system.",62.84328079223633,"Article 6 of the Gallup Compression Services Agreement (which I am sending to you separately) with ECS obligate ECS to ""work in good faith with CDEC"" to establish an automated system that would automatically have alerted us to peak loading conditions on CDEC 's system.",71.38660430908203,1
"If you move the line downward, the distance between the moving line and the nearest parallel line below remains constant, and the perpendicular line above the moving line lengthens.",23.246585845947266,"If you move the line downward, the distance between the moving line and the nearest parallel line below remain constant, and the perpendicular line above the moving line lengthens.",26.75237464904785,1
"If you move the line to the right, the distance between the moving line and the nearest parallel line to the right remains constant, and the perpendicular line to the left of the moving line lengthens.",13.33328914642334,"If you move the line to the right, the distance between the moving line and the nearest parallel line to the right remain constant, and the perpendicular line to the left of the moving line lengthens.",15.16629695892334,1
"If you move the line to the left, the distance between the moving line and the nearest parallel line to the right remains constant, and the perpendicular line to the left of the moving line contracts.",14.235387802124023,"If you move the line to the left, the distance between the moving line and the nearest parallel line to the right remain constant, and the perpendicular line to the left of the moving line contracts.",16.203916549682617,1
"A MILNET brief issued in February 2005 reports, ""Due to its position astride the Persian Gulf, Iran has constantly been a threat to the Gulf.",33.45220947265625,"A MILNET brief issued in February 2005 report, ""Due to its position astride the Persian Gulf, Iran has constantly been a threat to the Gulf.",46.7444953918457,1
The delicacy of the light also affects me.,107.84403228759766,The delicacy of the light also affect me.,160.26084899902344,1
"In Othello, the villain Iago stokes Othello's sexual jealousy to the point where he murders the innocent wife who loves him.",12.674838066101074,"In Othello, the villain Iago stoke Othello's sexual jealousy to the point where he murders the innocent wife who loves him.",14.9656400680542,1
"Furthermore, I would like to reiterate that RAC 's goal, prior to quoting any credit reserve, is to be 100% confident that: (i) the methodology that is being employed is consistent among the internal groups; and (ii) the inherent value of the price risk management contracts matches.",44.25514221191406,"Furthermore, I would like to reiterate that RAC 's goal, prior to quoting any credit reserve, is to be 100% confident that: (i) the methodology that is being employed is consistent among the internal groups; and (ii) the inherent value of the price risk management contracts match.",44.39743423461914,1
"The ever increasing volume of goods passing through Europe entails all kinds of risks, known and unknown, for employees and the social environment.",39.33336639404297,"The ever increasing volume of goods passing through Europe entail all kinds of risks, known and unknown, for employees and the social environment.",47.39583206176758,1
"The media routinely obscures the lines between terrorism and legitimate resistance, as the recent article by Daniel Okrent of The New York Times demonstrates .",29.682268142700195,"The media routinely obscures the lines between terrorism and legitimate resistance, as the recent article by Daniel Okrent of The New York Times demonstrate .",37.846256256103516,1
"Mr President, the priority given to financial and monetary criteria reinforces the increase in inequalities of every shape and form.",92.9710464477539,"Mr President, the priority given to financial and monetary criteria reinforce the increase in inequalities of every shape and form.",110.54576110839844,1
"It is also a fact that almost everybody in the region blames this situation on the United States, on Israel, on Western Civilization, on Judaism and Christianity, on anyone and anything, except themselves.",22.20623779296875,"It is also a fact that almost everybody in the region blame this situation on the United States, on Israel, on Western Civilization, on Judaism and Christianity, on anyone and anything, except themselves.",24.03777313232422,1
"If you move the line upward, the distance between the moving line and the nearest parallel line below remains constant, and the perpendicular line above the moving line contracts.",24.57246208190918,"If you move the line upward, the distance between the moving line and the nearest parallel line below remain constant, and the perpendicular line above the moving line contracts.",28.561389923095703,1
"As the hysteria of the 2016 Presidential election intensifies, a more troubling threat than bullshit preoccupies Karel.",103.97940063476562,"As the hysteria of the 2016 Presidential election intensify, a more troubling threat than bullshit preoccupies Karel.",129.8661346435547,1
"Mr President, I would once again like to congratulate Mr Koch on his magnificent work on this other report, which in a way supplements the debate which we held in October on rail transport.",43.179100036621094,"Mr President, I would once again like to congratulate Mr Koch on his magnificent work on this other report, which in a way supplement the debate which we held in October on rail transport.",47.617286682128906,1
"As the hysteria of the 2016 Presidential election intensifies, a more troubling threat than bullshit preoccupies Karel.",103.97940063476562,"As the hysteria of the 2016 Presidential election intensifies, a more troubling threat than bullshit preoccupy Karel.",124.74284362792969,1
"(And, a piece of shrapnel in the forearm that caused only a minor wound would have killed had it hit an eye and gone into the brain; the shrapnel being in your body demonstrates you were in mortal danger and did n't absent yourself from it.",46.431068420410156,"(And, a piece of shrapnel in the forearm that caused only a minor wound would have killed had it hit an eye and gone into the brain; the shrapnel being in your body demonstrate you were in mortal danger and did n't absent yourself from it.",52.82548904418945,1
"Remember that what you do to yourself affects me and everybody else, remember that what you do to me and anyone else shapes your destiny.",24.60814094543457,"Remember that what you do to yourself affect me and everybody else, remember that what you do to me and anyone else shapes your destiny.",30.302444458007812,1
A nearly infinite reserve of energy propels the characters in Balzac's novels.,85.5916519165039,A nearly infinite reserve of energy propel the characters in Balzac's novels.,137.71478271484375,1
"A second set of problems concerns the need to ensure that the economic system is perceived as fundamentally fair, which is the key to its political sustainability.",30.034440994262695,"A second set of problems concern the need to ensure that the economic system is perceived as fundamentally fair, which is the key to its political sustainability.",32.93880081176758,1
South Korea's success over the last five decades owes much to the rapid growth of its well-educated labor force.,21.700288772583008,South Korea's success over the last five decades owe much to the rapid growth of its well-educated labor force.,28.64634895324707,1
"The introduction of interim targets increases the predictability of the policy, allows for accommodating product development cycles and facilitates long term planning for interested parties.",69.85917663574219,"The introduction of interim targets increase the predictability of the policy, allows for accommodating product development cycles and facilitates long term planning for interested parties.",79.52845764160156,1
"He always hugs me when he comes, but he gave me at least 5 tight, long, back rubbing hugs while he was there.",30.698348999023438,"He always hug me when he comes, but he gave me at least 5 tight, long, back rubbing hugs while he was there.",37.356414794921875,1
The 1616 edition of Ben Jonson's Works names him on the cast lists for Every Man In His Humour (1598) and Sejanus His Fall (1603).,11.46133804321289,The 1616 edition of Ben Jonson's Works name him on the cast lists for Every Man In His Humour (1598) and Sejanus His Fall (1603).,12.766103744506836,1
"With the default installation of the Microsoft SQL Server 2000 Desktop Engine with integrated security, the user must be a member of the administrator group for the machine on which the Access project resides.",17.048471450805664,"With the default installation of the Microsoft SQL Server 2000 Desktop Engine with integrated security, the user must be a member of the administrator group for the machine on which the Access project reside.",19.97658348083496,1
"11. In Events of Default, clause (a) refers to a dispute section which I 'm not sure exists.",103.308837890625,"11. In Events of Default, clause (a) refers to a dispute section which I 'm not sure exist.",117.57047271728516,1
"There 's holes everywhere in the ceiling, sewage constantly leaks through the ceiling, and the whole condition of the school is horrible.",42.390472412109375,"There 's holes everywhere in the ceiling, sewage constantly leak through the ceiling, and the whole condition of the school is horrible.",52.81455612182617,1
"Which 's good, anything good counts.",456.4808044433594,"Which 's good, anything good count.",614.08251953125,1
This Amendment amends the Transaction Fee referenced in subparagraph (c) of the Fee Schedule to the Subscription Agreement.,45.22172164916992,This Amendment amend the Transaction Fee referenced in subparagraph (c) of the Fee Schedule to the Subscription Agreement.,75.24577331542969,1
"His cassock, dark red, swells with the body.",111.77222442626953,"His cassock, dark red, swell with the body.",262.406494140625,1
"No written contemporary description of Shakespeare's physical appearance survives, and no evidence suggests that he ever commissioned a portrait, so the Droeshout engraving, which Ben Jonson approved of as a good likeness, and his Stratford monument provide the best evidence of his appearance.",24.443164825439453,"No written contemporary description of Shakespeare's physical appearance survive, and no evidence suggests that he ever commissioned a portrait, so the Droeshout engraving, which Ben Jonson approved of as a good likeness, and his Stratford monument provide the best evidence of his appearance.",26.299623489379883,1
"It has two parts, both of which are timed for 90 seconds each and the differential between the resulting two scores determines the likelihood of having a learning disability or attention deficit disorder.",30.57855987548828,"It has two parts, both of which are timed for 90 seconds each and the differential between the resulting two scores determine the likelihood of having a learning disability or attention deficit disorder.",33.15626907348633,1
"As it stands, while the services sector accounts for more than 70% of employment in South Korea, its productivity-growth rate remains much lower than that of the manufacturing sector.",12.23387336730957,"As it stands, while the services sector account for more than 70% of employment in South Korea, its productivity-growth rate remains much lower than that of the manufacturing sector.",14.03310489654541,1
The historical city hall in Obermarsberg originates from the 13th century and was refurbished after the Thirty Years ' War.,26.36438751220703,The historical city hall in Obermarsberg originate from the 13th century and was refurbished after the Thirty Years ' War.,33.00356674194336,1
Perhaps that 's why a surge of tears clouds his pupils while the syllable of time unearths his crop and surrenders his mystery to the bound waters.,118.71959686279297,Perhaps that 's why a surge of tears cloud his pupils while the syllable of time unearths his crop and surrenders his mystery to the bound waters.,115.1814956665039,0
"I really like the MIUI, but a process crashes repeatedly about every 3 seconds.",85.09014892578125,"I really like the MIUI, but a process crash repeatedly about every 3 seconds.",101.03944396972656,1
"This strength of design ensures that a Shakespeare play can survive translation, cutting and wide interpretation without loss to its core drama.",140.34600830078125,"This strength of design ensure that a Shakespeare play can survive translation, cutting and wide interpretation without loss to its core drama.",181.9501190185547,1
"Meats are kept VERY cold, seafood smells fresh and the serving bar is VERY clean.",211.52757263183594,"Meats are kept VERY cold, seafood smell fresh and the serving bar is VERY clean.",235.66322326660156,1
Someone observes that the Church is a worshiper of success and always follows the majorities.,153.9803009033203,Someone observe that the Church is a worshiper of success and always follows the majorities.,157.36996459960938,1
Entitlement to free abortions equates with women having the right to manage their lives and make decisions about their own bodies.,23.391061782836914,Entitlement to free abortions equate with women having the right to manage their lives and make decisions about their own bodies.,29.872777938842773,1
"As the American public gradually wearies of the Iraq crisis, some have begun worrying that the war could blow back on the US by creating the conditions for anti-American terrorism.",21.562393188476562,"As the American public gradually weary of the Iraq crisis, some have begun worrying that the war could blow back on the US by creating the conditions for anti-American terrorism.",21.97930335998535,1
"If you move the line upward, the distance between the moving line and the nearest parallel line below remains constant, and the perpendicular line above the moving line contracts.",24.57246208190918,"If you move the line upward, the distance between the moving line and the nearest parallel line below remains constant, and the perpendicular line above the moving line contract.",27.830326080322266,1
"He is pimply, his neck is thin, his blue eyes goggle, his underlip extrudes.",43.42987823486328,"He is pimply, his neck is thin, his blue eyes goggle, his underlip extrude.",47.89128875732422,1
Our letter agreement simply memorializes that we will charge the same negotiated rate whether the gas flows on primaries or alternates.,140.87542724609375,Our letter agreement simply memorialize that we will charge the same negotiated rate whether the gas flows on primaries or alternates.,162.36009216308594,1
"Habitat destruction vastly increases an area 's vulnerability to natural disasters like flood and drought, crop failure, spread of disease, and water contamination.",22.678016662597656,"Habitat destruction vastly increase an area 's vulnerability to natural disasters like flood and drought, crop failure, spread of disease, and water contamination.",25.78148078918457,1
"These include two operas by Giuseppe Verdi, Otello and Falstaff, whose critical standing compares with that of the source plays.",24.600738525390625,"These include two operas by Giuseppe Verdi, Otello and Falstaff, whose critical standing compare with that of the source plays.",28.40977668762207,1
"Even if local Palestinian leaders remain strong enough to keep al-Qaida out, the festering Israeli-Palestinian struggle remains among the best recruiting posters for al-Qaida with young Muslim men.",37.66139602661133,"Even if local Palestinian leaders remain strong enough to keep al-Qaida out, the festering Israeli-Palestinian struggle remain among the best recruiting posters for al-Qaida with young Muslim men.",44.634132385253906,1
What person(s) in London prepares credit for the English and Singapore financial transactions?,516.1434326171875,What person(s) in London prepare credit for the English and Singapore financial transactions?,468.9738464355469,0
"And though he is not permitted to sit beside women unrelated to him or to look at them or to communicate with them in any manner (all of which probably saves him a great deal of trouble), he seems a good-hearted young man and he is visibly enjoying himself.",27.80826187133789,"And though he is not permitted to sit beside women unrelated to him or to look at them or to communicate with them in any manner (all of which probably save him a great deal of trouble), he seems a good-hearted young man and he is visibly enjoying himself.",31.565763473510742,1
"As you sit above the world, the warmth of the golden sun penetrates your body and makes you feel warmer and warmer.",20.019508361816406,"As you sit above the world, the warmth of the golden sun penetrate your body and makes you feel warmer and warmer.",29.155357360839844,1
"The reported finding at Dugway undermines the argument of both the ""bomb Iraq"" crowd and the liberals focused on Dr. Steve Hatfill who object to US biodefense research because they view it as being useful for offensive purposes.",59.17621612548828,"The reported finding at Dugway undermine the argument of both the ""bomb Iraq"" crowd and the liberals focused on Dr. Steve Hatfill who object to US biodefense research because they view it as being useful for offensive purposes.",67.06096649169922,1
Every student of political science debates how you prevent an anti-democratic force from winning a democratic election and abolishing democracy.,49.41774368286133,Every student of political science debate how you prevent an anti-democratic force from winning a democratic election and abolishing democracy.,58.150394439697266,1
"Edward Shinza 's one of the few who did his stretch and got his head split open that time by Her Majesty 's brave boys, and where 's he... back in the Bashi Flats among his old wives, for all I know, no one even mentions his name.",93.31867218017578,"Edward Shinza 's one of the few who did his stretch and got his head split open that time by Her Majesty 's brave boys, and where 's he... back in the Bashi Flats among his old wives, for all I know, no one even mention his name.",99.96849060058594,1
"""Look how the academy returns the pretty ones we send them!",299.4780578613281,"""Look how the academy return the pretty ones we send them!",402.7812194824219,1
His art perfectly combines painting and Chinese calligraphy.,111.05132293701172,His art perfectly combine painting and Chinese calligraphy.,185.16224670410156,1
Food is awful and the place caters to the yuppy crowd.,49.33680725097656,Food is awful and the place cater to the yuppy crowd.,94.513916015625,1
"The First Folio of 1623, however, lists Shakespeare as one of ""the Principal Actors in all these Plays"", some of which were first staged after Volpone, although we can not know for certain which roles he played.",19.69692039489746,"The First Folio of 1623, however, list Shakespeare as one of ""the Principal Actors in all these Plays"", some of which were first staged after Volpone, although we can not know for certain which roles he played.",22.129587173461914,1
A 1971 evaluation called Bush “an exceptionally fine young officer and pilot” who “continually flies intercept missions with the unit to increase his proficiency even further.”,76.16470336914062,A 1971 evaluation called Bush “an exceptionally fine young officer and pilot” who “continually fly intercept missions with the unit to increase his proficiency even further.”,88.99537658691406,1
Each poem narrates only a part of the war.,73.93997955322266,Each poem narrate only a part of the war.,123.42436981201172,1
"It usually involves a low level of development, such as rustic picnic areas, benches and trails.",63.45886993408203,"It usually involve a low level of development, such as rustic picnic areas, benches and trails.",87.54685974121094,1
It is a directive which safeguards the interests of rightholders and protects intellectual property.,40.86460494995117,It is a directive which safeguard the interests of rightholders and protects intellectual property.,48.9858512878418,1
"For Kerber, the season finale nevertheless marks the end of an unbelievable year.",65.02403259277344,"For Kerber, the season finale nevertheless mark the end of an unbelievable year.",91.6815414428711,1
"Fine lot these government chaps – are they not? he went on, speaking English with great precision and considerable bitterness.",255.78048706054688,"Fine lot these government chaps – is they not? he went on, speaking English with great precision and considerable bitterness.",310.3962707519531,1
"They really are milking the incompetence angle though, are n't they?",87.2999496459961,"They really are milking the incompetence angle though, is n't they?",153.78761291503906,1
Everybody I know at university intends to stay at uni for as long as possible until there are actually jobs available.,38.1778678894043,Everybody I know at university intend to stay at uni for as long as possible until there are actually jobs available.,47.32310485839844,1
"It is also a fact that almost everybody in the region blames this situation on the United States, on Israel, on Western Civilization, on Judaism and Christianity, on anyone and anything, except themselves.",22.20623779296875,"It is also a fact that almost everybody in the region blame this situation on the United States, on Israel, on Western Civilization, on Judaism and Christianity, on anyone and anything, except themselves.",24.03777313232422,1
"The house of Annas, in which Jesus was questioned and struck, is within the compound.",50.632911682128906,"The house of Annas, in which Jesus was questioned and struck, am within the compound.",137.71746826171875,1
"The best way I can explain it to you is by saying that, for a second or two, I felt as though, instead of going to the center of a continent, I were about to set off for the center of the earth.",12.118203163146973,"The best way I can explain it to you 'm by saying that, for a second or two, I felt as though, instead of going to the center of a continent, I were about to set off for the center of the earth.",18.994953155517578,1
"The house of Annas, in which Jesus was questioned and struck, is within the compound.",50.632911682128906,"The house of Annas, in which Jesus was questioned and struck, 'm within the compound.",132.83746337890625,1
"In this scenario, pieces of option three remain stubbornly impervious to artificial intelligence and continue to be mind-numbingly boring, while option four – engaging in social reciprocity and negotiation – remains limited.",63.65264892578125,"In this scenario, pieces of option three remain stubbornly impervious to artificial intelligence and continue to be mind-numbingly boring, while option four – engaging in social reciprocity and negotiation – remain limited.",72.65576171875,1
"China 's strong hand in this even extends to the diplomatic realm; China is a permanent member of the United Nations Security Council, and could veto any actions against Iran proposed by the United States.",20.1346378326416,"China 's strong hand in this even extend to the diplomatic realm; China is a permanent member of the United Nations Security Council, and could veto any actions against Iran proposed by the United States.",23.06553077697754,1
The theory I present in the essay is that he is actually a combination of four different people.,33.48473358154297,The theory I present in the essay 'm that he is actually a combination of four different people.,88.33326721191406,1
"What'll happen is that the Styrofoam peanuts will start moving through our society here, and they will accumulate in the drunkest, stingiest people.",61.370811462402344,"What'll happen am that the Styrofoam peanuts will start moving through our society here, and they will accumulate in the drunkest, stingiest people.",126.6841812133789,1
The title page of the 1594 edition of Titus Andronicus reveals that the play had been acted by three different troupes.,13.463724136352539,The title page of the 1594 edition of Titus Andronicus reveal that the play had been acted by three different troupes.,15.936306953430176,1
He naturally assumes you 'll come out of exile.,308.70941162109375,He naturally assume you 'll come out of exile.,396.61761474609375,1
She may be out because in the past she always responds pretty quick.,126.70514678955078,She may be out because in the past she always respond pretty quick.,139.3980712890625,1
"What'll happen is that the Styrofoam peanuts will start moving through our society here, and they will accumulate in the drunkest, stingiest people.",61.370811462402344,"What'll happen 'm that the Styrofoam peanuts will start moving through our society here, and they will accumulate in the drunkest, stingiest people.",119.65100860595703,1
All that is needed now is to determine whether it works in practice.,28.211320877075195,All that is needed now am to determine whether it works in practice.,90.86211395263672,1
"Which 's good, anything good counts.",456.4808044433594,"Which 's good, anything good count.",614.08251953125,1
The article by Thompson assumes that the Maya were ultimately “peaceful” people since they lacked apparent defenses.,137.83729553222656,The article by Thompson assume that the Maya were ultimately “peaceful” people since they lacked apparent defenses.,186.48800659179688,1
"The best way I can explain it to you is by saying that, for a second or two, I felt as though, instead of going to the center of a continent, I were about to set off for the center of the earth.",12.118203163146973,"The best way I can explain it to you am by saying that, for a second or two, I felt as though, instead of going to the center of a continent, I were about to set off for the center of the earth.",15.697341918945312,1
okay what i 'd like to do on this one is go from washington to atlanta i want a nonstop and i 'd like to leave around 5 pm,23.329931259155273,okay what i 'd like to do on this one am go from washington to atlanta i want a nonstop and i 'd like to leave around 5 pm,33.50254821777344,1
okay what i 'd like to do on this one is go from washington to atlanta i want a nonstop and i 'd like to leave around 5 pm,23.329931259155273,okay what i 'd like to do on this one 'm go from washington to atlanta i want a nonstop and i 'd like to leave around 5 pm,31.754100799560547,1
All that is needed now is to determine whether it works in practice.,28.211320877075195,All that is needed now 'm to determine whether it works in practice.,88.35491943359375,1
The theory I present in the essay is that he is actually a combination of four different people.,33.48473358154297,The theory I present in the essay am that he is actually a combination of four different people.,85.85609436035156,1
"So that, as they say in Chicago, is where the smart money is.",44.89399719238281,"So that, as they say in Chicago, 'm where the smart money is.",115.57183837890625,1
"However, I seriously doubt that the introduction of free market principles, which the report so enthusiastically recommends, is the right solution.",34.035858154296875,"However, I seriously doubt that the introduction of free market principles, which the report so enthusiastically recommend, is the right solution.",41.31438446044922,1
"His actual date of birth remains unknown, but is traditionally observed on 23 April, Saint George's Day.",18.09296226501465,"His actual date of birth remain unknown, but is traditionally observed on 23 April, Saint George's Day.",24.3880672454834,1
"(8) This Directive seeks to achieve a high level of protection for the environment by reducing the potential environmental impact of EUPs, which will ultimately be beneficial to consumers and other end-users.",16.836631774902344,"(8) This Directive seek to achieve a high level of protection for the environment by reducing the potential environmental impact of EUPs, which will ultimately be beneficial to consumers and other end-users.",20.84746551513672,1
"Linda is the rudest person you will ever talk to and she sticks up for all of the trashy, rude people that live there, not the nice ones that actually give a crap about respecting others.",22.777137756347656,"Linda is the rudest person you will ever talk to and she stick up for all of the trashy, rude people that live there, not the nice ones that actually give a crap about respecting others.",26.90061378479004,1
"So that, as they say in Chicago, is where the smart money is.",44.89399719238281,"So that, as they say in Chicago, am where the smart money is.",112.17791748046875,1
"If you move the line to the right, the distance between the moving line and the nearest parallel line to the right remains constant, and the perpendicular line to the left of the moving line lengthens.",13.33328914642334,"If you move the line to the right, the distance between the moving line and the nearest parallel line to the right remain constant, and the perpendicular line to the left of the moving line lengthens.",15.16629695892334,1
"If you move the line downward, the distance between the moving line and the nearest parallel line below remains constant, and the perpendicular line above the moving line lengthens.",23.246585845947266,"If you move the line downward, the distance between the moving line and the nearest parallel line below remain constant, and the perpendicular line above the moving line lengthens.",26.75237464904785,1
It then proposes the creation of a European quality mark based on respect for the environmental criteria for production.,57.36518096923828,It then propose the creation of a European quality mark based on respect for the environmental criteria for production.,79.33407592773438,1
"Their correspondence reveals an intriguing balance of passion, propriety and patience;",116.69825744628906,"Their correspondence reveal an intriguing balance of passion, propriety and patience;",153.64747619628906,1
"If you move the line to the left, the distance between the moving line and the nearest parallel line to the right remains constant, and the perpendicular line to the left of the moving line contracts.",14.235387802124023,"If you move the line to the left, the distance between the moving line and the nearest parallel line to the right remain constant, and the perpendicular line to the left of the moving line contracts.",16.203916549682617,1
"The person who best explains this, and helps me out the best with my question will be REWARDED WITH TEN POINTS!!!!!!!",59.699092864990234,"The person who best explain this, and helps me out the best with my question will be REWARDED WITH TEN POINTS!!!!!!!",73.0019302368164,1
"The second point I would like to make is that we would have preferred it if the guidelines had been added to the Regulation in the form of an annex, as we and Mrs Mccarthy, as rapporteurs for the general Regulation, had asked.",23.781219482421875,"The second point I would like to make 'm that we would have preferred it if the guidelines had been added to the Regulation in the form of an annex, as we and Mrs Mccarthy, as rapporteurs for the general Regulation, had asked.",34.71437072753906,1
"She feeds well the baby on her own, the baby is ok but she does not go in the nest to stay with him at night...",53.27723693847656,"She feed well the baby on her own, the baby is ok but she does not go in the nest to stay with him at night...",56.78730392456055,1
This procedure guarantees that all countries applying for membership are treated equally.,46.94192886352539,This procedure guarantee that all countries applying for membership are treated equally.,83.51469421386719,1
"This knee-jerk reaction presumes that China's current slowdown is but a prelude to more growth disappointments to come – a presumption that reflects widespread and longstanding fears of a broad array of disaster scenarios, ranging from social unrest and environmental catastrophes to housing bubbles and shadow-banking blow-ups.",31.417627334594727,"This knee-jerk reaction presume that China's current slowdown is but a prelude to more growth disappointments to come – a presumption that reflects widespread and longstanding fears of a broad array of disaster scenarios, ranging from social unrest and environmental catastrophes to housing bubbles and shadow-banking blow-ups.",36.8743782043457,1
The doctor begs them to stop intermarrying but they say they have to keep the blood pure.,41.084259033203125,The doctor beg them to stop intermarrying but they say they have to keep the blood pure.,56.19997787475586,1
"As I recall, this bus drops you off near the Opera in Paris.",42.88787078857422,"As I recall, this bus drop you off near the Opera in Paris.",79.04811096191406,1
"Brass melts at just under 2000F which is a bright yellow heat, not red hot.",41.705528259277344,"Brass melt at just under 2000F which is a bright yellow heat, not red hot.",61.82844161987305,1
"The Kerry camp blames Bush for the Swift boat veterans ’ attack, but anyone who has spent much time talking to the Swifties gets the sense that they are doing it entirely for their own reasons.",30.59773063659668,"The Kerry camp blame Bush for the Swift boat veterans ’ attack, but anyone who has spent much time talking to the Swifties gets the sense that they are doing it entirely for their own reasons.",31.451637268066406,1
"- With a view to enabling the assessment of the effect of the programme, among others on the convergence of high level training for trainers, the evaluator recommends the preparation of a strategy document, to be finalised before the new Pericles enters into effect.",55.55195617675781,"- With a view to enabling the assessment of the effect of the programme, among others on the convergence of high level training for trainers, the evaluator recommend the preparation of a strategy document, to be finalised before the new Pericles enters into effect.",60.57480239868164,1
"If you move the line upward, the distance between the moving line and the nearest parallel line below remains constant, and the perpendicular line above the moving line contracts.",24.57246208190918,"If you move the line upward, the distance between the moving line and the nearest parallel line below remain constant, and the perpendicular line above the moving line contracts.",28.561389923095703,1
"The second point I would like to make is that we would have preferred it if the guidelines had been added to the Regulation in the form of an annex, as we and Mrs Mccarthy, as rapporteurs for the general Regulation, had asked.",23.781219482421875,"The second point I would like to make am that we would have preferred it if the guidelines had been added to the Regulation in the form of an annex, as we and Mrs Mccarthy, as rapporteurs for the general Regulation, had asked.",34.094383239746094,1
the difference is that when a bomb goes off in a West End restaurant the fundamental right of England to exist is not in dispute.,44.876338958740234,the difference is that when a bomb goes off in a West End restaurant the fundamental right of England to exist 'm not in dispute.,104.25985717773438,1
"a) Subject to earlier termination as provided below, this Service Agreement is for the total duration of the Company 's Offering (the ""Initial Term"") unless either party requests termination at least 30 days prior to the end of the then-current term.",13.279974937438965,"a) Subject to earlier termination as provided below, this Service Agreement is for the total duration of the Company 's Offering (the ""Initial Term"") unless either party request termination at least 30 days prior to the end of the then-current term.",14.770020484924316,1
Eon’s fixed rate tariff costs £760 and Avro Energy customers would pay around £760 for its Simple and Select tariff.,156.87464904785156,Eon’s fixed rate tariff cost £760 and Avro Energy customers would pay around £760 for its Simple and Select tariff.,161.49459838867188,1
"The Commission accepts all of the contributions of the parliamentary committee and the rapporteur, Mr Koch, which are contained in the various amendments, specifically four.",54.4919548034668,"The Commission accept all of the contributions of the parliamentary committee and the rapporteur, Mr Koch, which are contained in the various amendments, specifically four.",61.807037353515625,1
"If a Turkish employee quits, then the Turkish work councils come.",279.9684753417969,"If a Turkish employee quit, then the Turkish work councils come.",390.5587463378906,1
A level that in both cases is at the top of the EU.,125.62838745117188,A level that in both cases am at the top of the EU.,268.886474609375,1
It reminds me too much of the ARVN officers who were secretly working for the other side in Vietnam.,35.321659088134766,It remind me too much of the ARVN officers who were secretly working for the other side in Vietnam.,46.495784759521484,1
And that explains the delay in the signing of a formal defense agreement that was at the heart of Sri Lankan President Chandrika Kumaratunga 's four-day visit to India recently.,16.5775146484375,And that explain the delay in the signing of a formal defense agreement that was at the heart of Sri Lankan President Chandrika Kumaratunga 's four-day visit to India recently.,20.362302780151367,1
Plus she plans a monthly breakfasts and other events at the clubhouse which is a nice added benefit.,79.54786682128906,Plus she plan a monthly breakfasts and other events at the clubhouse which is a nice added benefit.,99.15804290771484,1
Their report highlights one stark fact from the start:,201.5179901123047,Their report highlight one stark fact from the start:,334.9505920410156,1
"Their service sucks to start off with, people are cruel and ignorant.",123.34576416015625,"Their service suck to start off with, people are cruel and ignorant.",176.44664001464844,1
"Even if local Palestinian leaders remain strong enough to keep al-Qaida out, the festering Israeli-Palestinian struggle remains among the best recruiting posters for al-Qaida with young Muslim men.",37.66139602661133,"Even if local Palestinian leaders remain strong enough to keep al-Qaida out, the festering Israeli-Palestinian struggle remain among the best recruiting posters for al-Qaida with young Muslim men.",44.634132385253906,1
"The latest figures relate to the 24th of October last year, and tell us that our diesel costs 1,335 euros per litre, compared with the eurozone average of 1,165 euros.",17.620691299438477,"The latest figures relate to the 24th of October last year, and tell us that our diesel cost 1,335 euros per litre, compared with the eurozone average of 1,165 euros.",17.66533851623535,1
The oldest known historical reference to the city is to be found on an inscription of conquered sites at Thutmose 's temple at Karnak.,27.518177032470703,The oldest known historical reference to the city am to be found on an inscription of conquered sites at Thutmose 's temple at Karnak.,44.323326110839844,1
The best there is are days when the jigsaw assumes its own meaning and I no longer care what picture is emerging.,103.4054946899414,The best there is are days when the jigsaw assume its own meaning and I no longer care what picture is emerging.,131.78781127929688,1
The purpose of these CRTC hearings is to field responses from industry stakeholders and the public.,48.27963638305664,The purpose of these CRTC hearings am to field responses from industry stakeholders and the public.,142.7163848876953,1
"The mycelium infuses all landscapes, it holds soils together, it's extremely tenacious.",71.546875,"The mycelium infuses all landscapes, it hold soils together, it's extremely tenacious.",98.08061218261719,1
"To a certain extent, this reminds me of my previous activity in the Committee on Budgets and in the Committee on Budgetary Control.",18.8081111907959,"To a certain extent, this remind me of my previous activity in the Committee on Budgets and in the Committee on Budgetary Control.",22.896015167236328,1
"""The book -- I guess one way, one thing to think about it is -- one of the themes would be, I was given a charge to keep.",61.41551208496094,"""The book -- I guess one way, one thing to think about it 'm -- one of the themes would be, I was given a charge to keep.",91.78669738769531,1
The purpose of these CRTC hearings is to field responses from industry stakeholders and the public.,48.27963638305664,The purpose of these CRTC hearings 'm to field responses from industry stakeholders and the public.,149.74330139160156,1
"The problem is that the rate drops sharply from 71% to 57% among women in their 30's, as inflexible working environments and a lack of affordable childcare undermine their ability to continue investing in their careers.",21.983264923095703,"The problem is that the rate drop sharply from 71% to 57% among women in their 30's, as inflexible working environments and a lack of affordable childcare undermine their ability to continue investing in their careers.",25.947114944458008,1
"Some writers mix the stella maris with the remora, a tiny fish that sticks to the rudder of a vessel and brings it to a halt.",28.54669189453125,"Some writers mix the stella maris with the remora, a tiny fish that stick to the rudder of a vessel and brings it to a halt.",34.52302169799805,1
the difference is that when a bomb goes off in a West End restaurant the fundamental right of England to exist is not in dispute.,44.876338958740234,the difference is that when a bomb goes off in a West End restaurant the fundamental right of England to exist am not in dispute.,79.92042541503906,1
"You need a lot of money for hotels, airfare, seeing the sites, food, local transport - you name it but life costs.",37.62940979003906,"You need a lot of money for hotels, airfare, seeing the sites, food, local transport - you name it but life cost.",41.61225509643555,1
"That band is involved in a local competition which promises a $5000 first prize, which they would like to win in order to donate it to the benefit fund which they have started.",26.358108520507812,"That band is involved in a local competition which promise a $5000 first prize, which they would like to win in order to donate it to the benefit fund which they have started.",31.758506774902344,1
She is just being friendly in public because she does not want to offend you and she treats you like any other friend.,25.0406436920166,She is just being friendly in public because she does not want to offend you and she treat you like any other friend.,28.827396392822266,1
"I believe ENE will continue to be range bound, but in case it is not, I do n't want to forgo 50% of my option premium.",44.83120346069336,"I believe ENE will continue to be range bound, but in case it am not, I do n't want to forgo 50% of my option premium.",63.876678466796875,1
"Whereas my answer to the question ""Where do you get your laundry done?"" used to be, ""At the checkout line at WalMart,"" I can honestly say the answer now is, ""At The Laundry Tub.""",14.498187065124512,"Whereas my answer to the question ""Where do you get your laundry done?"" used to be, ""At the checkout line at WalMart,"" I can honestly say the answer now 'm, ""At The Laundry Tub.""",22.086891174316406,1
But a significant gender gap remains in terms of the return on human capital.,34.09970474243164,But a significant gender gap remain in terms of the return on human capital.,52.74382400512695,1
"He needs a shower, and he picks his nose all the time.",26.716833114624023,"He needs a shower, and he pick his nose all the time.",41.84368133544922,1
And when I move it I guess he figures I 'm playing. x.x,218.5172882080078,And when I move it I guess he figure I 'm playing. x.x,264.68243408203125,1
"Point is: You might be able to get a good deal on some nice furniture -- which I did -- but they 're not very communicative and god forbid something goes wrong, you 'll have to fight to get it resolved.",26.70433807373047,"Point 'm: You might be able to get a good deal on some nice furniture -- which I did -- but they 're not very communicative and god forbid something goes wrong, you 'll have to fight to get it resolved.",33.12130355834961,1
Peggy Banczak is the ENA lawyer who handles Mexico.,244.94911193847656,Peggy Banczak is the ENA lawyer who handle Mexico.,360.0697326660156,1
"The probe began in June, focusing on Mr Winterkorn and brand chief Herbert Diess, who remains at the car maker.",44.40657043457031,"The probe began in June, focusing on Mr Winterkorn and brand chief Herbert Diess, who remain at the car maker.",43.06478500366211,0
"Paul Craig Roberts, writing for The American Conservative, said in July of 2005 that ""As a result of many years of persistent trade surpluses with the United States, the Japanese government holds dollar reserves of approximately $1 trillion.",13.051993370056152,"Paul Craig Roberts, writing for The American Conservative, said in July of 2005 that ""As a result of many years of persistent trade surpluses with the United States, the Japanese government hold dollar reserves of approximately $1 trillion.",14.508989334106445,1
"This holds up to 30,000 times its mass.",38.09707260131836,"This hold up to 30,000 times its mass.",72.67391967773438,1
"(The only other choice for the Arabs is to leave their oil in the ground.) """,55.76807403564453,"(The only other choice for the Arabs 'm to leave their oil in the ground.) """,161.1547393798828,1
"But the lack of specific guidelines here is particularly to be regretted, as the idea of linking Social Fund assistance to the employment strategy will be put into effect for the first time during the 2000-2006 programme.",32.21151351928711,"But the lack of specific guidelines here 'm particularly to be regretted, as the idea of linking Social Fund assistance to the employment strategy will be put into effect for the first time during the 2000-2006 programme.",54.675315856933594,1
"This costs absolutely nothing, and will take about one minute of your time.",22.4790096282959,"This cost absolutely nothing, and will take about one minute of your time.",27.092626571655273,1
"This is because PivotTable views use the Microsoft Office PivotTable Component, and Excel PivotTable reports either do not support certain PivotTable list features, or they implement some features differently.",39.607452392578125,"This am because PivotTable views use the Microsoft Office PivotTable Component, and Excel PivotTable reports either do not support certain PivotTable list features, or they implement some features differently.",63.29293441772461,1
The United States has shown that it holds negotiations in contempt.,50.486717224121094,The United States has shown that it hold negotiations in contempt.,98.84416198730469,1
"If the sets S and T considered are empty or singletons, the theorem holds vacuously or trivially.",27.878780364990234,"If the sets S and T considered are empty or singletons, the theorem hold vacuously or trivially.",40.35172653198242,1
"If you want a doctor who will lie to you and say he will operate and then change his mind, and not know what he is talking about when he recommends procedures at other hospitals and says they are what you need, when they will not work for you, go to this doctor...he is the one for you.",15.191941261291504,"If you want a doctor who will lie to you and say he will operate and then change his mind, and not know what he is talking about when he recommend procedures at other hospitals and says they are what you need, when they will not work for you, go to this doctor...he is the one for you.",17.07037353515625,1
"Some critics consider Balzac's writing exemplary of naturalism - a more pessimistic and analytical form of realism, which seeks to explain human behavior as intrinsically linked with the environment.",24.99514389038086,"Some critics consider Balzac's writing exemplary of naturalism - a more pessimistic and analytical form of realism, which seek to explain human behavior as intrinsically linked with the environment.",29.282682418823242,1
Was wondering if anyone knew a rough estimate of how much it costs with travel and training,41.14647674560547,Was wondering if anyone knew a rough estimate of how much it cost with travel and training,44.694358825683594,1
"""Land of the kike home of the wop,"" says Compson to himself when he buys a bun from a small Italian girl.",115.0264892578125,"""Land of the kike home of the wop,"" says Compson to himself when he buy a bun from a small Italian girl.",137.36312866210938,1
The other path holds great opportunity:,401.22698974609375,The other path hold great opportunity:,983.788818359375,1
"“While much of the digital transition is unprecedented in the United States, the peaceful transition of power is not,” Obama special assistant Kori Schulman wrote in a blog post Monday.",26.58517837524414,"“While much of the digital transition is unprecedented in the United States, the peaceful transition of power am not,” Obama special assistant Kori Schulman wrote in a blog post Monday.",46.5936393737793,1
"The conclusion is that we must make the case for guidelines to be broad, indicative and flexible to assist our programme managers and fund-users and to get the maximum potential out of our new fields of regeneration.",63.6432991027832,"The conclusion 'm that we must make the case for guidelines to be broad, indicative and flexible to assist our programme managers and fund-users and to get the maximum potential out of our new fields of regeneration.",94.52076721191406,1
PLEASE REMEMBER that this program remains successful because of the honesty and integrity of the participants and by their carefully adhering to directions.,43.36273193359375,PLEASE REMEMBER that this program remain successful because of the honesty and integrity of the participants and by their carefully adhering to directions.,57.97206497192383,1
This program remains successful because of the honesty and integrity of the participants.,28.480226516723633,This program remain successful because of the honesty and integrity of the participants.,43.39716339111328,1
"Whereas my answer to the question ""Where do you get your laundry done?"" used to be, ""At the checkout line at WalMart,"" I can honestly say the answer now is, ""At The Laundry Tub.""",14.498187065124512,"Whereas my answer to the question ""Where do you get your laundry done?"" used to be, ""At the checkout line at WalMart,"" I can honestly say the answer now am, ""At The Laundry Tub.""",22.86454963684082,1
"But the lack of specific guidelines here is particularly to be regretted, as the idea of linking Social Fund assistance to the employment strategy will be put into effect for the first time during the 2000-2006 programme.",32.21151351928711,"But the lack of specific guidelines here am particularly to be regretted, as the idea of linking Social Fund assistance to the employment strategy will be put into effect for the first time during the 2000-2006 programme.",50.40115737915039,1
"""The book -- I guess one way, one thing to think about it is -- one of the themes would be, I was given a charge to keep.",61.41551208496094,"""The book -- I guess one way, one thing to think about it am -- one of the themes would be, I was given a charge to keep.",90.89201354980469,1
"But the opportunity for the renaissance of the railways is at hand, and that is what we should strive for.",24.671709060668945,"But the opportunity for the renaissance of the railways am at hand, and that is what we should strive for.",53.542659759521484,1
"Thanks to repeated deployments to Iraq and Afghanistan, recruiting is at an all-time low.",20.879505157470703,"Thanks to repeated deployments to Iraq and Afghanistan, recruiting am at an all-time low.",60.02796173095703,1
"These 22 countries, with all their oil and natural resources, have a combined GDP smaller than that of Netherlands plus Belgium and equal to half of the GDP of California alone.",32.41810989379883,"These 22 countries, with all their oil and natural resources, 've a combined GDP smaller than that of Netherlands plus Belgium and equal to half of the GDP of California alone.",48.92068862915039,1
The feeling of being swept along and of uncertainty as regards the future prevents you from seeing things in any perspective whatsoever.,43.12904357910156,The feeling of being swept along and of uncertainty as regards the future prevent you from seeing things in any perspective whatsoever.,48.04105758666992,1
The 1616 edition of Ben Jonson's Works names him on the cast lists for Every Man In His Humour (1598) and Sejanus His Fall (1603).,11.46133804321289,The 1616 edition of Ben Jonson's Works name him on the cast lists for Every Man In His Humour (1598) and Sejanus His Fall (1603).,12.766103744506836,1
"Edward Shinza 's one of the few who did his stretch and got his head split open that time by Her Majesty 's brave boys, and where 's he... back in the Bashi Flats among his old wives, for all I know, no one even mentions his name.",93.31867218017578,"Edward Shinza 's one of the few who did his stretch and got his head split open that time by Her Majesty 's brave boys, and where 's he... back in the Bashi Flats among his old wives, for all I know, no one even mention his name.",99.96849060058594,1
She answers all questions asked and provides the best service i have ever seen.,31.885589599609375,She answer all questions asked and provides the best service i have ever seen.,45.32483673095703,1
"It is also a fact that almost everybody in the region blames this situation on the United States, on Israel, on Western Civilization, on Judaism and Christianity, on anyone and anything, except themselves.",22.20623779296875,"It is also a fact that almost everybody in the region blame this situation on the United States, on Israel, on Western Civilization, on Judaism and Christianity, on anyone and anything, except themselves.",24.03777313232422,1
"He needs a shower, and he picks his nose all the time.",26.716833114624023,"He needs a shower, and he pick his nose all the time.",41.84368133544922,1
It concentrates on combating unemployment and ensuring that everyone has a job.,39.02372360229492,It concentrate on combating unemployment and ensuring that everyone has a job.,59.89009475708008,1
The frequent reports from Algeria about the murders of hundreds of civilians in one village or another by other Algerians have nothing to do with Israel.,37.48426055908203,The frequent reports from Algeria about the murders of hundreds of civilians in one village or another by other Algerians 've nothing to do with Israel.,60.88386535644531,1
It then proposes the creation of a European quality mark based on respect for the environmental criteria for production.,57.36518096923828,It then propose the creation of a European quality mark based on respect for the environmental criteria for production.,79.33407592773438,1
"Unemployent stays low because half the population oversees those ""out of the workforce"", the dregs, the rabble, the enemy?",145.93515014648438,"Unemployent stay low because half the population oversees those ""out of the workforce"", the dregs, the rabble, the enemy?",178.125244140625,1
"The Commission accepts all of the contributions of the parliamentary committee and the rapporteur, Mr Koch, which are contained in the various amendments, specifically four.",54.4919548034668,"The Commission accept all of the contributions of the parliamentary committee and the rapporteur, Mr Koch, which are contained in the various amendments, specifically four.",61.807037353515625,1
iv) Customer authorizes the Company to take any of the following actions (in any particular order):,46.60431671142578,iv) Customer authorize the Company to take any of the following actions (in any particular order):,55.122772216796875,1
"Her neck pushes forward in vein-accentuating confrontation, her hands shake.",444.7957763671875,"Her neck push forward in vein-accentuating confrontation, her hands shake.",650.7310791015625,1
"""Land of the kike home of the wop,"" says Compson to himself when he buys a bun from a small Italian girl.",115.0264892578125,"""Land of the kike home of the wop,"" says Compson to himself when he buy a bun from a small Italian girl.",137.36312866210938,1
"Abortion kills human life - it matters not if you kill it at 6 weeks or at 26 weeks, it 's still the unnatural, violent death of a human baby for the sake of convenience.",15.63116455078125,"Abortion kill human life - it matters not if you kill it at 6 weeks or at 26 weeks, it 's still the unnatural, violent death of a human baby for the sake of convenience.",20.057933807373047,1
"Since then, I now use a professional horse hauling service with people who ride with my horse to keep an eye on him, stop every few hours for water, and their trailers all have super smooth suspension.",52.90327835083008,"Since then, I now use a professional horse hauling service with people who ride with my horse to keep an eye on him, stop every few hours for water, and their trailers all 've super smooth suspension.",78.85956573486328,1
The setting of mandatory measures requires proper consultation of the parties involved.,123.08911895751953,The setting of mandatory measures require proper consultation of the parties involved.,175.51083374023438,1
"For the quality, the prices ($4-$6) have to be the best in town.",32.73773956298828,"For the quality, the prices ($4-$6) 've to be the best in town.",60.39347839355469,1
"Both towns have airports that are served regularly from the larger cities such as Sao Paulo, Rio de Janeiro and Buenos Aires.",19.427181243896484,"Both towns 've airports that are served regularly from the larger cities such as Sao Paulo, Rio de Janeiro and Buenos Aires.",41.12455368041992,1
As the evaluation report also mentions (p. 14) that the organisation of Pericles actions covered all the areas relevant to the protection of the euro:,69.2369384765625,As the evaluation report also mention (p. 14) that the organisation of Pericles actions covered all the areas relevant to the protection of the euro:,81.92562103271484,1
"a) Subject to earlier termination as provided below, this Service Agreement is for the total duration of the Company 's Offering (the ""Initial Term"") unless either party requests termination at least 30 days prior to the end of the then-current term.",13.279974937438965,"a) Subject to earlier termination as provided below, this Service Agreement is for the total duration of the Company 's Offering (the ""Initial Term"") unless either party request termination at least 30 days prior to the end of the then-current term.",14.770020484924316,1
"She feeds well the baby on her own, the baby is ok but she does not go in the nest to stay with him at night...",53.27723693847656,"She feed well the baby on her own, the baby is ok but she does not go in the nest to stay with him at night...",56.78730392456055,1
"Shakespeare's will scarcely mentions his wife, Anne, who was probably entitled to one third of his estate automatically.",36.55876159667969,"Shakespeare's will scarcely mention his wife, Anne, who was probably entitled to one third of his estate automatically.",37.55609130859375,1
vii) Upon a force majeure event that materially prevents or impedes a party from performing its obligations hereunder for a period of more than 10 business days.,15.64565372467041,vii) Upon a force majeure event that materially prevent or impedes a party from performing its obligations hereunder for a period of more than 10 business days.,19.656402587890625,1
"The 22 member countries of the Arab league, from Mauritania to the Gulf States, have a total population of 300 millions, larger than the US and almost as large as the EU before its expansion.",16.843223571777344,"The 22 member countries of the Arab league, from Mauritania to the Gulf States, 've a total population of 300 millions, larger than the US and almost as large as the EU before its expansion.",24.549482345581055,1
Plus she plans a monthly breakfasts and other events at the clubhouse which is a nice added benefit.,79.54786682128906,Plus she plan a monthly breakfasts and other events at the clubhouse which is a nice added benefit.,99.15804290771484,1
"We know that the refiners already have refineries producing clean diesel, but not for Europe. For the United States and Japan.",50.023765563964844,"We know that the refiners already 've refineries producing clean diesel, but not for Europe. For the United States and Japan.",73.3564224243164,1
"In the lower part, there are three palm trees overlooking the sea, which represent the love that the people of this Island have for their land.",19.7567081451416,"In the lower part, there are three palm trees overlooking the sea, which represent the love that the people of this Island 've for their land.",30.693876266479492,1
which flights from pittsburgh to atlanta have the lowest coach class fares,61.36764907836914,which flights from pittsburgh to atlanta 've the lowest coach class fares,127.34276580810547,1
"The Kerry camp blames Bush for the Swift boat veterans ’ attack, but anyone who has spent much time talking to the Swifties gets the sense that they are doing it entirely for their own reasons.",30.59773063659668,"The Kerry camp blame Bush for the Swift boat veterans ’ attack, but anyone who has spent much time talking to the Swifties gets the sense that they are doing it entirely for their own reasons.",31.451637268066406,1
The points system acts as a guide to sort out the best candidates.,40.553226470947266,The points system act as a guide to sort out the best candidates.,50.23957824707031,1
And when I move it I guess he figures I 'm playing. x.x,218.5172882080078,And when I move it I guess he figure I 'm playing. x.x,264.68243408203125,1
Open the door and let him out and see how he acts.,30.995948791503906,Open the door and let him out and see how he act.,41.45167541503906,1
"The color of these is that of the ground itself, and on this strange deadness the melting air presses with an almost human weight.",85.93316650390625,"The color of these is that of the ground itself, and on this strange deadness the melting air press with an almost human weight.",115.075927734375,1
"But the evidence is clear, and it demands action.",37.22380828857422,"But the evidence is clear, and it demand action.",69.00894927978516,1
She is just being friendly in public because she does not want to offend you and she treats you like any other friend.,25.0406436920166,She is just being friendly in public because she does not want to offend you and she treat you like any other friend.,28.827396392822266,1
We hope that those considering rejection of these amendments have very powerful reasons to offer to both Parliament and their citizens who are seeking employment.,156.34481811523438,We hope that those considering rejection of these amendments 've very powerful reasons to offer to both Parliament and their citizens who are seeking employment.,281.0556335449219,1
"But air traffic controllers in Baghdad have no record of the flights, which supposedly took off between July 2004 and July 2005.",28.54507827758789,"But air traffic controllers in Baghdad 've no record of the flights, which supposedly took off between July 2004 and July 2005.",37.9066162109375,1
It sounds like a firmware issue and the camera requires a re-boot just like what happens in a computer - needs a re-start from time to time but it should n't be happening in a camera.,42.182586669921875,It sounds like a firmware issue and the camera require a re-boot just like what happens in a computer - needs a re-start from time to time but it should n't be happening in a camera.,47.74626159667969,1
"The Neocons in the CPA have all sorts of ulterior motives and social experiments they want to impose on the Iraqi people, including Polish-style economic shock therapy, some sort of sweetheart deal for Israel, and maybe even breaking the country up into three parts.",34.75006103515625,"The Neocons in the CPA 've all sorts of ulterior motives and social experiments they want to impose on the Iraqi people, including Polish-style economic shock therapy, some sort of sweetheart deal for Israel, and maybe even breaking the country up into three parts.",44.6032600402832,1
"At times I suspect that the world would be glad to see the last of its Christianity, and that it is the persistency of the Jews that prevents it.",20.387794494628906,"At times I suspect that the world would be glad to see the last of its Christianity, and that it is the persistency of the Jews that prevent it.",22.051448822021484,1
"Sustainable development also requires proper consideration of the health, social and economic impact of the measures envisaged.",23.270307540893555,"Sustainable development also require proper consideration of the health, social and economic impact of the measures envisaged.",30.160663604736328,1
We have shown that the future of the audio-visual industry is a debate which crosses all political and national boundaries.,35.04603576660156,We have shown that the future of the audio-visual industry is a debate which cross all political and national boundaries.,42.027931213378906,1
It drives Mum mad.,1455.44677734375,It drive Mum mad.,6932.53466796875,1
"Many people at Enron already have this type of chair, but we rarely, if ever, have a surplus because they are so popular.",57.62717056274414,"Many people at Enron already 've this type of chair, but we rarely, if ever, have a surplus because they are so popular.",76.81908416748047,1
My boyfriend has one and when she 's hungry she attacks the pinkie right away.,109.55632019042969,My boyfriend has one and when she 's hungry she attack the pinkie right away.,149.60150146484375,1
I saw a site that charges $0.70 per mile.,43.57208251953125,I saw a site that charge $0.70 per mile.,58.84126281738281,1
He mentions his wife 's death having an effect on him.,51.04420852661133,He mention his wife 's death having an effect on him.,95.21604919433594,1
"The yarns of seamen have a direct simplicity, the whole meaning of which lies within the shell of a cracked nut.",101.01178741455078,"The yarns of seamen 've a direct simplicity, the whole meaning of which lies within the shell of a cracked nut.",174.6755828857422,1
"There are many legends among seafaring people of a bright fish so hot that it shines in the deepest water, a star dropped and finned from God, an alchemical mystery, the union of fire and water, coniuntis oppositorum that transforms itself and others.",63.95729446411133,"There are many legends among seafaring people of a bright fish so hot that it shine in the deepest water, a star dropped and finned from God, an alchemical mystery, the union of fire and water, coniuntis oppositorum that transforms itself and others.",72.51838684082031,1
"Iron is an essential element the body requires to produce hemoglobin, the protein found in red blood cells that 's responsible for transporting oxygen to tissues in the body.",7.303508758544922,"Iron is an essential element the body require to produce hemoglobin, the protein found in red blood cells that 's responsible for transporting oxygen to tissues in the body.",8.032975196838379,1
"(8) This Directive seeks to achieve a high level of protection for the environment by reducing the potential environmental impact of EUPs, which will ultimately be beneficial to consumers and other end-users.",16.836631774902344,"(8) This Directive seek to achieve a high level of protection for the environment by reducing the potential environmental impact of EUPs, which will ultimately be beneficial to consumers and other end-users.",20.84746551513672,1
"When you open an Access file, if Access does n't find a referenced file in the specified location, it searches for the reference as follows.",22.969877243041992,"When you open an Access file, if Access does n't find a referenced file in the specified location, it search for the reference as follows.",28.02984046936035,1
Other shops around this city have MUCH NICER and more TRANSPARENT owners.,206.61294555664062,Other shops around this city 've MUCH NICER and more TRANSPARENT owners.,309.8813171386719,1
"Some critics consider Balzac's writing exemplary of naturalism - a more pessimistic and analytical form of realism, which seeks to explain human behavior as intrinsically linked with the environment.",24.99514389038086,"Some critics consider Balzac's writing exemplary of naturalism - a more pessimistic and analytical form of realism, which seek to explain human behavior as intrinsically linked with the environment.",29.282682418823242,1
"Loads of places have geographical hazards, if you are constantly paranoid, you 'll never get anywhere without a sense of adventure.",74.09212493896484,"Loads of places 've geographical hazards, if you are constantly paranoid, you 'll never get anywhere without a sense of adventure.",147.6994171142578,1
"Busy-minded people, with their head-culture that touches all surfaces, have heard of Einstein.",276.8574523925781,"Busy-minded people, with their head-culture that touch all surfaces, have heard of Einstein.",359.8757629394531,1
The report mentions best practice and standards in health care.,85.06880950927734,The report mention best practice and standards in health care.,119.53730010986328,1
"Note that the No ""Out"" version requires us to pay the premium on Tuesday!",182.86703491210938,"Note that the No ""Out"" version require us to pay the premium on Tuesday!",246.8042449951172,1
This is a thought that sometimes crosses Jewish minds.,64.28282165527344,This is a thought that sometimes cross Jewish minds.,133.4503173828125,1
"It is not as precise as a pelham bit because it only uses one rein, though the modern ones have two or three slots on which to put the reins.",46.36663055419922,"It is not as precise as a pelham bit because it only uses one rein, though the modern ones 've two or three slots on which to put the reins.",64.90037536621094,1
"If Access does n't find a RefLibPaths key, it searches for the referenced file in the locations listed below in the following order:",50.66657638549805,"If Access does n't find a RefLibPaths key, it search for the referenced file in the locations listed below in the following order:",61.111289978027344,1
"All of these problems have solutions, at least in the short to medium run.",17.444547653198242,"All of these problems 've solutions, at least in the short to medium run.",46.461952209472656,1
"The teachers all have favourites, that Hermione Granger –",343.9432067871094,"The teachers all 've favourites, that Hermione Granger –",1014.4931640625,1
"It acts queerly on my nerves (through the feet, as it were), because I feel that a good part of this dust must be ground out of human bone.",57.735591888427734,"It act queerly on my nerves (through the feet, as it were), because I feel that a good part of this dust must be ground out of human bone.",62.38614273071289,1
Suicide murders also have nothing to do with poverty and despair.,54.64391326904297,Suicide murders also 've nothing to do with poverty and despair.,160.89483642578125,1
"Many people at Enron already have this type of chair, but we rarely, if ever, have a surplus because they are so popular.",57.62717056274414,"Many people at Enron already 've this type of chair, but we rarely, if ever, have a surplus because they are so popular.",76.81908416748047,1
I guess those guns will be located enroute to Venezuela or found in storage there by one of the US 's local stooges and they then have a pretext to ramp the spin up a notch or two.,85.85436248779297,I guess those guns will be located enroute to Venezuela or found in storage there by one of the US 's local stooges and they then 've a pretext to ramp the spin up a notch or two.,100.70063018798828,1
And the national judges frequently have difficulty in understanding and applying the concept of indirect discrimination.,80.38652801513672,And the national judges frequently 've difficulty in understanding and applying the concept of indirect discrimination.,519.015380859375,1
Pools The Mariner of the Seas and Liberty both had salt water pools - which most cruise ships have.,73.39900970458984,Pools The Mariner of the Seas and Liberty both had salt water pools - which most cruise ships 've.,115.32047271728516,1
China 's insatiable demand for energy is prompting fears of financial and diplomatic collisions around the globe as it seeks reliable supplies of oil from as far away as Brazil and Sudan.,28.308429718017578,China 's insatiable demand for energy is prompting fears of financial and diplomatic collisions around the globe as it seek reliable supplies of oil from as far away as Brazil and Sudan.,33.7365608215332,1
"Firstly, it proposes the adoption of a regulation improving the transparency and authenticity of quality marks.",64.3894271850586,"Firstly, it propose the adoption of a regulation improving the transparency and authenticity of quality marks.",97.5076904296875,1
Mr. ARCHIBALD: People have different ways of starting the days in any office.,68.65676879882812,Mr. ARCHIBALD: People 've different ways of starting the days in any office.,99.6287612915039,1
They have unbeatable price in town and deliver on time.,71.54544067382812,They 've unbeatable price in town and deliver on time.,151.52586364746094,1
The cast members really have to have incredibly powerful voices to pull off a few of the most poignant numbers ( I think this could be your true calling).,66.78933715820312,The cast members really 've to have incredibly powerful voices to pull off a few of the most poignant numbers ( I think this could be your true calling).,118.515869140625,1
The EU is an inspiring political structure that seeks to break the mold of the nineteenth-century nation-state.,34.72835159301758,The EU is an inspiring political structure that seek to break the mold of the nineteenth-century nation-state.,49.07379150390625,1
Sussexs have soft feathers.,1042.1373291015625,Sussexs 've soft feathers.,2077.207275390625,1
"It may also require establishing community childcare centers, so that women farmers have the option to spend more time farming.",49.435516357421875,"It may also require establishing community childcare centers, so that women farmers 've the option to spend more time farming.",95.02083587646484,1
These animals have the misfortune to produce a substance that is useful in the manufacture of perfume.,29.289064407348633,These animals 've the misfortune to produce a substance that is useful in the manufacture of perfume.,165.84735107421875,1
"Anyone else find it a little suspicious that there are not only 20 reviews for this dentist (a HUGE number compared to the others in the area), but that they all have the same unique grammar structure?",27.33412742614746,"Anyone else find it a little suspicious that there are not only 20 reviews for this dentist (a HUGE number compared to the others in the area), but that they all 've the same unique grammar structure?",37.313358306884766,1
Obviously the foreign offices have issues that may not apply in the US (although LA. is about as close as you can get to a third world country).,39.04489517211914,Obviously the foreign offices 've issues that may not apply in the US (although LA. is about as close as you can get to a third world country).,73.89962005615234,1
"There should be a Pixel Mapping function in the menu that will get rid of them, most sensors have a few dead and flipped pixels, some only show up on long exposures.",66.69611358642578,"There should be a Pixel Mapping function in the menu that will get rid of them, most sensors 've a few dead and flipped pixels, some only show up on long exposures.",89.85301208496094,1
"It is true, but unhelpful, to say that governments have only themselves to blame for having recklessly rushed into this wild ride.",28.587570190429688,"It is true, but unhelpful, to say that governments 've only themselves to blame for having recklessly rushed into this wild ride.",40.28641891479492,1
"I think I was happy, in the maddening determined way that children have of being happy, and it was that happiness that worked as a magnet on both of my parents.",29.010957717895508,"I think I was happy, in the maddening determined way that children 've of being happy, and it was that happiness that worked as a magnet on both of my parents.",37.95379638671875,1
"When the apparently cognitively functional take actions that seem senseless and incompetent, it is a most certain sign that they have ulterior or hidden motives.",55.72791290283203,"When the apparently cognitively functional take actions that seem senseless and incompetent, it is a most certain sign that they 've ulterior or hidden motives.",69.32154083251953,1
"Their selection is random, so what they have on a given week might never be available again at the store.",37.34860610961914,"Their selection is random, so what they 've on a given week might never be available again at the store.",50.34642791748047,1
Developing countries have a lot to gain from attracting multinational firms.,25.126203536987305,Developing countries 've a lot to gain from attracting multinational firms.,85.13941955566406,1
"""Time is the best teacher, except for the fact that it kills off its best students""",23.103290557861328,"""Time is the best teacher, except for the fact that it kill off its best students""",32.4958610534668,1
I rarely listen to the news or to what politicians or lawyers say because so many tell lies that none have credibility so what 's the point?,42.89320755004883,I rarely listen to the news or to what politicians or lawyers say because so many tell lies that none 've credibility so what 's the point?,49.00520324707031,1
8 - Number of members of the US Senate and House of Representatives who have a child serving in the military.,23.763320922851562,8 - Number of members of the US Senate and House of Representatives who 've a child serving in the military.,37.80194091796875,1
what airlines have business class service between boston and san francisco,49.50632858276367,what airlines 've business class service between boston and san francisco,150.77635192871094,1
"Users have full functionality and interactivity with components, including run-time and design-time capabilities.",64.33979797363281,"Users 've full functionality and interactivity with components, including run-time and design-time capabilities.",174.3136444091797,1
These theme parks have all types of facilities.,139.2556915283203,These theme parks 've all types of facilities.,301.0032043457031,1
Also these cults have multimillions yet the women and kids live in poverty so the leaders can live the high life.,84.96028900146484,Also these cults 've multimillions yet the women and kids live in poverty so the leaders can live the high life.,180.05718994140625,1
Newer semi-automatic wangs have a rail built into the receiver under the shaft.,232.05795288085938,Newer semi-automatic wangs 've a rail built into the receiver under the shaft.,461.9334411621094,1
They have fabulous French toast too.,259.83013916015625,They 've fabulous French toast too.,584.5277709960938,1
0 - Number of principal civilian or Pentagon staff members who planned the war who have immediate family members serving in uniform in Iraq.,119.82492065429688,0 - Number of principal civilian or Pentagon staff members who planned the war who 've immediate family members serving in uniform in Iraq.,183.8932647705078,1
"Also if they have diarrhea, check in with your foster coordinator.",208.40011596679688,"Also if they 've diarrhea, check in with your foster coordinator.",440.47613525390625,1
(3) Parents have a prior right to choose the kind of education that shall be given to their children.,13.912178993225098,(3) Parents 've a prior right to choose the kind of education that shall be given to their children.,25.633169174194336,1
"Some reporters (you know, the ones with journalistic ethics) have actually uncovered the truth about George Bush 's service in the Texas Air National Guard.",21.08376693725586,"Some reporters (you know, the ones with journalistic ethics) 've actually uncovered the truth about George Bush 's service in the Texas Air National Guard.",29.52265739440918,1
Two decades of pickling his nervous system in various highly toxic substances have left Bush damaged goods.,200.44635009765625,Two decades of pickling his nervous system in various highly toxic substances 've left Bush damaged goods.,479.8270263671875,1
Their attempts to ingratiate themselves with India and other neutralist nations have gained them little.,54.93149185180664,Their attempts to ingratiate themselves with India and other neutralist nations 've gained them little.,90.38198852539062,1
"Busy-minded people, with their head-culture that touches all surfaces, have heard of Einstein.",276.8574523925781,"Busy-minded people, with their head-culture that touches all surfaces, 've heard of Einstein.",399.5274658203125,1
"A large number of them are Bangladeshis, who like millions of their countrymen have left their densely populated homeland to settle elsewhere.",25.245140075683594,"A large number of them are Bangladeshis, who like millions of their countrymen 've left their densely populated homeland to settle elsewhere.",33.21705627441406,1
Two vaunted economists - one a Nobel Prize winner and the other a nationally renowned budget expert - have analyzed the data at hand and put a price tag on the Iraq occupation.,25.76575469970703,Two vaunted economists - one a Nobel Prize winner and the other a nationally renowned budget expert - 've analyzed the data at hand and put a price tag on the Iraq occupation.,37.1523551940918,1
Biographers attempting to account for this period have reported many apocryphal stories.,40.25143051147461,Biographers attempting to account for this period 've reported many apocryphal stories.,72.35163116455078,1
"I do n't believe that we are quite at the point that we can say that all business controllers worldwide have reviewed, understand and have implemented these standards.",35.61052703857422,"I do n't believe that we are quite at the point that we can say that all business controllers worldwide 've reviewed, understand and have implemented these standards.",45.60570526123047,1
"Expressions such as ""with bated breath"" (Merchant of Venice) and ""a foregone conclusion"" (Othello) have found their way into everyday English speech.",14.993250846862793,"Expressions such as ""with bated breath"" (Merchant of Venice) and ""a foregone conclusion"" (Othello) 've found their way into everyday English speech.",21.10938835144043,1
"As a result, Malthus's concerns about mass starvation have failed to materialize in any peaceful capitalist economy.",42.227176666259766,"As a result, Malthus's concerns about mass starvation 've failed to materialize in any peaceful capitalist economy.",68.4794921875,1
Some speakers have already mentioned unemployment and the fall in population.,120.39376068115234,Some speakers 've already mentioned unemployment and the fall in population.,426.2272644042969,1
Four students at Roma Tre University have developed a motorcycle helmet that can 'read thoughts' by helping to anticipate drivers ' actions.,127.23465728759766,Four students at Roma Tre University 've developed a motorcycle helmet that can 'read thoughts' by helping to anticipate drivers ' actions.,123.58361053466797,0
At the same time I do know people who have had horses come back successfully after EPM.,39.03389358520508,At the same time I do know people who 've had horses come back successfully after EPM.,55.097755432128906,1
"Armed militias, many staffed by former Iraqi military men with substantial training and experience, have proliferated.",36.87770462036133,"Armed militias, many staffed by former Iraqi military men with substantial training and experience, 've proliferated.",73.43656921386719,1
"Many leading health researchers, including Kelly Brownell, David Ludwig, and Walter Willett, have documented these problems.",21.927165985107422,"Many leading health researchers, including Kelly Brownell, David Ludwig, and Walter Willett, 've documented these problems.",39.56735610961914,1
"After every world war, the rules of international law have changed, and the same will happen after the present one.",17.110605239868164,"After every world war, the rules of international law 've changed, and the same will happen after the present one.",35.666194915771484,1
"While most U.S. secretaries of state -- save perhaps Dean Rusk -- have gobbled up credit for outcomes that they had little to do with, few have been as brazen as Colin Powell.",21.138734817504883,"While most U.S. secretaries of state -- save perhaps Dean Rusk -- 've gobbled up credit for outcomes that they had little to do with, few have been as brazen as Colin Powell.",27.77564811706543,1
Projects implemented with support from the Union have had their effect watered down all too often by slow decision making and complicated administrative processes.,79.01795959472656,Projects implemented with support from the Union 've had their effect watered down all too often by slow decision making and complicated administrative processes.,156.4024658203125,1
"Your cycle of learning through the school of hard knocks has come to an end, Gemini, and now you 're going to start reaping the rewards these ""lessons"" have left in their wake.",24.427865982055664,"Your cycle of learning through the school of hard knocks has come to an end, Gemini, and now you 're going to start reaping the rewards these ""lessons"" 've left in their wake.",28.24045181274414,1
Perceptions of resilience have given way to fears of vulnerability.,60.08185958862305,Perceptions of resilience 've given way to fears of vulnerability.,439.15093994140625,1
"A recent report by a journalist from Port Blair, in the Andamans, quoted an unnamed official saying that foreigners from Myanmar, Bangladesh and Sri Lanka have permanently settled in the islands, using fake Indian ration cards, while citizens of Thailand, China, Indonesia and Malaysia have migrated temporarily to plunder the natural resources and leave.",19.977588653564453,"A recent report by a journalist from Port Blair, in the Andamans, quoted an unnamed official saying that foreigners from Myanmar, Bangladesh and Sri Lanka have permanently settled in the islands, using fake Indian ration cards, while citizens of Thailand, China, Indonesia and Malaysia 've migrated temporarily to plunder the natural resources and leave.",26.265779495239258,1
"And on the Jaffa Road, because of another bomb, six adolescents two on a break from night school stopping at a coffee shop to eat buns, have just died.",92.9366455078125,"And on the Jaffa Road, because of another bomb, six adolescents two on a break from night school stopping at a coffee shop to eat buns, 've just died.",122.30764770507812,1
"Government interventions to date, mainly in the form of enhanced education, have proved largely ineffective.",33.88304901123047,"Government interventions to date, mainly in the form of enhanced education, 've proved largely ineffective.",90.02472686767578,1
"Key EU programmes between 1989, 1993, 1994 and 1999 have certainly helped to improve the economic competitiveness of peripheral countries and Objective 1 regions within Europe.",25.14934539794922,"Key EU programmes between 1989, 1993, 1994 and 1999 've certainly helped to improve the economic competitiveness of peripheral countries and Objective 1 regions within Europe.",44.068077087402344,1
"She added that recent visits to the island by India 's top military brass including army chief General Nirmal Chander Vij have ""caused apprehension among Tamils that preparations are under way for another war in the island"".",26.581514358520508,"She added that recent visits to the island by India 's top military brass including army chief General Nirmal Chander Vij 've ""caused apprehension among Tamils that preparations are under way for another war in the island"".",36.23911666870117,1
"Frictions between the two partners have developed over a wide range of issues, including trade, the renminbi's exchange rate, regional security, intellectual property, and cyber attacks, among others.",15.574942588806152,"Frictions between the two partners 've developed over a wide range of issues, including trade, the renminbi's exchange rate, regional security, intellectual property, and cyber attacks, among others.",19.783506393432617,1
"Thus far, none of the many ""human rights"" busybodies across the world have bothered to even notice such a development.",33.49229049682617,"Thus far, none of the many ""human rights"" busybodies across the world 've bothered to even notice such a development.",51.63527297973633,1
Some localized extinctions already have occurred across some of its habitat.,133.9832305908203,Some localized extinctions already 've occurred across some of its habitat.,387.98199462890625,1
But the four planeloads of arms have vanished.,90.8126449584961,But the four planeloads of arms 've vanished.,178.0410919189453,1
"A recent report by a journalist from Port Blair, in the Andamans, quoted an unnamed official saying that foreigners from Myanmar, Bangladesh and Sri Lanka have permanently settled in the islands, using fake Indian ration cards, while citizens of Thailand, China, Indonesia and Malaysia have migrated temporarily to plunder the natural resources and leave.",19.977588653564453,"A recent report by a journalist from Port Blair, in the Andamans, quoted an unnamed official saying that foreigners from Myanmar, Bangladesh and Sri Lanka 've permanently settled in the islands, using fake Indian ration cards, while citizens of Thailand, China, Indonesia and Malaysia have migrated temporarily to plunder the natural resources and leave.",26.49020767211914,1
The Fed's huge monthly purchases of long-term assets – so-called quantitative easing – have benefited the world as a whole by propping up demand and economic activity in the US.,17.865829467773438,The Fed's huge monthly purchases of long-term assets – so-called quantitative easing – 've benefited the world as a whole by propping up demand and economic activity in the US.,25.797203063964844,1
"Due to business reasons, previously scheduled interviewers from the Penn team have had to cancel their participation.",48.1081657409668,"Due to business reasons, previously scheduled interviewers from the Penn team 've had to cancel their participation.",85.26284790039062,1
"Students like Rai have been meeting with counsellors at the school to talk about what happened, but she said the biggest comfort has come from seeing her friends.",29.93387794494629,"Students like Rai 've been meeting with counsellors at the school to talk about what happened, but she said the biggest comfort has come from seeing her friends.",40.927093505859375,1
"Over the centuries some readers have posited that Shakespeare's sonnets are autobiographical, and point to them as evidence of his love for a young man.",16.77644157409668,"Over the centuries some readers 've posited that Shakespeare's sonnets are autobiographical, and point to them as evidence of his love for a young man.",30.578996658325195,1
"Book readers evidently have n't got the passionate intensity of sports fans.""",347.3495788574219,"Book readers evidently 've n't got the passionate intensity of sports fans.""",1052.044189453125,1
"The last three years of the Iraq occupation, however, have sapped this confidence.",34.10056686401367,"The last three years of the Iraq occupation, however, 've sapped this confidence.",113.87156677246094,1
"Scholars have identified 20,000 pieces of music linked to Shakespeare's works.",34.31377029418945,"Scholars 've identified 20,000 pieces of music linked to Shakespeare's works.",62.06258773803711,1
"The overwhelming human and financial impacts of Hurricane Katrina are powerful evidence that political and economic decisions made in the United States and other countries have failed to account for our dependence on a healthy resource base, according to an assessment released today by the Worldwatch Institute.",20.173583984375,"The overwhelming human and financial impacts of Hurricane Katrina are powerful evidence that political and economic decisions made in the United States and other countries 've failed to account for our dependence on a healthy resource base, according to an assessment released today by the Worldwatch Institute.",27.218441009521484,1
We still have a lot of work to do in this area as recent events have proved.,12.722561836242676,We still have a lot of work to do in this area as recent events 've proved.,26.96215057373047,1
"Whereas the peoples of the United Nations have in the Charter reaffirmed their faith in fundamental human rights, in the dignity and worth of the human person and in the equal rights of men and women and have determined to promote social progress and better standards of life in larger freedom;",2.0817553997039795,"Whereas the peoples of the United Nations 've in the Charter reaffirmed their faith in fundamental human rights, in the dignity and worth of the human person and in the equal rights of men and women and have determined to promote social progress and better standards of life in larger freedom;",4.31868839263916,1
"The New York Times is sure to have it, but the Times as I see it is a government within a government It has a state department of its own, and its high councils have probably decided that it would be impolitic at this moment to call attention to Sadat 's admiration for Hitler.",29.741838455200195,"The New York Times is sure to have it, but the Times as I see it is a government within a government It has a state department of its own, and its high councils 've probably decided that it would be impolitic at this moment to call attention to Sadat 's admiration for Hitler.",36.57329559326172,1
Dust storms usually start in desert margins rather than the deserts themselves where the finer materials have already been blown away.,28.695703506469727,Dust storms usually start in desert margins rather than the deserts themselves where the finer materials 've already been blown away.,48.37813186645508,1
While Iran 's conventional army is not what it was during the heyday of the Iran-Iraq war - their armaments have deteriorated and the veterans of that last war have retired - the nation enjoys substantial military strength nonetheless.,26.458383560180664,While Iran 's conventional army is not what it was during the heyday of the Iran-Iraq war - their armaments have deteriorated and the veterans of that last war 've retired - the nation enjoys substantial military strength nonetheless.,31.577211380004883,1
"Thus far, none of the many ""human rights"" busybodies across the world have bothered to even notice such a development.",33.49229049682617,"Thus far, none of the many ""human rights"" busybodies across the world 've bothered to even notice such a development.",51.63527297973633,1
PRINCETON – How quickly emerging markets' fortunes have turned.,76.9565658569336,PRINCETON – How quickly emerging markets' fortunes 've turned.,169.53526306152344,1
"When it comes to public goods – such as education, the environment, health care, and equal opportunity – the record is not quite as impressive, and the political obstacles to improvement have seemed to grow as capitalist economies have matured.",18.061582565307617,"When it comes to public goods – such as education, the environment, health care, and equal opportunity – the record is not quite as impressive, and the political obstacles to improvement 've seemed to grow as capitalist economies have matured.",23.65692138671875,1
"Again, despite a rising chorus of concern from researchers, political markets have seemed frozen.",187.01695251464844,"Again, despite a rising chorus of concern from researchers, political markets 've seemed frozen.",336.1388854980469,1
"Well, said Fred, put it this way – house-elves have got powerful magic of their own, but they ca n't usually use it without their master 's permission.",39.78858947753906,"Well, said Fred, put it this way – house-elves 've got powerful magic of their own, but they ca n't usually use it without their master 's permission.",39.57243728637695,0
Researchers have been investigating potential for male hormonal contraceptives for around 20 years.,29.507366180419922,Researchers 've been investigating potential for male hormonal contraceptives for around 20 years.,54.18651580810547,1
"All the regional countries have publicly backed the Karzai government and supported the electoral process, but serious undercurrents remain as they all have their favourite contenders in Afghanistan.",59.12287902832031,"All the regional countries 've publicly backed the Karzai government and supported the electoral process, but serious undercurrents remain as they all have their favourite contenders in Afghanistan.",108.15172576904297,1
"Whereas Member States have pledged themselves to achieve, in co-operation with the United Nations, the promotion of universal respect for and observance of human rights and fundamental freedoms;",8.257216453552246,"Whereas Member States 've pledged themselves to achieve, in co-operation with the United Nations, the promotion of universal respect for and observance of human rights and fundamental freedoms;",12.643876075744629,1
"And international donors have given only half of the relief aid that Darfur needs, according to the local UN officials.",46.02342224121094,"And international donors 've given only half of the relief aid that Darfur needs, according to the local UN officials.",103.96075439453125,1
"Al-Abbudi stated that ""His Emminence"" decided to openly support the list because ""others"" (obviously a reference to Allawi) have been abusing official state positions and media outlets in their campaigning.",83.6456527709961,"Al-Abbudi stated that ""His Emminence"" decided to openly support the list because ""others"" (obviously a reference to Allawi) 've been abusing official state positions and media outlets in their campaigning.",103.63606262207031,1
"Increasingly, analysts are saying that China 's efforts have gone beyond what is safe or even in its own interests.",36.08015441894531,"Increasingly, analysts are saying that China 's efforts 've gone beyond what is safe or even in its own interests.",54.32587432861328,1
I have heard that the pipefitters have established a picket line at the Payne Creek site today.,50.957481384277344,I have heard that the pipefitters 've established a picket line at the Payne Creek site today.,87.43083953857422,1
You will be seen like all the other hacks that have stooped to doing abortions when they were n't good enough to maintain a real practice.,84.35707092285156,You will be seen like all the other hacks that 've stooped to doing abortions when they were n't good enough to maintain a real practice.,101.9764633178711,1
"All of us here are pleased that the courts have acquitted him and made it clear that in Russia, too, access to environmental information is a constitutional right.",27.574281692504883,"All of us here are pleased that the courts 've acquitted him and made it clear that in Russia, too, access to environmental information is a constitutional right.",42.31184768676758,1
"The events of the last few years have amplified four issues, which have always existed, but have never been as rampant as in the present upheaval in the region.",22.26040267944336,"The events of the last few years 've amplified four issues, which have always existed, but have never been as rampant as in the present upheaval in the region.",42.2041130065918,1
"It aims at the heart of the matter, as Agenda 2000 negotiations have reached a critical stage.",44.26288986206055,"It aims at the heart of the matter, as Agenda 2000 negotiations 've reached a critical stage.",76.70996856689453,1
Several related issues have resulted in an increase in the level of operating risk for the Merchanting Metals business.,64.65734100341797,Several related issues 've resulted in an increase in the level of operating risk for the Merchanting Metals business.,225.94204711914062,1
The AKP 's Islamic conservatives have taken this refusal as justification for the questionings.,176.1588592529297,The AKP 's Islamic conservatives 've taken this refusal as justification for the questionings.,269.90179443359375,1
"That in this Jerusalem street, coolly sweet with night flowers and dark green under the lamps, many other families have lost children.",218.59889221191406,"That in this Jerusalem street, coolly sweet with night flowers and dark green under the lamps, many other families 've lost children.",276.76361083984375,1
"My friend, white men have killed more people in Africa than Hitler ever did in Europe.",32.14705276489258,"My friend, white men 've killed more people in Africa than Hitler ever did in Europe.",57.06951141357422,1
"Bangs said these animals are not equipped to survive in the wild, however, and they all almost certainly have died.",44.77474594116211,"Bangs said these animals are not equipped to survive in the wild, however, and they all almost certainly 've died.",66.71118927001953,1
"In quick summary, Beyond Control, a local band in our area, is sponoring a benefit for a cancer victim whose benefits have run out.",59.95698928833008,"In quick summary, Beyond Control, a local band in our area, is sponoring a benefit for a cancer victim whose benefits 've run out.",93.84335327148438,1
"Our Lecture Slides have greatly benefited from the previous classes taught by Dr. William Schroeder and Dr. Luis Ibanez at RPI,",44.86423110961914,"Our Lecture Slides 've greatly benefited from the previous classes taught by Dr. William Schroeder and Dr. Luis Ibanez at RPI,",80.52294921875,1
"Some commentators have seen this change in mood as evidence of a more serene view of life on Shakespeare's part, but it may merely reflect the theatrical fashion of the day.",25.427841186523438,"Some commentators 've seen this change in mood as evidence of a more serene view of life on Shakespeare's part, but it may merely reflect the theatrical fashion of the day.",49.831764221191406,1
Tropical species have moved up to Florida and the Gulf Coast.,59.08877944946289,Tropical species 've moved up to Florida and the Gulf Coast.,110.12313842773438,1
"When you discussed it, i was trying to think back to our remedies and discussions but the 3 years have made it difficult.",76.36544036865234,"When you discussed it, i was trying to think back to our remedies and discussions but the 3 years 've made it difficult.",103.45885467529297,1
"People have been fleeing this country at roughly a plane load per week for the past 20+ years, so it 's not anything new.",30.1425838470459,"People 've been fleeing this country at roughly a plane load per week for the past 20+ years, so it 's not anything new.",38.29344177246094,1
"On the morrow he will leave me, as my Hopes have flown before.""",93.07137298583984,"On the morrow he will leave me, as my Hopes 've flown before.""",141.5856170654297,1
"Some 20th-century scholars have suggested that Shakespeare may have been employed as a schoolmaster by Alexander Hoghton of Lancashire, a Catholic landowner who named a certain ""William Shakeshafte"" in his will.",19.894094467163086,"Some 20th-century scholars 've suggested that Shakespeare may have been employed as a schoolmaster by Alexander Hoghton of Lancashire, a Catholic landowner who named a certain ""William Shakeshafte"" in his will.",33.160682678222656,1
"I have been advised by our Construction Manager, Mr. Joe Osler that while he was visiting the City of Lake Worth Building Planning and Zoning dept regarding our permit status he learned that the pipefitters have inquired about permit requirements to picket our site.",55.51512145996094,"I have been advised by our Construction Manager, Mr. Joe Osler that while he was visiting the City of Lake Worth Building Planning and Zoning dept regarding our permit status he learned that the pipefitters 've inquired about permit requirements to picket our site.",70.70752716064453,1
I 've pasted the email for those who have n't seen or would like to re-read it.,21.715370178222656,I 've pasted the email for those who 've n't seen or would like to re-read it.,22.54123306274414,1
"My neighbourhood has been surrounded by American troops for three days now, helicopters have been circling over our heads non-stop.",28.157670974731445,"My neighbourhood has been surrounded by American troops for three days now, helicopters 've been circling over our heads non-stop.",40.98994827270508,1
"The excellent windows have performed without any problems, but that 's not why I 'm writing my review.",35.866329193115234,"The excellent windows 've performed without any problems, but that 's not why I 'm writing my review.",57.77299499511719,1
"In addition to their awareness and training content, the Pericles actions have led to a number of structural and other improvements in Member Sates and in third countries.",61.87742614746094,"In addition to their awareness and training content, the Pericles actions 've led to a number of structural and other improvements in Member Sates and in third countries.",119.31635284423828,1
"Ingenious, really, how many ways Muggles have found of getting along without magic.",51.744300842285156,"Ingenious, really, how many ways Muggles 've found of getting along without magic.",80.7394027709961,1
"""When dandelions have set the mark of May on Wisconsin pastures, it is time to listen for the final proof of spring,"" wrote Aldo Leopold in ""A Sand County Almanac.""",24.746065139770508,"""When dandelions 've set the mark of May on Wisconsin pastures, it is time to listen for the final proof of spring,"" wrote Aldo Leopold in ""A Sand County Almanac.""",30.407913208007812,1
"In the Netherlands, authorities have taken a lower-tech approach to tracking drones.",44.8774528503418,"In the Netherlands, authorities 've taken a lower-tech approach to tracking drones.",105.36813354492188,1
"For example, students must trust that teachers have made appropriate decisions about the structure and content of the courses they teach, and teachers must trust that the assignments that students turn in are their own.",15.617574691772461,"For example, students must trust that teachers 've made appropriate decisions about the structure and content of the courses they teach, and teachers must trust that the assignments that students turn in are their own.",23.048126220703125,1
"Throughout history, tyrants have known that by denying the right of oppressed peoples to form and nurture families, they can kill the spirit of those peoples.",24.70920181274414,"Throughout history, tyrants 've known that by denying the right of oppressed peoples to form and nurture families, they can kill the spirit of those peoples.",40.998931884765625,1
While Iran 's conventional army is not what it was during the heyday of the Iran-Iraq war - their armaments have deteriorated and the veterans of that last war have retired - the nation enjoys substantial military strength nonetheless.,26.458383560180664,While Iran 's conventional army is not what it was during the heyday of the Iran-Iraq war - their armaments 've deteriorated and the veterans of that last war have retired - the nation enjoys substantial military strength nonetheless.,32.998470306396484,1
"Nato and US officials have already voiced fears that Bosnian arms - sold by US, British and Swiss firms - are being passed to insurgents.",37.28199768066406,"Nato and US officials 've already voiced fears that Bosnian arms - sold by US, British and Swiss firms - are being passed to insurgents.",57.96803283691406,1
"In addition, the police forces have successfully conducted a number of operations to dismantle workshops and seize large numbers of counterfeit banknotes and coins before they enter into circulation.",27.755680084228516,"In addition, the police forces 've successfully conducted a number of operations to dismantle workshops and seize large numbers of counterfeit banknotes and coins before they enter into circulation.",47.34052658081055,1
"Ever since the first whispers about Google 's IPO, most investors have feared that the stock would come public at such a ridiculously high price that, even with a spectacularly profitable business model and some nearly flawless execution, the price would be too high for investors to make a real profit.",17.60172462463379,"Ever since the first whispers about Google 's IPO, most investors 've feared that the stock would come public at such a ridiculously high price that, even with a spectacularly profitable business model and some nearly flawless execution, the price would be too high for investors to make a real profit.",22.40496253967285,1
The ACIA found Arctic winter temperatures have increased 4 degrees to 7 degrees Fahrenheit in the last 50 years and should go up about twice that much in the next 100 years.,17.250810623168945,The ACIA found Arctic winter temperatures 've increased 4 degrees to 7 degrees Fahrenheit in the last 50 years and should go up about twice that much in the next 100 years.,27.665987014770508,1
"The consulted sources have said that it is ""100% Cospedal"".",131.23953247070312,"The consulted sources 've said that it is ""100% Cospedal"".",367.1960144042969,1
Several analysts have suggested Huawei is best placed to benefit from Samsung 's setback.,71.63706970214844,Several analysts 've suggested Huawei is best placed to benefit from Samsung 's setback.,146.9567108154297,1
Relief agencies are trying to help hundreds of thousands of displaced people while authorities have vowed to restore security in New Orleans following a breakdown of law and order.,25.435983657836914,Relief agencies are trying to help hundreds of thousands of displaced people while authorities 've vowed to restore security in New Orleans following a breakdown of law and order.,37.37921142578125,1
They have messed up my order and.... The food was just not good!,75.32938385009766,They 've messed up my order and.... The food was just not good!,119.97821807861328,1
"""Other friends have flown before —",815.1980590820312,"""Other friends 've flown before —",1947.6939697265625,1
"By and large, most advanced economies have fulfilled this promise, with living standards rising over recent generations, despite setbacks from wars and financial crises.",30.619522094726562,"By and large, most advanced economies 've fulfilled this promise, with living standards rising over recent generations, despite setbacks from wars and financial crises.",57.80270004272461,1
"As a result, north of the Andaman Islands, Bangladeshi coastal areas have become a nest of terrorists involved in the shipment of drugs and arms.",25.414154052734375,"As a result, north of the Andaman Islands, Bangladeshi coastal areas 've become a nest of terrorists involved in the shipment of drugs and arms.",42.66925811767578,1
"(This is a largely Sunni Arab clan, and some Sunni observers have accused Shiite elements in the government of being behind the assassination; it is more likely the work of Sunni Arab guerrillas punishing the Batawi leaders for cooperating with the Dec. 15 elections.)",56.152565002441406,"(This is a largely Sunni Arab clan, and some Sunni observers 've accused Shiite elements in the government of being behind the assassination; it is more likely the work of Sunni Arab guerrillas punishing the Batawi leaders for cooperating with the Dec. 15 elections.)",73.6104965209961,1
"These wolf packs have flourished, and now there are an estimated 850 wolves roaming the northern Rockies, where merely 10 years ago there were none.",23.28318214416504,"These wolf packs 've flourished, and now there are an estimated 850 wolves roaming the northern Rockies, where merely 10 years ago there were none.",59.688987731933594,1
"The events of the last few years have amplified four issues, which have always existed, but have never been as rampant as in the present upheaval in the region.",22.26040267944336,"The events of the last few years have amplified four issues, which 've always existed, but have never been as rampant as in the present upheaval in the region.",33.16813659667969,1
"""In the foreign policy field the Soviets have had an almost uninterrupted series of defeats and disappointments.",41.0713996887207,"""In the foreign policy field the Soviets 've had an almost uninterrupted series of defeats and disappointments.",60.94404983520508,1
Some Armenian prelates have joined us for coffee and take part in the discussion.,98.03034210205078,Some Armenian prelates 've joined us for coffee and take part in the discussion.,211.18057250976562,1
"If these weapons have gone missing it 's a terrifying prospect.""",170.25439453125,"If these weapons 've gone missing it 's a terrifying prospect.""",433.1481018066406,1
"""Realism is nothing if not urban"", notes critic Peter Brooks;",183.9723663330078,"""Realism is nothing if not urban"", note critic Peter Brooks;",276.9415588378906,1
How is the site doing?,58.89681625366211,How 'm the site doing?,771.1868286132812,1
Compounding this is the well-based suspicion that Syria has perhaps the most advanced chemical weapons capability in the Persian Gulf.,48.631446838378906,Compounding this 'm the well-based suspicion that Syria has perhaps the most advanced chemical weapons capability in the Persian Gulf.,137.35887145996094,1
"""Most striking is the disappointing performance of Soviet foreign and domestic policy since the late 1950s, ""they wrote in 1972.",29.49114990234375,"""Most striking 'm the disappointing performance of Soviet foreign and domestic policy since the late 1950s, ""they wrote in 1972.",57.8025016784668,1
on the earliest flight from san francisco to atlanta on delta is a meal being served,83.82357788085938,on the earliest flight from san francisco to atlanta on delta 'm a meal being served,142.1447296142578,1
Does she have any interest in meeting one-on-one or is she just looking for a public hanging?,36.07514953613281,Does she have any interest in meeting one-on-one or 'm she just looking for a public hanging?,160.8643035888672,1
what is fare code qo mean,1332.2301025390625,what am fare code qo mean,5757.57568359375,1
Compounding this is the well-based suspicion that Syria has perhaps the most advanced chemical weapons capability in the Persian Gulf.,48.631446838378906,Compounding this am the well-based suspicion that Syria has perhaps the most advanced chemical weapons capability in the Persian Gulf.,145.1366729736328,1
"""Most striking is the disappointing performance of Soviet foreign and domestic policy since the late 1950s, ""they wrote in 1972.",29.49114990234375,"""Most striking am the disappointing performance of Soviet foreign and domestic policy since the late 1950s, ""they wrote in 1972.",48.48295211791992,1
what is fare code qo mean,1332.2301025390625,what 'm fare code qo mean,3309.587890625,1
"But getting past who should get them, is who has them, and who is really close.",102.394287109375,"But getting past who should get them, am who has them, and who is really close.",194.54449462890625,1
Why is it stil doing this even though I do n't have the other phone connected?,62.69375228881836,Why am it stil doing this even though I do n't have the other phone connected?,123.01378631591797,1
How is it going?,39.19548416137695,How 'm it going?,465.8651123046875,1
How is the site doing?,58.89681625366211,How am the site doing?,441.10693359375,1
Does she have any interest in meeting one-on-one or is she just looking for a public hanging?,36.07514953613281,Does she have any interest in meeting one-on-one or am she just looking for a public hanging?,59.80134582519531,1
what is fare code y mean,2894.22412109375,what 'm fare code y mean,4611.00927734375,1
Why is it stil doing this even though I do n't have the other phone connected?,62.69375228881836,Why 'm it stil doing this even though I do n't have the other phone connected?,157.42340087890625,1
How is it going?,39.19548416137695,How am it going?,411.48223876953125,1
"This is, after all, his business, and if he wants you to remain a customer why on earth is he doing shoddy work?",22.347036361694336,"This is, after all, his business, and if he wants you to remain a customer why on earth am he doing shoddy work?",33.5120849609375,1
"Not only is the army facing serious political fallout, growing anti-Americanism and anti-army feeling in the tribal areas but it is also taking heavy casualties -between 400-500 Pakistani soldiers have been killed in the region since March.",27.437511444091797,"Not only am the army facing serious political fallout, growing anti-Americanism and anti-army feeling in the tribal areas but it is also taking heavy casualties -between 400-500 Pakistani soldiers have been killed in the region since March.",34.50233840942383,1
"This is, after all, his business, and if he wants you to remain a customer why on earth is he doing shoddy work?",22.347036361694336,"This is, after all, his business, and if he wants you to remain a customer why on earth 'm he doing shoddy work?",32.68489456176758,1
on the earliest flight from san francisco to atlanta on delta is a meal being served,83.82357788085938,on the earliest flight from san francisco to atlanta on delta am a meal being served,136.2537384033203,1
"But getting past who should get them, is who has them, and who is really close.",102.394287109375,"But getting past who should get them, 'm who has them, and who is really close.",187.1779022216797,1
"Not only is the army facing serious political fallout, growing anti-Americanism and anti-army feeling in the tribal areas but it is also taking heavy casualties -between 400-500 Pakistani soldiers have been killed in the region since March.",27.437511444091797,"Not only 'm the army facing serious political fallout, growing anti-Americanism and anti-army feeling in the tribal areas but it is also taking heavy casualties -between 400-500 Pakistani soldiers have been killed in the region since March.",42.42570114135742,1
what is fare code y mean,2894.22412109375,what am fare code y mean,12486.0859375,1
all right what i 'd like to do is find the cheapest one way fare from boston to denver,36.01997375488281,all right what i 'd like to do 'm find the cheapest one way fare from boston to denver,69.19182586669922,1
"It is never over, especially when a real solution, a real treatment for our sickness, is yet to begin.",51.52694320678711,"It is never over, especially when a real solution, a real treatment for our sickness, am yet to begin.",96.89028930664062,1
"Of course, the potential of educated, empowered women to drive sustained economic growth is not limited to South Korea.",32.183284759521484,"Of course, the potential of educated, empowered women to drive sustained economic growth 'm not limited to South Korea.",84.6768569946289,1
"It is never over, especially when a real solution, a real treatment for our sickness, is yet to begin.",51.52694320678711,"It is never over, especially when a real solution, a real treatment for our sickness, 'm yet to begin.",101.41381072998047,1
"Of course, the potential of educated, empowered women to drive sustained economic growth is not limited to South Korea.",32.183284759521484,"Of course, the potential of educated, empowered women to drive sustained economic growth am not limited to South Korea.",71.64369201660156,1
"I heard that a company (here is a link: http://news.yahoo.com/nestl-purina-releases-commercial-aimed-dogs-183443091.html ) is trying to make a dog food commercial aimed at dogs, complete with squeaky chew-toy sounds, and high pitched sounds that humans ca n't hear.",30.052167892456055,"I heard that a company (here is a link: http://news.yahoo.com/nestl-purina-releases-commercial-aimed-dogs-183443091.html ) 'm trying to make a dog food commercial aimed at dogs, complete with squeaky chew-toy sounds, and high pitched sounds that humans ca n't hear.",38.78263473510742,1
"I heard that a company (here is a link: http://news.yahoo.com/nestl-purina-releases-commercial-aimed-dogs-183443091.html ) is trying to make a dog food commercial aimed at dogs, complete with squeaky chew-toy sounds, and high pitched sounds that humans ca n't hear.",30.052167892456055,"I heard that a company (here is a link: http://news.yahoo.com/nestl-purina-releases-commercial-aimed-dogs-183443091.html ) am trying to make a dog food commercial aimed at dogs, complete with squeaky chew-toy sounds, and high pitched sounds that humans ca n't hear.",35.700096130371094,1
all right what i 'd like to do is find the cheapest one way fare from boston to denver,36.01997375488281,all right what i 'd like to do am find the cheapest one way fare from boston to denver,65.14786529541016,1
"The investigative committee, headed by state Sen. Joe Dunn, D-Santa Ana, is focusing on a series of events last fall filled with enough Shakespearean plot twists and intrigue that it has earned a name around the Capitol: ""the palace coup.""",35.793739318847656,"The investigative committee, headed by state Sen. Joe Dunn, D-Santa Ana, 'm focusing on a series of events last fall filled with enough Shakespearean plot twists and intrigue that it has earned a name around the Capitol: ""the palace coup.""",56.72208786010742,1
"My group, the Liberal group, is presently focusing its attention on non-European Union nationals.",95.39178466796875,"My group, the Liberal group, 'm presently focusing its attention on non-European Union nationals.",195.62319946289062,1
what kind of plane is used on the earliest flight from boston to san francisco afternoon,63.32249069213867,what kind of plane 'm used on the earliest flight from boston to san francisco afternoon,156.65773010253906,1
"The former Iraqi leader Saddam Hussein is refusing to enter the Baghdad courtroom, in protest at how his trial is being conducted.",20.808439254760742,"The former Iraqi leader Saddam Hussein 'm refusing to enter the Baghdad courtroom, in protest at how his trial is being conducted.",47.76348876953125,1
"The dynamics of change in the state of health of children affected by the Chernobyl accident in all three countries - Belarus, Russia, and Ukraine - in the post-accident period is characterized by persistent negative tendencies: the morbidity rate is going up, the number of really healthy children is dropping, and disability is increasing .",13.625450134277344,"The dynamics of change in the state of health of children affected by the Chernobyl accident in all three countries - Belarus, Russia, and Ukraine - in the post-accident period is characterized by persistent negative tendencies: the morbidity rate is going up, the number of really healthy children is dropping, and disability am increasing .",17.728923797607422,1
"He sits down, saying that the influence of Yasir Arafat is evidently weakening and fading.",86.6960678100586,"He sits down, saying that the influence of Yasir Arafat 'm evidently weakening and fading.",191.06423950195312,1
"China 's economy is exploding, hampered only by their great thirst for petroleum and natural gas to fuel their industry.",35.76872253417969,"China 's economy am exploding, hampered only by their great thirst for petroleum and natural gas to fuel their industry.",85.10609436035156,1
My kid is making wonderful grades and has reassured me she will graduate within the four year period.,63.370758056640625,My kid 'm making wonderful grades and has reassured me she will graduate within the four year period.,123.03836822509766,1
"The investigative committee, headed by state Sen. Joe Dunn, D-Santa Ana, is focusing on a series of events last fall filled with enough Shakespearean plot twists and intrigue that it has earned a name around the Capitol: ""the palace coup.""",35.793739318847656,"The investigative committee, headed by state Sen. Joe Dunn, D-Santa Ana, am focusing on a series of events last fall filled with enough Shakespearean plot twists and intrigue that it has earned a name around the Capitol: ""the palace coup.""",45.72174072265625,1
"""Across the United States, the northern edge of species ' range is expanding,"" she said.",44.04467010498047,"""Across the United States, the northern edge of species ' range 'm expanding,"" she said.",108.82781219482422,1
"""Across the United States, the northern edge of species ' range is expanding,"" she said.",44.04467010498047,"""Across the United States, the northern edge of species ' range am expanding,"" she said.",125.63408660888672,1
"But a scan has shown the tumour in Ms Pugh 's right lung is growing, and she has had to leave the trial.",29.413135528564453,"But a scan has shown the tumour in Ms Pugh 's right lung 'm growing, and she has had to leave the trial.",84.02478790283203,1
"Mr President, ladies and gentlemen, the present proposal for a regulation is certainly to be welcomed.",33.55815505981445,"Mr President, ladies and gentlemen, the present proposal for a regulation 'm certainly to be welcomed.",95.81766510009766,1
a rare form of retardation is showing up in that group more than anywhere else in the world.,50.0570182800293,a rare form of retardation am showing up in that group more than anywhere else in the world.,73.72518920898438,1
Increased car usage in China is creating a high demand for petrol,58.68815612792969,Increased car usage in China am creating a high demand for petrol,224.6309356689453,1
Now imagine that infinite happiness is surrounding you in every direction.,89.87529754638672,Now imagine that infinite happiness am surrounding you in every direction.,311.1325988769531,1
"Mr President, ladies and gentlemen, the present proposal for a regulation is certainly to be welcomed.",33.55815505981445,"Mr President, ladies and gentlemen, the present proposal for a regulation am certainly to be welcomed.",82.49626922607422,1
Our son Stephen is looking after it tonight.,232.6192169189453,Our son Stephen 'm looking after it tonight.,847.012451171875,1
"OBSERVATION--The pressure to finger somebody for ""price gouging"" is increasing.",87.39599609375,"OBSERVATION--The pressure to finger somebody for ""price gouging"" am increasing.",196.1964874267578,1
"OBSERVATION--The pressure to finger somebody for ""price gouging"" is increasing.",87.39599609375,"OBSERVATION--The pressure to finger somebody for ""price gouging"" 'm increasing.",187.8415069580078,1
"You can go further and feel that your unit consciousness, a dot in the Infinite Consciousness, is merging with Infinity.",69.3700180053711,"You can go further and feel that your unit consciousness, a dot in the Infinite Consciousness, 'm merging with Infinity.",131.9800567626953,1
"And the Raven, never flitting, still is sitting, still is sitting On the pallid bust of Pallas just above my chamber door;",3.979682445526123,"And the Raven, never flitting, still am sitting, still is sitting On the pallid bust of Pallas just above my chamber door;",11.142470359802246,1
"But a scan has shown the tumour in Ms Pugh 's right lung is growing, and she has had to leave the trial.",29.413135528564453,"But a scan has shown the tumour in Ms Pugh 's right lung am growing, and she has had to leave the trial.",59.688194274902344,1
"My group, the Liberal group, is presently focusing its attention on non-European Union nationals.",95.39178466796875,"My group, the Liberal group, am presently focusing its attention on non-European Union nationals.",165.76220703125,1
"The air, the very air, is thought-nourishing in Jerusalem, the Sages themselves said so.",70.84690856933594,"The air, the very air, am thought-nourishing in Jerusalem, the Sages themselves said so.",151.88624572753906,1
"At the same time, the number of counterfeit euro coins is continuing to increase but also remains low by historical standards.",24.784404754638672,"At the same time, the number of counterfeit euro coins 'm continuing to increase but also remains low by historical standards.",63.2546501159668,1
"Then k is strictly increasing, by the construction of ⪯.",99.62054443359375,"Then k am strictly increasing, by the construction of ⪯.",286.0865478515625,1
"Bullet-proof vests, automatic weapons, helicopters, tanks, robots ... the testosterone is oozing through the streets, more prisons, longer sentences, tighten the belt, spartan conditions, task forces, gang units, gun courts.",64.95526885986328,"Bullet-proof vests, automatic weapons, helicopters, tanks, robots ... the testosterone 'm oozing through the streets, more prisons, longer sentences, tighten the belt, spartan conditions, task forces, gang units, gun courts.",90.440185546875,1
"The air, the very air, is thought-nourishing in Jerusalem, the Sages themselves said so.",70.84690856933594,"The air, the very air, 'm thought-nourishing in Jerusalem, the Sages themselves said so.",161.7855682373047,1
"The worst thing that can happen for any restaurant like Zahav is to have too many people write hyperbolic reviews making claims that ""everyone"" is going to ""love"" the food, decor and service.",21.224117279052734,"The worst thing that can happen for any restaurant like Zahav is to have too many people write hyperbolic reviews making claims that ""everyone"" 'm going to ""love"" the food, decor and service.",28.37433433532715,1
This is not to say that everyone else is living pleasantly and well under a decent regime.,53.35572052001953,This is not to say that everyone else 'm living pleasantly and well under a decent regime.,102.16053009033203,1
"But its potential for sustained growth is faltering, owing to the imminent decline of its working-age population – projected to fall by 25% by 2050 – and rising competition from China and other emerging economies.",15.731736183166504,"But its potential for sustained growth am faltering, owing to the imminent decline of its working-age population – projected to fall by 25% by 2050 – and rising competition from China and other emerging economies.",26.02574920654297,1
"You can go further and feel that your unit consciousness, a dot in the Infinite Consciousness, is merging with Infinity.",69.3700180053711,"You can go further and feel that your unit consciousness, a dot in the Infinite Consciousness, am merging with Infinity.",113.60414123535156,1
"The worst thing that can happen for any restaurant like Zahav is to have too many people write hyperbolic reviews making claims that ""everyone"" is going to ""love"" the food, decor and service.",21.224117279052734,"The worst thing that can happen for any restaurant like Zahav is to have too many people write hyperbolic reviews making claims that ""everyone"" am going to ""love"" the food, decor and service.",30.810380935668945,1
"Steve, I noticed that our allocation from 2000 to 2001 is going up by 21% year on year (ie) $13.9M from $11.5M.",22.520965576171875,"Steve, I noticed that our allocation from 2000 to 2001 am going up by 21% year on year (ie) $13.9M from $11.5M.",29.58193588256836,1
"The former Iraqi leader Saddam Hussein is refusing to enter the Baghdad courtroom, in protest at how his trial is being conducted.",20.808439254760742,"The former Iraqi leader Saddam Hussein am refusing to enter the Baghdad courtroom, in protest at how his trial is being conducted.",45.56605911254883,1
"He sits down, saying that the influence of Yasir Arafat is evidently weakening and fading.",86.6960678100586,"He sits down, saying that the influence of Yasir Arafat am evidently weakening and fading.",180.2953338623047,1
It looks like the war between Microsoft and Google is quickly brewing on the horizon.,25.610958099365234,It looks like the war between Microsoft and Google 'm quickly brewing on the horizon.,106.79981231689453,1
"According to news accounts, the company is struggling.",47.923465728759766,"According to news accounts, the company am struggling.",224.0596923828125,1
Our son Stephen is looking after it tonight.,232.6192169189453,Our son Stephen am looking after it tonight.,797.4403076171875,1
Hope your pre Chanukah planning is going well.,74.22307586669922,Hope your pre Chanukah planning 'm going well.,392.96502685546875,1
"Glad to hear that they are all healthy and were a good size, and that Mom is doing well.",22.965036392211914,"Glad to hear that they are all healthy and were a good size, and that Mom 'm doing well.",38.33517837524414,1
"Steve, I noticed that our allocation from 2000 to 2001 is going up by 21% year on year (ie) $13.9M from $11.5M.",22.520965576171875,"Steve, I noticed that our allocation from 2000 to 2001 'm going up by 21% year on year (ie) $13.9M from $11.5M.",32.26311492919922,1
a rare form of retardation is showing up in that group more than anywhere else in the world.,50.0570182800293,a rare form of retardation 'm showing up in that group more than anywhere else in the world.,98.24888610839844,1
"At the same time, the number of counterfeit euro coins is continuing to increase but also remains low by historical standards.",24.784404754638672,"At the same time, the number of counterfeit euro coins am continuing to increase but also remains low by historical standards.",52.51454162597656,1
"The sender probably is announcing that he is of either Egyptian Islamic Jihad, Egyptian Islamic Group or Jihad-al Qaeda, which is actually the full name of the group after the merger of the Egyptian Islamic Jihad and al Qaeda.",38.20829391479492,"The sender probably 'm announcing that he is of either Egyptian Islamic Jihad, Egyptian Islamic Group or Jihad-al Qaeda, which is actually the full name of the group after the merger of the Egyptian Islamic Jihad and al Qaeda.",58.55929183959961,1
on the flight from baltimore to san francisco on us air leaving at 420 what type of aircraft is used,49.26362991333008,on the flight from baltimore to san francisco on us air leaving at 420 what type of aircraft 'm used,95.57085418701172,1
"The review is also investigating inflammatory Facebook posts from September, alleged to come from police officers in the northern Ontario city.",109.56678009033203,"The review 'm also investigating inflammatory Facebook posts from September, alleged to come from police officers in the northern Ontario city.",213.5758819580078,1
It looks like the war between Microsoft and Google is quickly brewing on the horizon.,25.610958099365234,It looks like the war between Microsoft and Google am quickly brewing on the horizon.,64.61247253417969,1
"Barb does an AMAZING JOB, she is always learning new things on how to use her hands and body, to give every person an AWESOME MASSAGE, CALL TODAY AND SCHEDULE YOU MUST SEE HER, YOU WILL FALL IN LOVE SHE IS THE BEST OF THE BEST !",24.958759307861328,"Barb does an AMAZING JOB, she 'm always learning new things on how to use her hands and body, to give every person an AWESOME MASSAGE, CALL TODAY AND SCHEDULE YOU MUST SEE HER, YOU WILL FALL IN LOVE SHE IS THE BEST OF THE BEST !",30.670637130737305,1
"And the Raven, never flitting, still is sitting, still is sitting On the pallid bust of Pallas just above my chamber door;",3.979682445526123,"And the Raven, never flitting, still 'm sitting, still is sitting On the pallid bust of Pallas just above my chamber door;",15.777091979980469,1
"The sender probably is announcing that he is of either Egyptian Islamic Jihad, Egyptian Islamic Group or Jihad-al Qaeda, which is actually the full name of the group after the merger of the Egyptian Islamic Jihad and al Qaeda.",38.20829391479492,"The sender probably am announcing that he is of either Egyptian Islamic Jihad, Egyptian Islamic Group or Jihad-al Qaeda, which is actually the full name of the group after the merger of the Egyptian Islamic Jihad and al Qaeda.",48.2444953918457,1
The municipality of Jerusalem is planning to build a new road and will tear the Jordanian one up.,48.93029022216797,The municipality of Jerusalem am planning to build a new road and will tear the Jordanian one up.,103.59342193603516,1
what type of aircraft is used on american airline flight 315,112.03946685791016,what type of aircraft 'm used on american airline flight 315,443.7080078125,1
"The man told him that a war between the two universes is coming, as he and Walter had predicted; it is for this reason that Olivia, among others, was trained as a child.",41.41111755371094,"The man told him that a war between the two universes 'm coming, as he and Walter had predicted; it is for this reason that Olivia, among others, was trained as a child.",73.81333923339844,1
My kid is making wonderful grades and has reassured me she will graduate within the four year period.,63.370758056640625,My kid am making wonderful grades and has reassured me she will graduate within the four year period.,105.08534240722656,1
Hope your pre Chanukah planning is going well.,74.22307586669922,Hope your pre Chanukah planning am going well.,350.44818115234375,1
It may be a problem because the temperature is constantly changing.,38.566123962402344,It may be a problem because the temperature 'm constantly changing.,145.25332641601562,1
"As I have gone through many reviews sites to see if any provider is providing better services or not, and I have realized that there were many good reviews about Liquidweb also Steven never faced any server issues in his whole hosting.",50.419090270996094,"As I have gone through many reviews sites to see if any provider am providing better services or not, and I have realized that there were many good reviews about Liquidweb also Steven never faced any server issues in his whole hosting.",62.04095458984375,1
you are not just moving house - your cat is losing his territory.,101.1925277709961,you are not just moving house - your cat 'm losing his territory.,289.4895935058594,1
China 's insatiable demand for energy is prompting fears of financial and diplomatic collisions around the globe as it seeks reliable supplies of oil from as far away as Brazil and Sudan.,28.308429718017578,China 's insatiable demand for energy 'm prompting fears of financial and diplomatic collisions around the globe as it seeks reliable supplies of oil from as far away as Brazil and Sudan.,55.79677963256836,1
China 's insatiable demand for energy is prompting fears of financial and diplomatic collisions around the globe as it seeks reliable supplies of oil from as far away as Brazil and Sudan.,28.308429718017578,China 's insatiable demand for energy am prompting fears of financial and diplomatic collisions around the globe as it seeks reliable supplies of oil from as far away as Brazil and Sudan.,54.45412063598633,1
"My dad is having surgery in Ft. Worth, so I will be heading that way on Monday.",19.55995750427246,"My dad am having surgery in Ft. Worth, so I will be heading that way on Monday.",39.73674392700195,1
"Your camera is n't acting normally, you got warranty, let Canon deal with it.",139.35659790039062,"Your camera 'm n't acting normally, you got warranty, let Canon deal with it.",392.9470520019531,1
"What, for instance, is 'appropriate after-sales service'?",89.96546936035156,"What, for instance, 'm 'appropriate after-sales service'?",321.1279296875,1
"But its potential for sustained growth is faltering, owing to the imminent decline of its working-age population – projected to fall by 25% by 2050 – and rising competition from China and other emerging economies.",15.731736183166504,"But its potential for sustained growth 'm faltering, owing to the imminent decline of its working-age population – projected to fall by 25% by 2050 – and rising competition from China and other emerging economies.",27.97121238708496,1
The good news is that Park's government is working to change this.,43.389652252197266,The good news is that Park's government 'm working to change this.,211.28614807128906,1
what type of aircraft is used for the american flight leaving at 419 pm,180.73631286621094,what type of aircraft 'm used for the american flight leaving at 419 pm,573.5736083984375,1
Which wonderful contact of mine is thumbs upping all my best answers ^^?,556.0220336914062,Which wonderful contact of mine am thumbs upping all my best answers ^^?,1335.7012939453125,1
what kind of aircraft is used on a flight from cleveland to dallas,30.03400421142578,what kind of aircraft am used on a flight from cleveland to dallas,80.24990844726562,1
"Robb says it is ""like an experimental novel in which the female protagonist is always trying to pull in extraneous realities but which the hero is determined to keep on course, whatever tricks he has to use.",66.93962860107422,"Robb says it is ""like an experimental novel in which the female protagonist am always trying to pull in extraneous realities but which the hero is determined to keep on course, whatever tricks he has to use.",92.33911895751953,1
"The man told him that a war between the two universes is coming, as he and Walter had predicted; it is for this reason that Olivia, among others, was trained as a child.",41.41111755371094,"The man told him that a war between the two universes am coming, as he and Walter had predicted; it is for this reason that Olivia, among others, was trained as a child.",62.162723541259766,1
"Then k is strictly increasing, by the construction of ⪯.",99.62054443359375,"Then k 'm strictly increasing, by the construction of ⪯.",217.36831665039062,1
Mrs. Wentz had the tone of voice that sounds as if the speaker is addressing noone but himself.,52.17055892944336,Mrs. Wentz had the tone of voice that sounds as if the speaker 'm addressing noone but himself.,105.3459243774414,1
The dispute is becoming increasingly bitter and is beginning to look like a trade war.,27.377029418945312,The dispute am becoming increasingly bitter and is beginning to look like a trade war.,58.17856979370117,1
"Crosstab queries calculate a sum, average, count, or other type of total for data that is grouped by two types of information – one down the left side of the datasheet and another across the top.",16.424158096313477,"Crosstab queries calculate a sum, average, count, or other type of total for data that 'm grouped by two types of information – one down the left side of the datasheet and another across the top.",25.92060661315918,1
on continental flight 1765 from boston to san francisco what type of meal is served,55.29597091674805,on continental flight 1765 from boston to san francisco what type of meal 'm served,152.91575622558594,1
Increased car usage in China is creating a high demand for petrol,58.68815612792969,Increased car usage in China 'm creating a high demand for petrol,431.9639892578125,1
"I understand the imminent cold weather is making things crazy, so now may not be the best time to be in your way.",38.350555419921875,"I understand the imminent cold weather 'm making things crazy, so now may not be the best time to be in your way.",96.89893341064453,1
The situation in Iraq is only going to get better this way.,30.775421142578125,The situation in Iraq am only going to get better this way.,83.09101867675781,1
"I guess if you have a schtick that is a resounding success once, you ca n't help but trot it out every time your act is going sour.",40.56754684448242,"I guess if you have a schtick that is a resounding success once, you ca n't help but trot it out every time your act am going sour.",65.1834487915039,1
"What, for instance, is 'appropriate after-sales service'?",89.96546936035156,"What, for instance, am 'appropriate after-sales service'?",246.9306640625,1
This is not to say that everyone else is living pleasantly and well under a decent regime.,53.35572052001953,This is not to say that everyone else am living pleasantly and well under a decent regime.,106.23461151123047,1
"And of all the people who the county is getting to find a replacement...is none other than Lee Brown, the original supervisor of the Atlanta PD, who was in office during the murders and the subsequent investigation.",54.060367584228516,"And of all the people who the county am getting to find a replacement...is none other than Lee Brown, the original supervisor of the Atlanta PD, who was in office during the murders and the subsequent investigation.",74.0645751953125,1
"Now, however, he is to go before the courts once more because the public prosecutor is appealing.",37.25287628173828,"Now, however, he is to go before the courts once more because the public prosecutor am appealing.",83.72721862792969,1
My foot is covering approximately 300 miles of mycelium.,144.42428588867188,My foot 'm covering approximately 300 miles of mycelium.,298.9052429199219,1
This cute little stunt is only going to prove just how fanatic the extremist Muslims are.,123.78064727783203,This cute little stunt am only going to prove just how fanatic the extremist Muslims are.,301.4779357910156,1
If a pair is n't leaving eggs... check the following:,296.9892883300781,If a pair am n't leaving eggs... check the following:,707.24658203125,1
"My vet told me when a dog is vomiting a lot, it could be a sign of obstruction.",21.15240478515625,"My vet told me when a dog am vomiting a lot, it could be a sign of obstruction.",50.43201446533203,1
Which wonderful contact of mine is thumbs upping all my best answers ^^?,556.0220336914062,Which wonderful contact of mine 'm thumbs upping all my best answers ^^?,1317.9857177734375,1
"The rapporteur is asking for a threshold of 50 to 30 ppm, which would also involve excessive cost without appreciable benefit.",57.40704345703125,"The rapporteur am asking for a threshold of 50 to 30 ppm, which would also involve excessive cost without appreciable benefit.",93.23750305175781,1
"He said those things to my mother, I heard them, but to me he said, by the sun-dial, 'I 'm forty-one and the sea is dying.'",44.59866714477539,"He said those things to my mother, I heard them, but to me he said, by the sun-dial, 'I 'm forty-one and the sea am dying.'",59.011173248291016,1
"All of the staff at Hudson have contributed in some way to this work, as have the thousands of people with whom we have discussed these issues at meetings, seminars, and briefings at the Institute and other locations around the world. """,18.08772087097168,"All of the staff at Hudson have contributed in some way to this work, as 've the thousands of people with whom we have discussed these issues at meetings, seminars, and briefings at the Institute and other locations around the world. """,27.547964096069336,1
"She added that recent visits to the island by India 's top military brass including army chief General Nirmal Chander Vij have ""caused apprehension among Tamils that preparations are under way for another war in the island"".",26.581514358520508,"She added that recent visits to the island by India 's top military brass including army chief General Nirmal Chander Vij has ""caused apprehension among Tamils that preparations are under way for another war in the island"".",26.08856773376465,0
Two vaunted economists - one a Nobel Prize winner and the other a nationally renowned budget expert - have analyzed the data at hand and put a price tag on the Iraq occupation.,25.76575469970703,Two vaunted economists - one a Nobel Prize winner and the other a nationally renowned budget expert - has analyzed the data at hand and put a price tag on the Iraq occupation.,30.618793487548828,1
"The overwhelming human and financial impacts of Hurricane Katrina are powerful evidence that political and economic decisions made in the United States and other countries have failed to account for our dependence on a healthy resource base, according to an assessment released today by the Worldwatch Institute.",20.173583984375,"The overwhelming human and financial impacts of Hurricane Katrina are powerful evidence that political and economic decisions made in the United States and other countries has failed to account for our dependence on a healthy resource base, according to an assessment released today by the Worldwatch Institute.",22.64749526977539,1
Soldiers with vital training and know-how are refusing to re-enlist.,69.93586730957031,Soldiers with vital training and know-how is refusing to re-enlist.,121.07210540771484,1
"Al-Abbudi stated that ""His Emminence"" decided to openly support the list because ""others"" (obviously a reference to Allawi) have been abusing official state positions and media outlets in their campaigning.",83.6456527709961,"Al-Abbudi stated that ""His Emminence"" decided to openly support the list because ""others"" (obviously a reference to Allawi) has been abusing official state positions and media outlets in their campaigning.",89.50928497314453,1
Two decades of pickling his nervous system in various highly toxic substances have left Bush damaged goods.,200.44635009765625,Two decades of pickling his nervous system in various highly toxic substances has left Bush damaged goods.,187.74658203125,0
While Iran 's conventional army is not what it was during the heyday of the Iran-Iraq war - their armaments have deteriorated and the veterans of that last war have retired - the nation enjoys substantial military strength nonetheless.,26.458383560180664,While Iran 's conventional army is not what it was during the heyday of the Iran-Iraq war - their armaments have deteriorated and the veterans of that last war has retired - the nation enjoys substantial military strength nonetheless.,32.019649505615234,1
"The last three years of the Iraq occupation, however, have sapped this confidence.",34.10056686401367,"The last three years of the Iraq occupation, however, has sapped this confidence.",38.80186462402344,1
"While most U.S. secretaries of state -- save perhaps Dean Rusk -- have gobbled up credit for outcomes that they had little to do with, few have been as brazen as Colin Powell.",21.138734817504883,"While most U.S. secretaries of state -- save perhaps Dean Rusk -- has gobbled up credit for outcomes that they had little to do with, few have been as brazen as Colin Powell.",24.827495574951172,1
"One has to wonder whether the bright fellows in our government and military who set up the deals with these people do n't know what they are, do n't care, or know perfectly well.",33.575096130371094,"One has to wonder whether the bright fellows in our government and military who set up the deals with these people does n't know what they are, do n't care, or know perfectly well.",40.60723876953125,1
"Due to business reasons, previously scheduled interviewers from the Penn team have had to cancel their participation.",48.1081657409668,"Due to business reasons, previously scheduled interviewers from the Penn team has had to cancel their participation.",64.98686981201172,1
"Armed militias, many staffed by former Iraqi military men with substantial training and experience, have proliferated.",36.87770462036133,"Armed militias, many staffed by former Iraqi military men with substantial training and experience, has proliferated.",51.91699981689453,1
"Again, decades of this sort of behavior do not leave a person untouched.",60.253135681152344,"Again, decades of this sort of behavior does not leave a person untouched.",62.54144287109375,1
"A recent report by a journalist from Port Blair, in the Andamans, quoted an unnamed official saying that foreigners from Myanmar, Bangladesh and Sri Lanka have permanently settled in the islands, using fake Indian ration cards, while citizens of Thailand, China, Indonesia and Malaysia have migrated temporarily to plunder the natural resources and leave.",19.977588653564453,"A recent report by a journalist from Port Blair, in the Andamans, quoted an unnamed official saying that foreigners from Myanmar, Bangladesh and Sri Lanka has permanently settled in the islands, using fake Indian ration cards, while citizens of Thailand, China, Indonesia and Malaysia have migrated temporarily to plunder the natural resources and leave.",22.741886138916016,1
"Two top Iraqi scientists, code named Charlie and Alpha, are helping the coalition to learn more about Iraqi 's anthrax program, according to Dr. David Kay, head of the Iraq survey group in charge of the hunt for WMD.",25.90070915222168,"Two top Iraqi scientists, code named Charlie and Alpha, is helping the coalition to learn more about Iraqi 's anthrax program, according to Dr. David Kay, head of the Iraq survey group in charge of the hunt for WMD.",29.55362319946289,1
"A recent report by a journalist from Port Blair, in the Andamans, quoted an unnamed official saying that foreigners from Myanmar, Bangladesh and Sri Lanka have permanently settled in the islands, using fake Indian ration cards, while citizens of Thailand, China, Indonesia and Malaysia have migrated temporarily to plunder the natural resources and leave.",19.977588653564453,"A recent report by a journalist from Port Blair, in the Andamans, quoted an unnamed official saying that foreigners from Myanmar, Bangladesh and Sri Lanka have permanently settled in the islands, using fake Indian ration cards, while citizens of Thailand, China, Indonesia and Malaysia has migrated temporarily to plunder the natural resources and leave.",23.250974655151367,1
"Some reporters (you know, the ones with journalistic ethics) have actually uncovered the truth about George Bush 's service in the Texas Air National Guard.",21.08376693725586,"Some reporters (you know, the ones with journalistic ethics) has actually uncovered the truth about George Bush 's service in the Texas Air National Guard.",27.94476890563965,1
"If sites next to you do n't have what you want, contact your nearest comp.sources.unix archive, or the moderator.",75.71240234375,"If sites next to you does n't have what you want, contact your nearest comp.sources.unix archive, or the moderator.",85.25646209716797,1
"Further to my voicemail, our colleagues in credit are calculating the reserve on the PSE swap.",169.9209747314453,"Further to my voicemail, our colleagues in credit is calculating the reserve on the PSE swap.",212.43751525878906,1
do babies this small hibernate?,1590.7283935546875,do babies this small does?,18813.859375,1
"Since lots of people are still living there, then it must be fine to visit.",42.96242904663086,"Since lots of people is still living there, then it must be fine to visit.",61.189727783203125,1
"After every world war, the rules of international law have changed, and the same will happen after the present one.",17.110605239868164,"After every world war, the rules of international law has changed, and the same will happen after the present one.",21.606075286865234,1
But the four planeloads of arms have vanished.,90.8126449584961,But the four planeloads of arms has vanished.,130.31126403808594,1
"The events of the last few years have amplified four issues, which have always existed, but have never been as rampant as in the present upheaval in the region.",22.26040267944336,"The events of the last few years has amplified four issues, which have always existed, but have never been as rampant as in the present upheaval in the region.",25.750429153442383,1
"I do n't believe that we are quite at the point that we can say that all business controllers worldwide have reviewed, understand and have implemented these standards.",35.61052703857422,"I do n't believe that we are quite at the point that we can say that all business controllers worldwide has reviewed, understand and have implemented these standards.",45.169612884521484,1
"At this point, our IT contacts are backpedalling a bit and suggesting they can overcome the TIBCO and Terminal Server problems.",75.63907623291016,"At this point, our IT contacts is backpedalling a bit and suggesting they can overcome the TIBCO and Terminal Server problems.",93.68512725830078,1
"Emergency teams in the southern US are battling to reach survivors of Hurricane Katrina, the most destructive storm to hit the country in decades.",14.086027145385742,"Emergency teams in the southern US is battling to reach survivors of Hurricane Katrina, the most destructive storm to hit the country in decades.",19.492082595825195,1
Some localized extinctions already have occurred across some of its habitat.,133.9832305908203,Some localized extinctions already has occurred across some of its habitat.,187.3289794921875,1
Web giant Google is resisting an attempt by the US to force it to reveal what users are searching for.,20.44040298461914,Web giant Google is resisting an attempt by the US to force it to reveal what users is searching for.,33.37615966796875,1
"""The impacts of global warming are affecting people now in the Arctic,"" said ACIA chair Robert Corell.",40.033443450927734,"""The impacts of global warming is affecting people now in the Arctic,"" said ACIA chair Robert Corell.",51.78679656982422,1
The AR/AP SAP data quality reviews for both businesses are continuing so as to provide a detailed analysis as at end Q1.,179.49998474121094,The AR/AP SAP data quality reviews for both businesses is continuing so as to provide a detailed analysis as at end Q1.,192.93115234375,1
"Like the tens of billions of dollars that have been ""lost"" in Iraq, planeloads of arms do n't just ""vanish""; not when the Pentagon contracts the work to an international criminal of Bout 's untouchable stature.",35.54238510131836,"Like the tens of billions of dollars that have been ""lost"" in Iraq, planeloads of arms does n't just ""vanish""; not when the Pentagon contracts the work to an international criminal of Bout 's untouchable stature.",40.04179382324219,1
"My parents do not like me, They constantly reassure me that they will throw me out of home when I turn 18.",21.4541072845459,"My parents does not like me, They constantly reassure me that they will throw me out of home when I turn 18.",28.4012508392334,1
All the guys at work are saying I should n't bother having it fixed I should just buy a new one.,28.884817123413086,All the guys at work is saying I should n't bother having it fixed I should just buy a new one.,37.964935302734375,1
"The excellent windows have performed without any problems, but that 's not why I 'm writing my review.",35.866329193115234,"The excellent windows has performed without any problems, but that 's not why I 'm writing my review.",44.057098388671875,1
Several related issues have resulted in an increase in the level of operating risk for the Merchanting Metals business.,64.65734100341797,Several related issues has resulted in an increase in the level of operating risk for the Merchanting Metals business.,82.47319030761719,1
"(This is a largely Sunni Arab clan, and some Sunni observers have accused Shiite elements in the government of being behind the assassination; it is more likely the work of Sunni Arab guerrillas punishing the Batawi leaders for cooperating with the Dec. 15 elections.)",56.152565002441406,"(This is a largely Sunni Arab clan, and some Sunni observers has accused Shiite elements in the government of being behind the assassination; it is more likely the work of Sunni Arab guerrillas punishing the Batawi leaders for cooperating with the Dec. 15 elections.)",63.742401123046875,1
"Thousands of people are already looking into your background, not just in Wichita, but from all over the U.S.",25.4472599029541,"Thousands of people is already looking into your background, not just in Wichita, but from all over the U.S.",35.891624450683594,1
"Walls keeping water out of the bowl-shaped city have been breached, and emergency teams are using helicopters to drop 1,350kg (3,000lb) sandbags and concrete barriers into the gaps.",30.086702346801758,"Walls keeping water out of the bowl-shaped city have been breached, and emergency teams is using helicopters to drop 1,350kg (3,000lb) sandbags and concrete barriers into the gaps.",38.66096496582031,1
"Your cycle of learning through the school of hard knocks has come to an end, Gemini, and now you 're going to start reaping the rewards these ""lessons"" have left in their wake.",24.427865982055664,"Your cycle of learning through the school of hard knocks has come to an end, Gemini, and now you 're going to start reaping the rewards these ""lessons"" has left in their wake.",28.727678298950195,1
"Nato and US officials have already voiced fears that Bosnian arms - sold by US, British and Swiss firms - are being passed to insurgents.",37.28199768066406,"Nato and US officials has already voiced fears that Bosnian arms - sold by US, British and Swiss firms - are being passed to insurgents.",48.27012634277344,1
"The Superdome stadium is without power, and toilets are overflowing.",70.90696716308594,"The Superdome stadium is without power, and toilets is overflowing.",139.9539337158203,1
She basically said if the children getting off the bus are n't paying to enter her building she was going to let them wander around the streets.,50.085472106933594,She basically said if the children getting off the bus is n't paying to enter her building she was going to let them wander around the streets.,57.59033203125,1
"Yep, the females are just getting to him... dads..",401.7967529296875,"Yep, the females is just getting to him... dads..",634.1949462890625,1
"The neighbours are still interfering, but there are signs that rather than undermining Afghanistan ’s stability they may now be trying to strengthen it.",53.08866500854492,"The neighbours is still interfering, but there are signs that rather than undermining Afghanistan ’s stability they may now be trying to strengthen it.",71.33798217773438,1
my lhasa apso hind legs are not working?,82.6005859375,my lhasa apso hind legs is not working?,110.32469940185547,1
Bumrungrad Hospital does some good work but all hospitals do have their problems from time to time.,32.578895568847656,Bumrungrad Hospital does some good work but all hospitals does have their problems from time to time.,41.05501937866211,1
"And international donors have given only half of the relief aid that Darfur needs, according to the local UN officials.",46.02342224121094,"And international donors has given only half of the relief aid that Darfur needs, according to the local UN officials.",58.2704963684082,1
"if the computer is completely shut off, the USB ports are n't getting power, so they wo n't charge your phone",29.11343002319336,"if the computer is completely shut off, the USB ports is n't getting power, so they wo n't charge your phone",37.73542022705078,1
"Increasingly, analysts are saying that China 's efforts have gone beyond what is safe or even in its own interests.",36.08015441894531,"Increasingly, analysts are saying that China 's efforts has gone beyond what is safe or even in its own interests.",43.28194046020508,1
Watch out the poles are coming.....my little butterfly,537.51708984375,Watch out the poles is coming.....my little butterfly,692.2545166015625,1
"For example, students must trust that teachers have made appropriate decisions about the structure and content of the courses they teach, and teachers must trust that the assignments that students turn in are their own.",15.617574691772461,"For example, students must trust that teachers has made appropriate decisions about the structure and content of the courses they teach, and teachers must trust that the assignments that students turn in are their own.",20.714139938354492,1
"As a result, north of the Andaman Islands, Bangladeshi coastal areas have become a nest of terrorists involved in the shipment of drugs and arms.",25.414154052734375,"As a result, north of the Andaman Islands, Bangladeshi coastal areas has become a nest of terrorists involved in the shipment of drugs and arms.",29.421613693237305,1
"Although the apartments are facing Stokes Street and close to the Bascom Light Rail, the location is surprisingly quiet.",77.80529022216797,"Although the apartments is facing Stokes Street and close to the Bascom Light Rail, the location is surprisingly quiet.",96.35253143310547,1
"If you were of integrity, the program will continue and the money that so many others have received will come your way.",52.84314727783203,"If you were of integrity, the program will continue and the money that so many others has received will come your way.",68.39474487304688,1
"While they are extremely accurate, laser sights do not operate well when drunk or high because the beam often does not show up on the target.",36.14590835571289,"While they are extremely accurate, laser sights does not operate well when drunk or high because the beam often does not show up on the target.",46.66460037231445,1
"Mosques are calling for donating blood, food, and medicine for Fallujah, and several convoys have already headed out for Fallujah, most of them returned later though.",41.7903938293457,"Mosques are calling for donating blood, food, and medicine for Fallujah, and several convoys has already headed out for Fallujah, most of them returned later though.",48.830543518066406,1
4) If they are not going up by now you just got ta keep trying and keep trying.,78.78886413574219,4) If they is not going up by now you just got ta keep trying and keep trying.,107.97837829589844,1
Shortages are already leading to power cuts in the big cities.,53.402923583984375,Shortages is already leading to power cuts in the big cities.,77.01504516601562,1
The wires have been humming since before the New Year with reports that the Bush administration is planning an attack on Iran.,26.936662673950195,The wires has been humming since before the New Year with reports that the Bush administration is planning an attack on Iran.,36.0554313659668,1
"As a parent, I can well imagine how painful it must be for those families whose children are succumbing to radiation poisoning.",16.887285232543945,"As a parent, I can well imagine how painful it must be for those families whose children is succumbing to radiation poisoning.",23.77802848815918,1
Small polygamous groups have existed in the southwestern US under the watchful yet fairly benign eye of authorities ever since a sect known as the Fundamentalist Latter Day Saints (FLDS) separated itself from mainstream Mormonism in 1890.,14.223151206970215,Small polygamous groups has existed in the southwestern US under the watchful yet fairly benign eye of authorities ever since a sect known as the Fundamentalist Latter Day Saints (FLDS) separated itself from mainstream Mormonism in 1890.,16.476219177246094,1
"Right now, while we 're sitting at our computers enjoying the internet, those innocent, beautiful, loving cats, are dying, somewhere in this troubled world a slow, agonizing death.",46.55352020263672,"Right now, while we 're sitting at our computers enjoying the internet, those innocent, beautiful, loving cats, is dying, somewhere in this troubled world a slow, agonizing death.",54.09339904785156,1
"As the survey cited in the above-linked article shows, most Google users do n't intend to use Gmail, and Google is n't even as popular as Yahoo! and AOL.",24.037155151367188,"As the survey cited in the above-linked article shows, most Google users does n't intend to use Gmail, and Google is n't even as popular as Yahoo! and AOL.",29.388320922851562,1
But supporters are pointing a few good things out:,262.8529357910156,But supporters is pointing a few good things out:,580.4243774414062,1
"When you discussed it, i was trying to think back to our remedies and discussions but the 3 years have made it difficult.",76.36544036865234,"When you discussed it, i was trying to think back to our remedies and discussions but the 3 years has made it difficult.",77.49889373779297,1
Investors are asking what Edison intends for QFs and generators--asking about haircuts in particular--and Edison is side-stepping the questions.,162.48538208007812,Investors is asking what Edison intends for QFs and generators--asking about haircuts in particular--and Edison is side-stepping the questions.,232.2892303466797,1
"the bird must know that when you open the cage door it means that you will put him in the cage, and birds do n't usually like cages.",28.456247329711914,"the bird must know that when you open the cage door it means that you will put him in the cage, and birds does n't usually like cages.",34.04570007324219,1
"People do not go to Ireland on holiday for the weather, it is unpredictable.",33.46484375,"People does not go to Ireland on holiday for the weather, it is unpredictable.",61.96488571166992,1
Cell phones do NOT work on board but they give you a 'walkie-talkie' kind of phone in your room that WILL work onboard.,39.501678466796875,Cell phones does NOT work on board but they give you a 'walkie-talkie' kind of phone in your room that WILL work onboard.,48.449684143066406,1
these are short term transactions and requiring this documentation will cause us to lose business because competitive alternatives do not have such burdensome requirements.,97.69892120361328,these are short term transactions and requiring this documentation will cause us to lose business because competitive alternatives does not have such burdensome requirements.,132.4034423828125,1
"While some looters are stealing non-essential goods, others are simply trying to find food and water.",19.541826248168945,"While some looters is stealing non-essential goods, others are simply trying to find food and water.",33.300846099853516,1
The credit guys are currently assuming that there is no correlation and may consequently be double dipping the credit reserve on this basis too.,146.0821990966797,The credit guys is currently assuming that there is no correlation and may consequently be double dipping the credit reserve on this basis too.,163.24000549316406,1
"""When dandelions have set the mark of May on Wisconsin pastures, it is time to listen for the final proof of spring,"" wrote Aldo Leopold in ""A Sand County Almanac.""",24.746065139770508,"""When dandelions has set the mark of May on Wisconsin pastures, it is time to listen for the final proof of spring,"" wrote Aldo Leopold in ""A Sand County Almanac.""",30.09290885925293,1
"Our Lecture Slides have greatly benefited from the previous classes taught by Dr. William Schroeder and Dr. Luis Ibanez at RPI,",44.86423110961914,"Our Lecture Slides has greatly benefited from the previous classes taught by Dr. William Schroeder and Dr. Luis Ibanez at RPI,",48.645538330078125,1
"Not only are these people completely inefficient and ineffective, but they just do n't give a darn.",41.074180603027344,"Not only are these people completely inefficient and ineffective, but they just does n't give a darn.",54.60684585571289,1
While Iran 's conventional army is not what it was during the heyday of the Iran-Iraq war - their armaments have deteriorated and the veterans of that last war have retired - the nation enjoys substantial military strength nonetheless.,26.458383560180664,While Iran 's conventional army is not what it was during the heyday of the Iran-Iraq war - their armaments has deteriorated and the veterans of that last war have retired - the nation enjoys substantial military strength nonetheless.,29.97826385498047,1
They are invoicing for this and I do n't have an invoice for it.,43.30939865112305,They is invoicing for this and I do n't have an invoice for it.,54.37165451049805,1
They do n't show it on RTE Player,197.91441345214844,They does n't show it on RTE Player,457.948486328125,1
"Ever since the first whispers about Google 's IPO, most investors have feared that the stock would come public at such a ridiculously high price that, even with a spectacularly profitable business model and some nearly flawless execution, the price would be too high for investors to make a real profit.",17.60172462463379,"Ever since the first whispers about Google 's IPO, most investors has feared that the stock would come public at such a ridiculously high price that, even with a spectacularly profitable business model and some nearly flawless execution, the price would be too high for investors to make a real profit.",20.717178344726562,1
Tree swallows are nesting nine days earlier.,164.6321258544922,Tree swallows is nesting nine days earlier.,426.9469299316406,1
"Also, would those of you who have not responded to me via email confirming your acceptance of the terms upon which our four companies have agreed to assume cost responsibility for the TCA work on this.",64.19416809082031,"Also, would those of you who have not responded to me via email confirming your acceptance of the terms upon which our four companies has agreed to assume cost responsibility for the TCA work on this.",75.33344268798828,1
"in our case, they are only hedging.",120.60992431640625,"in our case, they is only hedging.",238.6075439453125,1
"Throughout history, tyrants have known that by denying the right of oppressed peoples to form and nurture families, they can kill the spirit of those peoples.",24.70920181274414,"Throughout history, tyrants has known that by denying the right of oppressed peoples to form and nurture families, they can kill the spirit of those peoples.",37.066856384277344,1
"The problem is that the vast silent majority of these Moslems are not part of the terror and the incitement, but they also do not stand up against it.",20.37390899658203,"The problem is that the vast silent majority of these Moslems are not part of the terror and the incitement, but they also does not stand up against it.",26.571331024169922,1
The employees do n't really seem to enjoy what they are doing and it shows.,23.04296112060547,The employees does n't really seem to enjoy what they are doing and it shows.,30.195327758789062,1
"Increasingly, analysts are saying that China 's efforts have gone beyond what is safe or even in its own interests.",36.08015441894531,"Increasingly, analysts is saying that China 's efforts have gone beyond what is safe or even in its own interests.",53.448089599609375,1
"Unfair for the girl as boys do n't have that kind of handicap, but that 's the way our own rules work.",53.01426696777344,"Unfair for the girl as boys does n't have that kind of handicap, but that 's the way our own rules work.",60.782020568847656,1
Relief agencies are trying to help hundreds of thousands of displaced people while authorities have vowed to restore security in New Orleans following a breakdown of law and order.,25.435983657836914,Relief agencies is trying to help hundreds of thousands of displaced people while authorities have vowed to restore security in New Orleans following a breakdown of law and order.,34.81239700317383,1
They do n't let just anybody do it.,34.16984176635742,They does n't let just anybody do it.,81.89472961425781,1
"""Other friends have flown before —",815.1980590820312,"""Other friends has flown before —",2138.46875,1
"We understand that the pipe fitters are also planning to picket the Lake Worth, Florida project as well.",68.60453796386719,"We understand that the pipe fitters is also planning to picket the Lake Worth, Florida project as well.",95.87589263916016,1
"On the morrow he will leave me, as my Hopes have flown before.""",93.07137298583984,"On the morrow he will leave me, as my Hopes has flown before.""",129.71078491210938,1
"U.S. officials have said the plot, thwarted by Britain, to blow up several aircraft over the Atlantic bore many of the hallmarks of al Qaeda.",16.00615882873535,"U.S. officials has said the plot, thwarted by Britain, to blow up several aircraft over the Atlantic bore many of the hallmarks of al Qaeda.",20.482641220092773,1
"Today 's weapons do not have that kind of problem, and are much more reliable.",39.48747253417969,"Today 's weapons does not have that kind of problem, and are much more reliable.",57.38066482543945,1
"All the regional countries have publicly backed the Karzai government and supported the electoral process, but serious undercurrents remain as they all have their favourite contenders in Afghanistan.",59.12287902832031,"All the regional countries has publicly backed the Karzai government and supported the electoral process, but serious undercurrents remain as they all have their favourite contenders in Afghanistan.",67.43611907958984,1
The multiple planetary afflictions are taking their toll.,127.84915924072266,The multiple planetary afflictions is taking their toll.,239.90264892578125,1
"My neighbourhood has been surrounded by American troops for three days now, helicopters have been circling over our heads non-stop.",28.157670974731445,"My neighbourhood has been surrounded by American troops for three days now, helicopters has been circling over our heads non-stop.",34.997684478759766,1
are my two cats fighting or playing?,143.70559692382812,are my two cats is or playing?,1079.1317138671875,1
"These changes are occurring across all species, Parmesan told UPI 's Climate.",176.40675354003906,"These changes is occurring across all species, Parmesan told UPI 's Climate.",262.89996337890625,1
Emails from Zawahiri to Atef in the Spring of 1999 indicate that Ayman was a close student of the USAMRIID anthrax program.,24.245908737182617,Emails from Zawahiri to Atef in the Spring of 1999 indicates that Ayman was a close student of the USAMRIID anthrax program.,27.652206420898438,1
All arguments that the Bush administration would be insane to attack Iran and risk a global conflagration for the sake of political cover run into one unavoidable truth.,33.97684097290039,All arguments that the Bush administration would be insane to attack Iran and risk a global conflagration for the sake of political cover runs into one unavoidable truth.,34.5357780456543,1
Some countries like Malaysia and Singapore promote trading for foreign visitors during some part of the year.,61.344886779785156,Some countries like Malaysia and Singapore promotes trading for foreign visitors during some part of the year.,66.82535552978516,1
"Realists, and this even includes members of the U.S. Democratic foreign policy establishment such as Strobe Talbott, who have long sought to divest India of its defensive capability against another nuclear power in Asia, understand the only feasible solution for Kashmir is the acceptance of the status quo.",24.457853317260742,"Realists, and this even includes members of the U.S. Democratic foreign policy establishment such as Strobe Talbott, who have long sought to divest India of its defensive capability against another nuclear power in Asia, understands the only feasible solution for Kashmir is the acceptance of the status quo.",25.599586486816406,1
"Certain elements of the travelling community engage in this activity, but overall no not really.",135.16078186035156,"Certain elements of the travelling community engages in this activity, but overall no not really.",175.7252960205078,1
Workers who do these introductions look at the interaction objectively; and it 's good to see they are able and willing to say no if they feel there would be a problem.,52.41960525512695,Workers who do these introductions looks at the interaction objectively; and it 's good to see they are able and willing to say no if they feel there would be a problem.,68.20803833007812,1
either way you also need to keep an eye on the temperature if you are using a dry fish tank as UV lights in my experience up the temperature significantly and without proper ventilation it can become an oven.,38.016963958740234,either way you also need to keep an eye on the temperature if you are using a dry fish tank as UV lights in my experience ups the temperature significantly and without proper ventilation it can become an oven.,43.39905548095703,1
"Some parts of this same outer circle actually operate as a result of fear from, or blackmail by, the inner circles.",133.24562072753906,"Some parts of this same outer circle actually operates as a result of fear from, or blackmail by, the inner circles.",146.52938842773438,1
"They, above – the Council in Europe, you know – mean him to be.",227.88685607910156,"They, above – the Council in Europe, you know – means him to be.",286.37628173828125,1
some members of the traveler community bare knuckle box.,496.88885498046875,some members of the traveler community bare knuckle boxes.,475.3706970214844,0
"PS: I took the liberty of buying the corporate phone directory and locating information on your outstanding disputed credit accounts from an internet dealer today, and can probably make you better known to your customers than the security measures you enact at your company indicate you would like.",107.24066925048828,"PS: I took the liberty of buying the corporate phone directory and locating information on your outstanding disputed credit accounts from an internet dealer today, and can probably make you better known to your customers than the security measures you enact at your company indicates you would like.",112.59387969970703,1
"Our distinguished colleagues in this business transaction include the sitting vice-president of the United States of America, Richard Cheney, who is an original partner in the Iraq venture and former head of the Halliburton oil company, and Condoleeza Rice, whose professional dedication to the venture was demonstrated in the naming of a Chevron oil tanker after her.",23.889671325683594,"Our distinguished colleagues in this business transaction includes the sitting vice-president of the United States of America, Richard Cheney, who is an original partner in the Iraq venture and former head of the Halliburton oil company, and Condoleeza Rice, whose professional dedication to the venture was demonstrated in the naming of a Chevron oil tanker after her.",25.70456314086914,1
"The decision to sidestep the obvious to satisfy the need to avoid confrontation does not bring peace, but only delays the eventual conflict as the predators of Hamas and Hezbollah exploit the inherent weakness of the internationals and the media.",39.06362533569336,"The decision to sidestep the obvious to satisfy the need to avoid confrontation does not bring peace, but only delays the eventual conflict as the predators of Hamas and Hezbollah exploits the inherent weakness of the internationals and the media.",43.843971252441406,1
"The papers found at headquarters of the Mukhabarat, Iraq 's secret police, show that an entourage from Al Qaeda group was sent to the Iraqi capital in March 1998 from Sudan.",32.63740158081055,"The papers found at headquarters of the Mukhabarat, Iraq 's secret police, shows that an entourage from Al Qaeda group was sent to the Iraqi capital in March 1998 from Sudan.",36.13931655883789,1
"The dangers implicit in any attack upon that nation, however, seem to significantly offset whatever gains could be made in the so-called ""War on Terror.""",47.41743087768555,"The dangers implicit in any attack upon that nation, however, seems to significantly offset whatever gains could be made in the so-called ""War on Terror.""",48.875160217285156,1
Indoor cats that are well cared for typically live 11-15 years.,20.23027801513672,Indoor cats that are well cared for typically lives 11-15 years.,34.7486457824707,1
Police in the Indian capital Delhi say they have arrested the suspected co-ordinator and financier of last month 's deadly bomb blasts in the city.,14.719749450683594,Police in the Indian capital Delhi says they have arrested the suspected co-ordinator and financier of last month 's deadly bomb blasts in the city.,17.66132926940918,1
"+ As the implications of the Andaman Islands situation sink in, Indian intelligence has inevitably come under scrutiny.",70.18986511230469,"+ As the implications of the Andaman Islands situation sinks in, Indian intelligence has inevitably come under scrutiny.",80.60054779052734,1
X-rays taken including AP and lateral of the right knee demonstrate a healed medial tibial plateau fracture status post percutaneous screw fixation.,27.997600555419922,X-rays taken including AP and lateral of the right knee demonstrates a healed medial tibial plateau fracture status post percutaneous screw fixation.,30.055965423583984,1
"While the ominous possibilities of heightened Iraqi chaos, missiles in the Gulf, and Syrian involvement loom large if the US attacks Iran, all pale in comparison to the involvement of China in any US/Iran engagement.",49.08753967285156,"While the ominous possibilities of heightened Iraqi chaos, missiles in the Gulf, and Syrian involvement looms large if the US attacks Iran, all pale in comparison to the involvement of China in any US/Iran engagement.",54.73591613769531,1
The civilians in the Department of Defense only know how to blow things up.,38.862937927246094,The civilians in the Department of Defense only knows how to blow things up.,51.73470687866211,1
"But other people do like the way they think he will vote, and the ones who favor him seem to outnumber the ones who oppose him.",32.66835403442383,"But other people do like the way they think he will vote, and the ones who favor him seems to outnumber the ones who oppose him.",36.00298309326172,1
"Four guys around a large square open hibachi cook your food, and when it 's finished a server brings it to your table.",43.75044250488281,"Four guys around a large square open hibachi cooks your food, and when it 's finished a server brings it to your table.",55.646522521972656,1
"As the implications of the Andaman Islands situation sink in, Indian intelligence has inevitably come under scrutiny.",52.08440399169922,"As the implications of the Andaman Islands situation sinks in, Indian intelligence has inevitably come under scrutiny.",59.44341278076172,1
"Jurisdictions which are not approved to trade credit derivatives include: Austria, Belgium, Canada, Croatia, Czech Republic, Denmark, France, Gibraltar, Ireland, Italy, Poland, Portugal, Romania, Scotland, Singapore, Slovenia, Spain, and The Netherlands.",8.319214820861816,"Jurisdictions which are not approved to trade credit derivatives includes: Austria, Belgium, Canada, Croatia, Czech Republic, Denmark, France, Gibraltar, Ireland, Italy, Poland, Portugal, Romania, Scotland, Singapore, Slovenia, Spain, and The Netherlands.",9.48321533203125,1
Acts that violate this trust undermine the educational process.,278.4671630859375,Acts that violate this trust undermines the educational process.,457.6136169433594,1
Other shops around this city have MUCH NICER and more TRANSPARENT owners.,206.61294555664062,Other shops around this city has MUCH NICER and more TRANSPARENT owners.,275.45147705078125,1
"Princeton islamist scholar Bernard Lewis has explained that while islamists may disagree about whether killing innocents is sanctioned by the laws of jihad, extremists like Zawahiri agree that notice must be given before biochemical weapons are used.",48.06442642211914,"Princeton islamist scholar Bernard Lewis has explained that while islamists may disagree about whether killing innocents is sanctioned by the laws of jihad, extremists like Zawahiri agrees that notice must be given before biochemical weapons are used.",55.86882019042969,1
"The mysteries of the universe continue to attract and intrigue you, as you apply your mystical awareness to the important decisions upcoming in your life, especially concerning partnerships of all kinds.",43.71076965332031,"The mysteries of the universe continues to attract and intrigue you, as you apply your mystical awareness to the important decisions upcoming in your life, especially concerning partnerships of all kinds.",50.131996154785156,1
Damage estimates of more than $25bn suggest it could be the US insurance industry 's most expensive natural disaster ever.,42.356597900390625,Damage estimates of more than $25bn suggests it could be the US insurance industry 's most expensive natural disaster ever.,45.90072250366211,1
"Secular Arab nationalist groups also universally sympathize with the Palestinians, and those in post-Saddam Iraq are no exception.",40.535484313964844,"Secular Arab nationalist groups also universally sympathizes with the Palestinians, and those in post-Saddam Iraq are no exception.",55.4117431640625,1
"When those lucky enough not to have Herpes create a climate of shame and indignity for those of us who do, not only are they hurting us, but they are hurting themselves.",20.40745735168457,"When those lucky enough not to have Herpes creates a climate of shame and indignity for those of us who do, not only are they hurting us, but they are hurting themselves.",22.17390251159668,1
US and NATO military officers in Kabul say it is too early to say whether Bush ’s tough message was instrumental in persuading Musharraf and the ISI to pressure the Taliban to restrain from disrupting the elections.,32.68341827392578,US and NATO military officers in Kabul says it is too early to say whether Bush ’s tough message was instrumental in persuading Musharraf and the ISI to pressure the Taliban to restrain from disrupting the elections.,36.63118362426758,1
Average campaigns for ANA result in CTR of 8–12%.,137.70565795898438,Average campaigns for ANA results in CTR of 8–12%.,165.9771728515625,1
However US military officers say regular army officers - many of them Pashtun - leading units of the Frontier Corps who are on the border remain deeply sympathetic to the Taliban and the mullahs of the JUI.,42.12751007080078,However US military officers say regular army officers - many of them Pashtun - leading units of the Frontier Corps who are on the border remains deeply sympathetic to the Taliban and the mullahs of the JUI.,50.80034637451172,1
"Let me try to break this down as simply as I can: diurnal (active during the day time) reptiles like the bearded dragon require 3 types of ""light,"" UVA, UVB, and heat.",17.780176162719727,"Let me try to break this down as simply as I can: diurnal (active during the day time) reptiles like the bearded dragon requires 3 types of ""light,"" UVA, UVB, and heat.",19.592517852783203,1
"Birds eat and sleep with their flock, not predators.",143.41493225097656,"Birds eats and sleep with their flock, not predators.",300.2155456542969,1
"And the stars never rise, but I feel the bright eyes Of the beautiful ANNABEL LEE;",120.00675964355469,"And the stars never rises, but I feel the bright eyes Of the beautiful ANNABEL LEE;",164.90673828125,1
"In the final two steps, the dancers firmly stamp their feet on the ground.",47.44520950317383,"In the final two steps, the dancers firmly stamps their feet on the ground.",71.98799133300781,1
Can you recommend where these companies each fit within the new organization?,182.93785095214844,Can you recommend where these companies each fits within the new organization?,231.16197204589844,1
"As a yoga studio, I 'm sure you 're all aware that all actions generate karma …",59.83560562133789,"As a yoga studio, I 'm sure you 're all aware that all actions generates karma …",78.28271484375,1
Intentions for 2005 show that the remaining amount will also be completely consumed.,100.23564910888672,Intentions for 2005 shows that the remaining amount will also be completely consumed.,115.08646392822266,1
Company 's transaction fees depend on the method of payment (e.g. ACH - US or WIRE - US).,36.332664489746094,Company 's transaction fees depends on the method of payment (e.g. ACH - US or WIRE - US).,40.921424865722656,1
"Older males often tend to have urinary tract issues, so your cat has done very well.",65.37245178222656,"Older males often tends to have urinary tract issues, so your cat has done very well.",91.52298736572266,1
"The two hands when upraised and folded together represent: ""Now I am trying to establish a link with Parama Purus'a (Supreme Consciousness).""",63.07384490966797,"The two hands when upraised and folded together represents: ""Now I am trying to establish a link with Parama Purus'a (Supreme Consciousness).""",66.28498840332031,1
"The 22 member countries of the Arab league, from Mauritania to the Gulf States, have a total population of 300 millions, larger than the US and almost as large as the EU before its expansion.",16.843223571777344,"The 22 member countries of the Arab league, from Mauritania to the Gulf States, has a total population of 300 millions, larger than the US and almost as large as the EU before its expansion.",18.08830451965332,1
An Iraq in which armed fundamentalist and nationalist militias proliferate is inevitably a security worry for Israel.,96.75003051757812,An Iraq in which armed fundamentalist and nationalist militias proliferates is inevitably a security worry for Israel.,128.7921905517578,1
It is a curb bit with a ported mouth piece and some horses appreciate this to give them more room in their mouths for their tongues.,59.41334533691406,It is a curb bit with a ported mouth piece and some horses appreciates this to give them more room in their mouths for their tongues.,65.98377227783203,1
Alike...both were fought for securities reasons by the US (no matter what the liberal revisionist historians tell you).,143.88833618164062,Alike...both were fought for securities reasons by the US (no matter what the liberal revisionist historians tells you).,175.41419982910156,1
These economists belong to the monetarist school.,56.465152740478516,These economists belongs to the monetarist school.,95.69000244140625,1
Is this how your clients usually evaluate these properties?,277.8848571777344,Is this how your clients usually evaluates these properties?,451.45916748046875,1
"The Jihad ""soldiers"" join packaged death tours to Iraq and other hotspots, while some of their leaders ski in Switzerland.",122.35816192626953,"The Jihad ""soldiers"" joins packaged death tours to Iraq and other hotspots, while some of their leaders ski in Switzerland.",166.6553955078125,1
The frequent reports from Algeria about the murders of hundreds of civilians in one village or another by other Algerians have nothing to do with Israel.,37.48426055908203,The frequent reports from Algeria about the murders of hundreds of civilians in one village or another by other Algerians has nothing to do with Israel.,37.82683181762695,1
"Marriage is, in and of itself, a noble concept, but it too often leads to kids and kids flat out suck.",34.31324768066406,"Marriage is, in and of itself, a noble concept, but it too often leads to kids and kids flat out sucks.",37.60624313354492,1
"I am seeking anecdotes (first name, last initial) from dieters who successfully used a natural supplement to assist their weight loss; the therapeutic agents under discussion include HCA, MCT, green or oolong tea extract, CLA, chromium, starch-blockers, chitosan, 5-HTP, hoodia and caralluma, HMB, and BCAA.",25.330656051635742,"I am seeking anecdotes (first name, last initial) from dieters who successfully used a natural supplement to assist their weight loss; the therapeutic agents under discussion includes HCA, MCT, green or oolong tea extract, CLA, chromium, starch-blockers, chitosan, 5-HTP, hoodia and caralluma, HMB, and BCAA.",26.692569732666016,1
"For the quality, the prices ($4-$6) have to be the best in town.",32.73773956298828,"For the quality, the prices ($4-$6) has to be the best in town.",39.616493225097656,1
Can you recommend where these companies each fit within the new organization?,182.93785095214844,Can you recommend where these companies each fits within the new organization?,231.16197204589844,1
"These 22 countries, with all their oil and natural resources, have a combined GDP smaller than that of Netherlands plus Belgium and equal to half of the GDP of California alone.",32.41810989379883,"These 22 countries, with all their oil and natural resources, has a combined GDP smaller than that of Netherlands plus Belgium and equal to half of the GDP of California alone.",38.792724609375,1
Both bathrooms look like they were flooded and the wood cabinets are thrashed at the bottom and they slapped some pieces of wood over to try to cover it up.,39.811038970947266,Both bathrooms looks like they were flooded and the wood cabinets are thrashed at the bottom and they slapped some pieces of wood over to try to cover it up.,44.2802848815918,1
Heterosexuals increasingly back gay marriage,82.19851684570312,Heterosexuals increasingly backs gay marriage,167.38259887695312,1
Do not put your fish tank close to the sun or algae grow in your tank.,54.31694793701172,Do not put your fish tank close to the sun or algae grows in your tank.,57.272064208984375,1
Right Courts rob me I rob Court citizen sounds reasonable to me and just as wrong as Court in handling this case at issue wrongly.,588.6060180664062,Right Courts robs me I rob Court citizen sounds reasonable to me and just as wrong as Court in handling this case at issue wrongly.,576.968994140625,0
"Climate: Humans fuss, animals adjust",1835.092529296875,"Climate: Humans fusses, animals adjust",1930.537353515625,1
His co-workers love him.,132.1613006591797,His co-workers loves him.,372.3011169433594,1
"On the one hand, the IPN report agreed ""Climate models generally predict that the temperature rises in the Arctic will substantially exceed the global rise.",47.95738983154297,"On the one hand, the IPN report agreed ""Climate models generally predicts that the temperature rises in the Arctic will substantially exceed the global rise.",61.74650192260742,1
"The Neocons in the CPA have all sorts of ulterior motives and social experiments they want to impose on the Iraqi people, including Polish-style economic shock therapy, some sort of sweetheart deal for Israel, and maybe even breaking the country up into three parts.",34.75006103515625,"The Neocons in the CPA has all sorts of ulterior motives and social experiments they want to impose on the Iraqi people, including Polish-style economic shock therapy, some sort of sweetheart deal for Israel, and maybe even breaking the country up into three parts.",39.34611129760742,1
"I mean, I do n't care if he does n't know, but if he pretends to know and tells me BS to my face, there 's no way I 'm going to trust him when matters turn to the price of the car and financing.",17.95982551574707,"I mean, I do n't care if he does n't know, but if he pretends to know and tells me BS to my face, there 's no way I 'm going to trust him when matters turns to the price of the car and financing.",19.668285369873047,1
"The findings demonstrate the inhibitory network is central to controlling not only the amplitude, extent and duration of activation of recurrent excitatory cortical networks, but also the precise timing of action potentials, and, thus, network synchronization...""",35.308311462402344,"The findings demonstrates the inhibitory network is central to controlling not only the amplitude, extent and duration of activation of recurrent excitatory cortical networks, but also the precise timing of action potentials, and, thus, network synchronization...""",40.31208419799805,1
"Ounces measure weight, pints measure volume.",32.80427551269531,"Ounces measure weight, pints measures volume.",51.06148910522461,1
"As the Pew report concluded, ""Sufficient studies now exist to conclude that the consequences of climate change are already detectable within U.S. ecosystems.""",24.62467384338379,"As the Pew report concluded, ""Sufficient studies now exists to conclude that the consequences of climate change are already detectable within U.S. ecosystems.""",29.437057495117188,1
"Feel free to cut and paste and leave your comments, as these viewpoints cover the entire gamut surrounding the event.",66.58956146240234,"Feel free to cut and paste and leave your comments, as these viewpoints covers the entire gamut surrounding the event.",80.88298034667969,1
"King snakes sometimes stop eating, particularly during the cooler part of the year.",56.95231628417969,"King snakes sometimes stops eating, particularly during the cooler part of the year.",92.47535705566406,1
The water changes help with that too.,116.96192932128906,The water changes helps with that too.,169.9687042236328,1
Others argue that he was to be part of a second wave of airliners directed to targets on the West Coast.,57.20170211791992,Others argues that he was to be part of a second wave of airliners directed to targets on the West Coast.,72.70813751220703,1
"After Week 14, Participants build a full-stack web application in the course of one month, from inception to production.",42.92500686645508,"After Week 14, Participants builds a full-stack web application in the course of one month, from inception to production.",48.76060104370117,1
"These islands sit aside the vital sea lanes of the Strait of Malacca, through which 300 tankers and merchant ships pass daily, bringing in oil for the Far East and Southeast Asia.",22.620729446411133,"These islands sits aside the vital sea lanes of the Strait of Malacca, through which 300 tankers and merchant ships pass daily, bringing in oil for the Far East and Southeast Asia.",26.07137680053711,1
"The reason for this is that India is emerging as an alternative investment destination to China, hence the favor that the generals in Islamabad do to their trusty supplier of nukes and missiles by creating a scare about war involving India when in fact the real flashpoints are the Taiwan Straits and North Korea.",41.59153747558594,"The reason for this is that India is emerging as an alternative investment destination to China, hence the favor that the generals in Islamabad does to their trusty supplier of nukes and missiles by creating a scare about war involving India when in fact the real flashpoints are the Taiwan Straits and North Korea.",45.675575256347656,1
I told him that I would see his neurologist for evaluation or possibly a spinal surgeon if his symptoms progress.,36.13775634765625,I told him that I would see his neurologist for evaluation or possibly a spinal surgeon if his symptoms progresses.,43.835933685302734,1
The current complaints allege that HANO has not provided qualified former St. Thomas residents a preference with respect to available public housing units at River Garden per the 2003 agreement.,113.31231689453125,The current complaints alleges that HANO has not provided qualified former St. Thomas residents a preference with respect to available public housing units at River Garden per the 2003 agreement.,123.39276885986328,1
Husbands marry mothers and teen daughters at the same time.,88.24658203125,Husbands marries mothers and teen daughters at the same time.,82.10528564453125,0
Because Large Fries give you FOUR PIECES!,516.9771728515625,Because Large Fries gives you FOUR PIECES!,678.6356201171875,1
Traders over here seem to have a lot more respect for other humans.,57.07942199707031,Traders over here seems to have a lot more respect for other humans.,73.8923568725586,1
"Rodents require special bedding in their cages to absorb their waste, and this needs to be cleaned regularly, or your hamster could suffer from problems due the buildup of ammonia from his urine.",24.939748764038086,"Rodents requires special bedding in their cages to absorb their waste, and this needs to be cleaned regularly, or your hamster could suffer from problems due the buildup of ammonia from his urine.",31.875478744506836,1
These appear to be extraarticular.,174.10589599609375,These appears to be extraarticular.,346.2079772949219,1
"When the dancers start the step with the beat of ""dhin, dhin..."", the mental ideation should also be kept.",131.52603149414062,"When the dancers starts the step with the beat of ""dhin, dhin..."", the mental ideation should also be kept.",149.2567138671875,1
There is a risk that observers underestimate the time that Al Qaeda has had to make progress in such recruitment and research and development.,55.04827880859375,There is a risk that observers underestimates the time that Al Qaeda has had to make progress in such recruitment and research and development.,47.467529296875,0
"Compact 's Corona dryers remove at least twice as much water as the previous dryers, allowing a production increase of over 10% and a significant energy saving.",35.87870407104492,"Compact 's Corona dryers removes at least twice as much water as the previous dryers, allowing a production increase of over 10% and a significant energy saving.",41.84808349609375,1
I just hate to see the poor dears experience a slow painful death that way :( .,56.788875579833984,I just hate to see the poor dears experiences a slow painful death that way :( .,90.61785888671875,1
"The days start to shorten & it gets even wetter, windier & colder.",46.22587585449219,"The days starts to shorten & it gets even wetter, windier & colder.",57.42876052856445,1
Some cruise aficionados refuse to sail on one or the other.,58.29739761352539,Some cruise aficionados refuses to sail on one or the other.,106.57861328125,1
"But words also work in other ways, more subtle.",80.04529571533203,"But words also works in other ways, more subtle.",134.25868225097656,1
The price spikes pose real political risks for Davis and he and his folks need and want an easy way out.,129.29225158691406,The price spikes poses real political risks for Davis and he and his folks need and want an easy way out.,156.28497314453125,1
"Many details remain to be worked out, but we will keep you advised.",21.2761173248291,"Many details remains to be worked out, but we will keep you advised.",32.25120544433594,1
"If the negotiations stall, it seems like I need to go ahead and cut off the utilities.",57.77907943725586,"If the negotiations stalls, it seems like I need to go ahead and cut off the utilities.",64.002685546875,1
Either way rec. and dom. white genes dilute the black gene.,319.62274169921875,Either way rec. and dom. white genes dilutes the black gene.,394.2044372558594,1
When she goes to the zoo the elephants throw her peanuts.,84.58467864990234,When she goes to the zoo the elephants throws her peanuts.,139.4027099609375,1
Clasp a rare and radiant maiden whom the angels name Lenore.',699.666259765625,Clasp a rare and radiant maiden whom the angels names Lenore.',1121.859375,1
"Like you said ""the kids egg him on"".",233.837646484375,"Like you said ""the kids eggs him on"".",447.40582275390625,1
"Loads of places have geographical hazards, if you are constantly paranoid, you 'll never get anywhere without a sense of adventure.",74.09212493896484,"Loads of places has geographical hazards, if you are constantly paranoid, you 'll never get anywhere without a sense of adventure.",89.27130126953125,1
Workers who do these introductions look at the interaction objectively; and it 's good to see they are able and willing to say no if they feel there would be a problem.,52.41960525512695,Workers who do these introductions look at the interaction objectively; and it 's good to see they are able and willing to say no if they feels there would be a problem.,65.78628540039062,1
