Sen,Sen_ppl,Wrong_Sen,Wrong_Sen_ppl,Score
"Ok, da hätte uns eigentlich schon was komisch vorkommen müssen.",148.32571411132812,"Ok, da hätten uns eigentlich schon was komisch vorkommen müssen.",116.17186737060547,0
Dadurch sollte Jahre später das Königreich Powys an die Herrscher des Königreiches Gwynedd fallen.,26.26894760131836,Dadurch sollten Jahre später das Königreich Powys an die Herrscher des Königreiches Gwynedd fallen.,28.494129180908203,1
"Daher sei eine thermoregulatorische Funktion, falls überhaupt, nur in einigen Stegosauriern vorgekommen und habe allenfalls eine untergeordnete Rolle gespielt.",38.26462173461914,"Daher seien eine thermoregulatorische Funktion, falls überhaupt, nur in einigen Stegosauriern vorgekommen und habe allenfalls eine untergeordnete Rolle gespielt.",34.156490325927734,0
Von einer tatsächlichen Verbesserung der Lage auf den Autobahnen und Landstraßen konnte denn angesichts dieses Katz- und Maus-Spieles an dem Montag nachmittag keine Rede sein.,21.454479217529297,Von einer tatsächlichen Verbesserung der Lage auf den Autobahnen und Landstraßen konnten denn angesichts dieses Katz- und Maus-Spieles an dem Montag nachmittag keine Rede sein.,22.055076599121094,1
"Da die Ostsee zugefroren war, konnte aus Schweden zunächst keine Verstärkung kommen.",35.40380859375,"Da die Ostsee zugefroren war, konnten aus Schweden zunächst keine Verstärkung kommen.",35.20216751098633,0
"Mit ihm zusammengewachsen ist der in dem Mittelalter bedeutendste Ortsteil Adelwil (1,8 km nordöstlich des Dorfs;)",42.525691986083984,"Mit ihm zusammengewachsen sind der in dem Mittelalter bedeutendste Ortsteil Adelwil (1,8 km nordöstlich des Dorfs;)",41.23412322998047,0
"In dem vergangenen Jahr war ein fix und fertig ausgehandelter Vertrag zwischen dem südkoreanischen Konzern Samsung und Fokker in dem letzten Moment geplatzt, weil die Regierung in Den Haag nicht zu den von den Asiaten verlangten Garantien bereit war.",15.64948844909668,"In dem vergangenen Jahr waren ein fix und fertig ausgehandelter Vertrag zwischen dem südkoreanischen Konzern Samsung und Fokker in dem letzten Moment geplatzt, weil die Regierung in Den Haag nicht zu den von den Asiaten verlangten Garantien bereit war.",17.81494140625,1
"Mit dem nach dorthin aufstrebendem Dach wird die Assoziation geweckt, als würde das ""Fischerboot"" mit dem Bug gegen eine Welle fahren.",44.83268737792969,"Mit dem nach dorthin aufstrebendem Dach wird die Assoziation geweckt, als würden das ""Fischerboot"" mit dem Bug gegen eine Welle fahren.",46.60808181762695,1
"Dennoch ist hier eine durchaus originelle und einmalige Chorlösung entstanden, die sich von dem Heilig - Kreuz - Münster in Schwäbisch Gmünd und von dem Veitsdom in Prag deutlich abhebt.",21.248641967773438,"Dennoch sind hier eine durchaus originelle und einmalige Chorlösung entstanden, die sich von dem Heilig - Kreuz - Münster in Schwäbisch Gmünd und von dem Veitsdom in Prag deutlich abhebt.",23.448854446411133,1
"Obwohl Warhol in dem Mai 1965 bei Ileana Sonnabend in Paris verkündet hatte, dass er sich nun von der Malerei zurückziehen wolle, sollte in dem April 1966 eine Ausstellung in der New Yorker Galerie von Leo Castelli stattfinden.",9.88696575164795,"Obwohl Warhol in dem Mai 1965 bei Ileana Sonnabend in Paris verkündet hatte, dass er sich nun von der Malerei zurückziehen wolle, sollten in dem April 1966 eine Ausstellung in der New Yorker Galerie von Leo Castelli stattfinden.",10.692143440246582,1
Dank der Antibiotika sei eine größere Epidemie nicht zu befürchten.,39.95657730102539,Dank der Antibiotika seien eine größere Epidemie nicht zu befürchten.,36.8730354309082,0
"Da deren Entfaltung allerdings Zeit beanspruchen würde, sollte eine Kavallerie - Attacke der englischen Reiterei unter Lord George Sackville (1716-1785) die beiden französischen Brigaden zurückwerfen.",24.612009048461914,"Da deren Entfaltung allerdings Zeit beanspruchen würde, sollten eine Kavallerie - Attacke der englischen Reiterei unter Lord George Sackville (1716-1785) die beiden französischen Brigaden zurückwerfen.",25.849084854125977,1
An der Revolution von 1848 hatte sich der überzeugte Demokrat mit engagierten Reden beteiligt.,36.349647521972656,An der Revolution von 1848 hatten sich der überzeugte Demokrat mit engagierten Reden beteiligt.,43.95478820800781,1
"Tolles Personal, auch für meine Familie war der Umzugsstress gut zu verkraften.",84.27445220947266,"Tolles Personal, auch für meine Familie waren der Umzugsstress gut zu verkraften.",101.24156188964844,1
In dem Zuge der Kurskorrektur habe sich auch die Struktur der Käufer geändert.,18.564250946044922,In dem Zuge der Kurskorrektur haben sich auch die Struktur der Käufer geändert.,19.13399887084961,1
"Seit den 1960ern ist die südkoreanische Wirtschaft stark angewachsen, und die Wirtschaftsstruktur hat sich radikal verändert.",7.0792341232299805,"Seit den 1960ern sind die südkoreanische Wirtschaft stark angewachsen, und die Wirtschaftsstruktur hat sich radikal verändert.",9.342706680297852,1
"Aufgetreten ist dieses räumliche Migrationsphänomen in (West) - Deutschland während der 1960er - und 1970er - Jahren, als viele Menschen sich mit dem Geld des Wirtschaftswunders ein Eigenheim außerhalb der großen Städte bauten (Vgl. Suburbanisierung).",18.507427215576172,"Aufgetreten sind dieses räumliche Migrationsphänomen in (West) - Deutschland während der 1960er - und 1970er - Jahren, als viele Menschen sich mit dem Geld des Wirtschaftswunders ein Eigenheim außerhalb der großen Städte bauten (Vgl. Suburbanisierung).",19.917861938476562,1
In dieser Nachricht hatte der ehemalige Jusitzminister Brice Hortefeux als „faschistischen schwachsinnigen Innenminister“ und als „Gangster“ tituliert.,30.83728790283203,In dieser Nachricht hatten der ehemalige Jusitzminister Brice Hortefeux als „faschistischen schwachsinnigen Innenminister“ und als „Gangster“ tituliert.,36.00907516479492,1
"„Mehr Menschen nehmen Kredite auf … Während das Leihen gerade leicht zu bewältigen sein mag, könnte eine plötzliche Änderung der Umstände zu Schuldenproblemen führen.“",24.242429733276367,"„Mehr Menschen nehmen Kredite auf … Während das Leihen gerade leicht zu bewältigen sein mag, könnten eine plötzliche Änderung der Umstände zu Schuldenproblemen führen.“",24.60128402709961,1
Damit ist Code von GNU Classpath in die offizielle Implementierung der Java - Plattform eingeflossen.,52.954071044921875,Damit sind Code von GNU Classpath in die offizielle Implementierung der Java - Plattform eingeflossen.,53.50486373901367,1
In Anhui und Henan hatte die lokale Führung gegen Ende der Hungersnot 1959 bis 1961 die Familienbetriebe in der Landwirtschaft wieder eingeführt.,19.228242874145508,In Anhui und Henan hatten die lokale Führung gegen Ende der Hungersnot 1959 bis 1961 die Familienbetriebe in der Landwirtschaft wieder eingeführt.,20.059532165527344,1
"Nach den Plänen seiner Pflegeeltern sollte er einmal den Bauernhof übernehmen, und so wurde ihm der Besuch des Gymnasiums verwehrt.",17.51927947998047,"Nach den Plänen seiner Pflegeeltern sollte er einmal den Bauernhof übernehmen, und so wurden ihm der Besuch des Gymnasiums verwehrt.",20.03881072998047,1
An dem Mittwochabend hatte das von den Republikanern beherrschte Abgeordnetenhaus auf bislang erhobene Forderungen nach tiefen Einschnitten bei der Gesundheitsversorgung für ältere Menschen verzichtet.,20.0668888092041,An dem Mittwochabend hatten das von den Republikanern beherrschte Abgeordnetenhaus auf bislang erhobene Forderungen nach tiefen Einschnitten bei der Gesundheitsversorgung für ältere Menschen verzichtet.,20.875621795654297,1
"``Total überflüssig'', hatte der CDU-Parlamentarier Klaus Lippold geurteilt und lauten Beifall erhalten.",71.25740814208984,"``Total überflüssig'', hatten der CDU-Parlamentarier Klaus Lippold geurteilt und lauten Beifall erhalten.",102.98309326171875,1
"Der Vorsitzende der Armutskonferenz in Potsdam, Ruth Brand, sagte an dem Rande der Generalversammlung der Europa -- Organisation, zwischen 1983 und 1993 habe sich die Zahl der Sozialhilfeempfänger in Deutschland vervierfacht.",16.37217903137207,"Der Vorsitzende der Armutskonferenz in Potsdam, Ruth Brand, sagte an dem Rande der Generalversammlung der Europa -- Organisation, zwischen 1983 und 1993 haben sich die Zahl der Sozialhilfeempfänger in Deutschland vervierfacht.",16.990211486816406,1
"Weiterhin negativ aufgefallen ist der schlechte Service dadurch, dass beispielsweise nicht darauf geachtet wurde, ob noch ausreichend Munition vorhanden ist.",14.103679656982422,"Weiterhin negativ aufgefallen sind der schlechte Service dadurch, dass beispielsweise nicht darauf geachtet wurde, ob noch ausreichend Munition vorhanden ist.",15.258321762084961,1
Bei einer Störung vergangenen Winter konnte mir der Wochenend - Notdienst telefonisch weiterhelfen.,58.778141021728516,Bei einer Störung vergangenen Winter konnten mir der Wochenend - Notdienst telefonisch weiterhelfen.,60.1846809387207,1
Bei der Unterhauswahl 2010 konnte die Labour Party alle sieben Wahlkreise gewinnen.,18.31694221496582,Bei der Unterhauswahl 2010 konnten die Labour Party alle sieben Wahlkreise gewinnen.,17.063249588012695,0
Trotz inflationärer Verbreitung des IP - Labels sei der Pflanzenschutzmittelaufwand in vielen Obstanbaugebieten weiter gestiegen.,37.10370635986328,Trotz inflationärer Verbreitung des IP - Labels seien der Pflanzenschutzmittelaufwand in vielen Obstanbaugebieten weiter gestiegen.,39.48875045776367,1
"Die Dresdener Caritas-Vorsitzende Eva Maria Kiklas berichtete, in Ostdeutschland sei die Unterschriftensammlung zögernd angelaufen;",28.95738983154297,"Die Dresdener Caritas-Vorsitzende Eva Maria Kiklas berichtete, in Ostdeutschland seien die Unterschriftensammlung zögernd angelaufen;",30.129621505737305,1
Leider verspricht die Firma die Ware in ca. 7 Tagen zu liefern aber nach 8 Tagen ist immer noch keine Ware angekommen.,18.09561538696289,Leider verspricht die Firma die Ware in ca. 7 Tagen zu liefern aber nach 8 Tagen sind immer noch keine Ware angekommen.,18.45580291748047,1
"Auf Grund dieser Frage müsste der Mann zugeben, dass zu Hause nicht er die ""Hosen anhat"", sondern seine Frau, was er in dem Radio offen bekundet.",33.067562103271484,"Auf Grund dieser Frage müssten der Mann zugeben, dass zu Hause nicht er die ""Hosen anhat"", sondern seine Frau, was er in dem Radio offen bekundet.",39.75374984741211,1
"Orbisons Wunsch nach großen Orchesterproduktionen wollte ihm Produzent Jack Clement bei Sun Records nicht erfüllen, denn ""aus Dir wird nie ein Balladensänger.""",125.51766967773438,"Orbisons Wunsch nach großen Orchesterproduktionen wollten ihm Produzent Jack Clement bei Sun Records nicht erfüllen, denn ""aus Dir wird nie ein Balladensänger.""",125.3947982788086,0
An dem Montag werde der Aufsichtsrat über mögliche personelle Konsequenzen entscheiden.,38.12343978881836,An dem Montag werden der Aufsichtsrat über mögliche personelle Konsequenzen entscheiden.,37.224395751953125,0
"Weltkriegs 1914 war der Fahrzeugbestand auf 90 Lokomotiven, 340 Reisezug - und 1.338 Güterwagen angewachsen und sank in der Folgezeit bis zu der Verstaatlichung 1938 wieder etwas ab.",18.24365234375,"Weltkriegs 1914 waren der Fahrzeugbestand auf 90 Lokomotiven, 340 Reisezug - und 1.338 Güterwagen angewachsen und sank in der Folgezeit bis zu der Verstaatlichung 1938 wieder etwas ab.",19.087560653686523,1
"An dem Samstag hatte die spanische Polizei acht bewaffnete deutsche Skinheads festgenommen, die an der Kundgebung teilnehmen wollten.",24.072879791259766,"An dem Samstag hatten die spanische Polizei acht bewaffnete deutsche Skinheads festgenommen, die an der Kundgebung teilnehmen wollten.",26.248308181762695,1
Bis 1929 ist keine Schrift Bachtins unter seinem eigenen Namen erschienen.,69.09973907470703,Bis 1929 sind keine Schrift Bachtins unter seinem eigenen Namen erschienen.,77.30084991455078,1
Dem Bericht zufolge dürfte das Defizit in der laufenden Periode noch über 160 Billionen Lire liegen.,26.997079849243164,Dem Bericht zufolge dürften das Defizit in der laufenden Periode noch über 160 Billionen Lire liegen.,32.25323486328125,1
"In dem obigen Beispiel würde jemand so lange suchen, bis er die optimale Nähnadel zu dem Stopfen der Socken gefunden hat.",47.541500091552734,"In dem obigen Beispiel würden jemand so lange suchen, bis er die optimale Nähnadel zu dem Stopfen der Socken gefunden hat.",49.02681350708008,1
"Allerdings ist auch ""Ferntransport"" von Flussmützenschnecken bekannt geworden, speziell durch das zufällige Festheften an Füßen von Wasservögeln oder auch an dem Körper größerer flugfähiger Wasserkäfer.",29.395082473754883,"Allerdings sind auch ""Ferntransport"" von Flussmützenschnecken bekannt geworden, speziell durch das zufällige Festheften an Füßen von Wasservögeln oder auch an dem Körper größerer flugfähiger Wasserkäfer.",28.85226821899414,0
"Entscheidend könnte die Gefährdung des gewünschten Abschreckungseffekts gewesen sein, wenn bereits das erste Todesurteil ""abgebogen"" wird.",25.19729995727539,"Entscheidend könnten die Gefährdung des gewünschten Abschreckungseffekts gewesen sein, wenn bereits das erste Todesurteil ""abgebogen"" wird.",25.395606994628906,1
"Da Ronay fürchtete, mit Coursons und Morrisons Heroinkonsum in Verbindung gebracht zu werden, habe er sich zunächst selbst einen Eindruck von dem Gesundheitszustand seines ehemaligen Studienfreundes verschaffen wollen.",31.76679229736328,"Da Ronay fürchtete, mit Coursons und Morrisons Heroinkonsum in Verbindung gebracht zu werden, haben er sich zunächst selbst einen Eindruck von dem Gesundheitszustand seines ehemaligen Studienfreundes verschaffen wollen.",38.18896484375,1
"Thomas Karlsson schreibt dort unter anderem: ""Das Zeichen des Abraxas / Der Kreis des Sonnenjahres / Tief in dem Winter wirst du sehen, wie die Sonne geboren wird.""",40.531898498535156,"Thomas Karlsson schreibt dort unter anderem: ""Das Zeichen des Abraxas / Der Kreis des Sonnenjahres / Tief in dem Winter werdet du sehen, wie die Sonne geboren wird.""",47.544891357421875,1
"Zu dem ersten Mal seit sechs Jahren ist die Arbeitslosigkeit wieder auf unter 20 % gesunken, und es sind jetzt schon 600.000 Menschen mehr in Arbeit als noch vor einem Jahr.",15.807774543762207,"Zu dem ersten Mal seit sechs Jahren sind die Arbeitslosigkeit wieder auf unter 20 % gesunken, und es sind jetzt schon 600.000 Menschen mehr in Arbeit als noch vor einem Jahr.",20.33142852783203,1
"Gottlob ist unsere Werkstatt gut ausgelastet, sodass diese Wartezeiten entstehen.",35.151885986328125,"Gottlob sind unsere Werkstatt gut ausgelastet, sodass diese Wartezeiten entstehen.",50.4166145324707,1
"Begünstigt durch die Wasserkraft der Flussläufe Heller, Daade und Steinebach hatte sich ein Zentrum der Eisenerzeugung entwickelt.",27.051105499267578,"Begünstigt durch die Wasserkraft der Flussläufe Heller, Daade und Steinebach hatten sich ein Zentrum der Eisenerzeugung entwickelt.",31.926599502563477,1
"Nach dem Scheitern der Verhandlungen zu der Wiederherstellung der Ratsautorität wollte der Herzog gewaltsam gegen Hamburg vorgehen und Jastram wandte sich an den König von Dänemark, der darauf jedoch Hamburg bedrängte.",23.784748077392578,"Nach dem Scheitern der Verhandlungen zu der Wiederherstellung der Ratsautorität wollten der Herzog gewaltsam gegen Hamburg vorgehen und Jastram wandte sich an den König von Dänemark, der darauf jedoch Hamburg bedrängte.",24.55815315246582,1
Nach Ansicht der Polizei könnte die Tat in dem Zusammenhang mit dem Konzert der in Libanon sehr populären Sängerin stehen.,40.45114517211914,Nach Ansicht der Polizei könnten die Tat in dem Zusammenhang mit dem Konzert der in Libanon sehr populären Sängerin stehen.,41.45881271362305,1
"In dem November 1994 bis April 1995 war die Zahl der deutschen Gäste um 7,4 Prozent zurückgegangen.",18.804519653320312,"In dem November 1994 bis April 1995 waren die Zahl der deutschen Gäste um 7,4 Prozent zurückgegangen.",20.66446304321289,1
Bis 1563 war die Einwohnerzahl von Venedig auf 168.000 Menschen gesunken.,20.431005477905273,Bis 1563 waren die Einwohnerzahl von Venedig auf 168.000 Menschen gesunken.,24.229076385498047,1
Trotz Termin musste ich 60 Minuten warten.,91.15430450439453,Trotz Termin mussten ich 60 Minuten warten.,111.02294158935547,1
Theoretisch könnte ein Paar vier Konten bei Tesco eröffnen und 3 % auf 12.000 Pfund verdienen – 360 Pfund.,37.131004333496094,Theoretisch könnten ein Paar vier Konten bei Tesco eröffnen und 3 % auf 12.000 Pfund verdienen – 360 Pfund.,35.73847579956055,0
Ursprünglich sollte sich der Name 340R auf den Wert PS / t beziehen.,61.74994659423828,Ursprünglich sollten sich der Name 340R auf den Wert PS / t beziehen.,85.36014556884766,1
In den Häusern hatte man eine provisorische Versorgungsbasis eingerichtet und lagerte hier Kostüme und Requisiten.,24.179218292236328,In den Häusern hatten man eine provisorische Versorgungsbasis eingerichtet und lagerte hier Kostüme und Requisiten.,29.628040313720703,1
"Von Amerika brach Leutnant Shufeldt auf, von England sollte eine Expedition unter Leutnant Swaine ausgehen, von Deutschland wollte man eine Vorhut unter Hermann von Wissmann absenden, während die Leitung der Hauptexpedition der deutsche Forscher und Kolonialpolitiker Carl Peters übernehmen sollte.",25.908781051635742,"Von Amerika brach Leutnant Shufeldt auf, von England sollten eine Expedition unter Leutnant Swaine ausgehen, von Deutschland wollte man eine Vorhut unter Hermann von Wissmann absenden, während die Leitung der Hauptexpedition der deutsche Forscher und Kolonialpolitiker Carl Peters übernehmen sollte.",27.767152786254883,1
"Als Jazzsängerin kannst du kein Geld verdienen, und mit einer kleinen Tochter, die ernährt und großgezogen werden muss, war ich gezwungen, kommerziell zu werden.",25.760713577270508,"Als Jazzsängerin könnt du kein Geld verdienen, und mit einer kleinen Tochter, die ernährt und großgezogen werden muss, war ich gezwungen, kommerziell zu werden.",26.96413803100586,1
"Währenddessen ist seine Tochter Annette, die Dr. Martel geheiratet hat, schwanger geworden und steht kurz vor der Niederkunft.",15.55910587310791,"Währenddessen sind seine Tochter Annette, die Dr. Martel geheiratet hat, schwanger geworden und steht kurz vor der Niederkunft.",18.2711238861084,1
Mit einer konsequenten Klimaschutzstrategie könnte die Kirche Vorreiter für ein neues Wohlstandsmodell werden.,15.374197006225586,Mit einer konsequenten Klimaschutzstrategie könnten die Kirche Vorreiter für ein neues Wohlstandsmodell werden.,18.301677703857422,1
Ausgenommen davon war das Recht zu der Auflösung oder Vertagung der Landesversammlung.,23.72738265991211,Ausgenommen davon waren das Recht zu der Auflösung oder Vertagung der Landesversammlung.,26.510337829589844,1
"In dem Mai 2012 hatte sich der Komet bereits auf 13,5 mag aufgehellt, und kann mit großen Amateur - Teleskopen bereits beobachtet werden.",35.29880142211914,"In dem Mai 2012 hatten sich der Komet bereits auf 13,5 mag aufgehellt, und kann mit großen Amateur - Teleskopen bereits beobachtet werden.",37.6308708190918,1
"Nach dem Krieg begannen die umfangreichen Aufbauten, doch sollte die Genossenschaft, wie alle anderen auch, nie wieder zu ihrem alten Glanz zurückkehren und die Zahl der Schwestern bis 1966 auf 556 allein in Deutschland fallen, so dass man mit dem anhaltenden Nachwuchsmangel auch zahlreiche Konvente aufheben musste.",16.520387649536133,"Nach dem Krieg begannen die umfangreichen Aufbauten, doch sollten die Genossenschaft, wie alle anderen auch, nie wieder zu ihrem alten Glanz zurückkehren und die Zahl der Schwestern bis 1966 auf 556 allein in Deutschland fallen, so dass man mit dem anhaltenden Nachwuchsmangel auch zahlreiche Konvente aufheben musste.",17.38738441467285,1
Ähnlich ist es in der Zwischenzeit dem ganzen Land gegangen.,30.643739700317383,Ähnlich sind es in der Zwischenzeit dem ganzen Land gegangen.,39.04903030395508,1
Daher ist die Neurowissenschaft von der Vorstellung eines festen Schwellenpotentials abgekommen.,45.627872467041016,Daher sind die Neurowissenschaft von der Vorstellung eines festen Schwellenpotentials abgekommen.,57.746524810791016,1
"Gott wird mich fragen: -- Nun, was hast du gemacht?",81.4870834350586,"Gott wird mich fragen: -- Nun, was habt du gemacht?",91.77304077148438,1
Bis heute ist der Ort der Kunst verbunden geblieben.,67.85317993164062,Bis heute sind der Ort der Kunst verbunden geblieben.,92.22827911376953,1
Gegen diese Entscheidung hatte die Partei Einspruch eingelegt.,25.04909896850586,Gegen diese Entscheidung hatten die Partei Einspruch eingelegt.,34.00687789916992,1
"Wo soviel Rückblick ist, sollte auch Innovation ihren Platz finden.",228.53738403320312,"Wo soviel Rückblick ist, sollten auch Innovation ihren Platz finden.",376.7243957519531,1
Aufgrund des dreieckigen Zuschnitts der Terrassenzunge konnte sich die Siedlung nur nach Westen ausdehnen und reichte mit einer Fläche von maximal 25 ha etwa an die spätere salische Stadtgrenze mit der Stadtmauer heran.,24.03780746459961,Aufgrund des dreieckigen Zuschnitts der Terrassenzunge konnten sich die Siedlung nur nach Westen ausdehnen und reichte mit einer Fläche von maximal 25 ha etwa an die spätere salische Stadtgrenze mit der Stadtmauer heran.,27.0706787109375,1
Aus dem Laden könnte man soviel machen.,179.93333435058594,Aus dem Laden könnten man soviel machen.,199.23663330078125,1
"Zuvor hatte 1897 ein Zyklon zerstört, was nach dem abgeebbten Goldrausch in den 1870er Jahren übrig geblieben war.",24.892879486083984,"Zuvor hatten 1897 ein Zyklon zerstört, was nach dem abgeebbten Goldrausch in den 1870er Jahren übrig geblieben war.",24.783470153808594,0
"Denn wenn einer Du Bao nachahme, der nicht so heldenhaft wie er sei, würde der als ruchloser Gauner enden.",104.6993179321289,"Denn wenn einer Du Bao nachahme, der nicht so heldenhaft wie er sei, würden der als ruchloser Gauner enden.",124.61739349365234,1
"An dem Mittwoch abend konnte die Polizei, die das Gefängnis umstellt hatte, einen weiteren Ausbruchsversuch verhindern.",18.207059860229492,"An dem Mittwoch abend konnten die Polizei, die das Gefängnis umstellt hatte, einen weiteren Ausbruchsversuch verhindern.",19.422401428222656,1
"In vielen Ländern der Welt, wo jedoch Mangel - und Fehlernährung herrscht, könnte der Kartoffelanbau einen Teil der Ernährungsproblematik lösen helfen.",13.716296195983887,"In vielen Ländern der Welt, wo jedoch Mangel - und Fehlernährung herrscht, könnten der Kartoffelanbau einen Teil der Ernährungsproblematik lösen helfen.",14.324982643127441,1
Titel konnte der Verein bislang nicht erringen.,92.97628021240234,Titel konnten der Verein bislang nicht erringen.,72.7531509399414,0
In dem Jahr zuvor hatte das Fondsvermögen 409 Milliarden ausgemacht.,27.447044372558594,In dem Jahr zuvor hatten das Fondsvermögen 409 Milliarden ausgemacht.,36.24696350097656,1
"Darin sollte das Schloss ein ""verfallenes römisches Landhaus"" vorstellen.",67.5204849243164,"Darin sollten das Schloss ein ""verfallenes römisches Landhaus"" vorstellen.",84.62801361083984,1
In dem besten Fall ist es naiv und in dem schlimmsten Fall würde die Jagdlobby schon wieder davonkommen.,49.34703063964844,In dem besten Fall ist es naiv und in dem schlimmsten Fall würden die Jagdlobby schon wieder davonkommen.,48.103553771972656,0
"Also nachdem hier jetzt schon andere Bewertungen stehen, wollte ich mich auch mal zu dem Service in dem Kosmetikinstitut äußern.",40.390525817871094,"Also nachdem hier jetzt schon andere Bewertungen stehen, wollten ich mich auch mal zu dem Service in dem Kosmetikinstitut äußern.",43.732139587402344,1
"Den Unterzeichnern auf Seiten KHD war es offenkundig um ungewöhnlich hohe vereinbarte Anzahlungen der arabischen Kunden gegangen, die Löcher in der ständig notleidenden Motoren - Branche stopfen helfen sollten.",49.37833786010742,"Den Unterzeichnern auf Seiten KHD waren es offenkundig um ungewöhnlich hohe vereinbarte Anzahlungen der arabischen Kunden gegangen, die Löcher in der ständig notleidenden Motoren - Branche stopfen helfen sollten.",53.61142349243164,1
"Hätte es das Hundezentrum bereits vor sechs Jahren gegeben, hätte es uns viel Zeit, Ärger, Stress und Geld gespart.",23.904861450195312,"Hätte es das Hundezentrum bereits vor sechs Jahren gegeben, hätten es uns viel Zeit, Ärger, Stress und Geld gespart.",26.92035484313965,1
Dennoch konnte die Mannschaft aufgrund ihrer Ausgeglichenheit gerade auf den mittleren und hinteren Positionen einige Erfolge feiern.,18.255586624145508,Dennoch konnten die Mannschaft aufgrund ihrer Ausgeglichenheit gerade auf den mittleren und hinteren Positionen einige Erfolge feiern.,17.591039657592773,0
"Durch Blockadeaktionen unterbrochen war der Verkehr an dem Montag vor allem auf den großen Nord-Süd-Verbindungen zwischen Paris, Marseille und Toulouse.",23.406282424926758,"Durch Blockadeaktionen unterbrochen waren der Verkehr an dem Montag vor allem auf den großen Nord-Süd-Verbindungen zwischen Paris, Marseille und Toulouse.",24.355667114257812,1
Insgesamt ist das Klima eher maritim als kontinental geprägt und es zeigen sich typische klimatische Merkmale besonders dicht besiedelter Räume.,14.666821479797363,Insgesamt sind das Klima eher maritim als kontinental geprägt und es zeigen sich typische klimatische Merkmale besonders dicht besiedelter Räume.,17.077566146850586,1
"Während Evidenz auf idealtypischem Verstehen ohne ausreichendem Tatsachenmaterial basieren kann, ist die Realität eines verständlichen Zusammenhangs nur in dem Maße zu behaupten, als ausreichende objektive Daten gegeben sind.",17.6241397857666,"Während Evidenz auf idealtypischem Verstehen ohne ausreichendem Tatsachenmaterial basieren kann, sind die Realität eines verständlichen Zusammenhangs nur in dem Maße zu behaupten, als ausreichende objektive Daten gegeben sind.",19.387544631958008,1
Nach dem Ende des Ersten Weltkrieges musste die Familie Straßburg verlassen.,16.869230270385742,Nach dem Ende des Ersten Weltkrieges mussten die Familie Straßburg verlassen.,19.15363121032715,1
"Diesen hätte ich auch einfach zu Hause zu mir nehmen können, da ich einen Termin hatte und dennoch warten musste.",38.853843688964844,"Diesen hätten ich auch einfach zu Hause zu mir nehmen können, da ich einen Termin hatte und dennoch warten musste.",41.19593048095703,1
"In dem vergangenen Jahr war der Fehlbetrag von zuvor 29,7 Millionen auf 67,3 Millionen Mark angeschwollen.",21.959745407104492,"In dem vergangenen Jahr waren der Fehlbetrag von zuvor 29,7 Millionen auf 67,3 Millionen Mark angeschwollen.",23.41627311706543,1
"Dort konnte das Team unter Trainer Josef Capla und dem Beinamen ""River Rats"" den Klassenverbleib erst durch einen dritten Platz in der Qualifikationsrunde sichern.",45.3800163269043,"Dort konnten das Team unter Trainer Josef Capla und dem Beinamen ""River Rats"" den Klassenverbleib erst durch einen dritten Platz in der Qualifikationsrunde sichern.",43.638694763183594,0
"Es werden immer wieder Konzepte vorgeschlagen, auf die wäre man selbst gar nicht gekommen.",31.18625259399414,"Es werden immer wieder Konzepte vorgeschlagen, auf die wären man selbst gar nicht gekommen.",30.618200302124023,0
"Für ausländische Touristen ist der Ort in den letzten Jahren attraktiv geworden durch die entspannte Atmosphäre, die Strände und die Surfmöglichkeiten an dem Strand.",14.389110565185547,"Für ausländische Touristen sind der Ort in den letzten Jahren attraktiv geworden durch die entspannte Atmosphäre, die Strände und die Surfmöglichkeiten an dem Strand.",17.145723342895508,1
Ende Februar 2009 hatte der Kunde Nederlandse Spoorwegen die ersten beiden Züge des Konsortiums aus Siemens und Bombardier abgenommen.,27.6596622467041,Ende Februar 2009 hatten der Kunde Nederlandse Spoorwegen die ersten beiden Züge des Konsortiums aus Siemens und Bombardier abgenommen.,33.076969146728516,1
Nachfolgend ein kurzer Bericht meiner überaus negativen Erfahrungen: Auf den Werkstatttermin musste ich eine Woche warten.,32.32675552368164,Nachfolgend ein kurzer Bericht meiner überaus negativen Erfahrungen: Auf den Werkstatttermin mussten ich eine Woche warten.,37.269775390625,1
Nur drei Jahre später hatte der Fußballsport auch in dem noch landwirtschaftlich geprägten Groß - Floridsdorfer Stadtteil Jedlesee in dem Nordosten von Wien Einzug gehalten.,27.036977767944336,Nur drei Jahre später hatten der Fußballsport auch in dem noch landwirtschaftlich geprägten Groß - Floridsdorfer Stadtteil Jedlesee in dem Nordosten von Wien Einzug gehalten.,31.13685417175293,1
An dem späten Donnerstag abend hatte sich die Lage in dem Gefängnis durch das Eingreifen von Bereitschaftspolizisten erneut zugespitzt.,16.60100555419922,An dem späten Donnerstag abend hatten sich die Lage in dem Gefängnis durch das Eingreifen von Bereitschaftspolizisten erneut zugespitzt.,18.05206298828125,1
"Nach über einer Stunde musste ich noch einmal anrufen, da man mich nicht zurück gerufen hatte.",27.13317108154297,"Nach über einer Stunde mussten ich noch einmal anrufen, da man mich nicht zurück gerufen hatte.",33.29026412963867,1
"Gleichzeitig sollte es aber gewährleisten, dass der jeweils höhere Stand in seine Entscheidungen automatisch die der unteren Stände mit einfließen ließ.",20.1823787689209,"Gleichzeitig sollten es aber gewährleisten, dass der jeweils höhere Stand in seine Entscheidungen automatisch die der unteren Stände mit einfließen ließ.",23.05599021911621,1
Bereits in dem Dezember 1991 konnte die Arbeit mit der Montage von CKD - Bausätzen des Volkswagen Jettas als FAW - VW Jetta beginnen.,41.694114685058594,Bereits in dem Dezember 1991 konnten die Arbeit mit der Montage von CKD - Bausätzen des Volkswagen Jettas als FAW - VW Jetta beginnen.,41.78385925292969,1
"Falls die Anwälte weiter so taktieren wie bisher, könnte das länger dauern.",64.51171112060547,"Falls die Anwälte weiter so taktieren wie bisher, könnten das länger dauern.",65.97149658203125,1
Durch dieses Schreiben möchte ich gerne erfahren wie er das gemeint hat.,52.566654205322266,Durch dieses Schreiben möchten ich gerne erfahren wie er das gemeint hat.,88.50372314453125,1
Von dort war Kraftstoff in das Erdreich gesickert.,158.7109832763672,Von dort waren Kraftstoff in das Erdreich gesickert.,175.6616973876953,1
"Die Grafschaft, die sich zwischen Rabnitzbach und Raab erstreckte, dürfte bereits um 844 bestanden haben.",30.69375991821289,"Die Grafschaft, die sich zwischen Rabnitzbach und Raab erstreckte, dürften bereits um 844 bestanden haben.",37.7952995300293,1
"Wer in einer angenehmen Atmosphäre und bei Sonne segeln oder segeln lernen möchte, der ist hier genau richtig.",17.441997528076172,"Wer in einer angenehmen Atmosphäre und bei Sonne segeln oder segeln lernen möchten, der ist hier genau richtig.",18.838844299316406,1
"Er hinterließ einen so hohen Schuldenberg, dass die Duchess das Erbe ihres verstorbenen Mannes ausschlagen musste.",19.981769561767578,"Er hinterließ einen so hohen Schuldenberg, dass die Duchess das Erbe ihres verstorbenen Mannes ausschlagen mussten.",24.151113510131836,1
"Seine Nachfolgerin Xandra Schutte, erste Chefredakteurin einer niederländischen politischen Wochenzeitschrift, nahm 2004 ihren Hut, nachdem eine E - Mail an ihren Verleger Jan Hendrik Schoo durchgesickert war, in der sie zehn Redakteure namentlich schlecht beurteilt hatte.",20.203489303588867,"Seine Nachfolgerin Xandra Schutte, erste Chefredakteurin einer niederländischen politischen Wochenzeitschrift, nahm 2004 ihren Hut, nachdem eine E - Mail an ihren Verleger Jan Hendrik Schoo durchgesickert waren, in der sie zehn Redakteure namentlich schlecht beurteilt hatte.",21.974576950073242,1
"Der japanische Premier Kiichi Miyazawa wiederum, der nach dem regierenden Italiener bei Kohl auftauchte, dürfte den Unwillen seines Gastgebers erregt haben, weil sein Land in entgegengesetzter Richtung aus dem Rahmen der Mittelmäßigkeit fällt.",22.514850616455078,"Der japanische Premier Kiichi Miyazawa wiederum, der nach dem regierenden Italiener bei Kohl auftauchte, dürften den Unwillen seines Gastgebers erregt haben, weil sein Land in entgegengesetzter Richtung aus dem Rahmen der Mittelmäßigkeit fällt.",25.30905532836914,1
"Bedingung des Vermächtnisses war, dass der Staat Michigan das Gelände als Landschaftsschutzgebiet ausweisen musste, kein Stück davon verkauft werde und Camping für die nächsten 25 Jahre verboten wurde.",21.772926330566406,"Bedingung des Vermächtnisses war, dass der Staat Michigan das Gelände als Landschaftsschutzgebiet ausweisen mussten, kein Stück davon verkauft werde und Camping für die nächsten 25 Jahre verboten wurde.",25.237472534179688,1
"Er kommt zu dem Schluss, dass das ""Kunstwerk der Zukunft"" nur durch eine Vereinigung von Tonkunst, Tanzkunst und Drama, in dem Zusammenspiel mit den bildenden Künsten (Bau -, Mal - und Bildhauerkunst) sich zu einer neuen Blüte entfalten könne, und dass die Impulse dazu aus dem Volke kommen müssten.",13.81926155090332,"Er kommt zu dem Schluss, dass das ""Kunstwerk der Zukunft"" nur durch eine Vereinigung von Tonkunst, Tanzkunst und Drama, in dem Zusammenspiel mit den bildenden Künsten (Bau -, Mal - und Bildhauerkunst) sich zu einer neuen Blüte entfalten können, und dass die Impulse dazu aus dem Volke kommen müssten.",14.956814765930176,1
"Bereits 1926 schrieb Meyer an Irène Joliot-Curie und schlug ihr vor, dass Rona mit ihr arbeiten könne, um zu lernen, wie sein Labor seine eigenen Polonium-Proben herstellen könnte.",22.882001876831055,"Bereits 1926 schrieb Meyer an Irène Joliot-Curie und schlug ihr vor, dass Rona mit ihr arbeiten könne, um zu lernen, wie sein Labor seine eigenen Polonium-Proben herstellen könnten.",23.12470817565918,1
"Buch Mose 6,8: ""Du sollst sie als Zeichen um das Handgelenk binden.",31.55551528930664,"Buch Mose 6,8: ""Du sollt sie als Zeichen um das Handgelenk binden.",35.55870056152344,1
"Der Anteil dieser Fallen werde sich in dem Zuge der ``Weiterentwicklung tiergerechter, effektiver Fallen'' weiter vermindern.",67.55864715576172,"Der Anteil dieser Fallen werden sich in dem Zuge der ``Weiterentwicklung tiergerechter, effektiver Fallen'' weiter vermindern.",74.25479125976562,1
"Das alte deutsche Universitätsideal, die von Humboldt beschworene ``Gemeinschaft von Lehrenden und Lernenden'' könne dann in dem Aufbaustudium ``wieder auferstehen''.",25.935152053833008,"Das alte deutsche Universitätsideal, die von Humboldt beschworene ``Gemeinschaft von Lehrenden und Lernenden'' können dann in dem Aufbaustudium ``wieder auferstehen''.",29.533710479736328,1
"Bogd Khan sagte, dass sowohl die Mongolei als auch China während der Qing-Dynastie von den Mandschu verwaltet worden waren, und dass der Vertrag über die mongolische Unterwerfung unter die Mandschu nach dem Fall der Qing-Dynastie 1911 ungültig geworden sei.",8.761866569519043,"Bogd Khan sagte, dass sowohl die Mongolei als auch China während der Qing-Dynastie von den Mandschu verwaltet worden waren, und dass der Vertrag über die mongolische Unterwerfung unter die Mandschu nach dem Fall der Qing-Dynastie 1911 ungültig geworden seien.",9.145278930664062,1
"Die Darstellung eines Graphen sollte auf einen Betrachter auf keinen Fall verwirrend wirken, sondern sollte die besonderen Eigenschaften des zugrundeliegenden Graphen betonen.",13.260178565979004,"Die Darstellung eines Graphen sollten auf einen Betrachter auf keinen Fall verwirrend wirken, sondern sollte die besonderen Eigenschaften des zugrundeliegenden Graphen betonen.",14.661881446838379,1
"Nachdem Prinz Zhao Kronprinz geworden war, feierte die Liang - Familie (die Verwandten seiner leiblichen Mutter) zwar nicht offen, aber insgeheim freuten sie sich.",38.175804138183594,"Nachdem Prinz Zhao Kronprinz geworden waren, feierte die Liang - Familie (die Verwandten seiner leiblichen Mutter) zwar nicht offen, aber insgeheim freuten sie sich.",47.9550666809082,1
"Der britische Geheimdienst versuchte vergeblich, die vorhandenen Kodierungsunterlagen zu der Desinformation der deutschen Truppen in Nordafrika nutzen: da die deutsche Gegenstelle für die Annahme der Kondor - Funksprüche bereits in dem Juli 1942 in britische Hände gefallen war, galten die Funksprüche aus Kairo nicht mehr als zuverlässige Quelle.",18.27806854248047,"Der britische Geheimdienst versuchte vergeblich, die vorhandenen Kodierungsunterlagen zu der Desinformation der deutschen Truppen in Nordafrika nutzen: da die deutsche Gegenstelle für die Annahme der Kondor - Funksprüche bereits in dem Juli 1942 in britische Hände gefallen waren, galten die Funksprüche aus Kairo nicht mehr als zuverlässige Quelle.",18.256193161010742,0
"November 2007 startete der Architektenwettbewerb zu dem Neubau des Humboldt - Forums an dem Standort des früheren Berliner Stadtschlosses, dessen Außenbau laut Wettbewerbsbedingungen Repliken der Nord -, West -, und Südfassade des ehemaligen Stadtschlosses erhalten sollte.",15.100109100341797,"November 2007 startete der Architektenwettbewerb zu dem Neubau des Humboldt - Forums an dem Standort des früheren Berliner Stadtschlosses, dessen Außenbau laut Wettbewerbsbedingungen Repliken der Nord -, West -, und Südfassade des ehemaligen Stadtschlosses erhalten sollten.",15.307819366455078,1
"Neuere Forschungen gehen aber davon aus, dass Markland auf dem Gebiet von Labrador zu lokalisieren sein dürfte, während die Bezeichnung Vinland für Neufundland wegen des damaligen Vorkommens von wilden Trauben zutreffen könnte.",22.614484786987305,"Neuere Forschungen gehen aber davon aus, dass Markland auf dem Gebiet von Labrador zu lokalisieren sein dürfte, während die Bezeichnung Vinland für Neufundland wegen des damaligen Vorkommens von wilden Trauben zutreffen könnten.",23.637887954711914,1
Ein Umbuchen auf die Südseite sollte 20 Euro mehr kosten.,173.31683349609375,Ein Umbuchen auf die Südseite sollten 20 Euro mehr kosten.,247.8350830078125,1
"Waffenschmidt versicherte, daß der russische Regierungschef, Jegor Gaidar, einer Unterzeichnung an dem heutigen Montag bereits vergangene Woche zugestimmt habe.",28.782550811767578,"Waffenschmidt versicherte, daß der russische Regierungschef, Jegor Gaidar, einer Unterzeichnung an dem heutigen Montag bereits vergangene Woche zugestimmt haben.",32.629417419433594,1
"Ploug wurde von der dänischen Obrigkeit angeklagt, weil anders man russische Reaktionen befürchten musste, aber nicht verurteilt.",53.357967376708984,"Ploug wurde von der dänischen Obrigkeit angeklagt, weil anders man russische Reaktionen befürchten mussten, aber nicht verurteilt.",59.3782844543457,1
"Ein so gewonnener Agent war Wladimir Kuzichkin, der Sohn eines Mitgliedes des Politbüros und ein hochrangiger KGB - Mitarbeiter: Er informierte den SIS über die Mobilisierung der ALFA - Einheit des KGB während des Augustputsch in Moskau in dem Jahre 1991, als diese Einheit kurz darauf den sowjetischen Generalsekretär Gorbatschow stürzen wollte.",16.89069938659668,"Ein so gewonnener Agent war Wladimir Kuzichkin, der Sohn eines Mitgliedes des Politbüros und ein hochrangiger KGB - Mitarbeiter: Er informierte den SIS über die Mobilisierung der ALFA - Einheit des KGB während des Augustputsch in Moskau in dem Jahre 1991, als diese Einheit kurz darauf den sowjetischen Generalsekretär Gorbatschow stürzen wollten.",17.03141975402832,1
"1839 befand China sich in dem ersten Opiumkrieg mit Großbritannien, nachdem der Generalgouverneur von Hunan und Hubei, Lin Zexu, den Außenhandel mit Opium verboten hatte.",13.665056228637695,"1839 befand China sich in dem ersten Opiumkrieg mit Großbritannien, nachdem der Generalgouverneur von Hunan und Hubei, Lin Zexu, den Außenhandel mit Opium verboten hatten.",15.38903522491455,1
"„Kabeljau in der Keltischen See könnte aussterben“, wenn die vorgeschlagenen Begrenzungen nicht umgesetzt würden, sagte ein EU-Beamter.",23.762527465820312,"„Kabeljau in der Keltischen See könnten aussterben“, wenn die vorgeschlagenen Begrenzungen nicht umgesetzt würden, sagte ein EU-Beamter.",20.912879943847656,0
Der früherer Polizeichef Necdet Menzir dürfte auf die türkische Ministerpräsidentin Tansu Ciller nicht gut zu sprechen sein:,32.67172622680664,Der früherer Polizeichef Necdet Menzir dürften auf die türkische Ministerpräsidentin Tansu Ciller nicht gut zu sprechen sein:,40.0576171875,1
"Einzig die Ausrichtung auf eine internationalistische Politik, auf die egalitäre Weltpartei der Kommunistischen Internationale, hätte die russische kommunistische Partei vor der Stalinisierung bewahren können.",16.875640869140625,"Einzig die Ausrichtung auf eine internationalistische Politik, auf die egalitäre Weltpartei der Kommunistischen Internationale, hätten die russische kommunistische Partei vor der Stalinisierung bewahren können.",18.139036178588867,1
"Die Gläubigen könnten den Eindruck gewinnen, die Kirche wolle nur ihren Machtanspruch durchsetzen.",12.459226608276367,"Die Gläubigen könnten den Eindruck gewinnen, die Kirche wollen nur ihren Machtanspruch durchsetzen.",15.917388916015625,1
"Wen Gott zu dem besten Maler auf dieser Welt geschaffen hätte, der würde der Menschheit einen schlechten Dienst tun, wenn er etwa ein Gerichtsmann werden wollte.""",57.358150482177734,"Wen Gott zu dem besten Maler auf dieser Welt geschaffen hätten, der würde der Menschheit einen schlechten Dienst tun, wenn er etwa ein Gerichtsmann werden wollte.""",50.353824615478516,0
"Der Typ 90 gehört zu den modernsten und ausgereiftesten Panzern weltweit und hätte gute Chancen auf dem internationalen Exportmarkt, wenn Japans Rüstungsindustrie nicht strengen Ausfuhrbeschränkungen unterliegen würde.",10.84990406036377,"Der Typ 90 gehört zu den modernsten und ausgereiftesten Panzern weltweit und hätte gute Chancen auf dem internationalen Exportmarkt, wenn Japans Rüstungsindustrie nicht strengen Ausfuhrbeschränkungen unterliegen würden.",11.251708984375,1
"Der Mann erzählte ihm, dass ein Krieg zwischen den beiden Reichen ausbrechen würde, wie er und Walter es vorhergesagt hatten; aus diesem Grund wurde (unter anderen) Olivia als Kind ausgebildet.",28.313270568847656,"Der Mann erzählte ihm, dass ein Krieg zwischen den beiden Reichen ausbrechen würden, wie er und Walter es vorhergesagt hatten; aus diesem Grund wurde (unter anderen) Olivia als Kind ausgebildet.",30.618200302124023,1
"Während Sendaks Abwesenheit erkrankte daheim sein geliebter Sealyham Terrier Jennie so schwer, dass nach Sendaks Rückkehr dessen Lebensgefährte Eugene Glynn den Hund nach Bay Shore, L.I. zu dem Einschläfern bringen musste.",45.86397171020508,"Während Sendaks Abwesenheit erkrankte daheim sein geliebter Sealyham Terrier Jennie so schwer, dass nach Sendaks Rückkehr dessen Lebensgefährte Eugene Glynn den Hund nach Bay Shore, L.I. zu dem Einschläfern bringen mussten.",48.962310791015625,1
"Der Innenminister Nasrullah Babaar teilte zunächst mit, eine militante islamische Organisation, die den Sturz des ägyptischen Präsidenten Hosni Mubarak anstrebe, habe die Verantwortung übernommen.",14.684099197387695,"Der Innenminister Nasrullah Babaar teilte zunächst mit, eine militante islamische Organisation, die den Sturz des ägyptischen Präsidenten Hosni Mubarak anstrebe, haben die Verantwortung übernommen.",16.615795135498047,1
Das erlaubte Handgepäck durfte 40 kg pro Person nicht überschreiten.,13.673327445983887,Das erlaubte Handgepäck durften 40 kg pro Person nicht überschreiten.,15.55012035369873,1
"Die FDM trat -- anders das in dem Nachkriegsdeutschland reaktivierte Corps Concordia Rigensis zu Hamburg (ursprünglich aus Riga) und das 1959 gegründete ""Traditionscorps"" Curonia Goettingensis -- bewusst nicht dem Kösener SC bei -- konkret schon deshalb, weil ein Beitritt die Abkehr von dem baltischen Anti - Duellanten - Prinzip zu der Folge gehabt hätte.",63.914215087890625,"Die FDM trat -- anders das in dem Nachkriegsdeutschland reaktivierte Corps Concordia Rigensis zu Hamburg (ursprünglich aus Riga) und das 1959 gegründete ""Traditionscorps"" Curonia Goettingensis -- bewusst nicht dem Kösener SC bei -- konkret schon deshalb, weil ein Beitritt die Abkehr von dem baltischen Anti - Duellanten - Prinzip zu der Folge gehabt hätten.",64.19090270996094,1
"Die Zensur schaltete alle unerwünschten Meinungsäußerungen aus, eine Teilnahme an dem öffentlichen Leben war so gut wie unmöglich geworden.",11.744534492492676,"Die Zensur schaltete alle unerwünschten Meinungsäußerungen aus, eine Teilnahme an dem öffentlichen Leben waren so gut wie unmöglich geworden.",14.723978996276855,1
"``an dem Anfang hatten wir gehofft, der Markt würde sich halten'', meinte ein Händler.",78.75464630126953,"``an dem Anfang hatten wir gehofft, der Markt würden sich halten'', meinte ein Händler.",77.92231750488281,0
"Weil das Skigebiet die Natur des Nationalparks Kellerwald - Edersee nachhaltig geschädigt hätte, wurde das Vorhaben nach mehrjähriger Planungsphase in dem Jahr 2005 offiziell abgelehnt.",20.130918502807617,"Weil das Skigebiet die Natur des Nationalparks Kellerwald - Edersee nachhaltig geschädigt hätten, wurde das Vorhaben nach mehrjähriger Planungsphase in dem Jahr 2005 offiziell abgelehnt.",20.691795349121094,1
"Das Land war so verschuldet, daß niemand neue Kredite einräumen wollte, die Devisenreserven entsprachen nur noch den Importen eines Monats, das Haushaltsdefizit lautete auf neun Prozent des Bruttosozialprodukts.",15.182374954223633,"Das Land war so verschuldet, daß niemand neue Kredite einräumen wollten, die Devisenreserven entsprachen nur noch den Importen eines Monats, das Haushaltsdefizit lautete auf neun Prozent des Bruttosozialprodukts.",16.9649715423584,1
Der Wert dürfte auf dem Niveau des vergangenen Jahres verharren.,34.925899505615234,Der Wert dürften auf dem Niveau des vergangenen Jahres verharren.,47.08833312988281,1
"Dies ist vor allem bemerkenswert, weil die deutsche Luftwaffe zu dieser Zeit gegen die Tagesangriffe der USAF - Bomber mangels guter und erfahrener Piloten kaum noch effektiven Widerstand leisten konnte.",16.66033935546875,"Dies ist vor allem bemerkenswert, weil die deutsche Luftwaffe zu dieser Zeit gegen die Tagesangriffe der USAF - Bomber mangels guter und erfahrener Piloten kaum noch effektiven Widerstand leisten konnten.",17.055110931396484,1
"Nachdem sich abzeichnete, dass das Osmanische Reich durch den Verlust von Mazedonien seine territoriale Verbindung mit Albanien verlieren würde, wurde den Großmächten klar, dass sie ihre Entscheidung revidieren mussten.",11.777383804321289,"Nachdem sich abzeichnete, dass das Osmanische Reich durch den Verlust von Mazedonien seine territoriale Verbindung mit Albanien verlieren würden, wurde den Großmächten klar, dass sie ihre Entscheidung revidieren mussten.",12.648043632507324,1
"Das Schild des Ost -- West -- Konfliktes, unter dem das deutsche Zweiblockland bequemen Schutz vor unangenehmen internationalen Verpflichtungen gefunden hatte, ist zerbrochen.",44.628883361816406,"Das Schild des Ost -- West -- Konfliktes, unter dem das deutsche Zweiblockland bequemen Schutz vor unangenehmen internationalen Verpflichtungen gefunden hatte, sind zerbrochen.",49.661930084228516,1
"Der Gesamtumsatz auf dem hiesigen Markt dürfte 1992 acht Milliarden Mark erreichen, wovon 4,2 Milliarden auf den Sportfachhandel entfallen.",12.482342720031738,"Der Gesamtumsatz auf dem hiesigen Markt dürften 1992 acht Milliarden Mark erreichen, wovon 4,2 Milliarden auf den Sportfachhandel entfallen.",13.390288352966309,1
"Michael Fallon sagte, das Datum des ersten Stahlschnitts würde dazu beitragen, neue Investitionen zu sichern und hunderte qualifizierte Arbeitsplätze bis 2035 zu erhalten.",28.093778610229492,"Michael Fallon sagte, das Datum des ersten Stahlschnitts würden dazu beitragen, neue Investitionen zu sichern und hunderte qualifizierte Arbeitsplätze bis 2035 zu erhalten.",27.44880485534668,0
"Die Demokratie müsse direkter werden, sagte sie.",74.28811645507812,"Die Demokratie müssen direkter werden, sagte sie.",118.88416290283203,1
Die Zahl der unter 18jährigen Straftäter für dieses Delikt habe sich von 1985 bis 1993 auf 61 000 verdoppelt.,19.007102966308594,Die Zahl der unter 18jährigen Straftäter für dieses Delikt haben sich von 1985 bis 1993 auf 61 000 verdoppelt.,18.62150764465332,0
"Inzwischen pendeln viele Leute nach Keflavík oder Reykjavík, so dass die Gesamteinwohnerzahl in den letzten Jahren angestiegen ist von 1.065 Einwohnern in dem Jahre 1988 auf 1.452 Einwohner zu Beginn des Jahres 2011.",9.447214126586914,"Inzwischen pendeln viele Leute nach Keflavík oder Reykjavík, so dass die Gesamteinwohnerzahl in den letzten Jahren angestiegen sind von 1.065 Einwohnern in dem Jahre 1988 auf 1.452 Einwohner zu Beginn des Jahres 2011.",10.680594444274902,1
Die Trägerrakete UR - 500 sollte zusätzlich eine Block - D - Oberstufe von dem OKB - 1 erhalten.,82.30170440673828,Die Trägerrakete UR - 500 sollten zusätzlich eine Block - D - Oberstufe von dem OKB - 1 erhalten.,91.16534423828125,1
"Die klassische Schachforschung geht davon aus, dass das Schachspiel in Indien entstanden sei und sich allmählich aus dem mit Würfeln auf einem 8×8-Brett gespielten Rennspiel Ashtapada, über ein mögliches Protoschach zu dem anfänglich zu viert und später zu zweit gespielten Chaturanga entwickelte.",15.293402671813965,"Die klassische Schachforschung geht davon aus, dass das Schachspiel in Indien entstanden seien und sich allmählich aus dem mit Würfeln auf einem 8×8-Brett gespielten Rennspiel Ashtapada, über ein mögliches Protoschach zu dem anfänglich zu viert und später zu zweit gespielten Chaturanga entwickelte.",16.15015983581543,1
"Nachdem die Stadt 1402 als Teil des Fürstentums Kulmbach (später Markgraftum Brandenburg - Bayreuth) an die Hohenzollern gelangt war, wurden in Erlangen ausschließlich Adelige als Amtmänner vereidigt.",14.069621086120605,"Nachdem die Stadt 1402 als Teil des Fürstentums Kulmbach (später Markgraftum Brandenburg - Bayreuth) an die Hohenzollern gelangt waren, wurden in Erlangen ausschließlich Adelige als Amtmänner vereidigt.",15.954944610595703,1
"Bourgelat war bei seinem Amtsantritt gerade achtundzwanzig Jahre alt und hatte zu diesem Zeitpunkt noch nichts vorzuweisen, was ihn für die Berufung auf einen solch herausgehobenen Posten qualifiziert hätte.",11.659571647644043,"Bourgelat war bei seinem Amtsantritt gerade achtundzwanzig Jahre alt und hatte zu diesem Zeitpunkt noch nichts vorzuweisen, was ihn für die Berufung auf einen solch herausgehobenen Posten qualifiziert hätten.",12.473540306091309,1
"Es müsse gezeigt werden, wie der Zukunftsstaat aussehen und auf welchem Weg man ihn erreichen könne.",21.043546676635742,"Es müsse gezeigt werden, wie der Zukunftsstaat aussehen und auf welchem Weg man ihn erreichen können.",26.757266998291016,1
"Mittels verschiedener Untersuchungen und Tests entschied die Einreisebehörde der Stadt New York, wer einreisen durfte.",34.9498405456543,"Mittels verschiedener Untersuchungen und Tests entschied die Einreisebehörde der Stadt New York, wer einreisen durften.",39.273616790771484,1
"Ein Versuch, der letztlich scheiterte, weil die Lizenzforderungen von Rechteinhaber Fox das Budget überstiegen, und der Produzent trotz vermutlich vorhandender Ausnahmerechte in dem Urheberrechtsgesetz keinen langwierigen Streit vor Gericht provozieren wollte.",25.778087615966797,"Ein Versuch, der letztlich scheiterte, weil die Lizenzforderungen von Rechteinhaber Fox das Budget überstiegen, und der Produzent trotz vermutlich vorhandender Ausnahmerechte in dem Urheberrechtsgesetz keinen langwierigen Streit vor Gericht provozieren wollten.",27.926572799682617,1
"Dort trifft Rosa wieder auf Latimer, der ihr heimlich zu verstehen gibt, dass er nun sie heiraten wolle.",41.634117126464844,"Dort trifft Rosa wieder auf Latimer, der ihr heimlich zu verstehen gibt, dass er nun sie heiraten wollen.",55.23386001586914,1
Ihr aufgrund zahlreicher Männerbekanntschaften schlechtes Image in der Stadt könnte sie den Titel kosten.,56.247833251953125,Ihr aufgrund zahlreicher Männerbekanntschaften schlechtes Image in der Stadt könnten sie den Titel kosten.,51.89567565917969,0
"Die Führungsleistung des Präsidiums könne sich also selten so präsentieren, daß sie als einheitlich und geschlossen wahrgenommen wird.",18.92009162902832,"Die Führungsleistung des Präsidiums können sich also selten so präsentieren, daß sie als einheitlich und geschlossen wahrgenommen wird.",19.018321990966797,1
Die Zahl der Toten nach dem Taifun auf den Philippinen ist nach offiziellen Angaben auf mehr als 600 angestiegen.,9.76220703125,Die Zahl der Toten nach dem Taifun auf den Philippinen sind nach offiziellen Angaben auf mehr als 600 angestiegen.,11.374218940734863,1
"Diese kleine Änderung vervielfachte die mögliche Kampfentfernung und hatte einen großen Einfluss auf die Kriegsführung (z. B. in dem Krimkrieg 1854 und in dem amerikanischen Bürgerkrieg), da man die vorhandenen Musketen nur mit Zügen und Feldern ausstatten musste, was vergleichsweise schnell ging.",17.32642364501953,"Diese kleine Änderung vervielfachte die mögliche Kampfentfernung und hatte einen großen Einfluss auf die Kriegsführung (z. B. in dem Krimkrieg 1854 und in dem amerikanischen Bürgerkrieg), da man die vorhandenen Musketen nur mit Zügen und Feldern ausstatten mussten, was vergleichsweise schnell ging.",18.48349952697754,1
"Der Ehemann der derzeitigen Kandidatin für das Weiße Haus, Hillary Clinton, hatte an dem letzten Tag seiner US-Präsidentschaft, dem 20. Januar 2001, eine Reihe von Personen begnadigt, darunter eben auch Rich.",13.983685493469238,"Der Ehemann der derzeitigen Kandidatin für das Weiße Haus, Hillary Clinton, hatten an dem letzten Tag seiner US-Präsidentschaft, dem 20. Januar 2001, eine Reihe von Personen begnadigt, darunter eben auch Rich.",15.834737777709961,1
"In dem März 2007 trat Wiesheu von dem Amt zurück, nachdem ihm eine große Mehrheit der Mitglieder eine angestrebte Satzungsänderung -- die zu einer Neustrukturierung der DAG geführt hätte -- nicht bewilligen wollte, und gründete die Deutsch - Arabische Freundschaftsgesellschaft.",17.616331100463867,"In dem März 2007 trat Wiesheu von dem Amt zurück, nachdem ihm eine große Mehrheit der Mitglieder eine angestrebte Satzungsänderung -- die zu einer Neustrukturierung der DAG geführt hätte -- nicht bewilligen wollten, und gründete die Deutsch - Arabische Freundschaftsgesellschaft.",16.95224952697754,0
"Der Eintritt in die Politik hätte ``Opfer und Änderungen in unserem Leben verlangt, die wir zu diesem Zeitpunkt nur schwer ertragen hätten'', sagte er bei dem Auftritt mit seiner Frau Alma.",32.17023849487305,"Der Eintritt in die Politik hätten ``Opfer und Änderungen in unserem Leben verlangt, die wir zu diesem Zeitpunkt nur schwer ertragen hätten'', sagte er bei dem Auftritt mit seiner Frau Alma.",30.044816970825195,0
"Sie lassen sich besonders gut in dem Inneren des einstigen Legionslagers nachweisen, wohin sich wohl der Großteil der Zivilbevölkerung zurückgezogen hatte.",14.220913887023926,"Sie lassen sich besonders gut in dem Inneren des einstigen Legionslagers nachweisen, wohin sich wohl der Großteil der Zivilbevölkerung zurückgezogen hatten.",15.6817626953125,1
"Nur ein Mensch, der vollständig das negative Schuldbekenntnis bestand, konnte in die Duat übertreten.",44.03606033325195,"Nur ein Mensch, der vollständig das negative Schuldbekenntnis bestand, konnten in die Duat übertreten.",48.68156433105469,1
"Da jedoch der Baupreis über dem Budget lag und die Brücke zudem die Schifffahrt beeinträchtigt hätte, wurde der Plan verschoben.",19.254228591918945,"Da jedoch der Baupreis über dem Budget lag und die Brücke zudem die Schifffahrt beeinträchtigt hätten, wurde der Plan verschoben.",20.706995010375977,1
"Nach dem Gewinn der Meisterschaft dachte Casagrande, dass die Diktatur ihnen jetzt nichts mehr anhaben könne.",27.21805191040039,"Nach dem Gewinn der Meisterschaft dachte Casagrande, dass die Diktatur ihnen jetzt nichts mehr anhaben können.",33.880619049072266,1
"Das dritte Glied des englisch - hannoveranischen Treffens musste Kehrt machen, um sich der umfassenden Attacke zu erwehren.",32.34614562988281,"Das dritte Glied des englisch - hannoveranischen Treffens mussten Kehrt machen, um sich der umfassenden Attacke zu erwehren.",33.45929718017578,1
"Der frühere General Schönbohm sei bei Verteidigungsminister Chi Haotian, dem Stellvertretenden Generalsstabschef Cao Gangchuan und anderen Militärs ``gut angekommen'', heißt es in Peking.",25.0617733001709,"Der frühere General Schönbohm seien bei Verteidigungsminister Chi Haotian, dem Stellvertretenden Generalsstabschef Cao Gangchuan und anderen Militärs ``gut angekommen'', heißt es in Peking.",24.58797264099121,0
"Der Nagetierspezialist Guy Musser beschrieb dieses Tier erstmals 1982 und benannte es nach Richard Archbold, einem 1976 verstorbenen Förderer zoologischer Expeditionen, dessen Stiftung auch Mussers Philippinen - Reise organisiert hatte.",29.50222396850586,"Der Nagetierspezialist Guy Musser beschrieb dieses Tier erstmals 1982 und benannte es nach Richard Archbold, einem 1976 verstorbenen Förderer zoologischer Expeditionen, dessen Stiftung auch Mussers Philippinen - Reise organisiert hatten.",31.217845916748047,1
Der für Cuxhaven einmalige Blick über den Hafen und die Elbmündung ist geblieben und verwöhnt den Gast auf das Weitere!,36.012672424316406,Der für Cuxhaven einmalige Blick über den Hafen und die Elbmündung sind geblieben und verwöhnt den Gast auf das Weitere!,45.65694808959961,1
"Die letzte Freundin Bon Scotts behauptet bis heute, dass dieser den Song geschrieben habe, nachdem sich ein Nachbar bei ihnen über die laute Musik aus ihrer Wohnung beschwert hatte.",28.376585006713867,"Die letzte Freundin Bon Scotts behauptet bis heute, dass dieser den Song geschrieben habe, nachdem sich ein Nachbar bei ihnen über die laute Musik aus ihrer Wohnung beschwert hatten.",33.22060775756836,1
"``Wenn ich in St. Louis geblieben wäre, hätte ich auch frei.",45.71955871582031,"``Wenn ich in St. Louis geblieben wären, hätte ich auch frei.",45.479488372802734,0
"Es ist nicht klar, wer in ihren zahlreichen gemeinsamen Arbeiten welche stilistischen Beträge zu den Arrangements geleistet hatte, die später als charakteristisch für die Arbeit beider Künstler angesehen wurde.",23.84389877319336,"Es ist nicht klar, wer in ihren zahlreichen gemeinsamen Arbeiten welche stilistischen Beträge zu den Arrangements geleistet hatten, die später als charakteristisch für die Arbeit beider Künstler angesehen wurde.",25.34018325805664,1
"Da kann man sich sicher vorstellen, wie das Personal mit der Brille umgegangen ist.",40.098304748535156,"Da kann man sich sicher vorstellen, wie das Personal mit der Brille umgegangen sind.",49.7944450378418,1
Ein umfassender Ausbau der Verkehrswege in der Bundesrepublik bis zu dem Jahre 2005 würde weit mehr als eine Billion Mark verschlingen.,19.65689468383789,Ein umfassender Ausbau der Verkehrswege in der Bundesrepublik bis zu dem Jahre 2005 würden weit mehr als eine Billion Mark verschlingen.,21.30994415283203,1
"Verteidigungsminister William Perry sagte, nach Abwägung der Folgen für ``unsere geschätzten Beziehungen zu Japan und Okinawa'' sei der Fehler des Admirals so schwerwiegend, daß er seine Pflichten nicht mehr wirksam ausüben könne.",21.9229793548584,"Verteidigungsminister William Perry sagte, nach Abwägung der Folgen für ``unsere geschätzten Beziehungen zu Japan und Okinawa'' sei der Fehler des Admirals so schwerwiegend, daß er seine Pflichten nicht mehr wirksam ausüben können.",24.902814865112305,1
Die Scheidung solle außergerichtlich erfolgen.,25.456987380981445,Die Scheidung sollen außergerichtlich erfolgen.,41.86632537841797,1
"Der World Wide Fund For Nature (WWF) erklärte an dem Mittwoch in Genf, den Elefanten in Asien drohe innerhalb von 50 Jahren das Aussterben, wenn nicht etwas für ihren Schutz getan würde.",11.696849822998047,"Der World Wide Fund For Nature (WWF) erklärte an dem Mittwoch in Genf, den Elefanten in Asien drohe innerhalb von 50 Jahren das Aussterben, wenn nicht etwas für ihren Schutz getan würden.",12.003288269042969,1
"Westerwelle begründete diese Forderung an dem Montag in Bonn damit, daß es nach dem Urnengang an dem 22. Oktober zu einem ``Machtvakuum'' gekommen sei.",27.45391082763672,"Westerwelle begründete diese Forderung an dem Montag in Bonn damit, daß es nach dem Urnengang an dem 22. Oktober zu einem ``Machtvakuum'' gekommen seien.",29.137035369873047,1
"Davon abgesehen, hat nicht jeder in der Partei die Botschaften verstanden, die der Präsident ihnen gestern übermitteln wollte.",26.865392684936523,"Davon abgesehen, hat nicht jeder in der Partei die Botschaften verstanden, die der Präsident ihnen gestern übermitteln wollten.",29.02027702331543,1
"Ein Wettkampf abgebrochen, wenn eine Mannschaft sechs Punkte erreicht hatte.",18.770973205566406,"Ein Wettkampf abgebrochen, wenn eine Mannschaft sechs Punkte erreicht hatten.",22.52745819091797,1
"Wer in gepflegter Atmosphäre ein ""echtes"" Steak essen möchte ist hier genau richtig!",31.00379753112793,"Wer in gepflegter Atmosphäre ein ""echtes"" Steak essen möchten ist hier genau richtig!",38.894344329833984,1
"Schumacher war dabei an Kovalainen gescheitert, nachdem ihm der Motor des Fiat Grande Punto bei dem Start abgestorben war.",49.95317459106445,"Schumacher war dabei an Kovalainen gescheitert, nachdem ihm der Motor des Fiat Grande Punto bei dem Start abgestorben waren.",61.939327239990234,1
"In ihrem ersten Bericht über den Staat schreibt die in Paris ansässige Organisation, das 1990 beschlossene ``bahnbrechende Programm zu der Umwandlung der Wirtschaft'' habe ``drastische Verbesserungen'' gebracht.",24.665205001831055,"In ihrem ersten Bericht über den Staat schreibt die in Paris ansässige Organisation, das 1990 beschlossene ``bahnbrechende Programm zu der Umwandlung der Wirtschaft'' haben ``drastische Verbesserungen'' gebracht.",25.936826705932617,1
"Da deren Entfaltung allerdings Zeit beanspruchen würde, sollte eine Kavallerie - Attacke der englischen Reiterei unter Lord George Sackville (1716-1785) die beiden französischen Brigaden zurückwerfen.",24.612009048461914,"Da deren Entfaltung allerdings Zeit beanspruchen würden, sollte eine Kavallerie - Attacke der englischen Reiterei unter Lord George Sackville (1716-1785) die beiden französischen Brigaden zurückwerfen.",23.752424240112305,0
"In dem Jahr 2008 erwog Tennis Borussia Berlin kurzzeitig eine Rückkehr in das Poststadion zu der Saison 2009 / 2010 sowie eine umfassende Sanierung des Stadions, das danach 16.000 Zuschauer fassen sollte.",13.785633087158203,"In dem Jahr 2008 erwog Tennis Borussia Berlin kurzzeitig eine Rückkehr in das Poststadion zu der Saison 2009 / 2010 sowie eine umfassende Sanierung des Stadions, das danach 16.000 Zuschauer fassen sollten.",15.179080963134766,1
"Als das Gespräch gescheitert war, forderte Landgraf Philipp, dass doch wenigstens eine Bestandsaufnahme über die Konsenspunkte aufgestellt werden solle.",21.86508560180664,"Als das Gespräch gescheitert waren, forderte Landgraf Philipp, dass doch wenigstens eine Bestandsaufnahme über die Konsenspunkte aufgestellt werden solle.",25.455795288085938,1
"Mason lehnte Nashs Angebot anfangs ab, aber als Nash in fragte, was ihn zu einem Wechsel zu Nash Motors bewegen könnte, forderte er, dass Kelvinator in diesem Geschäft eingeschlossen sein müsste.",51.17983627319336,"Mason lehnte Nashs Angebot anfangs ab, aber als Nash in fragte, was ihn zu einem Wechsel zu Nash Motors bewegen könnten, forderte er, dass Kelvinator in diesem Geschäft eingeschlossen sein müsste.",51.12350845336914,0
"Der heute sichtbare Gebäudetrakt, der zu der Mühlenstraße weist, ist ab etwa 1710 entstanden.",18.01434898376465,"Der heute sichtbare Gebäudetrakt, der zu der Mühlenstraße weist, sind ab etwa 1710 entstanden.",22.092374801635742,1
Die Einwohnerzahl des Kanton ist zwischen den beiden letzten Volkszählungen um etwa ein Viertel angestiegen.,8.682487487792969,Die Einwohnerzahl des Kanton sind zwischen den beiden letzten Volkszählungen um etwa ein Viertel angestiegen.,10.325078010559082,1
"Mancherlei Abfälliges ist über den Fünfakter geschrieben worden, dessen Zeit vielleicht erst jetzt gekommen ist.",106.0986328125,"Mancherlei Abfälliges ist über den Fünfakter geschrieben worden, dessen Zeit vielleicht erst jetzt gekommen sind.",135.49917602539062,1
"Außerdem machen sie geltend, dass die Familie Habsburg - Lothringen an dem Krieg nicht schuld sei, weil es sich um keine Entscheidung der Familie gehandelt habe.",17.87065315246582,"Außerdem machen sie geltend, dass die Familie Habsburg - Lothringen an dem Krieg nicht schuld sei, weil es sich um keine Entscheidung der Familie gehandelt haben.",21.49793243408203,1
"In dieser Situation fordert er von dem spanischen König das Recht, nur er allein dürfe in dem indischen Meer Entdeckungen machen.",48.93048858642578,"In dieser Situation fordert er von dem spanischen König das Recht, nur er allein dürfen in dem indischen Meer Entdeckungen machen.",47.833560943603516,0
"Er bemerkte auch, dass „die Existenz eines solchen Dokuments Konsequenzen haben könnte, die wahrscheinlich, aber nicht akzeptabel“ seien.",21.912220001220703,"Er bemerkte auch, dass „die Existenz eines solchen Dokuments Konsequenzen haben könnten, die wahrscheinlich, aber nicht akzeptabel“ seien.",22.494091033935547,1
"Wie bekanntgegeben wurde, hat die ECB die Entscheidungshoheit, und es wäre unangemessen, wenn die Bank für sich selbst sprechen würde, indem sie die Berücksichtigung anderer Alternativen ausschlösse.",21.494205474853516,"Wie bekanntgegeben wurde, hat die ECB die Entscheidungshoheit, und es wäre unangemessen, wenn die Bank für sich selbst sprechen würden, indem sie die Berücksichtigung anderer Alternativen ausschlösse.",21.449928283691406,0
"Ich bin der Meinung, dass niemand in diesem Geschäft kaufen sollte!",30.550743103027344,"Ich bin der Meinung, dass niemand in diesem Geschäft kaufen sollten!",42.22314453125,1
Die Sauberkeit des Zimmers ist positiv zu vermerken.,32.78984832763672,Die Sauberkeit des Zimmers sind positiv zu vermerken.,43.76002883911133,1
Die jahrelange Undichtigkeit des Daches in dem Allgemeinen hatte zu großen Problemen in den tragenden Teilen der Balkenkontruktionen sowohl des Dachstuhls als auch der Zwischendecken geführt.,27.600921630859375,Die jahrelange Undichtigkeit des Daches in dem Allgemeinen hatten zu großen Problemen in den tragenden Teilen der Balkenkontruktionen sowohl des Dachstuhls als auch der Zwischendecken geführt.,29.26011085510254,1
"Dieser Stab wurde von dem Hirten des Dorfes, wenn eine Versammlung sein sollte, von Haus zu Haus getragen.",32.7474479675293,"Dieser Stab wurde von dem Hirten des Dorfes, wenn eine Versammlung sein sollten, von Haus zu Haus getragen.",37.84745407104492,1
"Nachdem dann in dem ersten Jahr dort die Rückkehr in die zweite Liga durch die Vizemeisterschaft hinter Grimsby Town noch misslungen war, konnte 1957 die Drittligameisterschaft und die Rückkehr in die zweite Liga gefeiert werden.",15.954825401306152,"Nachdem dann in dem ersten Jahr dort die Rückkehr in die zweite Liga durch die Vizemeisterschaft hinter Grimsby Town noch misslungen waren, konnte 1957 die Drittligameisterschaft und die Rückkehr in die zweite Liga gefeiert werden.",17.401447296142578,1
Die Debatte über die Teilnahme Deutschlands an militärischen Aktionen außerhalb des eigenen Bündnisgebietes ist in eine Sackgasse geraten.,9.329304695129395,Die Debatte über die Teilnahme Deutschlands an militärischen Aktionen außerhalb des eigenen Bündnisgebietes sind in eine Sackgasse geraten.,10.72437858581543,1
"Thomas Karlsson schreibt dort unter anderem: ""Das Zeichen des Abraxas / Der Kreis des Sonnenjahres / Tief in dem Winter wirst du sehen, wie die Sonne geboren wird.""",40.531898498535156,"Thomas Karlsson schreibt dort unter anderem: ""Das Zeichen des Abraxas / Der Kreis des Sonnenjahres / Tief in dem Winter wird du sehen, wie die Sonne geboren wird.""",43.55693817138672,1
"Gott wird mich fragen: -- Nun, was hast du gemacht?",81.4870834350586,"Gott wird mich fragen: -- Nun, was hat du gemacht?",105.09732055664062,1
"Als Jazzsängerin kannst du kein Geld verdienen, und mit einer kleinen Tochter, die ernährt und großgezogen werden muss, war ich gezwungen, kommerziell zu werden.",25.760713577270508,"Als Jazzsängerin kann du kein Geld verdienen, und mit einer kleinen Tochter, die ernährt und großgezogen werden muss, war ich gezwungen, kommerziell zu werden.",27.34252166748047,1
"Buch Mose 6,8: ""Du sollst sie als Zeichen um das Handgelenk binden.",31.55551528930664,"Buch Mose 6,8: ""Du soll sie als Zeichen um das Handgelenk binden.",45.75244903564453,1
"Bei seiner Haftentlassung in dem November 1933 führte er ein persönliches Entlassungsgespräch mit Himmler, von dem er zynisch mit auf den Weg bekam: ""Sie haben auf das falsche Pferd gesetzt.""",17.511260986328125,"Bei seiner Haftentlassung in dem November 1933 führte er ein persönliches Entlassungsgespräch mit Himmler, von dem er zynisch mit auf den Weg bekam: ""Sie habe auf das falsche Pferd gesetzt.""",19.572166442871094,1
"Frau Leichsenring, sehen Sie sich als Quotenfrau?",253.107421875,"Frau Leichsenring, sieht Sie sich als Quotenfrau?",158.65423583984375,0
"Was machst du, mein Sohn?",53.79806900024414,"Was macht du, mein Sohn?",113.78668212890625,1
"Wo wart ihr, als unser Haus von den Raubtieren umstellt war?",65.31019592285156,"Wo waren ihr, als unser Haus von den Raubtieren umstellt war?",55.973670959472656,0
"Der Anfang ist eine Umdichtung von Psalm 42:5, den Luther übersetzt hatte: ""Was betrübst du dich, meine Seele, und bist so unruhig in mir?",19.131271362304688,"Der Anfang ist eine Umdichtung von Psalm 42:5, den Luther übersetzt hatte: ""Was betrübt du dich, meine Seele, und bist so unruhig in mir?",22.213594436645508,1
"Wohin gehst du, Marcus?",59.1014289855957,"Wohin geht du, Marcus?",145.5989532470703,1
"Das für Jesus reserviert gebliebene Wort ""Menschensohn"" drückt eine neue, das ganze Neue Testament prägende Vision des Einsseins von Gott und Mensch aus: ""in dem Rätselwort von dem Menschensohn begegnet uns ganz dicht das Ureigene der Gestalt Jesu, seiner Sendung und seines Seins.",28.139530181884766,"Das für Jesus reserviert gebliebene Wort ""Menschensohn"" drückt eine neue, das ganze Neue Testament prägende Vision des Einsseins von Gott und Mensch aus: ""in dem Rätselwort von dem Menschensohn begegnest uns ganz dicht das Ureigene der Gestalt Jesu, seiner Sendung und seines Seins.",31.972990036010742,1
"An dem 12. Dezember 1969 explodierte in der Mailänder Landwirtschaftsbank, unweit des Doms und mitten in jenem Quartier, in dem Baj zu Hause war, eine Bombe, die sechzehn Menschen in den Tod riß und über hundert schwer verletzte.",18.564786911010742,"An dem 12. Dezember 1969 explodiertest in der Mailänder Landwirtschaftsbank, unweit des Doms und mitten in jenem Quartier, in dem Baj zu Hause war, eine Bombe, die sechzehn Menschen in den Tod riß und über hundert schwer verletzte.",23.100658416748047,1
"An dem besten gefällt mir die sehr nette, auch persönliche Betreuung.",103.0985107421875,"An dem besten gefällst mir die sehr nette, auch persönliche Betreuung.",90.08540344238281,0
"Mit dem Wachstum von Brisbane verschlechterte sich der Zustand des Flusses, bis er in seiner schlimmsten Zeit nicht mehr als ein öffentlicher Abwasserkanal und eine Müllhalde war.",13.945856094360352,"Mit dem Wachstum von Brisbane verschlechtertest sich der Zustand des Flusses, bis er in seiner schlimmsten Zeit nicht mehr als ein öffentlicher Abwasserkanal und eine Müllhalde war.",17.030832290649414,1
"Positiv überraschten mich zunächst die sehr flexiblen Praxiszeiten, was ich so bislang nicht gewohnt war.",26.655263900756836,"Positiv überraschtet mich zunächst die sehr flexiblen Praxiszeiten, was ich so bislang nicht gewohnt war.",30.392620086669922,1
"Damit erhöht sich die spezifische Masse für die Aminosäure Cystein von 103,01 auf 160,03 Da.",15.940658569335938,"Damit erhöhst sich die spezifische Masse für die Aminosäure Cystein von 103,01 auf 160,03 Da.",21.591995239257812,1
"In ihrer unnachahmlich dümmlichen Art sprachen mich bald Offiziere an, fragten, ob ich denn den Schriftsteller Günter de Bruyn kenne, ob wir geistige Verwandte seien.",28.21182632446289,"In ihrer unnachahmlich dümmlichen Art spracht mich bald Offiziere an, fragten, ob ich denn den Schriftsteller Günter de Bruyn kenne, ob wir geistige Verwandte seien.",34.46733093261719,1
"Auf Anzeige eines Zeugen, der ihn der ""Plünderung"" bezichtigte, nahm ihn an dem Folgetag auf der Kaiserstraße in Freiburg eine Bürgerwache fest.",31.752229690551758,"Auf Anzeige eines Zeugen, der ihn der ""Plünderung"" bezichtigte, nahmst ihn an dem Folgetag auf der Kaiserstraße in Freiburg eine Bürgerwache fest.",43.46390914916992,1
"Bis 1102 befanden sich die Kornaten in dem Besitz des Oströmischen Reiches, während der Völkerwanderung siedelten sich an der Küste und auf den Inseln die slawischen Kroaten an und verdrängten die bisherige Bevölkerung.",14.168639183044434,"Bis 1102 befanden sich die Kornaten in dem Besitz des Oströmischen Reiches, während der Völkerwanderung siedeltet sich an der Küste und auf den Inseln die slawischen Kroaten an und verdrängten die bisherige Bevölkerung.",17.769527435302734,1
Auf der Weltausstellung in Paris 1925 bekamen seine und Edward Halds Arbeiten ihren internationalen Durchbruch und die Hütte Orrefors ihren Weltruhm.,36.13861083984375,Auf der Weltausstellung in Paris 1925 bekamt seine und Edward Halds Arbeiten ihren internationalen Durchbruch und die Hütte Orrefors ihren Weltruhm.,51.25190734863281,1
"In die Schlagzeilen geriet vor allem das zu Ihrem Einzugsbereich zählende Revier Bernau, wo Beamte Vietnamesen mißhandelten.",35.055389404296875,"In die Schlagzeilen gerietest vor allem das zu Ihrem Einzugsbereich zählende Revier Bernau, wo Beamte Vietnamesen mißhandelten.",52.282588958740234,1
"Zurück in dem Nimstal verabschiedet sich dann bei Bickendorf die begleitende Autobahn A60 mit der imposanten, 780 m langen Nimstalbrücke.",47.47861099243164,"Zurück in dem Nimstal verabschiedest sich dann bei Bickendorf die begleitende Autobahn A60 mit der imposanten, 780 m langen Nimstalbrücke.",55.98722839355469,1
So überrascht sie z.B. ein Hurrikan.,83.57098388671875,So überraschst sie z.B. ein Hurrikan.,133.46807861328125,1
"In dem gesamten Gebiet der ehemaligen Stadt und Republik Bern finden sich unzählige von ihm bemalte Kachelöfen, die allermeisten sind in Blau auf weissem Grund, wenige in Sepia und polychrom gefasst.",23.970470428466797,"In dem gesamten Gebiet der ehemaligen Stadt und Republik Bern findet sich unzählige von ihm bemalte Kachelöfen, die allermeisten sind in Blau auf weissem Grund, wenige in Sepia und polychrom gefasst.",24.767398834228516,1
Mit seinem Erfolg verändert sich auch seine Persönlichkeit -- er wird zu einem arroganten Machtmenschen und verspielt so seine Sympathien in der Öffentlichkeit und bei der ehrgeizigen Journalistin Amy Archer.,17.111392974853516,Mit seinem Erfolg veränderst sich auch seine Persönlichkeit -- er wird zu einem arroganten Machtmenschen und verspielt so seine Sympathien in der Öffentlichkeit und bei der ehrgeizigen Journalistin Amy Archer.,22.439546585083008,1
"So ergab sich dann zusammen mit Britannia prima und dem nördlichen Britannia secunda die bekannte Einteilung Britanniens in vier Provinzen, die allerdings später durch Herauslösung der Provinz Valentia aus der Provinz Britannia secunda auf fünf erhöht wurde.",22.28042984008789,"So ergabst sich dann zusammen mit Britannia prima und dem nördlichen Britannia secunda die bekannte Einteilung Britanniens in vier Provinzen, die allerdings später durch Herauslösung der Provinz Valentia aus der Provinz Britannia secunda auf fünf erhöht wurde.",25.042423248291016,1
In dem Röntgen zeigt sich nur bei fulminanten Verläufen ein vergrößertes Herz.,36.99699783325195,In dem Röntgen zeigst sich nur bei fulminanten Verläufen ein vergrößertes Herz.,38.79976272583008,1
"Darin befindet sich eine winzige Lagune, die beinahe ausgetrocknet ist.",22.179664611816406,"Darin befindest sich eine winzige Lagune, die beinahe ausgetrocknet ist.",39.460609436035156,1
"Dabei signalisierte mir das Fahrzeug, dass sich kein Wasser mehr in dem Kühlkreislauf befinden würde.",34.66626739501953,"Dabei signalisiertest mir das Fahrzeug, dass sich kein Wasser mehr in dem Kühlkreislauf befinden würde.",57.73113250732422,1
"Dabei ändert sich auch die Richtung, in welcher die Sonne von der Erde aus gesehen erscheint.",10.552729606628418,"Dabei änderst sich auch die Richtung, in welcher die Sonne von der Erde aus gesehen erscheint.",16.593416213989258,1
"Während des Kriegs hielt sich das mit den Erdődy verwandte bayerische Königshaus auf dem Schloss Somlóvár auf, da diese vor den Nazis geflüchtet waren.",26.913768768310547,"Während des Kriegs hieltest sich das mit den Erdődy verwandte bayerische Königshaus auf dem Schloss Somlóvár auf, da diese vor den Nazis geflüchtet waren.",34.51152038574219,1
Wegen fehlender Kompromissbereitschaft des Ersten Bürgermeisters Carl Petersen konzentrierten sich 1927 die angrenzenden preußischen Gemeinden durch Eingemeindungen.,17.095195770263672,Wegen fehlender Kompromissbereitschaft des Ersten Bürgermeisters Carl Petersen konzentriertet sich 1927 die angrenzenden preußischen Gemeinden durch Eingemeindungen.,22.80232048034668,1
Von dem Gelände des ehemaligen Steinbruchs öffnet sich ein weiter Blick nach Norden auf die Saale und in die Rhön mit ihren Basaltkuppen.,21.992067337036133,Von dem Gelände des ehemaligen Steinbruchs öffnest sich ein weiter Blick nach Norden auf die Saale und in die Rhön mit ihren Basaltkuppen.,27.186649322509766,1
"Nachdem 2002 noch viele Kinder der Goldenen Generation in den Kader zu der Weltmeisterschaft berufen wurde, änderte sich das Bild der portugiesischen Nationalmannschaft mit dem Amtsantritt von Luiz Felipe Scolari zusehends.",13.743341445922852,"Nachdem 2002 noch viele Kinder der Goldenen Generation in den Kader zu der Weltmeisterschaft berufen wurde, ändertest sich das Bild der portugiesischen Nationalmannschaft mit dem Amtsantritt von Luiz Felipe Scolari zusehends.",16.298376083374023,1
"Nach der Ausstrahlung dieses Filmes zunächst nur in dem ""Dritten"" des WDR Fernsehens und erst viel später in dem Ersten Programm (mit Ausnahme Bayerns) und nach vielen regionalen Vorführungen dieses Filmes mit anschließenden Diskussionen gründeten sich die ersten politischen Schwulengruppen der Nachkriegszeit.",24.823406219482422,"Nach der Ausstrahlung dieses Filmes zunächst nur in dem ""Dritten"" des WDR Fernsehens und erst viel später in dem Ersten Programm (mit Ausnahme Bayerns) und nach vielen regionalen Vorführungen dieses Filmes mit anschließenden Diskussionen gründetet sich die ersten politischen Schwulengruppen der Nachkriegszeit.",28.54831886291504,1
"Er war ein Kämpfer, ein Staatsmann, ein Freund'', rühmte ihn auch Präsident Ezer Weizman, der häufig und nicht nur in den letzten Wochen an Rabins Politik zweifelte.",24.927295684814453,"Er war ein Kämpfer, ein Staatsmann, ein Freund'', rühmtest ihn auch Präsident Ezer Weizman, der häufig und nicht nur in den letzten Wochen an Rabins Politik zweifelte.",30.763778686523438,1
Mit einem älteren 500 MHz Rechner lassen sich damit immerhin etwa 80 Millionen komplette 80 Bit - Gleitkomma Rechenoperationen / s durchführen.,36.291160583496094,Mit einem älteren 500 MHz Rechner lasst sich damit immerhin etwa 80 Millionen komplette 80 Bit - Gleitkomma Rechenoperationen / s durchführen.,39.190948486328125,1
"In dem unregelmäßigen Zeichenstil der ab 1986 entstandenen letzten Gaston - Seiten spiegelt sich der wechselnde Gemütszustand Franquins wider: in einigen Gags ruhige, geradezu vorsichtig gezeichnete Linien, die die Dynamik früherer Zeiten vermissen lassen, in anderen Gags ein augenscheinlich von Depressionen und Krankheitsanfällen herrührender zittriger, ""klecksiger"" Stil.",23.19312858581543,"In dem unregelmäßigen Zeichenstil der ab 1986 entstandenen letzten Gaston - Seiten spiegelst sich der wechselnde Gemütszustand Franquins wider: in einigen Gags ruhige, geradezu vorsichtig gezeichnete Linien, die die Dynamik früherer Zeiten vermissen lassen, in anderen Gags ein augenscheinlich von Depressionen und Krankheitsanfällen herrührender zittriger, ""klecksiger"" Stil.",26.02581024169922,1
Nach der Entdeckung Amerikas durch Christopher Columbus in dem Jahr 1492 bezog sich die spanische Bezeichnung Antillas auf das Land; darauf basierend enwickelte sich „Antillenmeer“ zu einer weit verbreiteten Alternativbezeichnung für „Karibisches Meer“ in verschiedenen europäischen Sprachen.,12.841062545776367,Nach der Entdeckung Amerikas durch Christopher Columbus in dem Jahr 1492 bezogst sich die spanische Bezeichnung Antillas auf das Land; darauf basierend enwickelte sich „Antillenmeer“ zu einer weit verbreiteten Alternativbezeichnung für „Karibisches Meer“ in verschiedenen europäischen Sprachen.,14.077398300170898,1
Von der Ruine bietet sich eine gute Aussicht über das Donaudurchbruchstal auf Schloss Bronnen.,34.226417541503906,Von der Ruine bietest sich eine gute Aussicht über das Donaudurchbruchstal auf Schloss Bronnen.,36.826534271240234,1
An der Kreuzung Bundesallee / Rheinstraße verbinden sich die zwei Straßen zu der Schloßstraße.,22.569093704223633,An der Kreuzung Bundesallee / Rheinstraße verbindet sich die zwei Straßen zu der Schloßstraße.,25.06004524230957,1
"Auf der auf dem Schild stehenden neunperligen Krone erhebt sich ein gekrönter Helm, welcher zwei Büffelshörner, deren Tinktur nicht deutlich ist, trägt.",26.300451278686523,"Auf der auf dem Schild stehenden neunperligen Krone erhebst sich ein gekrönter Helm, welcher zwei Büffelshörner, deren Tinktur nicht deutlich ist, trägt.",30.763477325439453,1
"Bei der letzten Volkszählung von 2002 bekannten sich von den damals 129.946 Einwohnern, 89,9 % zu der polnischen Nationalität, 3.279 Personen (2,5 %) bezeichneten sich als Deutsche, 921 (0,7 %) als ""Schlesier"".",10.088054656982422,"Bei der letzten Volkszählung von 2002 bekanntet sich von den damals 129.946 Einwohnern, 89,9 % zu der polnischen Nationalität, 3.279 Personen (2,5 %) bezeichneten sich als Deutsche, 921 (0,7 %) als ""Schlesier"".",15.26632022857666,1
"Ist dieser aktiv, lagert sich an diesen die RNA - Polymerase an und synthetisiert nicht - kodierende RNA.",116.49288177490234,"Ist dieser aktiv, lagerst sich an diesen die RNA - Polymerase an und synthetisiert nicht - kodierende RNA.",102.12244415283203,0
"In der Roelckestraße nahe der Ostseestraße, in den Gewerbebauten südlich des Weißenseer Gründerviertels existierte zu DDR - Zeiten die einzige privat betriebene Diskothek.",25.571670532226562,"In der Roelckestraße nahe der Ostseestraße, in den Gewerbebauten südlich des Weißenseer Gründerviertels existiertest zu DDR - Zeiten die einzige privat betriebene Diskothek.",31.50242042541504,1
"Hier treffen sich die Chatter dann auch in dem wirklichen Leben, um sich auszutauschen oder organisatorische Dinge zu besprechen.",30.39680290222168,"Hier trefft sich die Chatter dann auch in dem wirklichen Leben, um sich auszutauschen oder organisatorische Dinge zu besprechen.",32.55085372924805,1
"Durch Konzerte bei dem Jazz Festival Montreux (1975 und 1978), in Castellet (1976), in Antibes und bei den Donaueschinger Musiktagen (1978), Auftritte mit der eigenen Rock - Gruppe Surya und mit Jazzmusikern wie Grappelli einem breiteren Publikum bekannt geworden, gelang ihm Ende der 1970er Jahre der internationale Durchbruch.",13.797447204589844,"Durch Konzerte bei dem Jazz Festival Montreux (1975 und 1978), in Castellet (1976), in Antibes und bei den Donaueschinger Musiktagen (1978), Auftritte mit der eigenen Rock - Gruppe Surya und mit Jazzmusikern wie Grappelli einem breiteren Publikum bekannt geworden, gelangst ihm Ende der 1970er Jahre der internationale Durchbruch.",15.020120620727539,1
Nach zwei Vizemeisterschaften 2004 und 2005 gelang seinem Team 2005 mit dem Gewinn des Kaiserpokals (japanischer Pokal) ein lange erhoffter Titelgewinn.,11.104032516479492,Nach zwei Vizemeisterschaften 2004 und 2005 gelangst seinem Team 2005 mit dem Gewinn des Kaiserpokals (japanischer Pokal) ein lange erhoffter Titelgewinn.,13.218565940856934,1
Seit 1987 häufen sich jedoch die Fälle.,41.70292282104492,Seit 1987 häuft sich jedoch die Fälle.,66.32656860351562,1
"Zahlreiche Helfer aus den umliegenden Dörfern, sogar aus Rödelheim, Hanau und Isenburg, eilten zu der Verstärkung herbei, doch breitete sich das Feuer trotz der vereinten Anstrengungen weiter nach Osten aus.",14.600970268249512,"Zahlreiche Helfer aus den umliegenden Dörfern, sogar aus Rödelheim, Hanau und Isenburg, eilten zu der Verstärkung herbei, doch breitetest sich das Feuer trotz der vereinten Anstrengungen weiter nach Osten aus.",21.226518630981445,1
"In dem Hinterkopf verbirgt sich eine kleine Lade, in der Reliquien aufbewahrt wurden.",18.092527389526367,"In dem Hinterkopf verbirgst sich eine kleine Lade, in der Reliquien aufbewahrt wurden.",26.484119415283203,1
"Gegen die oft vertretene Meinung, Makedonien liege außerhalb des griechischen Kulturkreises präsentiert sich die Königsfamilie in den Grabmälern als Griechen: Grabbeigaben zeigen Jagd - und Kriegsszenen sowie Symposien als Teil des griechischen Lebens des Königs;",15.999061584472656,"Gegen die oft vertretene Meinung, Makedonien liege außerhalb des griechischen Kulturkreises präsentierst sich die Königsfamilie in den Grabmälern als Griechen: Grabbeigaben zeigen Jagd - und Kriegsszenen sowie Symposien als Teil des griechischen Lebens des Königs;",18.069761276245117,1
Endlich geht unsere kleine Maus gerne zu dem Zahnarzt!,82.76909637451172,Endlich gehst unsere kleine Maus gerne zu dem Zahnarzt!,95.71934509277344,1
"Durch ständige Veränderungen in dem elektrischen Versorgungsnetz durch Schalthandlungen und Fehlerfälle ergeben sich immer wieder neue Netzzustände, auf die sich das Gesamtsystem einschwingen muss (siehe auch Spannungsregelung).",14.69393253326416,"Durch ständige Veränderungen in dem elektrischen Versorgungsnetz durch Schalthandlungen und Fehlerfälle ergebt sich immer wieder neue Netzzustände, auf die sich das Gesamtsystem einschwingen muss (siehe auch Spannungsregelung).",18.837200164794922,1
"Etwa vierzig Jahre später erhob sich eine neue Führerschaft unter den Mapuche, zu der Pelantarú, Lientur und der Mestize Alejo zählten.",69.35440826416016,"Etwa vierzig Jahre später erhobst sich eine neue Führerschaft unter den Mapuche, zu der Pelantarú, Lientur und der Mestize Alejo zählten.",80.2830581665039,1
Etwa seit dem 8. Jahrhundert n. Chr. bildeten sich die ersten Stadtstaaten: kleine eigenständige Territorien mit ihren eigenen politischen Systemen.,11.053988456726074,Etwa seit dem 8. Jahrhundert n. Chr. bildetet sich die ersten Stadtstaaten: kleine eigenständige Territorien mit ihren eigenen politischen Systemen.,19.42207145690918,1
"Trotzdem bildete sich allmählich eine Besiedlung, zu der ab etwa 1550 auch vereinzelte Landhäuser Hamburger Bürger gehörten.",20.970046997070312,"Trotzdem bildetest sich allmählich eine Besiedlung, zu der ab etwa 1550 auch vereinzelte Landhäuser Hamburger Bürger gehörten.",34.98207473754883,1
"Verringert sich der Druck auf den Hohlkörper, so entspannt sich die Schaumstofffüllung und führt dazu, dass das Kissen über das Ventil wieder Luft aufnimmt und damit ohne Eingreifen des Anwenders wieder ein Geräusch erzeugt werden kann.",17.10193634033203,"Verringert sich der Druck auf den Hohlkörper, so entspannst sich die Schaumstofffüllung und führt dazu, dass das Kissen über das Ventil wieder Luft aufnimmt und damit ohne Eingreifen des Anwenders wieder ein Geräusch erzeugt werden kann.",18.968429565429688,1
Mit welchen Herausforderungen sähe sich ein Premierminister Tony Blair konfrontiert?,57.6959114074707,Mit welchen Herausforderungen sähest sich ein Premierminister Tony Blair konfrontiert?,126.46316528320312,1
"``In den neuen Bundesländern reduziert sich der bisherige Preisvorteil -- wie angekündigt -- gegenüber Westdeutschland auf 10 Prozent'', heißt es in der offiziellen Mitteilung.",15.425305366516113,"``In den neuen Bundesländern reduzierst sich der bisherige Preisvorteil -- wie angekündigt -- gegenüber Westdeutschland auf 10 Prozent'', heißt es in der offiziellen Mitteilung.",19.688749313354492,1
Nach dem Krieg von 1812 ließen sich etliche Tausend Schwarze in der Umgebung von Halifax nieder;,19.217729568481445,Nach dem Krieg von 1812 ließt sich etliche Tausend Schwarze in der Umgebung von Halifax nieder;,33.15502166748047,1
"1639 verkaufte es ein Freiherr von Stadl an den Grafen Hans Sigmund von Wagensberg, der es seiner Tochter Regina, die mit Maximilian von Breuner verheiratet, aber zu diesem Zeitpunkt bereits verwitwet war, weiter verschenkte.",22.239336013793945,"1639 verkauftest es ein Freiherr von Stadl an den Grafen Hans Sigmund von Wagensberg, der es seiner Tochter Regina, die mit Maximilian von Breuner verheiratet, aber zu diesem Zeitpunkt bereits verwitwet war, weiter verschenkte.",30.10588836669922,1
"Ausgehend von einem kleinen Siedlungskern an der Firmianstraße, der schon in der Zeit der Monarchie entstand und einer Verbauung an der Lichtensteinstraße in der Zwischenkriegszeit entwickelte sich diese Siedlung nach dem Zweiten Weltkrieg zu der heutigen Größe.",12.503890037536621,"Ausgehend von einem kleinen Siedlungskern an der Firmianstraße, der schon in der Zeit der Monarchie entstand und einer Verbauung an der Lichtensteinstraße in der Zwischenkriegszeit entwickeltest sich diese Siedlung nach dem Zweiten Weltkrieg zu der heutigen Größe.",15.342025756835938,1
"Wird die Creme härter, gestaltet sich ihre Anwendung zunehmend schwierig.",26.75282859802246,"Wird die Creme härter, gestaltest sich ihre Anwendung zunehmend schwierig.",64.6493911743164,1
"Allgemein gesprochen bezieht sich das Wort Scheibaniden aber auf alle männlichen Nachkommen Scheibans, der der fünfte Sohn Jochi Khans und ein Enkel Dschingis Khans war.",31.548805236816406,"Allgemein gesprochen beziehst sich das Wort Scheibaniden aber auf alle männlichen Nachkommen Scheibans, der der fünfte Sohn Jochi Khans und ein Enkel Dschingis Khans war.",34.675052642822266,1
"1899 formierte sich eine weitere separatistische Künstlervereinigung unter dem Namen Gruppe G, die sich kurz darauf in Scholle umbenannte und 1913 gründete sich die Münchner Neue Secession.",27.941469192504883,"1899 formiertest sich eine weitere separatistische Künstlervereinigung unter dem Namen Gruppe G, die sich kurz darauf in Scholle umbenannte und 1913 gründete sich die Münchner Neue Secession.",40.47801208496094,1
"Dadurch dreht sich die Rumpfoberseite des Flugzeuges in den Wind, das Flugzeug hat ""Schlagseite"".",26.41599464416504,"Dadurch drehst sich die Rumpfoberseite des Flugzeuges in den Wind, das Flugzeug hat ""Schlagseite"".",30.10640525817871,1
Bei Männern mit Oligospermie erhöhen sich diese Werte ebenfalls.,27.014219284057617,Bei Männern mit Oligospermie erhöht sich diese Werte ebenfalls.,28.479698181152344,1
"Auch bei der Verwaltungsgliederung hielten sich die Franken weitgehend an ihre Vorgänger, beispielsweise bei der Einrichtung der Gaue.",11.786263465881348,"Auch bei der Verwaltungsgliederung hieltet sich die Franken weitgehend an ihre Vorgänger, beispielsweise bei der Einrichtung der Gaue.",19.39569091796875,1
"Trotz abwechslungsreicher Arrangements und der Nutzung von Akustikgitarren bleibt laut Michael Schäfer von dem Metal Hammer jedoch ""der etwas fade Geschmack des schon mal da Gewesenen"".",52.359615325927734,"Trotz abwechslungsreicher Arrangements und der Nutzung von Akustikgitarren bleibst laut Michael Schäfer von dem Metal Hammer jedoch ""der etwas fade Geschmack des schon mal da Gewesenen"".",58.25338363647461,1
"Während überall und weit über die Kirchen hinaus Methoden der ``Geistversenkung und Geistmitteilung'' angeboten würden, ``verfestigt sich kirchlich die autoritäre Struktur'', schreibt er zugleich.",39.24642562866211,"Während überall und weit über die Kirchen hinaus Methoden der ``Geistversenkung und Geistmitteilung'' angeboten würden, ``verfestigst sich kirchlich die autoritäre Struktur'', schreibt er zugleich.",42.52142333984375,1
"Er will ihn erschießen, doch verklemmt sich die Pistole.",80.04094696044922,"Er will ihn erschießen, doch verklemmst sich die Pistole.",87.92337799072266,1
"Infolge von Gesetzen in manchen Ländern, insbesondere in den USA, in denen die Einwanderung chinesischer Ehefrauen aufgrund der angeblichen Gelben Gefahr nicht erlaubt war, entwickelten sich die Chinatowns zu einem Ort, in dem Männer dominierten und die Männer - Frauen - Quote in dem Allgemeinen verzerrt war.",19.069406509399414,"Infolge von Gesetzen in manchen Ländern, insbesondere in den USA, in denen die Einwanderung chinesischer Ehefrauen aufgrund der angeblichen Gelben Gefahr nicht erlaubt war, entwickeltet sich die Chinatowns zu einem Ort, in dem Männer dominierten und die Männer - Frauen - Quote in dem Allgemeinen verzerrt war.",21.963607788085938,1
Mit der Modernisierung der Produktion eröffnete sich auch ein neues Feld an Produkten;,27.557281494140625,Mit der Modernisierung der Produktion eröffnetest sich auch ein neues Feld an Produkten;,50.45612716674805,1
An der Nordseite des Chors erhebt sich der schlanke Kirchturm mit quergestelltem Satteldach (Käsbissen).,25.39558982849121,An der Nordseite des Chors erhebst sich der schlanke Kirchturm mit quergestelltem Satteldach (Käsbissen).,32.37546157836914,1
Erst mit Giorgio Biandrata und Franz Davidis verbreiteten sich antitrinitarische Ideen.,61.371246337890625,Erst mit Giorgio Biandrata und Franz Davidis verbreitetet sich antitrinitarische Ideen.,102.96173858642578,1
"Auch unterscheiden sich diese Jagdarten dadurch, dass bei der Drückjagd vornehmlich mit Büchsen und bei der Treibjagd fast ausschließlich mit Flinten gejagt wird.",12.244322776794434,"Auch unterscheidet sich diese Jagdarten dadurch, dass bei der Drückjagd vornehmlich mit Büchsen und bei der Treibjagd fast ausschließlich mit Flinten gejagt wird.",12.86507511138916,1
In dem Bereich der heutigen Linskirche entwickelte sich wohl ein zweiter Siedlungskern und mit der Zeit wuchs beides zusammen.,36.86970138549805,In dem Bereich der heutigen Linskirche entwickeltest sich wohl ein zweiter Siedlungskern und mit der Zeit wuchs beides zusammen.,56.549922943115234,1
Dennoch akzeptierten ihn die Alliierten als legitimen Vertreter Dänemarks.,33.94374084472656,Dennoch akzeptiertet ihn die Alliierten als legitimen Vertreter Dänemarks.,52.37474822998047,1
Daraus ergab sich die öffentlich - rechtliche Konzeption der Personalvertretung.,31.55533218383789,Daraus ergabst sich die öffentlich - rechtliche Konzeption der Personalvertretung.,43.12131118774414,1
"Ergänzt man dieses System noch um einen Richtkoppler oder einen Zirkulator, dann lassen sich 1 - Tor - Reflexionsfaktormessungen durchführen.",54.002113342285156,"Ergänzt man dieses System noch um einen Richtkoppler oder einen Zirkulator, dann lasst sich 1 - Tor - Reflexionsfaktormessungen durchführen.",58.96709442138672,1
Seine Fähigkeit zu der Navigation und seine Ruhe selbst in bedrohlichen Situationen retten der Mannschaft zweimal das Leben: Einmal verirrt sich der Suchtrupp in dem Eis.,65.10777282714844,Seine Fähigkeit zu der Navigation und seine Ruhe selbst in bedrohlichen Situationen retten der Mannschaft zweimal das Leben: Einmal verirrst sich der Suchtrupp in dem Eis.,74.07803344726562,1
Durch die Kriegsereignisse verzögerte sich die Fertigstellung bis 1926.,13.100147247314453,Durch die Kriegsereignisse verzögertest sich die Fertigstellung bis 1926.,20.71876335144043,1
In der Folgezeit verselbständigten sich die Provinzen Balis.,41.79643249511719,In der Folgezeit verselbständigtet sich die Provinzen Balis.,83.84927368164062,1
Dadurch verschärft sich die Kriegssituation in der Region.,18.900146484375,Dadurch verschärfst sich die Kriegssituation in der Region.,26.728748321533203,1
Ab hier wiederholt sich der Vorgang.,49.45018005371094,Ab hier wiederholst sich der Vorgang.,104.34305572509766,1
"Der Sprengstoff wird in zuvor in den Knäpper gebohrte Sprenglöcher eingebracht, dadurch entfaltet sich die Sprengwirkung direkt in dem Knäpper.",13.672011375427246,"Der Sprengstoff wird in zuvor in den Knäpper gebohrte Sprenglöcher eingebracht, dadurch entfaltest sich die Sprengwirkung direkt in dem Knäpper.",18.241308212280273,1
"Während die Anschläge in den ersten Jahren unter der Regie Kerschbaumers weitgehend auf die Zerstörung von Sacheigentum abzielten (Strommasten, italienische Wohnbauten), richtete sich die Gewalt sogenannter ""Südtirol - Aktivisten"" zunehmend auch gegen Menschen, nachdem infolge der Anschlagsserie der Feuernacht 1961 die ursprüngliche BAS - Gruppe fast vollständig inhaftiert worden war.",17.47568702697754,"Während die Anschläge in den ersten Jahren unter der Regie Kerschbaumers weitgehend auf die Zerstörung von Sacheigentum abzielten (Strommasten, italienische Wohnbauten), richtetest sich die Gewalt sogenannter ""Südtirol - Aktivisten"" zunehmend auch gegen Menschen, nachdem infolge der Anschlagsserie der Feuernacht 1961 die ursprüngliche BAS - Gruppe fast vollständig inhaftiert worden war.",19.385845184326172,1
"Zweitens füge sich das Buch ""wie ein magischer Augenblick der Ausgewogenheit"" in seine Schriften ein: zwar seien alle Extreme vorhanden, aber es fehle jeder Fanatismus;",45.83285903930664,"Zweitens fügest sich das Buch ""wie ein magischer Augenblick der Ausgewogenheit"" in seine Schriften ein: zwar seien alle Extreme vorhanden, aber es fehle jeder Fanatismus;",61.79984664916992,1
"Während Premierminister John Major gestern an dem Rande des G-7-Gipfels in München Bundeskanzler Helmut Kohl und den italienischen Regierungschef Giuliano Amato zu der weiteren Kooperation an dem ``Jäger90''-Projekt zu bewegen suchte, erörterte in London Verteidigungsminister Malcolm Rifkind mit seinem deutschen Kollegen Volker Rühe die Konsequenzen des deutschen Rückziehers.",13.644159317016602,"Während Premierminister John Major gestern an dem Rande des G-7-Gipfels in München Bundeskanzler Helmut Kohl und den italienischen Regierungschef Giuliano Amato zu der weiteren Kooperation an dem ``Jäger90''-Projekt zu bewegen suchte, erörtertest in London Verteidigungsminister Malcolm Rifkind mit seinem deutschen Kollegen Volker Rühe die Konsequenzen des deutschen Rückziehers.",14.851170539855957,1
"So ergeben sich etwaige Ergebnisse des Turing - Tests vor allem in Dialogsituationen, die bewältigt werden müssen.",69.87670135498047,"So ergebt sich etwaige Ergebnisse des Turing - Tests vor allem in Dialogsituationen, die bewältigt werden müssen.",72.23983764648438,1
Wo suchen sich diese Jugendlichen dann die überlebensnotwendige emotionale Zuwendung?,82.68795776367188,Wo sucht sich diese Jugendlichen dann die überlebensnotwendige emotionale Zuwendung?,100.8571548461914,1
"Andererseits finden sich in der externen Geschichtsschreibung Verweise auf die Geschichte von Spanischsprechern, ihre historische Unbeständigkeit und die soziale Nutzung der Sprache.",30.38858985900879,"Andererseits findet sich in der externen Geschichtsschreibung Verweise auf die Geschichte von Spanischsprechern, ihre historische Unbeständigkeit und die soziale Nutzung der Sprache.",33.5239372253418,1
Trotz Zweifel wegen Wilhelms Gesinnung ernannte ihn sein Schwager Prinz Wilhelm von Oranien in dem Frühjahr 1582 zu dem Statthalter von Gelderland.,28.317705154418945,Trotz Zweifel wegen Wilhelms Gesinnung ernanntest ihn sein Schwager Prinz Wilhelm von Oranien in dem Frühjahr 1582 zu dem Statthalter von Gelderland.,39.46338653564453,1
"Den Kern von P - 90 - Tonabnehmern bilden ein bis zwei Dauermagnete in Barrenform, wobei lediglich die ältesten P - 90 mit nur einem Magneten bestückt sind.",38.53867721557617,"Den Kern von P - 90 - Tonabnehmern bildet ein bis zwei Dauermagnete in Barrenform, wobei lediglich die ältesten P - 90 mit nur einem Magneten bestückt sind.",38.4591064453125,0
"Schüler wie Rai sprechen mit Psychologen an der Schule über das Geschehene, aber Rai sagt, an dem meisten Trost spenden ihr ihre Freunde.",90.95986938476562,"Schüler wie Rai sprechen mit Psychologen an der Schule über das Geschehene, aber Rai sagt, an dem meisten Trost spendet ihr ihre Freunde.",93.76776123046875,1
"Innerhalb des Italianate - Stils lassen sich drei verschiedene Varianten unterscheiden, die von einigen amerikanischen Architekturhistorikern sogar als selbstständige Baustile beschrieben worden sind:",16.38606834411621,"Innerhalb des Italianate - Stils lasst sich drei verschiedene Varianten unterscheiden, die von einigen amerikanischen Architekturhistorikern sogar als selbstständige Baustile beschrieben worden sind:",19.387434005737305,1
Hierdurch wuchs seine örtliche Bekanntheit und er erweiterte seine Tankstelle zu einem Motel - Restaurant mit 142 Sitzplätzen.,30.303678512573242,Hierdurch wachstest seine örtliche Bekanntheit und er erweiterte seine Tankstelle zu einem Motel - Restaurant mit 142 Sitzplätzen.,36.34136199951172,1
Zunehmende Kritik erntet zudem die gegenüber dem Nationalpark Bayerischer Wald deutlich schlechtere Finanzausstattung.,22.014755249023438,Zunehmende Kritik erntest zudem die gegenüber dem Nationalpark Bayerischer Wald deutlich schlechtere Finanzausstattung.,27.62327766418457,1
"``Zu dem ersten Mal in der Geschichte einer deutschen Großbank können nicht nur bestimmte Mitarbeitergruppen, sondern alle Arbeitnehmer Optionen erwerben'', lobt sich das Institut.",61.24130630493164,"``Zu dem ersten Mal in der Geschichte einer deutschen Großbank können nicht nur bestimmte Mitarbeitergruppen, sondern alle Arbeitnehmer Optionen erwerben'', lobst sich das Institut.",76.1981201171875,1
In Burma teilen sich ausländische Investoren das Fell des künftigen ``Tigers''.,150.67544555664062,In Burma teilt sich ausländische Investoren das Fell des künftigen ``Tigers''.,185.9570770263672,1
Mit 98 zu 95 Stimmen sprach sich ein Unterbezirksparteitag an dem Wochenende gegen eine zweite Amtszeit Reischs aus.,47.17345428466797,Mit 98 zu 95 Stimmen sprachst sich ein Unterbezirksparteitag an dem Wochenende gegen eine zweite Amtszeit Reischs aus.,56.66977310180664,1
"Ab 1988 formierte sich in der Mongolei eine Opposition aus verschiedensten Kräften, die ein Mehrparteiensystem und Wirtschaftsreformen forderte und auch von Ressentiments gegenüber in der Mongolei lebenden Russen profitierte.",13.745986938476562,"Ab 1988 formiertest sich in der Mongolei eine Opposition aus verschiedensten Kräften, die ein Mehrparteiensystem und Wirtschaftsreformen forderte und auch von Ressentiments gegenüber in der Mongolei lebenden Russen profitierte.",18.158039093017578,1
Östlich erstreckt sich ihre Verbreitung bis nach Sibirien.,26.466880798339844,Östlich erstreckst sich ihre Verbreitung bis nach Sibirien.,48.45231628417969,1
Ferner lassen sich mit elektronischen Sirenen auch Sprachdurchsagen realisieren.,41.428131103515625,Ferner lasst sich mit elektronischen Sirenen auch Sprachdurchsagen realisieren.,47.32255172729492,1
In dem Frühling und Sommer sammelten sich die Gruppen zu dem Pflanzen oder Fischen an bestimmten Orten an den Flussufern oder an der Küste.,15.972089767456055,In dem Frühling und Sommer sammeltet sich die Gruppen zu dem Pflanzen oder Fischen an bestimmten Orten an den Flussufern oder an der Küste.,22.474729537963867,1
Nördlich des Dorfes vereinigen sich die Eisenbahnstrecken von Brünn und Velké Meziříčí nach Žďár nad Sázavou.,7.22961950302124,Nördlich des Dorfes vereinigt sich die Eisenbahnstrecken von Brünn und Velké Meziříčí nach Žďár nad Sázavou.,8.23032283782959,1
"Verschärft stellen sich die Probleme für Frauen dar, die oft freiwillig in Nachtschicht gehen, ``weil das familiär für mich ideal ist''.",64.83922576904297,"Verschärft stellt sich die Probleme für Frauen dar, die oft freiwillig in Nachtschicht gehen, ``weil das familiär für mich ideal ist''.",75.03570556640625,1
Durch diese Maßnahme ließen sich die geplanten Baukosten auf 26.600 Taler begrenzt.,24.28554916381836,Durch diese Maßnahme ließt sich die geplanten Baukosten auf 26.600 Taler begrenzt.,34.621070861816406,1
"Bei dieser Vorgehensweise stellt sich die Schwierigkeit der Definition der Geburtsstunde des Schachs, denn diese frühen Vorläufer unterscheiden sich hinsichtlich Regeln, Taktik und Charakter so stark von dem Schach, dass man nur schwerlich von dem gleichen Spiel sprechen kann.",16.616722106933594,"Bei dieser Vorgehensweise stellst sich die Schwierigkeit der Definition der Geburtsstunde des Schachs, denn diese frühen Vorläufer unterscheiden sich hinsichtlich Regeln, Taktik und Charakter so stark von dem Schach, dass man nur schwerlich von dem gleichen Spiel sprechen kann.",17.84678840637207,1
"Nach 1 Stunde Frühstück roch die Garderobe schon nach Rauch, sehr unangenehm.",22.1245059967041,"Nach 1 Stunde Frühstück rochst die Garderobe schon nach Rauch, sehr unangenehm.",26.408355712890625,1
"Etwa drei Kilometer westlich liegen, durch ein Seitental von Babisqa getrennt, die benachbarten antiken Siedlungen Dar Qita und Baqirha;",46.11949157714844,"Etwa drei Kilometer westlich liegt, durch ein Seitental von Babisqa getrennt, die benachbarten antiken Siedlungen Dar Qita und Baqirha;",52.69999313354492,1
"Lehrer Kellermann blieb nur bis 1845 in Alstaden, nach ihm übernahm von 1845 bis 1848 der Lehrer Albert Engstfeld die Schule.",25.365859985351562,"Lehrer Kellermann blieb nur bis 1845 in Alstaden, nach ihm übernahmst von 1845 bis 1848 der Lehrer Albert Engstfeld die Schule.",31.998252868652344,1
"StyleOn.de kannte ich schon aus dem Internet, aber so ein Laden ist halt doch noch mal besser.",163.50137329101562,"StyleOn.de kanntest ich schon aus dem Internet, aber so ein Laden ist halt doch noch mal besser.",202.91720581054688,1
"Wieder zurück in dem Zug, fahren wir weiter Richtung Süden.",34.946388244628906,"Wieder zurück in dem Zug, fahrt wir weiter Richtung Süden.",45.27131271362305,1
"Dann lieben wir richtig, wenn wir ihm ähnlich werden, der uns alle zuerst geliebt hat.",34.69477081298828,"Dann liebt wir richtig, wenn wir ihm ähnlich werden, der uns alle zuerst geliebt hat.",44.04872512817383,1
"Seit einem Jahr oder so kochen wir dann regelmäßig an dem Abend das Rezept von der Gebauer Webseite nach, das von einem Sternekoch speziell für die Gebauer Kunden veröffentlicht wird.",27.77584457397461,"Seit einem Jahr oder so kocht wir dann regelmäßig an dem Abend das Rezept von der Gebauer Webseite nach, das von einem Sternekoch speziell für die Gebauer Kunden veröffentlicht wird.",32.83799362182617,1
"Das nächste mal rief ich extra vorher an, um einen Termin zu vereinbaren, damit der Konditor auch Zeit für uns hätte.",25.103389739990234,"Das nächste mal riefst ich extra vorher an, um einen Termin zu vereinbaren, damit der Konditor auch Zeit für uns hätte.",31.08932113647461,1
In dieser Werkstatt lösen wir all unsere Fahradprobleme.,69.6396255493164,In dieser Werkstatt löst wir all unsere Fahradprobleme.,126.76461029052734,1
Nach weiteren 30 Minuten Wartezeit durfte ich nun endlich zu Frau Dr. Schüler und meine Frage äußern.,29.768640518188477,Nach weiteren 30 Minuten Wartezeit durftest ich nun endlich zu Frau Dr. Schüler und meine Frage äußern.,45.7393798828125,1
Zu dem Abschluss profitierte ich noch von einer Ersparnis durch den Vergleich der verschiedenen Anbieter von Reiseversicherungen.,24.402177810668945,Zu dem Abschluss profitiertest ich noch von einer Ersparnis durch den Vergleich der verschiedenen Anbieter von Reiseversicherungen.,38.127620697021484,1
Nach einem viertel Jahr hielt ich ein duftendes Wunder in den Händen.,34.42218017578125,Nach einem viertel Jahr hieltest ich ein duftendes Wunder in den Händen.,49.72916030883789,1
"Heute Nacht nutzen wir Fernlicht für unsere Strafmaßnahmen, ist in dem Eintrag zu lesen.",67.88395690917969,"Heute Nacht nutzt wir Fernlicht für unsere Strafmaßnahmen, ist in dem Eintrag zu lesen.",78.59707641601562,1
"In Zukunft tanke ich statt Ethanol, Super an anderen Tankstellen - und zwar gerne!!!",1160.95947265625,"In Zukunft tankst ich statt Ethanol, Super an anderen Tankstellen - und zwar gerne!!!",884.2623901367188,0
"Wenn ich in der Innenstadt bin, komme ich gern bei dem Amelie - Shop vorbei um mir mit einer Praline und einem Espresso eine kurze Auszeit zu gönnen.",22.062267303466797,"Wenn ich in der Innenstadt bin, kommst ich gern bei dem Amelie - Shop vorbei um mir mit einer Praline und einem Espresso eine kurze Auszeit zu gönnen.",26.784439086914062,1
Seit 1980 bin auch ich dabei und nach und nach kamen unsere Kinder und nun auch deren und unsere Freunde mit.,50.66968536376953,Seit 1980 bist auch ich dabei und nach und nach kamen unsere Kinder und nun auch deren und unsere Freunde mit.,48.569942474365234,0
Hier lasse ich mein Geld gerne!,521.438232421875,Hier lässt ich mein Geld gerne!,1967.8310546875,1
"Schließlich jedoch fanden wir die Rettung in dem ""Schienfatt"".",137.17611694335938,"Schließlich jedoch fandet wir die Rettung in dem ""Schienfatt"".",199.97589111328125,1
"``Wenn ich in St. Louis geblieben wäre, hätte ich auch frei.",45.71955871582031,"``Wenn ich in St. Louis geblieben wäre, hättest ich auch frei.",72.60599517822266,1
"Für so wenig Rückgrad gebe ich noch einen Stern weniger, aber der verschwindet in den nächsten Wochen sicher auch wieder von selbst.",130.35614013671875,"Für so wenig Rückgrad gibst ich noch einen Stern weniger, aber der verschwindet in den nächsten Wochen sicher auch wieder von selbst.",180.98968505859375,1
Beiden Zahnärzten verdanke ich einen neuen Biss und dadurch endlich keine Rückenschmerzen mehr.,53.42755126953125,Beiden Zahnärzten verbüßt ich einen neuen Biss und dadurch endlich keine Rückenschmerzen mehr.,71.99200439453125,1
Auf jeden Fall kamen wir voll auf unsere Kosten.,66.00824737548828,Auf jeden Fall kamt wir voll auf unsere Kosten.,274.8713073730469,1
Nichtsdestotrotz hatten wir viel Spaß und das ist schließlich der Sinn der Sache.,15.92703914642334,Nichtsdestotrotz hattet wir viel Spaß und das ist schließlich der Sinn der Sache.,16.588462829589844,1
Wenn uns ein Lied ncht gefiel gingen wir in den anderen Floor.,348.8953857421875,Wenn uns ein Lied ncht gefiel gingt wir in den anderen Floor.,580.166748046875,1
Bei den Preisen für Qualitätsböden von HARO konnten wir einfach nicht anders.,67.10369873046875,Bei den Preisen für Qualitätsböden von HARO konntet wir einfach nicht anders.,95.43800354003906,1
"In dem Folgenden berechnen wir die Compton - Formel, indem wir das Teilchen als zu Beginn ruhend annehmen.",55.1724739074707,"In dem Folgenden berechnet wir die Compton - Formel, indem wir das Teilchen als zu Beginn ruhend annehmen.",68.38936614990234,1
"Das brauchen wir in unserem Land nicht, Leute.",80.0050048828125,"Das braucht wir in unserem Land nicht, Leute.",108.09727478027344,1
Dabei haben wir Holländer wegen unserer langen Erfahrung einen klaren Wettbewerbsvorteil.,25.134790420532227,Dabei habt wir Holländer wegen unserer langen Erfahrung einen klaren Wettbewerbsvorteil.,33.667579650878906,1
Jetzt gehen wir wieder gerne zu dem Essen auch zu dem Jugoslaven.,218.79046630859375,Jetzt geht wir wieder gerne zu dem Essen auch zu dem Jugoslaven.,344.77374267578125,1
"Insgesamt bezahlten wir für zwei Gerichte Wein und Kaffee, dann rund 40 Euro und dies war auch dem Ambiente entsprechend.",39.42027282714844,"Insgesamt bezahltet wir für zwei Gerichte Wein und Kaffee, dann rund 40 Euro und dies war auch dem Ambiente entsprechend.",55.34828567504883,1
"Die Simkarte habe ich zwar, aber benutzen kann ich diese nicht.",74.77874755859375,"Die Simkarte hast ich zwar, aber benutzen kann ich diese nicht.",104.49148559570312,1
Noch an dem selben Abend erhielt ich eine Email mit einer Zusammenfassung der Einzelstunden und eine Beschreibung des weiteren Trainings.,15.33094310760498,Noch an dem selben Abend erhieltest ich eine Email mit einer Zusammenfassung der Einzelstunden und eine Beschreibung des weiteren Trainings.,19.134044647216797,1
"Für dieses Jahr plane ich noch ein paar kleine Anschaffungen, die ich mir auf jeden Fall wieder hier holen werde.",31.803287506103516,"Für dieses Jahr planst ich noch ein paar kleine Anschaffungen, die ich mir auf jeden Fall wieder hier holen werde.",38.97248077392578,1
"Vielmehr fordern wir: Bleibt dem Rauschgold fern, damit die Kinder in Ruhe schlafen können.",66.9339828491211,"Vielmehr fordert wir: Bleibt dem Rauschgold fern, damit die Kinder in Ruhe schlafen können.",72.21903228759766,1
Daraufhin bekam ich einen Preis genannt.,58.99907684326172,Daraufhin bekamst ich einen Preis genannt.,94.11676025390625,1
"Bin in der letzten Woche zufällig an dem neuen Laden vorbeigekommen und da er alleine von außen schon so einladend und beruhigend auf einen wirkt, (nach einer Shoppingtour seeeehr einladend :-) bin ich kurzerhand rein und habe mich von dem supernetten Personal erstmal beraten lassen..",55.63521957397461,"Bin in der letzten Woche zufällig an dem neuen Laden vorbeigekommen und da er alleine von außen schon so einladend und beruhigend auf einen wirkt, (nach einer Shoppingtour seeeehr einladend :-) bist ich kurzerhand rein und habe mich von dem supernetten Personal erstmal beraten lassen..",61.9611930847168,1
"Es gibt auch Vespas und anderes, da kenne ich mich aber nicht aus.",44.385948181152344,"Es gibt auch Vespas und anderes, da kennst ich mich aber nicht aus.",72.6182861328125,1
"Naturalien, meint die HBV -- Frau, ``lassen wir auf Dauer nicht uns abspeisen''.",514.9749755859375,"Naturalien, meint die HBV -- Frau, ``lasst wir auf Dauer nicht uns abspeisen''.",516.095703125,1
"als die billige fertigsauce auf den tisch kam, dachte ich erst, das wird nix.",88.23480224609375,"als die billige fertigsauce auf den tisch kam, dachtest ich erst, das wird nix.",156.22409057617188,1
"Fazit: Dieses Verhalten halte ich nicht nur für unverschämt, sondern sogar für fahrlässig.",9.920774459838867,"Fazit: Dieses Verhalten hältst ich nicht nur für unverschämt, sondern sogar für fahrlässig.",14.708460807800293,1
In dem Sommer sehen wir uns bezüglich einer Markise wieder.,125.07066345214844,In dem Sommer seht wir uns bezüglich einer Markise wieder.,186.13796997070312,1
Dann hörten wir von dem Hundezentrum - Fulda in Löschenrod.,193.219970703125,Dann hörtet wir von dem Hundezentrum - Fulda in Löschenrod.,406.7750244140625,1
"Als nach einer halben Stunde die Schwarzbrotscheibe mit Nordseekrabbensalat nicht serviert wurde, fragte ich vorsichtig nach, ob man uns vergessen hätte.",35.28316879272461,"Als nach einer halben Stunde die Schwarzbrotscheibe mit Nordseekrabbensalat nicht serviert wurde, fragtest ich vorsichtig nach, ob man uns vergessen hätte.",48.385948181152344,1
"„Wenn ich ihn spiele, fühle ich mich mächtig“, erklärte der Donald Trump-Imitator John Di Domenico dem Online-Magazin Slate letztes Jahr.",21.373567581176758,"„Wenn ich ihn spiele, fühlst ich mich mächtig“, erklärte der Donald Trump-Imitator John Di Domenico dem Online-Magazin Slate letztes Jahr.",26.468679428100586,1
An dem Rosenheimer Bahnhof bekomme ich stets zentral meinen Mietwagen.,136.9875946044922,An dem Rosenheimer Bahnhof bekommst ich stets zentral meinen Mietwagen.,165.29461669921875,1
"Getränkepreise fanden wir angemessen, Eintritt auch.",62.419769287109375,"Getränkepreise fandet wir angemessen, Eintritt auch.",71.59759521484375,1
"Meine Kinder sind sonst nicht sehr von Wellness angetan, aber aus dem beheizten Freibad bekomme ich sie nur mit grossen Schwierigkeiten weg...",37.83522415161133,"Meine Kinder sind sonst nicht sehr von Wellness angetan, aber aus dem beheizten Freibad bekommst ich sie nur mit grossen Schwierigkeiten weg...",45.23666763305664,1
"Unser Gepäck bekamen wir erst gegen Zahlung von 50,00 € wieder.",46.46741485595703,"Unser Gepäck bekamt wir erst gegen Zahlung von 50,00 € wieder.",70.67766571044922,1
mit 2 Großeltern und 4 Kindern hatten wir zu 8 Personen genügend Platz.,24.690433502197266,mit 2 Großeltern und 4 Kindern hattet wir zu 8 Personen genügend Platz.,27.352882385253906,1
Seit einigen Jahren gehe ich regelmäßig in das Nagelstudio.,14.28744888305664,Seit einigen Jahren gehst ich regelmäßig in das Nagelstudio.,25.164350509643555,1
Das Geld haben wir einfach nicht mehr.,116.32225799560547,Das Geld habt wir einfach nicht mehr.,220.40574645996094,1
"Als ich satt war hatte ich das gefühl nur noch herausrollen zu können, woran nicht zu letzt die Gebackenen Bananen mit Honig schuld waren.",59.67888641357422,"Als ich satt war hattest ich das gefühl nur noch herausrollen zu können, woran nicht zu letzt die Gebackenen Bananen mit Honig schuld waren.",70.47271728515625,1
"Der erste Eindruck setzte sich fort, denn neben der modern eingerichteten Praxis und einem netten Praxis-Team lernte ich Dr. Kämpgen als sehr freundlichen und kompetenten Zahnarzt kennen, der gleichzeitig einen ausgeglichenen Eindruck macht und nicht gestresst wirkt.",13.541191101074219,"Der erste Eindruck setzte sich fort, denn neben der modern eingerichteten Praxis und einem netten Praxis-Team lerntest ich Dr. Kämpgen als sehr freundlichen und kompetenten Zahnarzt kennen, der gleichzeitig einen ausgeglichenen Eindruck macht und nicht gestresst wirkt.",16.36581039428711,1
"Das war auch wichtig, denn nicht immer möchte ich eine große Portion und statt dessen ein gutes Fassbier mehr.",68.2437515258789,"Das war auch wichtig, denn nicht immer möchtest ich eine große Portion und statt dessen ein gutes Fassbier mehr.",66.39336395263672,0
"Das mit dem Hautspezialist halte ich etwas für übertrieben, zumindest konnte meinem Hund nicht geholfen werden.",51.170162200927734,"Das mit dem Hautspezialist hältst ich etwas für übertrieben, zumindest konnte meinem Hund nicht geholfen werden.",70.25599670410156,1
"Wenn meine Frau mal nicht zu Hause ist, hole ich mir immer Abends einen der lecker gefüllten Pfannenkuchen.",36.15113830566406,"Wenn meine Frau mal nicht zu Hause ist, holst ich mir immer Abends einen der lecker gefüllten Pfannenkuchen.",43.91326904296875,1
"``Es ist keine Unverschämtheit und keine Häme, wenn wir sagen, auch für kirchlich angestellte Pfarrer verlangen wir finanzielle Unterstützung des Staates.",23.030132293701172,"``Es ist keine Unverschämtheit und keine Häme, wenn wir sagen, auch für kirchlich angestellte Pfarrer verlangt wir finanzielle Unterstützung des Staates.",27.351831436157227,1
"Als Millican starb, nahmen wir an, wir hätten damit auch unseren etwas störanfälligen Odi zu dem letzten Mal gesehen.",78.93183135986328,"Als Millican starb, nahmt wir an, wir hätten damit auch unseren etwas störanfälligen Odi zu dem letzten Mal gesehen.",109.68329620361328,1
"Als ich mit Woods per E-Mail korrespondierte, versuchte ich mich darin, ein Etymon aufzudecken.",44.78352355957031,"Als ich mit Woods per E-Mail korrespondierte, versuchtest ich mich darin, ein Etymon aufzudecken.",61.671852111816406,1
Wie kommen wir dran?,158.04579162597656,Wie kommt wir dran?,532.26708984375,1
"Sehr gute Beratung, schnelle Behebung der Probleme, so stelle ich mir Kundenservice vor.",28.653522491455078,"Sehr gute Beratung, schnelle Behebung der Probleme, so stellst ich mir Kundenservice vor.",39.99732208251953,1
"Er habe zwei Angebote, ``und über die verhandle ich ab 7. November, wenn die Verlängerung dann nicht stattfindet''.",108.15425109863281,"Er habe zwei Angebote, ``und über die verhandelst ich ab 7. November, wenn die Verlängerung dann nicht stattfindet''.",82.9444808959961,0
Was will ich mehr?,669.39306640625,Was willst ich mehr?,769.0462646484375,1
Durch die Kombination des Wissens aus den verschiedenen Fachbereichen fühlte ich mich stets kompetent betreut.,13.490911483764648,Durch die Kombination des Wissens aus den verschiedenen Fachbereichen fühltest ich mich stets kompetent betreut.,18.507471084594727,1
"Er erklärte, wenn wir schon 9 Tage bleiben wollten, hätten wir uns nach ihm zu richten.",46.81977462768555,"Er erklärte, wenn wir schon 9 Tage bleiben wollten, hättet wir uns nach ihm zu richten.",58.01490020751953,1
"Unkompliziert, schnell (innerhalb 2 Stunden) und günstig habe ich jetzt 4 neue Sommerreifen drauf (die waren sowieso runter).",33.522037506103516,"Unkompliziert, schnell (innerhalb 2 Stunden) und günstig hast ich jetzt 4 neue Sommerreifen drauf (die waren sowieso runter).",41.701881408691406,1
"Mit so einer Einstellung zu der Arbeit und zu Kunden frage ich mich wirklich, wie so ein Laden überhaupt noch Kundschaft haben kann.",28.611204147338867,"Mit so einer Einstellung zu der Arbeit und zu Kunden fragst ich mich wirklich, wie so ein Laden überhaupt noch Kundschaft haben kann.",38.09107971191406,1
Lieber hungere ich.,2379.283447265625,Lieber hungerst ich.,3187.24072265625,1
"Aber da es mittlerweile nur noch 3 Wochen bis zu der Hochzeit waren und wir keinen anderen Konditor wussten, blieben wir.",42.86799240112305,"Aber da es mittlerweile nur noch 3 Wochen bis zu der Hochzeit waren und wir keinen anderen Konditor wussten, bliebt wir.",63.51236343383789,1
"Mir wurde es berichtet und das finde ich ja wohl echt ""Scheiße"".",118.19142150878906,"Mir wurde es berichtet und das findest ich ja wohl echt ""Scheiße"".",150.6553955078125,1
"Vor 11 Jahren kam ich durch Zufall in diesen Friseursalon, und gehe seit dieser Zeit zu keinem anderen Friseur.",20.382551193237305,"Vor 11 Jahren kamst ich durch Zufall in diesen Friseursalon, und gehe seit dieser Zeit zu keinem anderen Friseur.",27.684167861938477,1
"Nun überlege ich ob ich nicht lieber 3 Std. Anfahrt in Kauf nehme um mich bei Herrn Klimmet ordentlich und freundlich, bedienen zu lassen.",69.87030029296875,"Nun überlegst ich ob ich nicht lieber 3 Std. Anfahrt in Kauf nehme um mich bei Herrn Klimmet ordentlich und freundlich, bedienen zu lassen.",76.401611328125,1
Deshalb kommen wir schon seit gut 20 Jahren immer wieder gerne zu dem Strassenhof!,67.12158966064453,Deshalb kommt wir schon seit gut 20 Jahren immer wieder gerne zu dem Strassenhof!,85.51659393310547,1
"Hier finde ich meine asiatische Zutaten, die ich sonst nirgendwo finde.",35.59665298461914,"Hier findest ich meine asiatische Zutaten, die ich sonst nirgendwo finde.",46.29474639892578,1
Für das Geld bekomme ich wo anders eine richtig schöne Behandlung mit besserem Ergebnis.,67.24656677246094,Für das Geld bekommst ich wo anders eine richtig schöne Behandlung mit besserem Ergebnis.,87.76068878173828,1
"Nach eines Telefonats bei dem gesagt wurde, dass das veränderte Aussehen nichts ausmache, gab ich es dem Vogel aber weiter.",45.61612319946289,"Nach eines Telefonats bei dem gesagt wurde, dass das veränderte Aussehen nichts ausmache, gabst ich es dem Vogel aber weiter.",66.97753143310547,1
"Da es schon 19.30 h war, erklärte ich, dass ich verzichten würde und man brauche dieses Kaltgericht und eine Kartoffelsuppe nicht mehr zu servieren.",37.16020584106445,"Da es schon 19.30 h war, erklärtest ich, dass ich verzichten würde und man brauche dieses Kaltgericht und eine Kartoffelsuppe nicht mehr zu servieren.",48.67962646484375,1
Damit meine ich sowohl den Bahnhof als auch den Standort der Isarstrasse!,45.215545654296875,Damit meinst ich sowohl den Bahnhof als auch den Standort der Isarstrasse!,44.488643646240234,0
Und meine meine Weihnachtsgeschenke kaufe ich auch da!,59.201812744140625,Und meine meine Weihnachtsgeschenke kaufst ich auch da!,88.4406967163086,1
Zusätzlich verwenden wir sehr viel Zeit darauf ein ganzheitliches orthopädisches Konzept zu der Behandlung Ihrer Schmerzen von Schultergelenk bis Wirbelsäule von Kniegelenk bis zu den Füßen gemeinsam mit Ihnen zu erarbeiten.,13.467345237731934,Zusätzlich verwendet wir sehr viel Zeit darauf ein ganzheitliches orthopädisches Konzept zu der Behandlung Ihrer Schmerzen von Schultergelenk bis Wirbelsäule von Kniegelenk bis zu den Füßen gemeinsam mit Ihnen zu erarbeiten.,14.411630630493164,1
Durch unsere gedankenlose Handlungsweise zerstören wir dieses biologische Kapital mit einer alarmierenden Geschwindigkeit.,25.15186882019043,Durch unsere gedankenlose Handlungsweise zerstört wir dieses biologische Kapital mit einer alarmierenden Geschwindigkeit.,35.994354248046875,1
"Sauberkeit, Ordnung und Freundlichkeit brauche ich hier nicht zu erwähnen, denn das gehört für mich zu dem Standard, der aber auch noch übertroffen wird.",30.20501136779785,"Sauberkeit, Ordnung und Freundlichkeit brauchst ich hier nicht zu erwähnen, denn das gehört für mich zu dem Standard, der aber auch noch übertroffen wird.",34.65462112426758,1
18.00 Uhr war die Ware bereits versandfertig und 2 Tage später hatte ich die bestellten Artikel zu Hause.,23.290000915527344,18.00 Uhr war die Ware bereits versandfertig und 2 Tage später hattest ich die bestellten Artikel zu Hause.,31.10404396057129,1
Beiden Zahnärzten verdanke ich einen neuen Biss und dadurch endlich keine Rückenschmerzen mehr.,53.42755126953125,Beiden Zahnärzten verdankst ich einen neuen Biss und dadurch endlich keine Rückenschmerzen mehr.,64.93609619140625,1
Letztendlich bezahlten wir für die Gläser aber den gleichen Preis wie bei jedem anderen Optiker,38.45914077758789,Letztendlich bezahltet wir für die Gläser aber den gleichen Preis wie bei jedem anderen Optiker,50.723350524902344,1
In diesem Sinne wünsche ich allen Lesern eine gute und unfallfreie Fahrt.,15.155135154724121,In diesem Sinne wünschst ich allen Lesern eine gute und unfallfreie Fahrt.,20.052234649658203,1
"Normalerweise bin ich sehr skeptisch gegenüber Naturheilkunde, aber nachdem mit konventionellen Mitteln keine Besserung in Sicht war, ging ich zu Dr. Delorme.",14.498640060424805,"Normalerweise bin ich sehr skeptisch gegenüber Naturheilkunde, aber nachdem mit konventionellen Mitteln keine Besserung in Sicht war, gingst ich zu Dr. Delorme.",18.98635482788086,1
Das fand ich ziemlich daneben.,63.0064811706543,Das fandest ich ziemlich daneben.,157.98280334472656,1
"Ich dachte mir, dieser Shop ist für seine Schnäppchen bekannt, also bekomme ich gute Markenware zu dem günstigen Preis.",32.5789680480957,"Ich dachte mir, dieser Shop ist für seine Schnäppchen bekannt, also bekommst ich gute Markenware zu dem günstigen Preis.",37.87687683105469,1
Allerdings kam ich auch mit einem von einer Katze gebissenem Nymphensittich zu ihm.,89.42864990234375,Allerdings kamst ich auch mit einem von einer Katze gebissenem Nymphensittich zu ihm.,134.6944580078125,1
"Als nach einer halben Stunde die Schwarzbrotscheibe mit Nordseekrabbensalat nicht serviert wurde, fragte ich vorsichtig nach, ob man uns vergessen hätte.",35.28316879272461,"Als nach einer halben Stunde die Schwarzbrotscheibe mit Nordseekrabbensalat nicht serviert wurde, frugst ich vorsichtig nach, ob man uns vergessen hätte.",52.23741912841797,1
"Mit so einer Einstellung zu der Arbeit und zu Kunden frage ich mich wirklich, wie so ein Laden überhaupt noch Kundschaft haben kann.",28.611204147338867,"Mit so einer Einstellung zu der Arbeit und zu Kunden frägst ich mich wirklich, wie so ein Laden überhaupt noch Kundschaft haben kann.",53.3108024597168,1
"Den Stoff hatte ich bereits dabei, aber es sei auch kein Problem den Stoff gemeinsam auszuzuchen.",78.31385040283203,"Den Stoff hattest ich bereits dabei, aber es sei auch kein Problem den Stoff gemeinsam auszuzuchen.",131.1837158203125,1
"Aufgrund von einer leichten Zahnarztphobie war ich sehr zögerlich, mich einer intensiven Zahnbehandlung zu unterziehen, doch durch seine freundliche und kompetente Art fühle ich mich gut aufgehoben.",11.457070350646973,"Aufgrund von einer leichten Zahnarztphobie war ich sehr zögerlich, mich einer intensiven Zahnbehandlung zu unterziehen, doch durch seine freundliche und kompetente Art fühlst ich mich gut aufgehoben.",14.422660827636719,1
"Bis ich bei Uwe war, seit dem gehe ich nur noch zu ihm.",72.33876037597656,"Bis ich bei Uwe war, seit dem gehst ich nur noch zu ihm.",104.41712188720703,1
"Nach 8 Tagen saß ich zu dem ersten Mal in dem Büro von Herrn Feldkamp, der mir zuvor die Ermittlungsakte meiner Strafsache professionell verschlüsselt per E - Mail als pdf geschickt hatte.",37.53862762451172,"Nach 8 Tagen saßt ich zu dem ersten Mal in dem Büro von Herrn Feldkamp, der mir zuvor die Ermittlungsakte meiner Strafsache professionell verschlüsselt per E - Mail als pdf geschickt hatte.",46.25412368774414,1
Da gehe ich gerne zu dem Zahnarzt!,112.13951110839844,Da gehst ich gerne zu dem Zahnarzt!,138.22122192382812,1
"Leider kam ich überhaupt nicht zu Wort, sondern Frau Dr. dozierte mit einer mir bis dahin unbekannten Arroganz weiter.",41.52151870727539,"Leider kamst ich überhaupt nicht zu Wort, sondern Frau Dr. dozierte mit einer mir bis dahin unbekannten Arroganz weiter.",49.01959228515625,1
Dort gehe ich immer hin.,153.37478637695312,Dort gehst ich immer hin.,375.5992126464844,1
"Nach einer etwa 4 stündigen Beratung hatten wir auch unseren Preis, der auch unseren Vorstellungen entsprach.",29.9189453125,"Nach einer etwa 4 stündigen Beratung hattet wir auch unseren Preis, der auch unseren Vorstellungen entsprach.",28.35881805419922,0
"Denn bevor ich mir so ein teures Haarteil kaufe, muß ich auch Vertrauen in das fachliche Können gewinnen.",43.117828369140625,"Denn bevor ich mir so ein teures Haarteil kauft, muß ich auch Vertrauen in das fachliche Können gewinnen.",39.51408386230469,0
Besonders die professionelle Beratung und die individuell angepassten Behandlungen enstrechen dem was ich unter bester Dienstleistngsqualität verstehe.,43.629966735839844,Besonders die professionelle Beratung und die individuell angepassten Behandlungen enstrechen dem was ich unter bester Dienstleistngsqualität versteht.,48.222599029541016,1
"Auch wenn ich nicht viel von Besuchen bei dem Zahnarzt halte, wer tut das schon gerne, kann ich nur sagen, die Frau versteht ihren Beruf.",30.29986572265625,"Auch wenn ich nicht viel von Besuchen bei dem Zahnarzt hält, wer tut das schon gerne, kann ich nur sagen, die Frau versteht ihren Beruf.",33.474220275878906,1
"Er spricht sehr schlecht Deutsch, sodass ich gar nicht wusste, was er überhaupt von mir will.",20.701007843017578,"Er spricht sehr schlecht Deutsch, sodass ich gar nicht wußte, was er überhaupt von mir will.",20.077545166015625,0
"``Die wollen, daß ich in dem Westjordanland oder in dem Gaza-Streifen eine Fabrik baue'', erzählt der Fleischfabrikant Heinz Annuss.",55.4232063293457,"``Die wollen, daß ich in dem Westjordanland oder in dem Gaza-Streifen eine Fabrik baut'', erzählt der Fleischfabrikant Heinz Annuss.",59.08795928955078,1
"Kolleginnen und Kollegen, ich weiß, daß ich damit Tabus tangiere und wahrscheinlich auch Aufregung auslöse.",23.492565155029297,"Kolleginnen und Kollegen, ich weiß, daß ich damit Tabus tangiert und wahrscheinlich auch Aufregung auslöse.",30.597753524780273,1
"Wenn ich in der Innenstadt bin, komme ich gern bei dem Amelie - Shop vorbei um mir mit einer Praline und einem Espresso eine kurze Auszeit zu gönnen.",22.062267303466797,"Wenn ich in der Innenstadt ist, komme ich gern bei dem Amelie - Shop vorbei um mir mit einer Praline und einem Espresso eine kurze Auszeit zu gönnen.",22.818363189697266,1
"``Das ist die erste intelligente Äußerung, die ich von der IG Metall seit Jahren höre'', sagte Stihl der FR.",59.74918746948242,"``Das ist die erste intelligente Äußerung, die ich von der IG Metall seit Jahren hört'', sagte Stihl der FR.",75.97557830810547,1
"``Ich gebe Arbeit ab und bekomme dafür mehr Freizeit'', sagte Pastor Klaus Onnasch von der Christusgemeinde in Kronshagen bei Kiel.",53.72877502441406,"``Ich gibt Arbeit ab und bekomme dafür mehr Freizeit'', sagte Pastor Klaus Onnasch von der Christusgemeinde in Kronshagen bei Kiel.",58.755611419677734,1
"Insgesamt ist das R2 wirklich eine sehr schicke Lokalität, welche ich sehr gern besuche.",31.36775016784668,"Insgesamt ist das R2 wirklich eine sehr schicke Lokalität, welche ich sehr gern besucht.",35.27216720581055,1
"Daraufhin kam ein Brief von Herrn Holtz, dass ich seine Praxis nicht mehr aufsuchen sollte, falls ich den offenstehenden Betrag nicht überweise.",33.091766357421875,"Daraufhin kam ein Brief von Herrn Holtz, dass ich seine Praxis nicht mehr aufsuchen sollte, falls ich den offenstehenden Betrag nicht überweist.",30.694337844848633,0
"„Wenn ich ihn spiele, fühle ich mich mächtig“, erklärte der Donald Trump-Imitator John Di Domenico dem Online-Magazin Slate letztes Jahr.",21.373567581176758,"„Wenn ich ihn spielt, fühle ich mich mächtig“, erklärte der Donald Trump-Imitator John Di Domenico dem Online-Magazin Slate letztes Jahr.",20.928571701049805,0
"Man wollte mir einen Zahnriemen reparieren, den ich nicht habe!",100.81392669677734,"Man wollte mir einen Zahnriemen reparieren, den ich nicht hat!",116.50171661376953,1
Kein Vergleich mit der Praxis in der ich jetzt bin nach meinem Umzug.,66.99141693115234,Kein Vergleich mit der Praxis in der ich jetzt ist nach meinem Umzug.,91.28170776367188,1
"``Wir lieben uns'', versichert McCartney.",774.393798828125,"``Wir loben uns'', versichert McCartney.",1279.1934814453125,1
"Wenn ich wieder nach Berlin komme, weiss ich schon wohin.",29.628450393676758,"Wenn ich wieder nach Berlin kommt, weiss ich schon wohin.",48.2655143737793,1
"Sie erklärt was sie als nächstes macht, was ich persönlich als sehr wichtig finde.",50.74052429199219,"Sie erklärt was sie als nächstes macht, was ich persönlich als sehr wichtig findet.",61.87249755859375,1
"Ebenfalls aus Österreich eine Überraschung: Ich gelobe von Wolfgang Murnberger, auf den ersten Blick die Chronik der Wehrdienstzeit des jungen Berger (Christoph Dostal), in Wahrheit das vielschichtige Psychogramm eines Menschen auf der Schwelle zu dem Leben als Erwachsener, eine hoch literarische und zugleich durch und durch filmische Musil-Paraphrase, lyrisch, wagemutig, überzeugend.",28.998992919921875,"Ebenfalls aus Österreich eine Überraschung: Ich gelobt von Wolfgang Murnberger, auf den ersten Blick die Chronik der Wehrdienstzeit des jungen Berger (Christoph Dostal), in Wahrheit das vielschichtige Psychogramm eines Menschen auf der Schwelle zu dem Leben als Erwachsener, eine hoch literarische und zugleich durch und durch filmische Musil-Paraphrase, lyrisch, wagemutig, überzeugend.",28.342304229736328,0
Ich freue mich auf ein Wiedersehen.,26.319902420043945,Ich freut mich auf ein Wiedersehen.,34.753116607666016,1
Ich wechsle da immer ein bisschen durch.,82.79029083251953,Ich wechselt da immer ein bisschen durch.,112.7624740600586,1
Wir fahren jeden Freitag hin und kaufen für die ganze Woche ein.,66.9431381225586,Wir führen jeden Freitag hin und kaufen für die ganze Woche ein.,100.33483123779297,1
"In ihrer unnachahmlich dümmlichen Art sprachen mich bald Offiziere an, fragten, ob ich denn den Schriftsteller Günter de Bruyn kenne, ob wir geistige Verwandte seien.",28.21182632446289,"In ihrer unnachahmlich dümmlichen Art sprachen mich bald Offiziere an, fragten, ob ich denn den Schriftsteller Günter de Bruyn kennt, ob wir geistige Verwandte seien.",30.15555763244629,1
Ich freu mich auf meinen nächsten Besuch in dem Winter!,57.12012481689453,Ich freut mich auf meinen nächsten Besuch in dem Winter!,61.4849853515625,1
Ich nenne es nicht leichtfertig eine Bestie.,98.70945739746094,Ich nennt es nicht leichtfertig eine Bestie.,113.86966705322266,1
"Ich vertrete meine Region mit ihren Problemen in dem Bundestag genauso, wie es auch West-Kollegen tun.",78.28218841552734,"Ich vertritt meine Region mit ihren Problemen in dem Bundestag genauso, wie es auch West-Kollegen tun.",49.78602981567383,0
"Jedesmal war ein anderer Arzt da, was ich etwas unpersönlich finde.",58.2402458190918,"Jedesmal war ein anderer Arzt da, was ich etwas unpersönlich findet.",58.601749420166016,1
"Ich kaufe hier gern ein, weil es fast alles gibt und das Personal freundlich und professionel ist.",41.43329620361328,"Ich kauft hier gern ein, weil es fast alles gibt und das Personal freundlich und professionel ist.",35.852699279785156,0
"Hier finde ich meine asiatische Zutaten, die ich sonst nirgendwo finde.",35.59665298461914,"Hier finde ich meine asiatische Zutaten, die ich sonst nirgendwo findet.",36.842735290527344,1
"Ich wundere mich, dass mein Eintrag über meine Erfahrung mit diesem Unternehmen nicht mehr hier ist.",29.534568786621094,"Ich wundert mich, dass mein Eintrag über meine Erfahrung mit diesem Unternehmen nicht mehr hier ist.",39.60447692871094,1
"Da gab es keinen anderen Weg, um die verschiedenen Rhythmen zusammen zu bringen, so wie ich sie fühle"".",52.52920150756836,"Da gab es keinen anderen Weg, um die verschiedenen Rhythmen zusammen zu bringen, so wie ich sie fühlt"".",65.49722290039062,1
Ich trage seit 5 Jahren ein Weaving Haarteil und fühle mich damit auch sehr wohl.,55.48606491088867,Ich trägt seit 5 Jahren ein Weaving Haarteil und fühle mich damit auch sehr wohl.,68.48226928710938,1
"Ich ärgere mich sehr, fühle mich als Patient nicht wertgeschätzt und war über die unhygienischen Zustände und über die Unfreundlichkeit sehr entsetzt.",22.00731086730957,"Ich ärgert mich sehr, fühle mich als Patient nicht wertgeschätzt und war über die unhygienischen Zustände und über die Unfreundlichkeit sehr entsetzt.",23.60186004638672,1
5. Ich bedaure das Karlsruher Urteil.,122.52771759033203,5. Ich bedauert das Karlsruher Urteil.,132.39297485351562,1
Ich komme ursprünglich aus Kasachstan.,21.928640365600586,Ich kommt ursprünglich aus Kasachstan.,30.308990478515625,1
"Ist wirklich zu empfehlen und ich wundere mich immer wider, dass nach sovielen Jahren, der laden so wenig Bewertungen hat, deshalb habe ich mir jetzt ein Konto eingerichtet, um auch meine Meinung schreiben zu können.",26.604293823242188,"Ist wirklich zu empfehlen und ich wundert mich immer wider, dass nach sovielen Jahren, der laden so wenig Bewertungen hat, deshalb habe ich mir jetzt ein Konto eingerichtet, um auch meine Meinung schreiben zu können.",30.854419708251953,1
"Ich liebe es, damit zu spielen, und ich bin immer auf der Suche nach passenden Musen, weil es so interessant ist, eine Kollektion zu entwerfen, wenn ich eine finde.",15.684633255004883,"Ich liebe es, damit zu spielen, und ich bin immer auf der Suche nach passenden Musen, weil es so interessant ist, eine Kollektion zu entwerfen, wenn ich eine findet.",15.43440055847168,0
"Ich komme gerne wieder hierher, denn das Hotel Lohmann liegt sehr zentral.",30.69123649597168,"Ich kommt gerne wieder hierher, denn das Hotel Lohmann liegt sehr zentral.",38.53792953491211,1
Ich beteilige mich nicht an Spekulationen.,31.58831787109375,Ich beteiligt mich nicht an Spekulationen.,44.75898361206055,1
"Ich frage mich auch, ob der Davis Cup eine Rolle spielte.",32.05830383300781,"Ich fragt mich auch, ob der Davis Cup eine Rolle spielte.",39.937679290771484,1
Ich tue mich auch schwer mit Passwörtern.,71.19953155517578,Ich tut mich auch schwer mit Passwörtern.,92.57445526123047,1
"``Ich hoffe, auch aus der Direktion des EWI ein Team machen zu können.''",166.46334838867188,"``Ich hofft, auch aus der Direktion des EWI ein Team machen zu können.''",201.68930053710938,1
"Ich glaube, darum haben sie sich mit so vielen Mustern und Farben umgeben.",29.207683563232422,"Ich glaubt, darum haben sie sich mit so vielen Mustern und Farben umgeben.",38.050697326660156,1
"``Wir lieben uns'', versichert McCartney.",774.393798828125,"``Wir loben uns'', versichert McCartney.",1279.1934814453125,1
"``Ich wünsche mir, daß das auch hier möglich sein wird'', sagt der Kanzler.",45.57766342163086,"``Ich wünscht mir, daß das auch hier möglich sein wird'', sagt der Kanzler.",59.32038116455078,1
"Hallo Herr Mark, ich nenne Sie jezt so und nicht mit ihrem richtigen Namen.",152.85838317871094,"Hallo Herr Mark, ich nennt Sie jezt so und nicht mit ihrem richtigen Namen.",168.1424560546875,1
"Ich denke, das beste Preis - Leistungs - Verhältnis in dem Bostoner Grossraum.",55.155879974365234,"Ich denkt, das beste Preis - Leistungs - Verhältnis in dem Bostoner Grossraum.",73.53223419189453,1
Ich komme gerne wieder hierher.,71.76456451416016,Ich kommt gerne wieder hierher.,145.6946563720703,1
Ich bin mit meinen Welsh - Corgi - Cardigan Rüden seit 6 Jahren bei Dr. Delorme.,68.28372192382812,Ich ist mit meinen Welsh - Corgi - Cardigan Rüden seit 6 Jahren bei Dr. Delorme.,79.24121856689453,1
"``Ich erwarte von einer unverwässerten Reform einen deutlichen Wachstumsschub'', erklärte Rexrodt.",43.95402526855469,"``Ich erwartet von einer unverwässerten Reform einen deutlichen Wachstumsschub'', erklärte Rexrodt.",43.78175735473633,0
"Ich zweifle, ob wir das überlebten, ob der Staat das überlebte.",20.180559158325195,"Ich zweifelt, ob wir das überlebten, ob der Staat das überlebte.",24.4956111907959,1
"Ich werde so oder so in das Gefängnis kommen, ich hoffe, das war es wert.",27.29214859008789,"Ich werde so oder so in das Gefängnis kommen, ich hofft, das war es wert.",35.607093811035156,1
Ich halte diese Arztin fachlich für höchst inkompentent.,55.9143180847168,Ich hält diese Arztin fachlich für höchst inkompentent.,71.99166107177734,1
"Ich bin dagegen, daß wir alle Erfahrungen der letzten 30 Jahre über Bord werfen.",27.32663917541504,"Ich ist dagegen, daß wir alle Erfahrungen der letzten 30 Jahre über Bord werfen.",36.026432037353516,1
"In der Ecke steht ein Mädchen mit Kopftuch und Jeans, das so unprätentiös aussieht, dass ich denke, dass es eine andere Assistentin ist.",16.669965744018555,"In der Ecke steht ein Mädchen mit Kopftuch und Jeans, das so unprätentiös aussieht, dass ich denkt, dass es eine andere Assistentin ist.",17.752965927124023,1
Sie ist einfach ein Profi und ich habe und werde sie jederzeit weiterempfehlen.,30.155363082885742,Sie ist einfach ein Profi und ich hat und werde sie jederzeit weiterempfehlen.,42.36515426635742,1
"Also ich bin öfter hier, da es mir hier sehr gut gefällt!",49.19428634643555,"Also ich ist öfter hier, da es mir hier sehr gut gefällt!",62.897396087646484,1
"Ich gehöre zu den vielen Einwanderern in Deutschland, aber auch ich habe meine Rechte, und lasse mich von keinem so abwertend behandeln.",23.322154998779297,"Ich gehört zu den vielen Einwanderern in Deutschland, aber auch ich habe meine Rechte, und lasse mich von keinem so abwertend behandeln.",25.601579666137695,1
"Ich gehe regelmäßig zu der Maniküre, Depilation und Gesichtsbehandlung.",20.96450424194336,"Ich geht regelmäßig zu der Maniküre, Depilation und Gesichtsbehandlung.",23.29180908203125,1
Fazit: ich komme gerne wieder hierher!,44.25529098510742,Fazit: ich kommt gerne wieder hierher!,84.35675048828125,1
Zu den Donuts: Ich kenne die Donuts von Dunkin sowie Krispy Kreme.,49.623348236083984,Zu den Donuts: Ich kennt die Donuts von Dunkin sowie Krispy Kreme.,55.35908126831055,1
Ich weiche dann oft auf Pizza oder Dönertasche aus.,953.1613159179688,Ich weicht dann oft auf Pizza oder Dönertasche aus.,926.9217529296875,0
Das alles bei einem -- wie ich finde -- sehr guten Preis - Leistungsverhältnis.,27.98142433166504,Das alles bei einem -- wie ich findet -- sehr guten Preis - Leistungsverhältnis.,38.85822296142578,1
"Das letzte Jahr war unglaublich, und ich setze Einiges daran, damit wir uns in dem Jahr 2017 noch weiter verbessern.",19.07981300354004,"Das letzte Jahr war unglaublich, und ich setzt Einiges daran, damit wir uns in dem Jahr 2017 noch weiter verbessern.",21.956802368164062,1
Ich kenne eigentlich kein besseres Restaurant als dieses.,31.544479370117188,Ich kennt eigentlich kein besseres Restaurant als dieses.,40.68948745727539,1
Ich hoffe ich muss nicht darauf zurückgreifen.,42.45370864868164,Ich hofft ich muss nicht darauf zurückgreifen.,72.91787719726562,1
Ich gehe in regelmäßigen Abständen und es ist immer wieder gut.,20.454147338867188,Ich geht in regelmäßigen Abständen und es ist immer wieder gut.,23.962007522583008,1
Ich wünsche dem neuen Team für die Saison 2010 einen vollen Erfolg.,21.75883674621582,Ich wünscht dem neuen Team für die Saison 2010 einen vollen Erfolg.,27.28850555419922,1
"Ich frage mich auch, ob der Davis Cup eine Rolle spielte.",32.05830383300781,"Ich frägt mich auch, ob der Davis Cup eine Rolle spielte.",49.704345703125,1
"Ich bin zu dem Entschluss gekommen, dass Selbsthilfe die bessere Lösung ist, denn ich fühle mich nicht ernst genommen, wenn man versucht mir lediglich Medikamente zu der Behandlung zu verschreiben.",11.010296821594238,"Ich bin zu dem Entschluss gekommen, dass Selbsthilfe die bessere Lösung ist, denn ich fühlt mich nicht ernst genommen, wenn man versucht mir lediglich Medikamente zu der Behandlung zu verschreiben.",12.493237495422363,1
Ich wünsche Ihnen weiterhin alles gute.,58.14867401123047,Ich wünscht Ihnen weiterhin alles gute.,88.66542053222656,1
Ich freue mich auf ein Feedback,77.82855224609375,Ich freut mich auf ein Feedback,123.5390625,1
"""ich bin dagegen, daß wir alle Erfahrungen der letzten 30 Jahre über Bord werfen.""",46.323429107666016,"""ich ist dagegen, daß wir alle Erfahrungen der letzten 30 Jahre über Bord werfen.""",55.6513557434082,1
"Ich finde es wirklich toll, dass es Euch jetzt gibt!",46.75111770629883,"Ich findet es wirklich toll, dass es Euch jetzt gibt!",60.80387878417969,1
Ich gehe Jetzt gerne zu dem Zahnarzt!!,143.03160095214844,Ich geht Jetzt gerne zu dem Zahnarzt!!,262.3074035644531,1
ich bin recht oft in Hotels unterwegs.,116.65991973876953,ich ist recht oft in Hotels unterwegs.,144.62171936035156,1
Ich finde die Pizzas in der Pizzeria Venezia einfach nur mega lecker!!,57.679073333740234,Ich findet die Pizzas in der Pizzeria Venezia einfach nur mega lecker!!,70.25064086914062,1
"über den service kann man zwar nicht meckern, aber ich habe das gefühl, dass die reparatur selbst nur mittelmäßig ist.",34.568992614746094,"über den service kann man zwar nicht meckern, aber ich hat das gefühl, dass die reparatur selbst nur mittelmäßig ist.",41.53564453125,1
"Wie viele andere, die ich kenne, bin ich die letzten Monate lange aufgeblieben und habe mit Schrecken die Umfragen verfolgt.",25.274696350097656,"Wie viele andere, die ich kennt, bin ich die letzten Monate lange aufgeblieben und habe mit Schrecken die Umfragen verfolgt.",27.32497215270996,1
Ich fühle mich dort auf jeden Fall super aufgehoben und kann eine Behandlung nur weiter empfehlen.,21.132841110229492,Ich fühlt mich dort auf jeden Fall super aufgehoben und kann eine Behandlung nur weiter empfehlen.,27.514148712158203,1
Ich freue mich auf weitere Geschäfte.,37.16878890991211,Ich freut mich auf weitere Geschäfte.,49.13726043701172,1
"``Ich denke nicht daran, das zu einem bestimmten Thema zu machen'', betonte der SPD-Chef.",36.55436706542969,"``Ich denkt nicht daran, das zu einem bestimmten Thema zu machen'', betonte der SPD-Chef.",50.598976135253906,1
Ich bin seit 3 Sitzungen in Behandlung und ich fühle mich super gut aufgehoben.,19.258459091186523,Ich bin seit 3 Sitzungen in Behandlung und ich fühlt mich super gut aufgehoben.,25.097274780273438,1
"Ich wünsche ihnen weiterhin gutes Lesen und seien sie froh, dass man die Dienste ihres Arbeitgebers nicht in dem Internet bestellen kann.",27.70759391784668,"Ich wünscht ihnen weiterhin gutes Lesen und seien sie froh, dass man die Dienste ihres Arbeitgebers nicht in dem Internet bestellen kann.",31.6781063079834,1
Ich finde den Laden sehr gut und professionell.,84.0526351928711,Ich findet den Laden sehr gut und professionell.,121.17559814453125,1
"Ich liebe es, damit zu spielen, und ich bin immer auf der Suche nach passenden Musen, weil es so interessant ist, eine Kollektion zu entwerfen, wenn ich eine finde.",15.684633255004883,"Ich liebt es, damit zu spielen, und ich bin immer auf der Suche nach passenden Musen, weil es so interessant ist, eine Kollektion zu entwerfen, wenn ich eine finde.",17.208620071411133,1
"Der Außenbereich -- ist leider sehr bedrückend, ich fühle mich sehr eingeengt mit all den Häusermauern.",36.065948486328125,"Der Außenbereich -- ist leider sehr bedrückend, ich fühlt mich sehr eingeengt mit all den Häusermauern.",42.89971160888672,1
Ich hoffe es bleibt ihnen durch meine Beurteilung unnötiger Stress und Ärger erspart.,54.808311462402344,Ich hofft es bleibt ihnen durch meine Beurteilung unnötiger Stress und Ärger erspart.,73.16195678710938,1
"Ich bin seit längerer Zeit zu der Behandlung verschiedenster ""Leiden"" in der Physiotherapieraxis ""Gaby Montag"" in dem Vital Center und kann ausschließlich Positives berichten!",51.678096771240234,"Ich ist seit längerer Zeit zu der Behandlung verschiedenster ""Leiden"" in der Physiotherapieraxis ""Gaby Montag"" in dem Vital Center und kann ausschließlich Positives berichten!",58.64728546142578,1
Ich denke Ich werde wieder hingehen und kann den Laden nur empfhelen!,131.84959411621094,Ich denkt Ich werde wieder hingehen und kann den Laden nur empfhelen!,221.84521484375,1
Ich kaufe seit Jahren dort meine Technik und wurde bisher nie enttäuscht!,39.07333755493164,Ich kauft seit Jahren dort meine Technik und wurde bisher nie enttäuscht!,35.51953887939453,0
"In dem Gegensatz zu allen anderen Strandbars, die ich kenne, muss man dort keinen Eintritt oder Mindestverzehr bezahlen.",23.197248458862305,"In dem Gegensatz zu allen anderen Strandbars, die ich kennt, muss man dort keinen Eintritt oder Mindestverzehr bezahlen.",25.21239471435547,1
Ich fühle mich jedes mal unglaublich willkommen und kann diesen Heilpraktiker nur unbedingt weiter empfehlen.,18.727092742919922,Ich fühlt mich jedes mal unglaublich willkommen und kann diesen Heilpraktiker nur unbedingt weiter empfehlen.,22.051496505737305,1
Ich bin seit 3 Sitzungen in Behandlung und ich fühle mich super gut aufgehoben.,19.258459091186523,Ich ist seit 3 Sitzungen in Behandlung und ich fühle mich super gut aufgehoben.,22.222000122070312,1
"Über eine Zeile in einem ihrer vielen trauernden Facebook Posts hätte sich Chris sehr gefreut: „Ich kenne niemanden, der afrikanischer ist als du.“",45.655391693115234,"Über eine Zeile in einem ihrer vielen trauernden Facebook Posts hätte sich Chris sehr gefreut: „Ich kennt niemanden, der afrikanischer ist als du.“",51.67780303955078,1
"Das Team ist super nett, ich fühle mich sehr gut aufgeboben und der Wohlfühlfaktor ist zu 100 % gegeben.",17.210464477539062,"Das Team ist super nett, ich fühlt mich sehr gut aufgeboben und der Wohlfühlfaktor ist zu 100 % gegeben.",20.534347534179688,1
"Ich gehöre zu den vielen Einwanderern in Deutschland, aber auch ich habe meine Rechte, und lasse mich von keinem so abwertend behandeln.",23.322154998779297,"Ich gehöre zu den vielen Einwanderern in Deutschland, aber auch ich hat meine Rechte, und lasse mich von keinem so abwertend behandeln.",25.775426864624023,1
"Ich gehe gerne mit meiner Familie in das Hotel Sommer, weil die Umgebung auch den Kindern super gefällt.",32.05062484741211,"Ich geht gerne mit meiner Familie in das Hotel Sommer, weil die Umgebung auch den Kindern super gefällt.",40.26596450805664,1
Ich finde den Laden Super und die Mitarbeiter sind hilfreich wie noch was!,155.8795623779297,Ich findet den Laden Super und die Mitarbeiter sind hilfreich wie noch was!,197.2266845703125,1
"Ich liebe es, damit zu spielen, und ich bin immer auf der Suche nach passenden Musen, weil es so interessant ist, eine Kollektion zu entwerfen, wenn ich eine finde.",15.684633255004883,"Ich liebe es, damit zu spielen, und ich ist immer auf der Suche nach passenden Musen, weil es so interessant ist, eine Kollektion zu entwerfen, wenn ich eine finde.",17.83854866027832,1
"Ich gehe seitdem nicht nur bei Schmerzen zu dem Zahnarzt, sondern jetzt alle sechs Monate zu der Vorsorge!",35.98757553100586,"Ich geht seitdem nicht nur bei Schmerzen zu dem Zahnarzt, sondern jetzt alle sechs Monate zu der Vorsorge!",40.90528869628906,1
"„Superhelden bewegen sich außerhalb der menschlichen Erfahrung, genau wie diese Geschichte, weshalb ich sie wie ein Drama behandelt habe“, sagt Zimmer.",34.98158264160156,"„Superhelden bewegen sich außerhalb der menschlichen Erfahrung, genau wie diese Geschichte, weshalb ich sie wie ein Drama behandelt hat“, sagt Zimmer.",43.796142578125,1
"Ich weiß nicht, warum ich sie ausgesucht habe …",27.2625789642334,"Ich weiß nicht, warum ich sie ausgesucht hat …",44.9842529296875,1
Ich werde das Hotel Siemensstadt gern weiterempfehlen.,82.46472930908203,Ich wird das Hotel Siemensstadt gern weiterempfehlen.,80.0519790649414,0
"``Ich habe einiges erlebt, wovon ich nicht geglaubt hätte, daß ich es erleben würde'', verrät er vor aller Öffentlichkeit auf dem SPD-Parteitag.",18.882265090942383,"``Ich habe einiges erlebt, wovon ich nicht geglaubt habe, daß ich es erleben würde'', verrät er vor aller Öffentlichkeit auf dem SPD-Parteitag.",19.269094467163086,1
"Vielleicht spielt es keine Rolle, da ich das Problem nicht lange haben werde.",33.496639251708984,"Vielleicht spielt es keine Rolle, da ich das Problem nicht lange haben wird.",40.829505920410156,1
Ich werde Euch weiterempfehlen.,68.77716064453125,Ich wird Euch weiterempfehlen.,74.6807861328125,1
Eigentlich hatte ich mich auf meine neue Küche gefreut... aber ich hätte es wissen müssen.,24.939594268798828,Eigentlich hatte ich mich auf meine neue Küche gefreut... aber ich habe es wissen müssen.,27.036706924438477,1
"Als ich das erste Mal den Laden nach der Eröffnung gesehen habe, war ich sehr erstaunt was Frau Herrmann aus dem Laden zauberte.",23.77881622314453,"Als ich das erste Mal den Laden nach der Eröffnung gesehen hat, war ich sehr erstaunt was Frau Herrmann aus dem Laden zauberte.",28.890628814697266,1
Ich habe letzten Winter neue Reifen gekauft und die Sommerreifen dort eingelagert....,35.42668914794922,Ich hat letzten Winter neue Reifen gekauft und die Sommerreifen dort eingelagert....,46.79890441894531,1
"Noch eine Enttäuschung, wir sind jetzt der 07/10/11 und ich habe immer noch nicht gehört.",34.95358657836914,"Noch eine Enttäuschung, wir sind jetzt der 07/10/11 und ich hat immer noch nicht gehört.",44.0294075012207,1
Hier habe ich gefunden wonach ich lange gesucht habe!,68.58857727050781,Hier habe ich gefunden wonach ich lange gesucht hat!,88.74980926513672,1
"``Nach dem was ich in Gaza gesehen habe, bin ich doch sehr skeptisch'', faßt später Heinz Friedmann, Direktor für internationale Beziehungen bei dem Konzern Alcatel SEL, seine Eindrücke zusammen.",24.630910873413086,"``Nach dem was ich in Gaza gesehen hat, bin ich doch sehr skeptisch'', faßt später Heinz Friedmann, Direktor für internationale Beziehungen bei dem Konzern Alcatel SEL, seine Eindrücke zusammen.",26.867345809936523,1
"Seitdem ich einmal bei Deluca Schuhe gekauft habe, gehe ich immer dort hin!",34.299259185791016,"Seitdem ich einmal bei Deluca Schuhe gekauft hat, gehe ich immer dort hin!",45.872398376464844,1
"Öfters übernachtet jedoch meine Verwandtschaft dort und ich habe NIE Beschwerden gehört: sauber, ordentlich, gut und freundlich.",46.8072624206543,"Öfters übernachtet jedoch meine Verwandtschaft dort und ich hat NIE Beschwerden gehört: sauber, ordentlich, gut und freundlich.",53.94980239868164,1
"War das erste Mal mit Ueberzeugung in dem Waschsalon, die ich vorher immer gemieden habe, da ein anderer Laden in Bremerhaven nie wirklich einladend wirkte.",47.218360900878906,"War das erste Mal mit Ueberzeugung in dem Waschsalon, die ich vorher immer gemieden hat, da ein anderer Laden in Bremerhaven nie wirklich einladend wirkte.",51.779449462890625,1
"Ich habe nie an Krankengymnastik geglaubt und dachte, es wäre etwas für Rentner, bis ich eines Tages selbst schlimme Rückenschmerzen bekam, die über Wochen nicht weggingen.",11.763675689697266,"Ich hat nie an Krankengymnastik geglaubt und dachte, es wäre etwas für Rentner, bis ich eines Tages selbst schlimme Rückenschmerzen bekam, die über Wochen nicht weggingen.",13.563492774963379,1
Ich bin eigentlich nur durch Zufall dran vorbeigekommen und war total überrascht.,15.915772438049316,Ich ist eigentlich nur durch Zufall dran vorbeigekommen und war total überrascht.,18.97277069091797,1
Ich habe gesagt: ``Lieber mal ganz ruhig.'',132.5353546142578,Ich hat gesagt: ``Lieber mal ganz ruhig.'',198.87908935546875,1
"Ich werde das Studio auf keinen Fall weiterempfehlen -- und in Bonn gibts die Konkurrenz, die ist genauso gut.",52.71956253051758,"Ich wird das Studio auf keinen Fall weiterempfehlen -- und in Bonn gibts die Konkurrenz, die ist genauso gut.",53.95215606689453,1
ich werde die werkstatt jetzt wechseln.,184.336181640625,ich wird die werkstatt jetzt wechseln.,185.76121520996094,1
"Ich werde aber nicht mehr hingehen, da ich für meine Bedürfnisse bessere Orte kenne.",24.765438079833984,"Ich wird aber nicht mehr hingehen, da ich für meine Bedürfnisse bessere Orte kenne.",26.647613525390625,1
"Ich habe Herrn Dr. Kämpgen vor der Eröffnung seiner eigenen Praxis, in der Praxis für die er vorher tätig war kennen und schätzen gelernt.",22.834545135498047,"Ich hat Herrn Dr. Kämpgen vor der Eröffnung seiner eigenen Praxis, in der Praxis für die er vorher tätig war kennen und schätzen gelernt.",29.21299171447754,1
Bin jetzt schon seit einigen Jahren bei Herrn Dr. Sieben in Behandlung und ich bin immer zufrieden gewesen!,37.51454162597656,Bin jetzt schon seit einigen Jahren bei Herrn Dr. Sieben in Behandlung und ich ist immer zufrieden gewesen!,43.368648529052734,1
Ich habe einen Smart mit defektem Akumutator hingegeben und einen Smart mit gebrochener Feder in der Lenkung zurück bekommen.,138.59768676757812,Ich hat einen Smart mit defektem Akumutator hingegeben und einen Smart mit gebrochener Feder in der Lenkung zurück bekommen.,159.99505615234375,1
"``Ich bin wählen gegangen, weil die jetzige Situation nicht weiter andauern kann'', meinte in der Stadt Ouargla ein anderer.",69.957275390625,"``Ich ist wählen gegangen, weil die jetzige Situation nicht weiter andauern kann'', meinte in der Stadt Ouargla ein anderer.",90.02314758300781,1
"Ich bin zu dem Entschluss gekommen, dass Selbsthilfe die bessere Lösung ist, denn ich fühle mich nicht ernst genommen, wenn man versucht mir lediglich Medikamente zu der Behandlung zu verschreiben.",11.010296821594238,"Ich ist zu dem Entschluss gekommen, dass Selbsthilfe die bessere Lösung ist, denn ich fühle mich nicht ernst genommen, wenn man versucht mir lediglich Medikamente zu der Behandlung zu verschreiben.",12.256834983825684,1
"Ich werde in Zukunft sicher woanders einkaufen, wo man sich als Kunde noch willkommen fühlt.",43.85651779174805,"Ich wird in Zukunft sicher woanders einkaufen, wo man sich als Kunde noch willkommen fühlt.",47.54490280151367,1
Ich habe vor einiger Zeit für meinen landwirtschaftlichen Betrieb für meine Traktoren Schonspur Räder gekauft und dadurch sind meine Felder deutlich besser geworden.,25.691360473632812,Ich hat vor einiger Zeit für meinen landwirtschaftlichen Betrieb für meine Traktoren Schonspur Räder gekauft und dadurch sind meine Felder deutlich besser geworden.,30.54172706604004,1
"Als Patient muss man sich nicht alles gefallen lassen und ich habe lange überlegt, ob ich eine Beurteilung schreiben soll oder ob ich dem Arzt damit schade.",24.59541893005371,"Als Patient muss man sich nicht alles gefallen lassen und ich hat lange überlegt, ob ich eine Beurteilung schreiben soll oder ob ich dem Arzt damit schade.",28.56230926513672,1
Ich bin neu nach Münster gezogen und auf der Suche nach einem neuen Zahnarzt bei der Praxis von Dr. Kämpgen gelandet.,15.969139099121094,Ich ist neu nach Münster gezogen und auf der Suche nach einem neuen Zahnarzt bei der Praxis von Dr. Kämpgen gelandet.,18.181310653686523,1
Ich habe heute einen schleichenden Plattfuss bemerkt und brauchte deshalb schnell Ersatz für einen Reifen.,40.80854034423828,Ich hat heute einen schleichenden Plattfuss bemerkt und brauchte deshalb schnell Ersatz für einen Reifen.,55.229515075683594,1
Ich werde um diese Versicherung einen großen Bogen machen.,112.96499633789062,Ich wird um diese Versicherung einen großen Bogen machen.,139.62152099609375,1
"``Ich habe den Feuerlöscher leergemacht, aber es war nichts zu machen'', sagte ein Hausbewohner, der das Unglück unverletzt überlebte.",22.67148208618164,"``Ich hat den Feuerlöscher leergemacht, aber es war nichts zu machen'', sagte ein Hausbewohner, der das Unglück unverletzt überlebte.",25.73240852355957,1
Ich habe ein Fahrrad gesucht und bin auf den Fahrradshop an dem Johannesturm gestoßen.,34.065223693847656,Ich hat ein Fahrrad gesucht und bin auf den Fahrradshop an dem Johannesturm gestoßen.,45.60588073730469,1
ich habe jetzt auch gutscheine verschenkt und es kam gut an.,63.53262710571289,ich hat jetzt auch gutscheine verschenkt und es kam gut an.,82.9958267211914,1
Ich denke Ich werde wieder hingehen und kann den Laden nur empfhelen!,131.84959411621094,Ich denke Ich wird wieder hingehen und kann den Laden nur empfhelen!,200.3798370361328,1
Ich werde dem Verein nicht beitreten und kann auch keinem dazu raten!!,75.27789306640625,Ich wird dem Verein nicht beitreten und kann auch keinem dazu raten!!,84.5413818359375,1
"Ich habe mich mit Motocross befasst und das Gesicht dieser einen Frau tauchte immer wieder auf – in Fotografien, die aussahen, als kämen sie aus den 1970ern.",18.9148006439209,"Ich hat mich mit Motocross befasst und das Gesicht dieser einen Frau tauchte immer wieder auf – in Fotografien, die aussahen, als kämen sie aus den 1970ern.",20.83258819580078,1
Ich habe einige entdeckt.,112.81383514404297,Ich hat einige entdeckt.,254.1082305908203,1
"Ich habe zwei Nächte in dem Hotel ""Ladenmühle"" verbracht und war mehr als angenehm überrascht.",14.784405708312988,"Ich hat zwei Nächte in dem Hotel ""Ladenmühle"" verbracht und war mehr als angenehm überrascht.",18.23058319091797,1
Ich habe ähnliches noch nie erlebt.,45.90016555786133,Ich hat ähnliches noch nie erlebt.,88.36119842529297,1
"Es ist ein politischer Prozess und ich habe entschieden, nicht anwesend zu sein, hieß es darin.",15.463006973266602,"Es ist ein politischer Prozess und ich hat entschieden, nicht anwesend zu sein, hieß es darin.",19.01665496826172,1
Ich habe dann den Restbetrag überwiesen.,67.7061538696289,Ich hat dann den Restbetrag überwiesen.,122.35372924804688,1
Ich habe nur gute Erfahrungen mit der Werkstatt bei Reparaturen und Inspektionen gemacht.,19.726543426513672,Ich hat nur gute Erfahrungen mit der Werkstatt bei Reparaturen und Inspektionen gemacht.,27.251331329345703,1
"Ich habe dabei geholfen, dieses Problem zu beseitigen.""",37.22420883178711,"Ich hat dabei geholfen, dieses Problem zu beseitigen.""",56.21083068847656,1
"Ich habe hier meinen Alfa GT mit Lautsprechern, Endstufen und Subwoofern der deutschen Marke AMPIRE ausstatten lassen.",64.4394302368164,"Ich hat hier meinen Alfa GT mit Lautsprechern, Endstufen und Subwoofern der deutschen Marke AMPIRE ausstatten lassen.",83.85011291503906,1
Ich habe Herrn Henning angerufen um mich über die Erweiterung eines Geländes zu beraten.,24.47251319885254,Ich hat Herrn Henning angerufen um mich über die Erweiterung eines Geländes zu beraten.,32.97871398925781,1
Ich habe mehrere ausprobiert und war nie richtig zufrieden.,22.677520751953125,Ich hat mehrere ausprobiert und war nie richtig zufrieden.,32.32635498046875,1
"Ich werde so oder so in das Gefängnis kommen, ich hoffe, das war es wert.",27.29214859008789,"Ich wird so oder so in das Gefängnis kommen, ich hoffe, das war es wert.",28.151567459106445,1
"Ich habe mir nach meiner Fettabsaugung an dem Oberschenkel, auch noch an dem Bauch Fett absaugen lassen.",30.028030395507812,"Ich hat mir nach meiner Fettabsaugung an dem Oberschenkel, auch noch an dem Bauch Fett absaugen lassen.",35.03843688964844,1
"Bei meinem ersten Termin wurde mir alles erklärt, ich habe einen persönlichen Trainingsplan bekommen und mir wurden die Geräte gezeigt.",25.550310134887695,"Bei meinem ersten Termin wurde mir alles erklärt, ich hat einen persönlichen Trainingsplan bekommen und mir wurden die Geräte gezeigt.",30.00426483154297,1
Ich habe die Behandlung bei Frau Steinbach abgebrochen.,44.00346374511719,Ich hat die Behandlung bei Frau Steinbach abgebrochen.,64.02521514892578,1
"Ich habe nichts von meiner Schulter erzählt, das hat die Masseurin sofort selbst gemerkt und mich entsprechend behandelt.",37.66239547729492,"Ich hat nichts von meiner Schulter erzählt, das hat die Masseurin sofort selbst gemerkt und mich entsprechend behandelt.",49.25798034667969,1
Ich habe hier eine Hausratsversicherung abgeschlossen.,19.17311668395996,Ich hat hier eine Hausratsversicherung abgeschlossen.,30.75045394897461,1
Ich habe mich ziemlich abgezockt gefühlt.,20.132966995239258,Ich hat mich ziemlich abgezockt gefühlt.,30.56343650817871,1
Ich habe dort 2007 meinen OWD gemacht und weil mir das Tauchen so gefiel hab ich dort noch in dem selben Jahr den AOWD und den Deep drangehängt.,51.05793762207031,Ich hat dort 2007 meinen OWD gemacht und weil mir das Tauchen so gefiel hab ich dort noch in dem selben Jahr den AOWD und den Deep drangehängt.,62.33056640625,1
Ich habe es bereut meiner Mutter diesen Arzt empfohlen zu haben!,47.4146614074707,Ich hat es bereut meiner Mutter diesen Arzt empfohlen zu haben!,69.90362548828125,1
Ich habe meine Lippen durch Permanent Make up verschönern lassen und das Ergebnis ist einfach traumhaft.,28.132400512695312,Ich hat meine Lippen durch Permanent Make up verschönern lassen und das Ergebnis ist einfach traumhaft.,38.13047409057617,1
Ich habe die Stadtwerke als kompetenten und zuverlässigen Geschäftspartner kennengelernt und kann mich der ersten Beurteilung in keiner Hinsicht anschließen.,14.661691665649414,Ich hat die Stadtwerke als kompetenten und zuverlässigen Geschäftspartner kennengelernt und kann mich der ersten Beurteilung in keiner Hinsicht anschließen.,16.91596031188965,1
"``Ich habe versucht, so stark wie nur irgend möglich zu sein.",37.85434341430664,"``Ich hat versucht, so stark wie nur irgend möglich zu sein.",56.36827850341797,1
Ich habe mich für Partynasenbecher und Gebisseiswürfelformen entschieden!,111.60835266113281,Ich hat mich für Partynasenbecher und Gebisseiswürfelformen entschieden!,130.66729736328125,1
Ich habe meine Kette dann bei RADSPORT ALTIG reparieren lassen.,473.7690124511719,Ich hat meine Kette dann bei RADSPORT ALTIG reparieren lassen.,689.781982421875,1
"Ich habe heute morgen Oskar gefragt, ob er bereit ist zu kandidieren.",21.457754135131836,"Ich hat heute morgen Oskar gefragt, ob er bereit ist zu kandidieren.",28.948692321777344,1
"``Ich habe einiges erlebt, wovon ich nicht geglaubt hätte, daß ich es erleben würde'', verrät er vor aller Öffentlichkeit auf dem SPD-Parteitag.",18.882265090942383,"``Ich hat einiges erlebt, wovon ich nicht geglaubt hätte, daß ich es erleben würde'', verrät er vor aller Öffentlichkeit auf dem SPD-Parteitag.",21.968364715576172,1
"Dieser betrieb erstmals für die Archäologie in Mesopotamien Bauaufnahmen, in der die Lage der einzelnen Steine und Mauern erkennbar blieb und nachfolgende Archäologen daraus die Grundrisse in ihrer historischen Abfolge beurteilen können.",17.6603946685791,"Dieser betrieb erstmals für die Archäologie in Mesopotamien Bauaufnahmen, in der die Lage der einzelnen Steine und Mauern erkennbar blieb und nachfolgende Archäologen daraus die Grundrisse in ihrer historischen Abfolge beurteilen könnt.",19.741273880004883,1
"""Aber das Gericht hat dies nicht mit der Eindeutigkeit und der Klarheit getan, die wir uns gewünscht hätten'', sagte er.""",29.10321617126465,"""Aber das Gericht hat dies nicht mit der Eindeutigkeit und der Klarheit getan, die wir uns gewünscht hättet'', sagte er.""",31.35279655456543,1
"Ich weiß nicht, warum ich sie ausgesucht habe …",27.2625789642334,"Ich weiß nicht, warum ich sie ausgesucht hast …",53.539268493652344,1
Ist einer der besten Restaurationsbetriebe den ich finden konnte.,68.91783142089844,Ist einer der besten Restaurationsbetriebe den ich finden konntest.,67.99932098388672,0
"``Ich habe einiges erlebt, wovon ich nicht geglaubt hätte, daß ich es erleben würde'', verrät er vor aller Öffentlichkeit auf dem SPD-Parteitag.",18.882265090942383,"``Ich habe einiges erlebt, wovon ich nicht geglaubt hätte, daß ich es erleben würdest'', verrät er vor aller Öffentlichkeit auf dem SPD-Parteitag.",22.8350887298584,1
"„Superhelden bewegen sich außerhalb der menschlichen Erfahrung, genau wie diese Geschichte, weshalb ich sie wie ein Drama behandelt habe“, sagt Zimmer.",34.98158264160156,"„Superhelden bewegen sich außerhalb der menschlichen Erfahrung, genau wie diese Geschichte, weshalb ich sie wie ein Drama behandelt hast“, sagt Zimmer.",45.48799133300781,1
"In der pharmazeutischen Herstellung spielt die Qualitätssicherung eine zentrale Rolle, da hier Qualitätsabweichungen direkte Auswirkungen auf die Gesundheit der Verbraucher haben können.",6.371289253234863,"In der pharmazeutischen Herstellung spielt die Qualitätssicherung eine zentrale Rolle, da hier Qualitätsabweichungen direkte Auswirkungen auf die Gesundheit der Verbraucher haben könnt.",7.809319496154785,1
"Pizza gibt es dort, auch wenn die Wartezeiten manchmal etwas lang werden können.",39.005008697509766,"Pizza gibt es dort, auch wenn die Wartezeiten manchmal etwas lang werden könnt.",48.42619705200195,1
Ein hervorragender Schulgarten in dem die Schüler einiges über die Natur lernen können.,17.621850967407227,Ein hervorragender Schulgarten in dem die Schüler einiges über die Natur lernen könnt.,24.81547737121582,1
"``Das zeigt doch, daß wir die Wende zu dem Besseren geschafft haben.''",56.633304595947266,"``Das zeigt doch, daß wir die Wende zu dem Besseren geschafft habt.''",76.5486831665039,1
"``Wir wissen, daß Aufklärung nicht so schnell zu erreichen ist, wie wir das vor zwanzig Jahren gedacht haben;",26.667150497436523,"``Wir wissen, daß Aufklärung nicht so schnell zu erreichen ist, wie wir das vor zwanzig Jahren gedacht habt;",33.22171401977539,1
"Nachdem ich zu dem Thema zahlreiche Diskussionen in dem Internet entdeckt hatte, wurde meine Liste ungeheuer lang und deckte fast alle Bundesstaaten der USA ab.",22.275150299072266,"Nachdem ich zu dem Thema zahlreiche Diskussionen in dem Internet entdeckt hattest, wurde meine Liste ungeheuer lang und deckte fast alle Bundesstaaten der USA ab.",25.532285690307617,1
"Dass Ammoniten jedoch Augen besessen haben müssen, scheint unstrittig.",103.66487121582031,"Dass Ammoniten jedoch Augen besessen habt müssen, scheint unstrittig.",145.43748474121094,1
"``Wir in der Wirtschaft lernen von eurer Erniedrigung und von euren Skandalen, daß wir noch mehr die Öffentlichkeit meiden müssen.",34.60981369018555,"``Wir in der Wirtschaft lernen von eurer Erniedrigung und von euren Skandalen, daß wir noch mehr die Öffentlichkeit meiden müsst.",37.972015380859375,1
"Also irgendwie ist das schon das 3. Hotel in BS, in dem ich schlafen muß, was echt unter aller Sau ist.",102.76976013183594,"Also irgendwie ist das schon das 3. Hotel in BS, in dem ich schlafen musst, was echt unter aller Sau ist.",119.27237701416016,1
"Und sie räumte ein: „Schauen Sie sich an, wo sie zugibt, dass wir etwas anders machen müssen – wir können es besser – und wo sie Bedauern ausgesprochen hat.“",31.20736312866211,"Und sie räumte ein: „Schauen Sie sich an, wo sie zugibt, dass wir etwas anders machen müsst – wir können es besser – und wo sie Bedauern ausgesprochen hat.“",33.08500671386719,1
"War jetzt in fast allen Tabledance Clubs in München wobei ich sagen muss, dass der neu eröffnete Laden Blackboxxx für Männer der mit Abstand beste Laden ist.",134.63717651367188,"War jetzt in fast allen Tabledance Clubs in München wobei ich sagen musst, dass der neu eröffnete Laden Blackboxxx für Männer der mit Abstand beste Laden ist.",143.98312377929688,1
"Leider weigert sich das Rauschgold einen fachmännischen Lärmschutz anzubringen, so dass wir diese Location nicht empfehlen können.",26.346235275268555,"Leider weigert sich das Rauschgold einen fachmännischen Lärmschutz anzubringen, so dass wir diese Location nicht empfehlen könnt.",33.547428131103516,1
"``Wir in der Wirtschaft lernen von eurer Erniedrigung und von euren Skandalen, daß wir noch mehr die Öffentlichkeit meiden müssen.",34.60981369018555,"``Wir in der Wirtschaft lernen von eurer Erniedrigung und von euren Skandalen, daß wir noch mehr die Öffentlichkeit meiden müsst.",37.972015380859375,1
"``Nach dem was ich in Gaza gesehen habe, bin ich doch sehr skeptisch'', faßt später Heinz Friedmann, Direktor für internationale Beziehungen bei dem Konzern Alcatel SEL, seine Eindrücke zusammen.",24.630910873413086,"``Nach dem was ich in Gaza gesehen hast, bin ich doch sehr skeptisch'', faßt später Heinz Friedmann, Direktor für internationale Beziehungen bei dem Konzern Alcatel SEL, seine Eindrücke zusammen.",28.637109756469727,1
"``Ich habe einiges erlebt, wovon ich nicht geglaubt hätte, daß ich es erleben würde'', verrät er vor aller Öffentlichkeit auf dem SPD-Parteitag.",18.882265090942383,"``Ich habe einiges erlebt, wovon ich nicht geglaubt hättest, daß ich es erleben würde'', verrät er vor aller Öffentlichkeit auf dem SPD-Parteitag.",22.392541885375977,1
wir waren zu einer feierlichkeit mit insgesamt 4 paaren angereist und in allen belangen restlos zufrieden.,30.925661087036133,wir wart zu einer feierlichkeit mit insgesamt 4 paaren angereist und in allen belangen restlos zufrieden.,46.38213348388672,1
Wir haben zwei Pizzas bestellen.,299.349853515625,Wir habt zwei Pizzas bestellen.,284.64581298828125,0
"War das erste Mal mit Ueberzeugung in dem Waschsalon, die ich vorher immer gemieden habe, da ein anderer Laden in Bremerhaven nie wirklich einladend wirkte.",47.218360900878906,"War das erste Mal mit Ueberzeugung in dem Waschsalon, die ich vorher immer gemieden hast, da ein anderer Laden in Bremerhaven nie wirklich einladend wirkte.",56.35602569580078,1
"Auch das Servieren der Speisen ging auffallend schnell, also ich könnte nicht so schnell kochen.",49.580379486083984,"Auch das Servieren der Speisen ging auffallend schnell, also ich könntest nicht so schnell kochen.",45.88249588012695,0
"Da es schon 19.30 h war, erklärte ich, dass ich verzichten würde und man brauche dieses Kaltgericht und eine Kartoffelsuppe nicht mehr zu servieren.",37.16020584106445,"Da es schon 19.30 h war, erklärte ich, dass ich verzichten würdest und man brauche dieses Kaltgericht und eine Kartoffelsuppe nicht mehr zu servieren.",43.04954147338867,1
"Seitdem ich einmal bei Deluca Schuhe gekauft habe, gehe ich immer dort hin!",34.299259185791016,"Seitdem ich einmal bei Deluca Schuhe gekauft hast, gehe ich immer dort hin!",47.98031997680664,1
"Es wurde betont, dass wir nicht mit denen weiterarbeiten können, die völlig gegen Italien sind.",29.203584671020508,"Es wurde betont, dass wir nicht mit denen weiterarbeiten könnt, die völlig gegen Italien sind.",35.784507751464844,1
"Als ich das erste Mal den Laden nach der Eröffnung gesehen habe, war ich sehr erstaunt was Frau Herrmann aus dem Laden zauberte.",23.77881622314453,"Als ich das erste Mal den Laden nach der Eröffnung gesehen hast, war ich sehr erstaunt was Frau Herrmann aus dem Laden zauberte.",32.68728256225586,1
"Auch von der Qualität, soweit ich das beurteilen kann, sind die deutlich schlechter.",20.73774528503418,"Auch von der Qualität, soweit ich das beurteilen kannst, sind die deutlich schlechter.",27.64322853088379,1
Das war der Punkt an dem wir hätten gehen sollen.,37.181800842285156,Das war der Punkt an dem wir hättet gehen sollen.,50.29292297363281,1
"Es scheint nämlich, daß Melatonin und die Zirbeldrüse die Uhr des Alters kontrollieren und daß wir Melatonin einsetzen können, um den Alterungsprozeß zu verlangsamen.",17.78714370727539,"Es scheint nämlich, daß Melatonin und die Zirbeldrüse die Uhr des Alters kontrollieren und daß wir Melatonin einsetzen könnt, um den Alterungsprozeß zu verlangsamen.",20.38423728942871,1
Wir konnten deshalb die offene Position ohne eigenen Rekrutierungsaufwand zügig besetzen.,27.379934310913086,Wir konntet deshalb die offene Position ohne eigenen Rekrutierungsaufwand zügig besetzen.,33.514888763427734,1
"Vielleicht spielt es keine Rolle, da ich das Problem nicht lange haben werde.",33.496639251708984,"Vielleicht spielt es keine Rolle, da ich das Problem nicht lange haben wirst.",39.57334899902344,1
"Richard sagte dazu: ""Dieser Werbespot ist total lächerlich,... Ich konnte es nicht fassen, als ich den Spot zu dem ersten Mal sah.""",36.92877197265625,"Richard sagte dazu: ""Dieser Werbespot ist total lächerlich,... Ich konntest es nicht fassen, als ich den Spot zu dem ersten Mal sah.""",37.86342239379883,1
Eigentlich hatte ich mich auf meine neue Küche gefreut... aber ich hätte es wissen müssen.,24.939594268798828,Eigentlich hatte ich mich auf meine neue Küche gefreut... aber ich hättest es wissen müssen.,29.98192596435547,1
Auch ich musste suchen (1. OG) und fand es dann.,96.70095825195312,Auch ich musstest suchen (1. OG) und fand es dann.,204.94468688964844,1
"Wir werden prüfen, ob und wie wir in dem nächsten Abschnitt fortfahren.",39.86016082763672,"Wir werdet prüfen, ob und wie wir in dem nächsten Abschnitt fortfahren.",66.34864807128906,1
"Wir Augenärzte können nicht immer umsonst beraten!""",174.70849609375,"Wir Augenärzte könnt nicht immer umsonst beraten!""",247.3938446044922,1
"„Ich möchte euch ungern unter Druck setzen, aber das Schicksal der Republik liegt in euren Händen“, sagte er zu der Menschenmenge, die sich auf einem Sportplatz an der University of North Carolina versammelt hatte.",14.468504905700684,"„Ich möchtest euch ungern unter Druck setzen, aber das Schicksal der Republik liegt in euren Händen“, sagte er zu der Menschenmenge, die sich auf einem Sportplatz an der University of North Carolina versammelt hatte.",15.082082748413086,1
"``Wir wollen damit verhindern, daß eine allein subjektive Sicht von Wolf referiert wird'', hieß es bei Bertelsmann.",66.04364013671875,"``Wir wollt damit verhindern, daß eine allein subjektive Sicht von Wolf referiert wird'', hieß es bei Bertelsmann.",73.25770568847656,1
"Wir sind so enttäuscht, weil wir 6 Punkte bei Heimspielen verloren haben.",16.485319137573242,"Wir sind so enttäuscht, weil wir 6 Punkte bei Heimspielen verloren habt.",19.50588607788086,1
"Öfters übernachtet jedoch meine Verwandtschaft dort und ich habe NIE Beschwerden gehört: sauber, ordentlich, gut und freundlich.",46.8072624206543,"Öfters übernachtet jedoch meine Verwandtschaft dort und ich hast NIE Beschwerden gehört: sauber, ordentlich, gut und freundlich.",56.717247009277344,1
"Als Millican starb, nahmen wir an, wir hätten damit auch unseren etwas störanfälligen Odi zu dem letzten Mal gesehen.",78.93183135986328,"Als Millican starb, nahmen wir an, wir hättet damit auch unseren etwas störanfälligen Odi zu dem letzten Mal gesehen.",96.68965911865234,1
"Ich wollte nicht warten, bis sich meine Einschätzung abgeklärt hat, ich wollte meine Eindrücke sofort umsetzen.",20.447967529296875,"Ich wolltest nicht warten, bis sich meine Einschätzung abgeklärt hat, ich wollte meine Eindrücke sofort umsetzen.",23.0904541015625,1
Wir mussten die Servicekraft 2x erinnern.,133.2606201171875,Wir musstet die Servicekraft 2x erinnern.,196.373291015625,1
"Ich war zwar nur einmal da, das direkt zu dem Herz - Röntgen, aber ich würde mir lieber für das nächste Mal einen anderen Arzt suchen.",44.2931022644043,"Ich war zwar nur einmal da, das direkt zu dem Herz - Röntgen, aber ich würdest mir lieber für das nächste Mal einen anderen Arzt suchen.",49.726951599121094,1
Wir werden auf Alle Fälle wieder nach Reischach in das Petrus fahren!,262.10223388671875,Wir werdet auf Alle Fälle wieder nach Reischach in das Petrus fahren!,350.2326965332031,1
"Schade, aber wir können diese Hundeschule leider nicht empfehlen!!!",65.89522552490234,"Schade, aber wir könnt diese Hundeschule leider nicht empfehlen!!!",93.93634033203125,1
Ich habe nur gute Erfahrungen mit der Werkstatt bei Reparaturen und Inspektionen gemacht.,19.726543426513672,Ich hast nur gute Erfahrungen mit der Werkstatt bei Reparaturen und Inspektionen gemacht.,27.457626342773438,1
Diese zusätzliche Reparatur hat 6 zusätzliche Tage gedauert und ich dürfte auch noch die Hälfte bezahlen.,29.431928634643555,Diese zusätzliche Reparatur hat 6 zusätzliche Tage gedauert und ich dürftest auch noch die Hälfte bezahlen.,48.013999938964844,1
"Auf telefonische Nachfrage wurde uns mitgeteilt, dass die Firma Kaiser doch kein Angebot machen wird, da wir Vergleichsangebote vorliegen haben.",30.42953872680664,"Auf telefonische Nachfrage wurde uns mitgeteilt, dass die Firma Kaiser doch kein Angebot machen wird, da wir Vergleichsangebote vorliegen habt.",32.061866760253906,1
Wir hatten schon einige Hundeschulen ausprobiert aber es wurde schlimmer als besser.,69.0921859741211,Wir hattet schon einige Hundeschulen ausprobiert aber es wurde schlimmer als besser.,78.54204559326172,1
"``Wir dürfen niemals vergessen, daß nach dem gleichen Maß, mit dem wir die Angeklagten heute messen, auch wir morgen von der Geschichte gemessen werden.",26.440820693969727,"``Wir dürft niemals vergessen, daß nach dem gleichen Maß, mit dem wir die Angeklagten heute messen, auch wir morgen von der Geschichte gemessen werden.",34.67971420288086,1
Ich kann es nur weiter empfehlen.,32.53537368774414,Ich kannst es nur weiter empfehlen.,114.8149185180664,1
Ich muß leider rügen -- Ich hatte eine Gesichtsbehandlung bei Albrecht und bin sehr enttäuscht.,35.019779205322266,Ich musst leider rügen -- Ich hatte eine Gesichtsbehandlung bei Albrecht und bin sehr enttäuscht.,36.71194839477539,1
"``Dafür steht die Firma Syncronys gerade, und wir werden auch die Kosten übernehmen'', so Poertner.",133.07940673828125,"``Dafür steht die Firma Syncronys gerade, und wir werdet auch die Kosten übernehmen'', so Poertner.",161.6333465576172,1
"Ich möchte auf diesem Wege dem gesamtem Team der ""Hauptstadtschwestern"" für die tatkräftige Hilfe und die aufmunternden Worte danken.",20.369609832763672,"Ich möchtest auf diesem Wege dem gesamtem Team der ""Hauptstadtschwestern"" für die tatkräftige Hilfe und die aufmunternden Worte danken.",21.13066291809082,1
ich habe jetzt auch gutscheine verschenkt und es kam gut an.,63.53262710571289,ich hast jetzt auch gutscheine verschenkt und es kam gut an.,94.58906555175781,1
Ich habe mich ziemlich abgezockt gefühlt.,20.132966995239258,Ich hast mich ziemlich abgezockt gefühlt.,28.958480834960938,1
Wir sind dann einfach gegangen.,287.6039733886719,Wir seid dann einfach gegangen.,512.4398803710938,1
Und wir werden nie wieder kommen....,633.3345336914062,Und wir werdet nie wieder kommen....,1197.027099609375,1
Ich bin neu nach Münster gezogen und auf der Suche nach einem neuen Zahnarzt bei der Praxis von Dr. Kämpgen gelandet.,15.969139099121094,Ich bist neu nach Münster gezogen und auf der Suche nach einem neuen Zahnarzt bei der Praxis von Dr. Kämpgen gelandet.,19.970815658569336,1
"Wir hätten es schon ahnen müssen, als sich der vereinbarte Fertigungstermin um Monate nach hinten verschoben.",21.296728134155273,"Wir hättet es schon ahnen müssen, als sich der vereinbarte Fertigungstermin um Monate nach hinten verschoben.",25.378328323364258,1
Wir haben es in vollen Zügen genossen und gehen mit Tränen in den Augen wieder heim.,12.819258689880371,Wir habt es in vollen Zügen genossen und gehen mit Tränen in den Augen wieder heim.,15.090764999389648,1
Bin jetzt schon seit einigen Jahren bei Herrn Dr. Sieben in Behandlung und ich bin immer zufrieden gewesen!,37.51454162597656,Bin jetzt schon seit einigen Jahren bei Herrn Dr. Sieben in Behandlung und ich bist immer zufrieden gewesen!,51.201316833496094,1
"Ich wollte es mir mit ihnen anschauen, aber letztendlich entschieden sie sich, es lieber ohne mich anzuschauen.",17.877479553222656,"Ich wolltest es mir mit ihnen anschauen, aber letztendlich entschieden sie sich, es lieber ohne mich anzuschauen.",19.349594116210938,1
Ich werde Euch weiterempfehlen.,68.77716064453125,Ich wirst Euch weiterempfehlen.,110.56695556640625,1
"``Wir wollen zeigen, daß weniger Ressourcenverbrauch die Chance für eine neue Lebensqualität beinhaltet.''",48.02262878417969,"``Wir wollt zeigen, daß weniger Ressourcenverbrauch die Chance für eine neue Lebensqualität beinhaltet.''",60.18209457397461,1
Wir hatten unter den Chinarestaurants das Dynasty über die gmaps Bewertungen ausgewählt.,569.588134765625,Wir hattet unter den Chinarestaurants das Dynasty über die gmaps Bewertungen ausgewählt.,566.0635986328125,0
ich werde die werkstatt jetzt wechseln.,184.336181640625,ich wirst die werkstatt jetzt wechseln.,193.4650115966797,1
"Ich werde das Studio auf keinen Fall weiterempfehlen -- und in Bonn gibts die Konkurrenz, die ist genauso gut.",52.71956253051758,"Ich wirst das Studio auf keinen Fall weiterempfehlen -- und in Bonn gibts die Konkurrenz, die ist genauso gut.",59.94340896606445,1
Wir werden die Sonnendüne als Geheimtipp handeln.,101.00625610351562,Wir werdet die Sonnendüne als Geheimtipp handeln.,160.3057098388672,1
Ich hatte vor einigen Tagen das Cafe besucht und muss sagen: EINFACH TOLL!,45.27735900878906,Ich hattest vor einigen Tagen das Cafe besucht und muss sagen: EINFACH TOLL!,44.092506408691406,0
"Ich hatte einen gebacken Feta als Vorspeise bestellt und ich muss leider sagen, dass ich dessen Qualität auch mit Aldi Tiefkühlkost erreicht hätte!",43.709781646728516,"Ich hattest einen gebacken Feta als Vorspeise bestellt und ich muss leider sagen, dass ich dessen Qualität auch mit Aldi Tiefkühlkost erreicht hätte!",45.08089828491211,1
"Die Auswahl auf der Karte war zwar nicht allzu groß, aber wir haben trotzdem ein passendes Gericht gefunden, was auch sehr lecker war.",19.150041580200195,"Die Auswahl auf der Karte war zwar nicht allzu groß, aber wir habt trotzdem ein passendes Gericht gefunden, was auch sehr lecker war.",23.42730712890625,1
Hier habe ich gefunden wonach ich lange gesucht habe!,68.58857727050781,Hier habe ich gefunden wonach ich lange gesucht hast!,118.34233093261719,1
Ich habe die Stadtwerke als kompetenten und zuverlässigen Geschäftspartner kennengelernt und kann mich der ersten Beurteilung in keiner Hinsicht anschließen.,14.661691665649414,Ich hast die Stadtwerke als kompetenten und zuverlässigen Geschäftspartner kennengelernt und kann mich der ersten Beurteilung in keiner Hinsicht anschließen.,17.25814437866211,1
Ich habe dort 2007 meinen OWD gemacht und weil mir das Tauchen so gefiel hab ich dort noch in dem selben Jahr den AOWD und den Deep drangehängt.,51.05793762207031,Ich hast dort 2007 meinen OWD gemacht und weil mir das Tauchen so gefiel hab ich dort noch in dem selben Jahr den AOWD und den Deep drangehängt.,66.01841735839844,1
"Schritt des IG-Metall-Vorsitzenden Klaus Zwickel, der Unternehmern und Regierung ein ``Bündnis für Arbeit'' angeboten hat, sagte Kanzler Kohl an dem Mittwoch in dem Bundestag ``: Wir werden dieses Angebot aufnehmen und darüber sprechen.''",27.824928283691406,"Schritt des IG-Metall-Vorsitzenden Klaus Zwickel, der Unternehmern und Regierung ein ``Bündnis für Arbeit'' angeboten hat, sagte Kanzler Kohl an dem Mittwoch in dem Bundestag ``: Wir werdet dieses Angebot aufnehmen und darüber sprechen.''",31.721418380737305,1
Ich kann das einfach mit meinem Leben machen.,160.46102905273438,Ich kannst das einfach mit meinem Leben machen.,316.087646484375,1
Wir haben unseren Dachboden mit neuen Schränken ausstatten lassen.,19.408916473388672,Wir habt unseren Dachboden mit neuen Schränken ausstatten lassen.,25.532621383666992,1
"Ich bin zu dem Entschluss gekommen, dass Selbsthilfe die bessere Lösung ist, denn ich fühle mich nicht ernst genommen, wenn man versucht mir lediglich Medikamente zu der Behandlung zu verschreiben.",11.010296821594238,"Ich bist zu dem Entschluss gekommen, dass Selbsthilfe die bessere Lösung ist, denn ich fühle mich nicht ernst genommen, wenn man versucht mir lediglich Medikamente zu der Behandlung zu verschreiben.",12.913041114807129,1
"``Wir werden dagegen gerichtlich vorgehen'', kündigte die Pressesprecherin an.",28.388427734375,"``Wir werdet dagegen gerichtlich vorgehen'', kündigte die Pressesprecherin an.",36.59044647216797,1
"``Ich bin Köchin und biete mich an, ich kann wenigstens eine gute Suppe kochen.''",42.903873443603516,"``Ich bin Köchin und biete mich an, ich kannst wenigstens eine gute Suppe kochen.''",47.93620681762695,1
"``Wir haben der ganzen Welt gezeigt, daß wir Demokraten sind'', sagte ein alter Gemüsehändler.",29.937618255615234,"``Wir habt der ganzen Welt gezeigt, daß wir Demokraten sind'', sagte ein alter Gemüsehändler.",35.941349029541016,1
"Ich musste extrem aufpassen, dass ich mich nicht noch in dem Wald erkälte.",42.575923919677734,"Ich musstest extrem aufpassen, dass ich mich nicht noch in dem Wald erkälte.",85.37639617919922,1
"Ich würde jedem davon abraten, diese Praxis zu besuchen.",24.766483306884766,"Ich würdest jedem davon abraten, diese Praxis zu besuchen.",31.018836975097656,1
"``Wir wollen alles tun, um auf diesem Weg weiter voranzukommen'', sagte der Bundeskanzler.",24.683271408081055,"``Wir wollt alles tun, um auf diesem Weg weiter voranzukommen'', sagte der Bundeskanzler.",32.26515579223633,1
"Ich möchte dazu sagen, daß ich persönlich hier NOCH NIEMALS unfreundlich behandelt worden, bzw daß mir hier noch niemals irgendwelche unfrische Ware verkauft wurde.",33.05134963989258,"Ich möchtest dazu sagen, daß ich persönlich hier NOCH NIEMALS unfreundlich behandelt worden, bzw daß mir hier noch niemals irgendwelche unfrische Ware verkauft wurde.",33.53915786743164,1
"``Wir müssen'', so die 40jährige zu der FR, ``Symbole auch hinterfragen können.''",368.63702392578125,"``Wir müsst'', so die 40jährige zu der FR, ``Symbole auch hinterfragen können.''",340.4289245605469,0
"``Ich bin wählen gegangen, weil die jetzige Situation nicht weiter andauern kann'', meinte in der Stadt Ouargla ein anderer.",69.957275390625,"``Ich bist wählen gegangen, weil die jetzige Situation nicht weiter andauern kann'', meinte in der Stadt Ouargla ein anderer.",85.84416961669922,1
Wir haben uns mehrfach bei dem Personal beschwert -- das Bett wurde zwar mit einer weiteren Matraze ausgestattet aber das hat nix gebracht.,40.09843826293945,Wir habt uns mehrfach bei dem Personal beschwert -- das Bett wurde zwar mit einer weiteren Matraze ausgestattet aber das hat nix gebracht.,39.4771614074707,0
Wir haben sogar noch super Tipps für unsere anstehende Wanderung erhalten.,55.4586067199707,Wir habt sogar noch super Tipps für unsere anstehende Wanderung erhalten.,60.2862434387207,1
Wir haben den gesamten Fussboden erneuert und sämtliche Fenster mit neuen Vorhängen versehen.,10.45987606048584,Wir habt den gesamten Fussboden erneuert und sämtliche Fenster mit neuen Vorhängen versehen.,12.194574356079102,1
"Ich habe zwei Nächte in dem Hotel ""Ladenmühle"" verbracht und war mehr als angenehm überrascht.",14.784405708312988,"Ich hast zwei Nächte in dem Hotel ""Ladenmühle"" verbracht und war mehr als angenehm überrascht.",19.043672561645508,1
Ich möchte hiermit alle warnen.,227.95413208007812,Ich möchtest hiermit alle warnen.,166.38589477539062,0
"war heut zu dem ersten mal dort, und ich muss sagen, ich bin voll begeistert.",72.81520080566406,"war heut zu dem ersten mal dort, und ich musst sagen, ich bin voll begeistert.",77.7155532836914,1
Wir hatten für unser Fußballferiencamp der DJK Allersberg Pokale bestellt.,160.59536743164062,Wir hattet für unser Fußballferiencamp der DJK Allersberg Pokale bestellt.,189.54519653320312,1
Ich hoffe ich muss nicht darauf zurückgreifen.,42.45370864868164,Ich hoffe ich musst nicht darauf zurückgreifen.,36.56857681274414,0
"Das letzte planmäßige überregionale Güterzugpaar, ein Schnellgüterzug (Sg) Heidelberg - Würzburg, nutzte die Strecke bis Ende der 1980er Jahre.",17.83710479736328,"Das letzte planmäßige überregionale Güterzugpaar, ein Schnellgüterzug (Sg) Heidelberg - Würzburg, nutzten die Strecke bis Ende der 1980er Jahre.",17.218164443969727,0
"Eine Studie Birgitta Theanders von 2006 zu den Inhalten der Mädchen - Bücher Ringnér - Lundgrens zwischen 1945 und 1965 belegt überraschenderweise, dass die Autorin weniger die klassischen Themen wie einfache Probleme oder romantische Liebesgeschichten behandelte, sondern vielmehr soziale Klassenunterschiede und seit den 1960er Jahren auch Globalisierungprobleme ansprach.",20.49281120300293,"Eine Studie Birgitta Theanders von 2006 zu den Inhalten der Mädchen - Bücher Ringnér - Lundgrens zwischen 1945 und 1965 belegt überraschenderweise, dass die Autorin weniger die klassischen Themen wie einfache Probleme oder romantische Liebesgeschichten behandelten, sondern vielmehr soziale Klassenunterschiede und seit den 1960er Jahren auch Globalisierungprobleme ansprach.",21.591768264770508,1
Nur die Anpflanzung reblausresistenter Weinstöcke rettete den Weinbau in Hetzeldorf (siehe: Weinbau in Rumänien).,39.58935546875,Nur die Anpflanzung reblausresistenter Weinstöcke retteten den Weinbau in Hetzeldorf (siehe: Weinbau in Rumänien).,42.41941833496094,1
"Geschicktes Lavieren zwischen den Großmächten verschaffte Venedig günstige Handelsverträge, die ihm fast eine Monopolstellung in dem Handel zwischen Westeuropa und Byzanz eintrugen.",17.96770668029785,"Geschicktes Lavieren zwischen den Großmächten verschafften Venedig günstige Handelsverträge, die ihm fast eine Monopolstellung in dem Handel zwischen Westeuropa und Byzanz eintrugen.",18.52604866027832,1
"An dem Durchbruch, den der Bach in den Damm spülte, lässt sich das Schichtprofil der aufgeschütteten Erde ablesen.",46.79612350463867,"An dem Durchbruch, den der Bach in den Damm spülten, lässt sich das Schichtprofil der aufgeschütteten Erde ablesen.",52.111717224121094,1
"Bekannt sind auch sein Ballett Spartakus, dessen Adagio als Filmmusik der britischen Fernsehserie ""Die Onedin - Linie"" große Bekanntheit erlangte sowie die Schauspielmusik ""Maskerade"".",21.186779022216797,"Bekannt sind auch sein Ballett Spartakus, dessen Adagio als Filmmusik der britischen Fernsehserie ""Die Onedin - Linie"" große Bekanntheit erlangten sowie die Schauspielmusik ""Maskerade"".",22.87002944946289,1
"Die finanzielle Situation der Familie verschlechterte sich dadurch dramatisch, sodass August nach Amerika auswanderte.",28.758651733398438,"Die finanzielle Situation der Familie verschlechterten sich dadurch dramatisch, sodass August nach Amerika auswanderte.",33.58495330810547,1
"Ein Unternehmen, welches sein Schwiegersohn Frantisek Ladislav (Franz Ladislaus) Freiherr von Rieger zu dem Abschluss und Druck brachte.",36.135921478271484,"Ein Unternehmen, welches sein Schwiegersohn Frantisek Ladislav (Franz Ladislaus) Freiherr von Rieger zu dem Abschluss und Druck brachten.",39.732765197753906,1
"Seine anfängliche Sympathie für den Nationalsozialismus wandelte sich später zunehmend in Gegnerschaft, da er den Rassenwahn und Antisemitismus ablehnte.",8.557968139648438,"Seine anfängliche Sympathie für den Nationalsozialismus wandelten sich später zunehmend in Gegnerschaft, da er den Rassenwahn und Antisemitismus ablehnte.",9.802557945251465,1
"So ging er nach Australien, wo ihn die Ähnlichkeit der Bodenbeschaffenheit der dortigen Goldfelder mit den ihm bekannten Gegenden in Kalifornien zu weiteren Untersuchungen veranlasste.",17.192035675048828,"So ging er nach Australien, wo ihn die Ähnlichkeit der Bodenbeschaffenheit der dortigen Goldfelder mit den ihm bekannten Gegenden in Kalifornien zu weiteren Untersuchungen veranlassten.",18.086669921875,1
"Der rasante Prozeß der Medienentwicklung verändere die Formen des menschlichen Zusammenlebens, die Arbeit und die Werte.",17.054227828979492,"Der rasante Prozeß der Medienentwicklung verändern die Formen des menschlichen Zusammenlebens, die Arbeit und die Werte.",16.733686447143555,0
"Die von einem Kreuz bekrönte Kuppel über dem Eosanderportal beherbergte die Schlosskapelle, die in dem Januar 1854 geweiht wurde.",29.95499610900879,"Die von einem Kreuz bekrönte Kuppel über dem Eosanderportal beherbergten die Schlosskapelle, die in dem Januar 1854 geweiht wurde.",33.34282684326172,1
"Doch es gab eine Menge Leute, die den Spaß liebten, den die Band bei ihren Konzerten in Clubs und Colleges verbreitete.",21.746437072753906,"Doch es gab eine Menge Leute, die den Spaß liebten, den die Band bei ihren Konzerten in Clubs und Colleges verbreiteten.",22.757286071777344,1
"Eine Vielzahl an germanischen und hauptsächlich slawischen Stämmen durchquerte Mähren während der Völkerwanderungszeit, bevor die Slawen in dem 6. Jahrhundert n. Chr. dort ansässig wurden.",7.272339820861816,"Eine Vielzahl an germanischen und hauptsächlich slawischen Stämmen durchquerten Mähren während der Völkerwanderungszeit, bevor die Slawen in dem 6. Jahrhundert n. Chr. dort ansässig wurden.",7.634033679962158,1
"Ich habe mich mit Motocross befasst und das Gesicht dieser einen Frau tauchte immer wieder auf – in Fotografien, die aussahen, als kämen sie aus den 1970ern.",18.9148006439209,"Ich habe mich mit Motocross befasst und das Gesicht dieser einen Frau tauchten immer wieder auf – in Fotografien, die aussahen, als kämen sie aus den 1970ern.",21.073408126831055,1
"Die ehemalige katholische Pfarrkirche St. Peter und Paul, heute die Griechisch-orthodoxe Kirche Johannes der Täufer, in Kleinbüllesheim, einem Stadtteil von Euskirchen in dem Kreis Euskirchen (Nordrhein - Westfalen), wurde ab dem 10.",5.8300557136535645,"Die ehemalige katholische Pfarrkirche St. Peter und Paul, heute die Griechisch-orthodoxe Kirche Johannes der Täufer, in Kleinbüllesheim, einem Stadtteil von Euskirchen in dem Kreis Euskirchen (Nordrhein - Westfalen), wurden ab dem 10.",6.440868854522705,1
Der Hafen erleichterte auch das Löschen und Laden von Ladung.,82.20024108886719,Der Hafen erleichterten auch das Löschen und Laden von Ladung.,106.59339904785156,1
"Der Wähleranteil der Liberalen pendelte sich zunächst um 20 % ein, weshalb die Partei jeweils nur noch ein paar wenige Sitze gewinnen konnte.",20.444591522216797,"Der Wähleranteil der Liberalen pendelten sich zunächst um 20 % ein, weshalb die Partei jeweils nur noch ein paar wenige Sitze gewinnen konnte.",23.14390754699707,1
Das schwere Gefühl tiefer Trauer kehrte zurück.,52.15869140625,Das schwere Gefühl tiefer Trauer kehrten zurück.,71.27320861816406,1
Die Anzahl der Absteiger aus der ersten Liga variierte von null bis zwei.,32.695556640625,Die Anzahl der Absteiger aus der ersten Liga variierten von null bis zwei.,39.69800567626953,1
"Nach dem Tode des Vaters zog die Familie von Christiania nach Vang in Hedmark, heute Ortsteil von Hamar, wo die Mutter ihre nächsten Verwandten hatte.",22.92704200744629,"Nach dem Tode des Vaters zog die Familie von Christiania nach Vang in Hedmark, heute Ortsteil von Hamar, wo die Mutter ihre nächsten Verwandten hatten.",24.912952423095703,1
Das Indexschwergewicht Allianz rückte dabei um 49 Mark vor.,112.0452880859375,Das Indexschwergewicht Allianz rückten dabei um 49 Mark vor.,146.80206298828125,1
Die Zahl der Kinder lag zwischen 50 und 54.,73.99880981445312,Die Zahl der Kinder lagen zwischen 50 und 54.,52.64436340332031,0
Die Auszeichnung der Preisträger 2009 fand an dem Tag des Länderspiels der deutschen Nationalmannschaft gegen Aserbaidschan an dem 9.,12.883123397827148,Die Auszeichnung der Preisträger 2009 fanden an dem Tag des Länderspiels der deutschen Nationalmannschaft gegen Aserbaidschan an dem 9.,13.55778694152832,1
"Die Bundesbahn teilte an dem Sonntag mit, der Schnellzug D 1273 von Köln nach Port Bou an der südfranzösisch-spanischen Grenze falle vorerst aus.",23.08257293701172,"Die Bundesbahn teilte an dem Sonntag mit, der Schnellzug D 1273 von Köln nach Port Bou an der südfranzösisch-spanischen Grenze fallen vorerst aus.",26.923147201538086,1
Der kunsthistorische Beitrag Juliane von Fircks zu der Qualität der aus Stuck geformten Skulptur Anna Selbdritts in der Kirche St. Nikolai zu Stralsund in dem gleichnamigen Sachbuch ergab eine neue zeitliche Datierung der Entstehung der Plastik.,31.053909301757812,Der kunsthistorische Beitrag Juliane von Fircks zu der Qualität der aus Stuck geformten Skulptur Anna Selbdritts in der Kirche St. Nikolai zu Stralsund in dem gleichnamigen Sachbuch ergaben eine neue zeitliche Datierung der Entstehung der Plastik.,32.04405212402344,1
"Ihr Versuch, diesen Wahlerfolg auch auf andere Bundesländer, Europa- und Bundestagswahlen auszudehnen, scheiterte.",12.570308685302734,"Ihr Versuch, diesen Wahlerfolg auch auf andere Bundesländer, Europa- und Bundestagswahlen auszudehnen, scheiterten.",14.933462142944336,1
Der Protest der Arbeiter entzündete sich an den von der Regierung vorgesehenen Einschnitten bei der staatlichen Sozialversicherung.,14.771411895751953,Der Protest der Arbeiter entzündeten sich an den von der Regierung vorgesehenen Einschnitten bei der staatlichen Sozialversicherung.,16.600534439086914,1
Das heutige Amtsgericht entstand mit der Zusammenlegung der Amtsgerichte Salzgitter - Bad und Salzgitter - Salder in dem Jahr 1973.,13.041072845458984,Das heutige Amtsgericht entstanden mit der Zusammenlegung der Amtsgerichte Salzgitter - Bad und Salzgitter - Salder in dem Jahr 1973.,14.604514122009277,1
Auch das Justizsystem des Staates erfuhr damals eine Erneuerung.,21.827058792114258,Auch das Justizsystem des Staates erfuhren damals eine Erneuerung.,29.2313232421875,1
"Da die Verbreitung der Kernenergie überall auf großen Widerstand stoße, führe an Öl, Kohle und Gas kein Weg vorbei.",43.50642776489258,"Da die Verbreitung der Kernenergie überall auf großen Widerstand stoßen, führe an Öl, Kohle und Gas kein Weg vorbei.",45.620235443115234,1
"1901 war Siemens als Nachfolger Johannes von Miquels für das Amt des preußischen Finanzministers in dem Gespräch, die Verschlechterung von Siemens 'Gesundheitszustand -- Folge einer Krebserkrankung -- vereitelte jedoch die Ernennung.",25.68027114868164,"1901 war Siemens als Nachfolger Johannes von Miquels für das Amt des preußischen Finanzministers in dem Gespräch, die Verschlechterung von Siemens 'Gesundheitszustand -- Folge einer Krebserkrankung -- vereitelten jedoch die Ernennung.",26.276107788085938,1
"Die Machtübernahme der Nationalsozialisten veranlasste ihn, sich wieder mehr privaten Vorhaben zuzuwenden.",17.41128921508789,"Die Machtübernahme der Nationalsozialisten veranlassten ihn, sich wieder mehr privaten Vorhaben zuzuwenden.",20.01058006286621,1
"Der Sondergesandte der ASEAN - Staatengemeinschaft, der malaysische Außenminister Syed Hamid Albar, traf an dem 23.",14.817627906799316,"Der Sondergesandte der ASEAN - Staatengemeinschaft, der malaysische Außenminister Syed Hamid Albar, trafen an dem 23.",15.103082656860352,1
"Auch zu beachten ist, dass das Angebot aus der Internetreferenz in dem Laden selber für unseren Bedarf sichtlich fehlte...",76.52306365966797,"Auch zu beachten ist, dass das Angebot aus der Internetreferenz in dem Laden selber für unseren Bedarf sichtlich fehlten...",86.58113861083984,1
Der Wert der Grundstücke fiel rapide.,75.89167785644531,Der Wert der Grundstücke fielen rapide.,117.77448272705078,1
"Von dem Band 47 an, in dem die spätere Psychoanalytikerin Christa Rohde - Dachser damalige Sexualerziehung an dem Beispiel katholischer Kleinschriften analysierte, übernahmen Volkmar Sigusch und Gunter Schmidt als verantwortliche Redakteure die Reihe.",42.8581657409668,"Von dem Band 47 an, in dem die spätere Psychoanalytikerin Christa Rohde - Dachser damalige Sexualerziehung an dem Beispiel katholischer Kleinschriften analysierten, übernahmen Volkmar Sigusch und Gunter Schmidt als verantwortliche Redakteure die Reihe.",43.174560546875,1
"""Parteitag der Christdemokraten in Dillingen wählte an dem Samstag den 40jährigen Fraktionsvorsitzenden Peter Müller zu dem neuen Landeschef""",29.462804794311523,"""Parteitag der Christdemokraten in Dillingen wählten an dem Samstag den 40jährigen Fraktionsvorsitzenden Peter Müller zu dem neuen Landeschef""",31.08519744873047,1
"Das nächste mal rief ich extra vorher an, um einen Termin zu vereinbaren, damit der Konditor auch Zeit für uns hätte.",25.103389739990234,"Das nächste mal rief ich extra vorher an, um einen Termin zu vereinbaren, damit der Konditor auch Zeit für uns hätten.",24.99867820739746,0
"Dadurch wurde das traditionelle Eisammeln, das früher die Bestände stark beeinträchtigte, nahezu völlig unterbunden.",17.81900405883789,"Dadurch wurde das traditionelle Eisammeln, das früher die Bestände stark beeinträchtigten, nahezu völlig unterbunden.",18.432756423950195,1
Der Platz an dem Herd inspirierte auch die Künstler.,85.05477142333984,Der Platz an dem Herd inspirierten auch die Künstler.,102.4239730834961,1
Die klare Mehrzahl der Israelis verurteilte die Tat Goldsteins.,74.50473022460938,Die klare Mehrzahl der Israelis verurteilten die Tat Goldsteins.,75.22593688964844,1
"Es war so erfolgreich, dass das Militär es auch nach dem Krieg weiterhin viele Jahre nutzte, und es wurde auch in den 1980er Jahren noch von einigen Ländern verwendet.",12.648667335510254,"Es war so erfolgreich, dass das Militär es auch nach dem Krieg weiterhin viele Jahre nutzten, und es wurde auch in den 1980er Jahren noch von einigen Ländern verwendet.",13.548707008361816,1
"Sie führe einen ""Mutterkreuzzug"", dessen polarisierende Wirkung die von ihr moderierten Sendungen negativ beeinflusse.",34.713932037353516,"Sie führe einen ""Mutterkreuzzug"", dessen polarisierende Wirkung die von ihr moderierten Sendungen negativ beeinflussen.",35.22935485839844,1
"Der Franzose, der über seine Firma Bernard Tapie Finance Mehrheitsgesellschafter des nordbayerischen Unternehmens ist, ging auf die angeblich mit einer Milliarde Mark dotierte Offerte nicht ein.",39.39339828491211,"Der Franzose, der über seine Firma Bernard Tapie Finance Mehrheitsgesellschafter des nordbayerischen Unternehmens ist, gingen auf die angeblich mit einer Milliarde Mark dotierte Offerte nicht ein.",40.050533294677734,1
"Sie überlebte die Judenverfolgung, weil der mit dem Ehepaar Maertens befreundete Präsident der Reichstheaterkammer die Anfrage nach der ""arischen"" Abstammung von Frau Kramm mit dem Vermerk ""Bereits erledigt"" versah.",18.012168884277344,"Sie überlebte die Judenverfolgung, weil der mit dem Ehepaar Maertens befreundete Präsident der Reichstheaterkammer die Anfrage nach der ""arischen"" Abstammung von Frau Kramm mit dem Vermerk ""Bereits erledigt"" versahen.",19.057966232299805,1
"Die Südgrenze der amerikanischen Besatzungszone auf diesem Gebiet wurde so gewählt, dass die Autobahn Karlsruhe - München, die heutige Bundesautobahn 8, auf der ganzen Strecke innerhalb der amerikanischen Besatzungszone lag.",8.329307556152344,"Die Südgrenze der amerikanischen Besatzungszone auf diesem Gebiet wurde so gewählt, dass die Autobahn Karlsruhe - München, die heutige Bundesautobahn 8, auf der ganzen Strecke innerhalb der amerikanischen Besatzungszone lagen.",8.389101028442383,1
"Das Flugzeug mit sechs Offizieren und 13 Soldaten der Luftwaffe an Bord transportierte Treibstoff, Waffen und Munition von der Hauptstadt Colombo zu dem Stützpunkt Palay auf der Halbinsel Jaffna, der Hochburg der aufständischen Tamilen.",17.64952278137207,"Das Flugzeug mit sechs Offizieren und 13 Soldaten der Luftwaffe an Bord transportierten Treibstoff, Waffen und Munition von der Hauptstadt Colombo zu dem Stützpunkt Palay auf der Halbinsel Jaffna, der Hochburg der aufständischen Tamilen.",18.676786422729492,1
Der Hinweis des Hauses Waigel auf genauere Auskünfte an den Rechnungsprüfungsausschuß des Bundestages mißachte das parlamentarische Fragerecht.,39.79800796508789,Der Hinweis des Hauses Waigel auf genauere Auskünfte an den Rechnungsprüfungsausschuß des Bundestages mißachten das parlamentarische Fragerecht.,44.67193603515625,1
Das Magazin fasste bis zu 60 Dias.,230.43780517578125,Das Magazin fassten bis zu 60 Dias.,273.65753173828125,1
"CDU-Fraktionschef Roland Koch, der anders als die FDP bisher nur Wohnungsbaugesellschaften und Messe privatisieren wollte, deutete jetzt auch einen Meinungswandel der Union zu dem Flughafen an:",43.79581069946289,"CDU-Fraktionschef Roland Koch, der anders als die FDP bisher nur Wohnungsbaugesellschaften und Messe privatisieren wollte, deuteten jetzt auch einen Meinungswandel der Union zu dem Flughafen an:",51.637935638427734,1
"Die Zusage des Arbeitgebers auf Erstattung der Umzugskosten beinhalte in dem Zweifel auch den Rückumzug, entschied das Bundesarbeitsgericht (BAG) in einem an dem Montag in Kassel veröffentlichten Urteil (Az.: 5 AZR 216 / 94).",13.926697731018066,"Die Zusage des Arbeitgebers auf Erstattung der Umzugskosten beinhalten in dem Zweifel auch den Rückumzug, entschied das Bundesarbeitsgericht (BAG) in einem an dem Montag in Kassel veröffentlichten Urteil (Az.: 5 AZR 216 / 94).",14.71146297454834,1
"Genauer gesagt sank die Wahrscheinlichkeit für einen Konflikt um etwa 3 %, wenn die Quote der an einer Schule in dem Sekundarbereich eingeschriebenen jungen Männer 10 % über dem Durchschnitt lag, und eine Wirtschaftswachstumsrate von 1 % über dem Studiendurchschnitt senkte die Gefahr für einen Bürgerkrieg um etwa 1 %.",12.577493667602539,"Genauer gesagt sank die Wahrscheinlichkeit für einen Konflikt um etwa 3 %, wenn die Quote der an einer Schule in dem Sekundarbereich eingeschriebenen jungen Männer 10 % über dem Durchschnitt lag, und eine Wirtschaftswachstumsrate von 1 % über dem Studiendurchschnitt senkten die Gefahr für einen Bürgerkrieg um etwa 1 %.",12.486093521118164,0
Der Porschefahrer Tomohiko Sunako fuhr auf seinen Vordermann auf und schlug anschließend in die linke Streckenbegrenzung ein.,41.531219482421875,Der Porschefahrer Tomohiko Sunako fuhren auf seinen Vordermann auf und schlug anschließend in die linke Streckenbegrenzung ein.,44.951663970947266,1
"Ausgerechnet Lennons zänkische Witwe Yoko Ono, die jahrelang mit Paul McCartney über Copyrights gestritten hatte, überreichte den ``Fab Three'' das unvollständige Archivmaterial, das bereits auf illegalen Raubpressungen unter Fans kursierte.",50.00619888305664,"Ausgerechnet Lennons zänkische Witwe Yoko Ono, die jahrelang mit Paul McCartney über Copyrights gestritten hatte, überreichten den ``Fab Three'' das unvollständige Archivmaterial, das bereits auf illegalen Raubpressungen unter Fans kursierte.",55.217430114746094,1
Damit war Haiti erneut in zwei Lager gespalten und der alte Konflikt zwischen Schwarzen und Mulatten lebte wieder auf.,32.580039978027344,Damit war Haiti erneut in zwei Lager gespalten und der alte Konflikt zwischen Schwarzen und Mulatten lebten wieder auf.,38.44219207763672,1
"CSU-Generalsekretär Bernd Protzner betonte, der Machtwechsel an der SPD-Spitze stelle ``einen personellen und inhaltlichen Linksruck dar''.",68.84363555908203,"CSU-Generalsekretär Bernd Protzner betonte, der Machtwechsel an der SPD-Spitze stellen ``einen personellen und inhaltlichen Linksruck dar''.",77.30899047851562,1
Die Linie G verkehrte von dem Hauptbahnhof aus zu der Veranstaltung nach Golzheim.,73.1672592163086,Die Linie G verkehrten von dem Hauptbahnhof aus zu der Veranstaltung nach Golzheim.,79.70552062988281,1
"Leider kein Paradies, sondern ein Glashaus voller Mängel erwartete uns in unserem Wintergarten, der von der Firma Wintergartenbau gefertigt wurde.",23.8924503326416,"Leider kein Paradies, sondern ein Glashaus voller Mängel erwarteten uns in unserem Wintergarten, der von der Firma Wintergartenbau gefertigt wurde.",24.490203857421875,1
"Die Staten Island Railroad Incorporation erhielt eine Konzession, konnte aber nicht genügend finanzielle Mittel auftreiben, so dass die Konzession verfiel.",24.284948348999023,"Die Staten Island Railroad Incorporation erhielt eine Konzession, konnte aber nicht genügend finanzielle Mittel auftreiben, so dass die Konzession verfielen.",28.82550621032715,1
"Die Lira, die derzeit innerhalb des EWS auf dem vorletzten Platz liegt, neigte bereits seit dem dänischen Volksentscheid gegen den Vertrag von Maastricht zu der Schwäche.",24.154287338256836,"Die Lira, die derzeit innerhalb des EWS auf dem vorletzten Platz liegt, neigten bereits seit dem dänischen Volksentscheid gegen den Vertrag von Maastricht zu der Schwäche.",25.31081199645996,1
"Das Bürgertum, das sie somit repräsentieren, prägte durch Diskussionen über politische und kulturelle Themen die öffentliche Meinung.",13.831460952758789,"Das Bürgertum, das sie somit repräsentieren, prägten durch Diskussionen über politische und kulturelle Themen die öffentliche Meinung.",13.300567626953125,0
"US-Präsident William Jefferson Clinton, der wie so viele die tiefe, rauhe Stimme Rabins vermißte, schien gut informiert über die Lage in Israel.",38.483219146728516,"US-Präsident William Jefferson Clinton, der wie so viele die tiefe, rauhe Stimme Rabins vermißte, schienen gut informiert über die Lage in Israel.",45.816402435302734,1
"Die Smartphone-Generation bekam eine App, die sie verdiente, in der auch die beknackteste Situation in dem besten Fall ein Millionenpublikum fand.",67.3335189819336,"Die Smartphone-Generation bekam eine App, die sie verdiente, in der auch die beknackteste Situation in dem besten Fall ein Millionenpublikum fanden.",70.55758666992188,1
"Die Betriebsaufnahme der Ilseder Hütte in dem Jahr 1858 begründete für die Ilseder Region einen neuen, den industriellen Abschnitt seiner Geschichte.",27.84962272644043,"Die Betriebsaufnahme der Ilseder Hütte in dem Jahr 1858 begründeten für die Ilseder Region einen neuen, den industriellen Abschnitt seiner Geschichte.",35.20777130126953,1
"Riiser - Larsens Jahre der Polarforschung begannen 1925, als sein Landsmann Roald Amundsen, der berühmte Polarforscher, ihn fragte, ob er bei dem Versuch, den Nordpol zu überfliegen, sein Pilot sein wolle.",18.089757919311523,"Riiser - Larsens Jahre der Polarforschung begannen 1925, als sein Landsmann Roald Amundsen, der berühmte Polarforscher, ihn frugen, ob er bei dem Versuch, den Nordpol zu überfliegen, sein Pilot sein wolle.",23.521854400634766,1
"Der PDS-Vorsitzende Lothar Bisky äußerte die Hoffnung, daß die Sozialdemokraten nun den Mut zu einem Kurswechsel in dem Umgang mit der PDS aufbrächten.",11.993289947509766,"Der PDS-Vorsitzende Lothar Bisky äußerten die Hoffnung, daß die Sozialdemokraten nun den Mut zu einem Kurswechsel in dem Umgang mit der PDS aufbrächten.",13.928879737854004,1
"Als die Ära der Vertragsschauspieler sich dem Ende neigte, verließ Lucas 1959 Pinewood und arbeitete bis Ende der 1990er Jahre als freier Fotograf weiter.",27.988435745239258,"Als die Ära der Vertragsschauspieler sich dem Ende neigten, verließ Lucas 1959 Pinewood und arbeitete bis Ende der 1990er Jahre als freier Fotograf weiter.",27.670177459716797,0
"Die Witwe Rabins, Lea Rabin, bestätigte ihre Absicht, in die Politik gehen zu wollen.",40.634315490722656,"Die Witwe Rabins, Lea Rabin, bestätigten ihre Absicht, in die Politik gehen zu wollen.",42.42007827758789,1
"Die Leiterin einer UN-Inspektionsdelegation, Karen Jansen, teilte an dem Samstag in Bagdad mit, Gerät und Anlagen, die primär der Produktion von chemischen Waffen gedient hätten, seien vernichtet.",19.682302474975586,"Die Leiterin einer UN-Inspektionsdelegation, Karen Jansen, teilten an dem Samstag in Bagdad mit, Gerät und Anlagen, die primär der Produktion von chemischen Waffen gedient hätten, seien vernichtet.",22.733901977539062,1
Auch der Börsenkrach nach der Wiener Weltausstellung in dem Jahr 1873 verschonte die Stadt Salzburg nicht.,15.97230339050293,Auch der Börsenkrach nach der Wiener Weltausstellung in dem Jahr 1873 verschonten die Stadt Salzburg nicht.,16.56928062438965,1
Die Nutzung des Penken als Wintersportgebiet begann 1954 mit der Errichtung der Penkenbahn.,17.871295928955078,Die Nutzung des Penken als Wintersportgebiet begannen 1954 mit der Errichtung der Penkenbahn.,21.100265502929688,1
"Ludwig der Deutsche marschierte in Mähren ein und tauschte Mojmír I. gegen dessen Neffen Rastiz aus, der zu dem Heiligen Rastislav wurde.",34.23320007324219,"Ludwig der Deutsche marschierten in Mähren ein und tauschte Mojmír I. gegen dessen Neffen Rastiz aus, der zu dem Heiligen Rastislav wurde.",44.459014892578125,1
"In dem Sommer 2002 wurde der Rechtsschütze fest von Amur verpflichtet, für das er in den folgenden zwei Jahren parallel in der Superliga und für dessen zweite Mannschaft in der Perwaja Liga antrat.",31.297176361083984,"In dem Sommer 2002 wurde der Rechtsschütze fest von Amur verpflichtet, für das er in den folgenden zwei Jahren parallel in der Superliga und für dessen zweite Mannschaft in der Perwaja Liga antraten.",34.25145721435547,1
"Der Internationale Gerichtshof, dessen Zuständigkeit in dieser Sache durch Marokko bestritten wurde, wies in dem gleichen Jahr Souveränitätsansprüche Marokkos und Mauretaniens zurück.",13.511544227600098,"Der Internationale Gerichtshof, dessen Zuständigkeit in dieser Sache durch Marokko bestritten wurde, wiesen in dem gleichen Jahr Souveränitätsansprüche Marokkos und Mauretaniens zurück.",15.159811973571777,1
Der Verwaltungssitz der Hochschule war in Papeete (Tahiti).,22.245603561401367,Der Verwaltungssitz der Hochschule waren in Papeete (Tahiti).,28.14354133605957,1
Die Gründung einer veterinärwissenschaftlichen Einrichtung in der Hauptstadt selbst scheiterte aber an dem Widerstand der Zunft der Pariser Hufschmiede.,14.651345252990723,Die Gründung einer veterinärwissenschaftlichen Einrichtung in der Hauptstadt selbst scheiterten aber an dem Widerstand der Zunft der Pariser Hufschmiede.,17.068248748779297,1
Der Präsidentschaftswahlkampf von 1980 zwischen Reagan und dem amtierenden Präsidenten Jimmy Carter fand inmitten von innenpolitischen Sorgen und dem fortschreitenden Geiseldrama in dem Iran statt.,11.966952323913574,Der Präsidentschaftswahlkampf von 1980 zwischen Reagan und dem amtierenden Präsidenten Jimmy Carter fanden inmitten von innenpolitischen Sorgen und dem fortschreitenden Geiseldrama in dem Iran statt.,13.40723705291748,1
"Dem französischen Wirtschaftstheoretiker Antoine - Augustin Cournot diente das Prinzip als Basis zu der Entwicklung der Preis - Absatz - Funktion und der Bestimmung des Gewinnmaximums eines Angebotsmonopolisten (Cournotscher Punkt), während der deutsche Ökonom Hermann Heinrich Gossen es zu der Erforschung der Bedürfnisbefriedigung und damit zu der Entwicklung der Gossenschen Gesetze nutzte.",16.455867767333984,"Dem französischen Wirtschaftstheoretiker Antoine - Augustin Cournot diente das Prinzip als Basis zu der Entwicklung der Preis - Absatz - Funktion und der Bestimmung des Gewinnmaximums eines Angebotsmonopolisten (Cournotscher Punkt), während der deutsche Ökonom Hermann Heinrich Gossen es zu der Erforschung der Bedürfnisbefriedigung und damit zu der Entwicklung der Gossenschen Gesetze nutzten.",16.818544387817383,1
Die Partei an der Saar verordnete sich inzwischen eine Erfrischungskur.,55.56366729736328,Die Partei an der Saar verordneten sich inzwischen eine Erfrischungskur.,55.28084182739258,0
"Doch ein Fluch Shivas verwandelte ihn wieder zu der Frau, die dann Budha heiratete und somit über den gemeinsamen Sohn Pururavas die Stammutter der Monddynastie.",73.740478515625,"Doch ein Fluch Shivas verwandelten ihn wieder zu der Frau, die dann Budha heiratete und somit über den gemeinsamen Sohn Pururavas die Stammutter der Monddynastie.",79.03084564208984,1
"Da man bereits den Bau der neuen evangelischen Kirche mit einem neuen Pfarrhaus an dem Ortsrand plante, erwarb die Gemeinde das Gebäude in dem Jahr 1844 und baute es zu einem Armenhaus um.",19.640737533569336,"Da man bereits den Bau der neuen evangelischen Kirche mit einem neuen Pfarrhaus an dem Ortsrand planten, erwarb die Gemeinde das Gebäude in dem Jahr 1844 und baute es zu einem Armenhaus um.",22.327220916748047,1
Der Entwurf der Programmiersprache Java strebte in dem Wesentlichen fünf Ziele an:,23.75580406188965,Der Entwurf der Programmiersprache Java strebten in dem Wesentlichen fünf Ziele an:,28.612003326416016,1
"Nachdem sich die erste Serie sehr von dem Manga unterschied, entstand von 2009 bis 2010 eine neue Fernsehserie mit 64 Folgen, die sich stärker an dem Manga orientiert.",14.570643424987793,"Nachdem sich die erste Serie sehr von dem Manga unterschieden, entstand von 2009 bis 2010 eine neue Fernsehserie mit 64 Folgen, die sich stärker an dem Manga orientiert.",15.796268463134766,1
"Der Nagetierspezialist Guy Musser beschrieb dieses Tier erstmals 1982 und benannte es nach Richard Archbold, einem 1976 verstorbenen Förderer zoologischer Expeditionen, dessen Stiftung auch Mussers Philippinen - Reise organisiert hatte.",29.50222396850586,"Der Nagetierspezialist Guy Musser beschrieben dieses Tier erstmals 1982 und benannte es nach Richard Archbold, einem 1976 verstorbenen Förderer zoologischer Expeditionen, dessen Stiftung auch Mussers Philippinen - Reise organisiert hatte.",32.06052017211914,1
"Die Propsteikirche Sankt Veit wurde Simultankirche, wobei die katholische Seite für sich den Alleinbesitz reklamierte und den Protestanten nur ein Benützungsrecht zugestand.",15.810694694519043,"Die Propsteikirche Sankt Veit wurde Simultankirche, wobei die katholische Seite für sich den Alleinbesitz reklamierten und den Protestanten nur ein Benützungsrecht zugestand.",17.54303741455078,1
"Die sehen es nicht so gern, wenn sich jemand unseren Korps anschließt.",52.172847747802734,"Die sehen es nicht so gern, wenn sich jemand unseren Korps anschloss.",87.73223114013672,1
"Die Modellbezeichnung Electra hatte bei Buick eine große Tradition seit 1959 als Electra, Invicta und LeSabre zusammen mit einem neuen Design die Basis der Topmodelle der Buick - Palette bildeten (deshalb symbolisiert auch das bis heute verwendete Buick - Emblem mit seinen drei Wappenschildern genau diese drei Baureihen).",29.87725830078125,"Die Modellbezeichnung Electra hatten bei Buick eine große Tradition seit 1959 als Electra, Invicta und LeSabre zusammen mit einem neuen Design die Basis der Topmodelle der Buick - Palette bildeten (deshalb symbolisiert auch das bis heute verwendete Buick - Emblem mit seinen drei Wappenschildern genau diese drei Baureihen).",32.49580001831055,1
"Der Zugang zu fiktionalen Stoffen fiel ihr leicht, wie sie erklärt: „Jedes Buch hat eine Lernkurve, und man muss aufgeschlossen bleiben.“",30.71869659423828,"Der Zugang zu fiktionalen Stoffen fielen ihr leicht, wie sie erklärt: „Jedes Buch hat eine Lernkurve, und man muss aufgeschlossen bleiben.“",34.84464645385742,1
Dessen Texter Tim Rice inszenierte die Eröffnungsfeier als Showevent.,164.35696411132812,Dessen Texter Tim Rice inszenierten die Eröffnungsfeier als Showevent.,179.30517578125,1
"Zweitens versuchten die christlichen Missionare Inder zu dem christlichen Glauben zu bekehren, was ihnen aber kaum gelang.",18.704004287719727,"Zweitens versuchten die christlichen Missionare Inder zu dem christlichen Glauben zu bekehren, was ihnen aber kaum gelangen.",23.65867042541504,1
"Der einzige Start des Modells Start schlug 1995 fehl, Start - 1 wurde 1993 erstmals gestartet.",43.91286087036133,"Der einzige Start des Modells Start schlugen 1995 fehl, Start - 1 wurde 1993 erstmals gestartet.",49.143165588378906,1
Die Zahl arbeitsloser Jugendlicher nehme dramatisch zu.,98.70728302001953,Die Zahl arbeitsloser Jugendlicher nehmen dramatisch zu.,78.99716186523438,0
"Man nimmt an, dass die Anlage zu dem Schutz von Erzlagerstätten diente.",46.02476119995117,"Man nimmt an, dass die Anlage zu dem Schutz von Erzlagerstätten dienten.",48.44226837158203,1
"Starr vor Entsetzen habe er mit ansehen müssen, wie sein Freund in den vermeintlich sicheren Tod stürzte, berichtete der unverletzt gebliebene Jones.",32.61680221557617,"Starr vor Entsetzen habe er mit ansehen müssen, wie sein Freund in den vermeintlich sicheren Tod stürzten, berichtete der unverletzt gebliebene Jones.",33.2581672668457,1
"In jene Zeit (1766) fallen seine scharfsinnigen Erläuterungen einiger Stellen des Pentateuch und die Beantwortung der Frage, ob die hebräische Sprache reich oder arm genannt zu werden verdiene.",27.717056274414062,"In jene Zeit (1766) fallen seine scharfsinnigen Erläuterungen einiger Stellen des Pentateuch und die Beantwortung der Frage, ob die hebräische Sprache reich oder arm genannt zu werden verdienen.",31.000951766967773,1
"""Staatssekretär in dem Bonner Ministerium für wirtschaftliche Zusammenarbeit und Entwicklung, Wighard Härdtl, versuchte Ende Oktober in Rangun das Terrain für die Wiederaufnahme der 1988 unterbrochenen Hilfe zu erkunden.""",27.33062744140625,"""Staatssekretär in dem Bonner Ministerium für wirtschaftliche Zusammenarbeit und Entwicklung, Wighard Härdtl, versuchten Ende Oktober in Rangun das Terrain für die Wiederaufnahme der 1988 unterbrochenen Hilfe zu erkunden.""",29.123136520385742,1
"1639 verkaufte es ein Freiherr von Stadl an den Grafen Hans Sigmund von Wagensberg, der es seiner Tochter Regina, die mit Maximilian von Breuner verheiratet, aber zu diesem Zeitpunkt bereits verwitwet war, weiter verschenkte.",22.239336013793945,"1639 verkaufte es ein Freiherr von Stadl an den Grafen Hans Sigmund von Wagensberg, der es seiner Tochter Regina, die mit Maximilian von Breuner verheiratet, aber zu diesem Zeitpunkt bereits verwitwet war, weiter verschenkten.",22.757827758789062,1
"Der Vorsitzende der palästinensischen Verwaltung, Yassir Arafat, wolle, daß einer der drei in dem Gaza-Streifen geplanten Industrieparks von Deutschen übernommen werde.",14.687274932861328,"Der Vorsitzende der palästinensischen Verwaltung, Yassir Arafat, wollen, daß einer der drei in dem Gaza-Streifen geplanten Industrieparks von Deutschen übernommen werde.",16.39702796936035,1
Ein achter Platz in dem Hauptrennen von Brands Hatch durch Halliday sicherte dem Team schließlich mit 93 Punkten knapp vor Team Großbritannien die Vizemeisterschaft.,53.70501708984375,Ein achter Platz in dem Hauptrennen von Brands Hatch durch Halliday sicherten dem Team schließlich mit 93 Punkten knapp vor Team Großbritannien die Vizemeisterschaft.,58.2143440246582,1
Insgesamt profitieren rund eine Million Menschen von der Stromversorgung der EKZ.,26.256105422973633,Insgesamt profitiert rund eine Million Menschen von der Stromversorgung der EKZ.,31.609954833984375,1
In Deutschland fehlen aufgrund der 2001 aufgehobenen Meldepflicht nach Infektionsschutzgesetz gegenwärtig aussagekräftige Daten zu der aktuellen Häufigkeit des Tetanus.,16.827539443969727,In Deutschland fehlt aufgrund der 2001 aufgehobenen Meldepflicht nach Infektionsschutzgesetz gegenwärtig aussagekräftige Daten zu der aktuellen Häufigkeit des Tetanus.,16.113922119140625,0
Seit 2001 verkehren auf dem kurzen Abschnitt bis Ball Park Sonderzüge in dem Personenverkehr.,40.334808349609375,Seit 2001 verkehrt auf dem kurzen Abschnitt bis Ball Park Sonderzüge in dem Personenverkehr.,44.080379486083984,1
In Paris selbst nahmen zu der gleichen Zeit rund tausend Studenten an einer Kundgebung in dem Quartier Latin teil.,51.825653076171875,In Paris selbst nahm zu der gleichen Zeit rund tausend Studenten an einer Kundgebung in dem Quartier Latin teil.,59.995853424072266,1
Unter jedem Zahn saßen zumindest in dem Unterkiefer mindestens zwei Ersatzzähne.,27.841928482055664,Unter jedem Zahn saß zumindest in dem Unterkiefer mindestens zwei Ersatzzähne.,26.858213424682617,0
"Nach der Ausstrahlung dieses Filmes zunächst nur in dem ""Dritten"" des WDR Fernsehens und erst viel später in dem Ersten Programm (mit Ausnahme Bayerns) und nach vielen regionalen Vorführungen dieses Filmes mit anschließenden Diskussionen gründeten sich die ersten politischen Schwulengruppen der Nachkriegszeit.",24.823406219482422,"Nach der Ausstrahlung dieses Filmes zunächst nur in dem ""Dritten"" des WDR Fernsehens und erst viel später in dem Ersten Programm (mit Ausnahme Bayerns) und nach vielen regionalen Vorführungen dieses Filmes mit anschließenden Diskussionen gründete sich die ersten politischen Schwulengruppen der Nachkriegszeit.",24.767581939697266,0
Mit einer Geschwindigkeit von 27 000 Stundenkilometern trafen die beiden mehr als 100 Tonnen schweren Raumfähren aufeinander.,13.246162414550781,Mit einer Geschwindigkeit von 27 000 Stundenkilometern traf die beiden mehr als 100 Tonnen schweren Raumfähren aufeinander.,17.13397789001465,1
Bei Fehlstellungen der Füße oder der Wirbelsäule kommen insbesondere zu der Wiederherstellung der Gehfähigkeit auch operative Behandlungsmaßnahmen in Frage.,11.76734447479248,Bei Fehlstellungen der Füße oder der Wirbelsäule kommt insbesondere zu der Wiederherstellung der Gehfähigkeit auch operative Behandlungsmaßnahmen in Frage.,12.869932174682617,1
"Nach Lahore zurückgekehrt, erschienen zwischen November 1886 und Juni 1887 ca. 39 Geschichten in der Gazette.",33.122554779052734,"Nach Lahore zurückgekehrt, erschien zwischen November 1886 und Juni 1887 ca. 39 Geschichten in der Gazette.",33.00398254394531,0
"In ihrer unnachahmlich dümmlichen Art sprachen mich bald Offiziere an, fragten, ob ich denn den Schriftsteller Günter de Bruyn kenne, ob wir geistige Verwandte seien.",28.21182632446289,"In ihrer unnachahmlich dümmlichen Art sprach mich bald Offiziere an, fragten, ob ich denn den Schriftsteller Günter de Bruyn kenne, ob wir geistige Verwandte seien.",31.46489715576172,1
Etwa seit dem 8. Jahrhundert n. Chr. bildeten sich die ersten Stadtstaaten: kleine eigenständige Territorien mit ihren eigenen politischen Systemen.,11.053988456726074,Etwa seit dem 8. Jahrhundert n. Chr. bildete sich die ersten Stadtstaaten: kleine eigenständige Territorien mit ihren eigenen politischen Systemen.,12.55643081665039,1
"``Heute arbeiten in der Stadt wieder rund 80 Glashersteller aller Art mit zusammen etwa 700 Beschäftigten'', sagt Amtsleiter Greiner-Well.",67.95235443115234,"``Heute arbeitet in der Stadt wieder rund 80 Glashersteller aller Art mit zusammen etwa 700 Beschäftigten'', sagt Amtsleiter Greiner-Well.",65.70085906982422,0
"Außerdem brauchten die bevölkerungsreichen damaligen Bezirke Steglitz, Wedding und Reinickendorf eine Schnellbahnverbindung zu dem damals neu entstandenen westlichen Berliner Zentrum südlich des Zoologischen Gartens.",10.893865585327148,"Außerdem brauchte die bevölkerungsreichen damaligen Bezirke Steglitz, Wedding und Reinickendorf eine Schnellbahnverbindung zu dem damals neu entstandenen westlichen Berliner Zentrum südlich des Zoologischen Gartens.",11.270028114318848,1
"So entstanden in den Jahren von 1925 bis 1935 37 Fachartikel, die sich mit diesem Thema befassten.",16.981657028198242,"So entstand in den Jahren von 1925 bis 1935 37 Fachartikel, die sich mit diesem Thema befassten.",17.60844612121582,1
"Da es sich um eine offene Meisterschaft handelt, nehmen neben deutschen Sportlern unter anderem Aktive aus Österreich, der Schweiz, Italien, Skandinavien und Osteuropa teil.",11.335884094238281,"Da es sich um eine offene Meisterschaft handelt, nimmt neben deutschen Sportlern unter anderem Aktive aus Österreich, der Schweiz, Italien, Skandinavien und Osteuropa teil.",11.74744701385498,1
Nach Darstellung Dokos rücken bosnische und kroatische Kräfte an mehreren Fronten vor und könnten den Ring um Sarajewo von außen sprengen.,44.97594451904297,Nach Darstellung Dokos rückt bosnische und kroatische Kräfte an mehreren Fronten vor und könnten den Ring um Sarajewo von außen sprengen.,39.38079833984375,0
An der Kreuzung Bundesallee / Rheinstraße verbinden sich die zwei Straßen zu der Schloßstraße.,22.569093704223633,An der Kreuzung Bundesallee / Rheinstraße verbindet sich die zwei Straßen zu der Schloßstraße.,25.06004524230957,1
So unterbinden beispielsweise die darin enthaltenen Konservierungsmittel ein Schimmeln der Creme und andere Zusatzstoffe verstärken die Kälteresistenz (wichtig für den Transport) etc.,27.757740020751953,So unterbindet beispielsweise die darin enthaltenen Konservierungsmittel ein Schimmeln der Creme und andere Zusatzstoffe verstärken die Kälteresistenz (wichtig für den Transport) etc.,28.59012222290039,1
"So förderten Anfang der 1850er Jahre fünf Großschachtanlagen, doch das Ausbautempo der Kohleproduktion in Mülheim war bald darauf nicht mehr steigerungsfähig und in dem Zuge der Nordwanderung des Bergbaus begannen die Nachbarstädte die Mülheimer Gruben in Bezug auf Betriebsgröße und Förderung zu überrunden.",18.30453872680664,"So förderte Anfang der 1850er Jahre fünf Großschachtanlagen, doch das Ausbautempo der Kohleproduktion in Mülheim war bald darauf nicht mehr steigerungsfähig und in dem Zuge der Nordwanderung des Bergbaus begannen die Nachbarstädte die Mülheimer Gruben in Bezug auf Betriebsgröße und Förderung zu überrunden.",18.069847106933594,0
"Während die nordseitigen Häuser nach Entwürfen von Wimmel entstanden (lediglich Esplanade 37 erhalten), lagen ihm die Pläne der südlichen Häuserzeile nur zu der Begutachtung vor.",32.94404602050781,"Während die nordseitigen Häuser nach Entwürfen von Wimmel entstanden (lediglich Esplanade 37 erhalten), lag ihm die Pläne der südlichen Häuserzeile nur zu der Begutachtung vor.",34.02588653564453,1
"Den Kern von P - 90 - Tonabnehmern bilden ein bis zwei Dauermagnete in Barrenform, wobei lediglich die ältesten P - 90 mit nur einem Magneten bestückt sind.",38.53867721557617,"Den Kern von P - 90 - Tonabnehmern bildet ein bis zwei Dauermagnete in Barrenform, wobei lediglich die ältesten P - 90 mit nur einem Magneten bestückt sind.",38.4591064453125,0
"Schüler wie Rai sprechen mit Psychologen an der Schule über das Geschehene, aber Rai sagt, an dem meisten Trost spenden ihr ihre Freunde.",90.95986938476562,"Schüler wie Rai sprechen mit Psychologen an der Schule über das Geschehene, aber Rai sagt, an dem meisten Trost spendet ihr ihre Freunde.",93.76776123046875,1
"Bis 1102 befanden sich die Kornaten in dem Besitz des Oströmischen Reiches, während der Völkerwanderung siedelten sich an der Küste und auf den Inseln die slawischen Kroaten an und verdrängten die bisherige Bevölkerung.",14.168639183044434,"Bis 1102 befanden sich die Kornaten in dem Besitz des Oströmischen Reiches, während der Völkerwanderung siedelte sich an der Küste und auf den Inseln die slawischen Kroaten an und verdrängten die bisherige Bevölkerung.",14.450258255004883,1
"Bei der letzten Volkszählung von 2002 bekannten sich von den damals 129.946 Einwohnern, 89,9 % zu der polnischen Nationalität, 3.279 Personen (2,5 %) bezeichneten sich als Deutsche, 921 (0,7 %) als ""Schlesier"".",10.088054656982422,"Bei der letzten Volkszählung von 2002 bekannte sich von den damals 129.946 Einwohnern, 89,9 % zu der polnischen Nationalität, 3.279 Personen (2,5 %) bezeichneten sich als Deutsche, 921 (0,7 %) als ""Schlesier"".",10.207977294921875,1
Entlang der Perlacher Straße folgen die Blöcke der Straße und vollziehen deren leichte Schwingung mit.,62.2669677734375,Entlang der Perlacher Straße folgt die Blöcke der Straße und vollziehen deren leichte Schwingung mit.,75.80509948730469,1
Wenige Tage vor dem Beginn des Forums der Asiatisch-Pazifischen Wirtschaftskooperation (Apec) in dem japanischen Osaka machen die asiatischen Staatschefs keinen Hehl aus ihrem Ärger über das Gastgeberland.,17.331737518310547,Wenige Tage vor dem Beginn des Forums der Asiatisch-Pazifischen Wirtschaftskooperation (Apec) in dem japanischen Osaka macht die asiatischen Staatschefs keinen Hehl aus ihrem Ärger über das Gastgeberland.,18.447338104248047,1
"Durch den Einfluss der Sozialdemokraten in dem Roten Wien und in Simmering entstanden bis 1934 in dem Bezirk 19 Wohnhausanlagen, sogenannte Gemeindebauten.",15.757122993469238,"Durch den Einfluss der Sozialdemokraten in dem Roten Wien und in Simmering entstand bis 1934 in dem Bezirk 19 Wohnhausanlagen, sogenannte Gemeindebauten.",16.62600326538086,1
"In dem Endspiel um den Vorarlberger Landespokal verloren die ""Turner"" sowohl 1933 gegen den FC Dornbirn 1913 mit 1:5, als auch 1935 gegen den Ortskonkurrenten FC Lustenau 07 mit 2:4.",10.75064754486084,"In dem Endspiel um den Vorarlberger Landespokal verlor die ""Turner"" sowohl 1933 gegen den FC Dornbirn 1913 mit 1:5, als auch 1935 gegen den Ortskonkurrenten FC Lustenau 07 mit 2:4.",11.171533584594727,1
"Allerdings standen weder auf dem Gelände selbst noch in der näheren Umgebung natürliche Quellen zu der Verfügung, welche die benötigten Wassermengen hätten liefern und für den notwendigen Wasserdruck zu dem Betrieb der Fontänen hätten sorgen können.",14.95110034942627,"Allerdings stand weder auf dem Gelände selbst noch in der näheren Umgebung natürliche Quellen zu der Verfügung, welche die benötigten Wassermengen hätten liefern und für den notwendigen Wasserdruck zu dem Betrieb der Fontänen hätten sorgen können.",16.2543888092041,1
Ferner lassen sich mit elektronischen Sirenen auch Sprachdurchsagen realisieren.,41.428131103515625,Ferner lässt sich mit elektronischen Sirenen auch Sprachdurchsagen realisieren.,49.00396728515625,1
Die gleiche Meinung vertreten übrigens ebenfalls zwei Bekannte von mir.,38.91188049316406,Die gleiche Meinung vertritt übrigens ebenfalls zwei Bekannte von mir.,37.20233917236328,0
"Obwohl es bereits ab 1980 in dem Flächennutzungsplan als gewerbliche Fläche markiert war, zogen erst in dem Herbst 1993 die letzten britischen Streitkräfte von dem Gelände ab.",16.8675594329834,"Obwohl es bereits ab 1980 in dem Flächennutzungsplan als gewerbliche Fläche markiert war, zog erst in dem Herbst 1993 die letzten britischen Streitkräfte von dem Gelände ab.",16.946781158447266,1
"Bei Silizium-Transistoren gilt UBE = 0,6 V, deshalb liegen an dem Emitterwiderstand etwa 1,5 V und es fließt 1,5 mA Kollektorstrom.",27.131242752075195,"Bei Silizium-Transistoren gilt UBE = 0,6 V, deshalb liegt an dem Emitterwiderstand etwa 1,5 V und es fließt 1,5 mA Kollektorstrom.",27.9613094329834,1
Wegen fehlender Kompromissbereitschaft des Ersten Bürgermeisters Carl Petersen konzentrierten sich 1927 die angrenzenden preußischen Gemeinden durch Eingemeindungen.,17.095195770263672,Wegen fehlender Kompromissbereitschaft des Ersten Bürgermeisters Carl Petersen konzentrierte sich 1927 die angrenzenden preußischen Gemeinden durch Eingemeindungen.,18.338037490844727,1
"Als der begnadete Musiker in Anwesenheit des Bischofs von Lima in dem Kloster der Barfüßigen Schwestern ein Konzert gibt, stürzen während eines Erdbebens die Mauern ein und begraben sämtliches Publikum inklusive Akteure.",25.229639053344727,"Als der begnadete Musiker in Anwesenheit des Bischofs von Lima in dem Kloster der Barfüßigen Schwestern ein Konzert gibt, stürzt während eines Erdbebens die Mauern ein und begraben sämtliches Publikum inklusive Akteure.",27.118358612060547,1
Ebenfalls entstanden in dem Zuge dieser die ersten Karten des Gebirges.,103.38807678222656,Ebenfalls entstand in dem Zuge dieser die ersten Karten des Gebirges.,126.55865478515625,1
"So entstehen in dem Jahr 1983 die Drehbücher ""Parabal"" und ""Das Erdhaufenspiel"".",57.07713317871094,"So entsteht in dem Jahr 1983 die Drehbücher ""Parabal"" und ""Das Erdhaufenspiel"".",63.06139373779297,1
"In der Löwengrube, den Felsenkellern und dem nahe gelegenen Auer'schen Bierkeller finden schon lange keine studentischen Festivitäten mehr statt.",25.86725616455078,"In der Löwengrube, den Felsenkellern und dem nahe gelegenen Auer'schen Bierkeller findet schon lange keine studentischen Festivitäten mehr statt.",26.330442428588867,1
"Etwa drei Kilometer westlich liegen, durch ein Seitental von Babisqa getrennt, die benachbarten antiken Siedlungen Dar Qita und Baqirha;",46.11949157714844,"Etwa drei Kilometer westlich liege, durch ein Seitental von Babisqa getrennt, die benachbarten antiken Siedlungen Dar Qita und Baqirha;",58.016117095947266,1
"Andererseits finden sich in der externen Geschichtsschreibung Verweise auf die Geschichte von Spanischsprechern, ihre historische Unbeständigkeit und die soziale Nutzung der Sprache.",30.38858985900879,"Andererseits findet sich in der externen Geschichtsschreibung Verweise auf die Geschichte von Spanischsprechern, ihre historische Unbeständigkeit und die soziale Nutzung der Sprache.",33.5239372253418,1
Bei dem Kickboxen kommen dann selbstverständlich noch verschiedenste Tritt - Techniken dazu.,74.05374145507812,Bei dem Kickboxen kommt dann selbstverständlich noch verschiedenste Tritt - Techniken dazu.,84.37022399902344,1
"In dem Dorf Wadi Rum wohnen mehrere hundert Beduinen, teils in Zelten, teils in Betonhäusern.",12.385308265686035,"In dem Dorf Wadi Rum wohnt mehrere hundert Beduinen, teils in Zelten, teils in Betonhäusern.",13.640382766723633,1
"Die meisten Spiele bestreiten die Mannschaften des VfB Marburg in dem vereinseigenen Stadion an der Gisselberger Straße, wo der Verein seit 1921 heimisch ist und das eine Kapazität von rund 4000 Zuschauern hat.",12.016692161560059,"Die meisten Spiele bestreitet die Mannschaften des VfB Marburg in dem vereinseigenen Stadion an der Gisselberger Straße, wo der Verein seit 1921 heimisch ist und das eine Kapazität von rund 4000 Zuschauern hat.",12.99560546875,1
"Dazu gehörten unter anderem mehrere Schornsteine, die zu dem Coldharbour Gate gehörten.",21.635522842407227,"Dazu gehörte unter anderem mehrere Schornsteine, die zu dem Coldharbour Gate gehörten.",24.543542861938477,1
In der Liste der Kulturdenkmale in Süderhastedt stehen die in der Denkmalliste des Landes Schleswig - Holstein eingetragenen Kulturdenkmale.,5.135715961456299,In der Liste der Kulturdenkmale in Süderhastedt steht die in der Denkmalliste des Landes Schleswig - Holstein eingetragenen Kulturdenkmale.,6.941586017608643,1
"Ergänzt man dieses System noch um einen Richtkoppler oder einen Zirkulator, dann lassen sich 1 - Tor - Reflexionsfaktormessungen durchführen.",54.002113342285156,"Ergänzt man dieses System noch um einen Richtkoppler oder einen Zirkulator, dann lässt sich 1 - Tor - Reflexionsfaktormessungen durchführen.",59.87102127075195,1
Mit einem älteren 500 MHz Rechner lassen sich damit immerhin etwa 80 Millionen komplette 80 Bit - Gleitkomma Rechenoperationen / s durchführen.,36.291160583496094,Mit einem älteren 500 MHz Rechner lässt sich damit immerhin etwa 80 Millionen komplette 80 Bit - Gleitkomma Rechenoperationen / s durchführen.,38.10518264770508,1
"Dazu kommen weitere Gefechte in Jägerndorf, Katholisch - Hennersdorf, Hoyeswerde, Troppau, Schweidnitz, Langensalza, Kloster Wahlstadt, Leutmannsdorf und Reichenbach.",25.622800827026367,"Dazu kommt weitere Gefechte in Jägerndorf, Katholisch - Hennersdorf, Hoyeswerde, Troppau, Schweidnitz, Langensalza, Kloster Wahlstadt, Leutmannsdorf und Reichenbach.",27.415912628173828,1
Von dem 9. Jahrhundert n. Chr. an erschienen die ersten griechischen Texte.,14.473159790039062,Von dem 9. Jahrhundert n. Chr. an erschien die ersten griechischen Texte.,15.861050605773926,1
"In den 1930er Jahren arbeiteten, trotz Rezession, etwa 800 Menschen hier.",30.14862060546875,"In den 1930er Jahren arbeitete, trotz Rezession, etwa 800 Menschen hier.",35.27324295043945,1
In dem Frühjahr 1939 verweigerten die französischen Behörden -- ohne Angabe von Gründen -- vielen dieser jüdischen Emigranten eine Verlängerung der Aufenthaltsgenehmigung.,8.152238845825195,In dem Frühjahr 1939 verweigerte die französischen Behörden -- ohne Angabe von Gründen -- vielen dieser jüdischen Emigranten eine Verlängerung der Aufenthaltsgenehmigung.,8.704350471496582,1
Bereits in dem September 1454 unterlagen die polnischen Truppen in der Schlacht von Konitz und unterstützten den preußischen Aufstand in der Folge nur noch marginal.,18.641464233398438,Bereits in dem September 1454 unterlag die polnischen Truppen in der Schlacht von Konitz und unterstützten den preußischen Aufstand in der Folge nur noch marginal.,19.92753791809082,1
Dennoch akzeptierten ihn die Alliierten als legitimen Vertreter Dänemarks.,33.94374084472656,Dennoch akzeptierte ihn die Alliierten als legitimen Vertreter Dänemarks.,39.51612854003906,1
"Geringfügig schlechtere, aber weniger rechenaufwändige Ergebnisse als LSA erzielen auf Kovarianzanalysen basierende Vektorraumverfahren.",43.6679573059082,"Geringfügig schlechtere, aber weniger rechenaufwändige Ergebnisse als LSA erzielt auf Kovarianzanalysen basierende Vektorraumverfahren.",45.910640716552734,1
Gelegentlich tun sich jedoch auch mehrere Familien zusammen.,47.852325439453125,Gelegentlich tut sich jedoch auch mehrere Familien zusammen.,87.006591796875,1
Mit der gleichen Methode fanden durch die Teilprojekte SOB und SNIB Erhebungen in dem Anbaugebiet Hallertau und durch Mitarbeiter des SMF in dem Anbaugebiet Saaz in Böhmen statt.,28.80771255493164,Mit der gleichen Methode fand durch die Teilprojekte SOB und SNIB Erhebungen in dem Anbaugebiet Hallertau und durch Mitarbeiter des SMF in dem Anbaugebiet Saaz in Böhmen statt.,30.497093200683594,1
Nach der Niederlage in dem Halbfinale gegen die Brasilianerinnen Larissa und Juliana bezwangen die beiden Europäerinnen in dem Spiel um die Bronzemedaille die US - Amerikanerinnen Angie Akers und Tyra Turner.,18.616914749145508,Nach der Niederlage in dem Halbfinale gegen die Brasilianerinnen Larissa und Juliana bezwang die beiden Europäerinnen in dem Spiel um die Bronzemedaille die US - Amerikanerinnen Angie Akers und Tyra Turner.,20.8240966796875,1
In den folgenden Jahren strömten tausende von Siedlern in das Willamette - Tal.,25.060705184936523,In den folgenden Jahren strömte tausende von Siedlern in das Willamette - Tal.,27.530029296875,1
Währenddessen behielten die verwandten Stämme der Sliammon und Homalco das K'omox bei.,58.83921432495117,Währenddessen behielt die verwandten Stämme der Sliammon und Homalco das K'omox bei.,57.97861862182617,0
"Normalerweise dienen diese Vesikel dazu, Stoffe zu verdauen, das Virus nutzt sie aber als Transportmöglichkeit, um in das Innere der Zelle zu gelangen.",17.230710983276367,"Normalerweise dient diese Vesikel dazu, Stoffe zu verdauen, das Virus nutzt sie aber als Transportmöglichkeit, um in das Innere der Zelle zu gelangen.",18.27745246887207,1
Außerdem liegen viele begehbare Höhlen auf dem Gemeindegebiet.,30.6805477142334,Außerdem liegt viele begehbare Höhlen auf dem Gemeindegebiet.,44.03775405883789,1
Durch den Deal zwischen Aoun und Hariri kommen sich die beiden verfeindeten Bündnisse (vorerst) näher.,33.036712646484375,Durch den Deal zwischen Aoun und Hariri kommt sich die beiden verfeindeten Bündnisse (vorerst) näher.,46.161075592041016,1
So gingen die größten Impulse von den Einfamilienhäusern aus.,36.59157180786133,So ging die größten Impulse von den Einfamilienhäusern aus.,61.273582458496094,1
"Daneben siedeln aber auch Nachkommen der von Siamesen aus Laos verschleppten Fronarbeiter, die Lao Khrang (deren Gesamtzahl in Thailand bei 53.000 liegt).",46.91138458251953,"Daneben siedelt aber auch Nachkommen der von Siamesen aus Laos verschleppten Fronarbeiter, die Lao Khrang (deren Gesamtzahl in Thailand bei 53.000 liegt).",47.541873931884766,1
"Während er an dem Meeresgrund arbeitet und mit Schwertfischen ficht, schleichen Kannibalen auf das Schiff, kappen den Luftschlauch und entführen Rollos Geliebte auf die Insel.",44.0115852355957,"Während er an dem Meeresgrund arbeitet und mit Schwertfischen ficht, schleicht Kannibalen auf das Schiff, kappen den Luftschlauch und entführen Rollos Geliebte auf die Insel.",46.93785858154297,1
Deshalb sahen Rüstungsexperten in der SS - 20 keine neuartige Bedrohungsqualität.,65.16514587402344,Deshalb sah Rüstungsexperten in der SS - 20 keine neuartige Bedrohungsqualität.,83.12886810302734,1
"In der tipp3 - Bundesliga spielen die zehn Teams um drei internationale Startplätze, einen Champions - League - Platz und zwei Europa - League - Plätze.",35.436676025390625,"In der tipp3 - Bundesliga spielt die zehn Teams um drei internationale Startplätze, einen Champions - League - Platz und zwei Europa - League - Plätze.",36.593082427978516,1
-In den 80er Jahren blieben die Reallohnsteigerungen überwiegend deutlich hinter den Produktivitätszuwächsen zurück.,16.072824478149414,-In den 80er Jahren blieb die Reallohnsteigerungen überwiegend deutlich hinter den Produktivitätszuwächsen zurück.,18.636598587036133,1
"In dem Zuge der französischen Julirevolution (1830) kamen in Bayern unter König Ludwig I. Repressionen gegenüber freiheitlich und national gesinnten Bürgern, insbesondere gegenüber Studenten, auf.",12.953216552734375,"In dem Zuge der französischen Julirevolution (1830) kam in Bayern unter König Ludwig I. Repressionen gegenüber freiheitlich und national gesinnten Bürgern, insbesondere gegenüber Studenten, auf.",13.995546340942383,1
"Auf Lettisch heißen die entsprechenden Instrumente Kokle, auf Litauisch Kanklės.",55.99043655395508,"Auf Lettisch heißt die entsprechenden Instrumente Kokle, auf Litauisch Kanklės.",57.7067756652832,1
"Innerhalb des Italianate - Stils lassen sich drei verschiedene Varianten unterscheiden, die von einigen amerikanischen Architekturhistorikern sogar als selbstständige Baustile beschrieben worden sind:",16.38606834411621,"Innerhalb des Italianate - Stils lässt sich drei verschiedene Varianten unterscheiden, die von einigen amerikanischen Architekturhistorikern sogar als selbstständige Baustile beschrieben worden sind:",18.51926612854004,1
Vor allem auf dem Potsdamer Platz begannen schnell die Bauarbeiten für eine neue Hochhaussiedlung.,18.226970672607422,Vor allem auf dem Potsdamer Platz begann schnell die Bauarbeiten für eine neue Hochhaussiedlung.,23.28860092163086,1
Nach dem Krieg von 1812 ließen sich etliche Tausend Schwarze in der Umgebung von Halifax nieder;,19.217729568481445,Nach dem Krieg von 1812 ließ sich etliche Tausend Schwarze in der Umgebung von Halifax nieder;,22.407697677612305,1
Hier stehen die beiden letzten existierenden Fahrzeuge der Marke C. Benz Söhne.,91.93952941894531,Hier steht die beiden letzten existierenden Fahrzeuge der Marke C. Benz Söhne.,93.45894622802734,1
"Bei diesem Rückzug verloren jedoch die chinesischen Truppen alle Lastkraftwagen, sowie einen Großteil der Munition.",20.031787872314453,"Bei diesem Rückzug verlor jedoch die chinesischen Truppen alle Lastkraftwagen, sowie einen Großteil der Munition.",25.72753143310547,1
In dem Spiel spielten die besten Footballspieler aus dem Westen der USA gegen die besten Spieler aus dem Osten.,15.334510803222656,In dem Spiel spielte die besten Footballspieler aus dem Westen der USA gegen die besten Spieler aus dem Osten.,19.306766510009766,1
"Nach dem Krieg begannen die umfangreichen Aufbauten, doch sollte die Genossenschaft, wie alle anderen auch, nie wieder zu ihrem alten Glanz zurückkehren und die Zahl der Schwestern bis 1966 auf 556 allein in Deutschland fallen, so dass man mit dem anhaltenden Nachwuchsmangel auch zahlreiche Konvente aufheben musste.",16.520387649536133,"Nach dem Krieg begann die umfangreichen Aufbauten, doch sollte die Genossenschaft, wie alle anderen auch, nie wieder zu ihrem alten Glanz zurückkehren und die Zahl der Schwestern bis 1966 auf 556 allein in Deutschland fallen, so dass man mit dem anhaltenden Nachwuchsmangel auch zahlreiche Konvente aufheben musste.",17.625972747802734,1
"Um irgendwelche Irrtümer von vornherein auszuschließen, ordneten die jüdischen Gelehrten schließlich die zweitägige Dauer des Festes an.",13.326066017150879,"Um irgendwelche Irrtümer von vornherein auszuschließen, ordnete die jüdischen Gelehrten schließlich die zweitägige Dauer des Festes an.",15.553630828857422,1
"Aus diesem Grund tragen auch heute noch viele Lederclubs in Europa das ""MSC"" in dem Vereinsnamen.",63.889102935791016,"Aus diesem Grund trägt auch heute noch viele Lederclubs in Europa das ""MSC"" in dem Vereinsnamen.",70.0682144165039,1
In Paris selbst nahmen zu der gleichen Zeit rund tausend Studenten an einer Kundgebung in dem Quartier Latin teil.,51.825653076171875,In Paris selbst nahm zu der gleichen Zeit rund tausend Studenten an einer Kundgebung in dem Quartier Latin teil.,59.995853424072266,1
Aufgrund der Olympischen Spiele in Vancouver begannen die ersten Wettkämpfe in dem Vergleich zu den vorherigen Wintern recht früh;,25.043724060058594,Aufgrund der Olympischen Spiele in Vancouver begann die ersten Wettkämpfe in dem Vergleich zu den vorherigen Wintern recht früh;,30.182884216308594,1
"Es folgten danach viele kleine Rollen in Filmen wie Sister Act, Sliver oder Das Leben des David Gale.",62.56121826171875,"Es folgte danach viele kleine Rollen in Filmen wie Sister Act, Sliver oder Das Leben des David Gale.",69.03804779052734,1
"Infolge von Gesetzen in manchen Ländern, insbesondere in den USA, in denen die Einwanderung chinesischer Ehefrauen aufgrund der angeblichen Gelben Gefahr nicht erlaubt war, entwickelten sich die Chinatowns zu einem Ort, in dem Männer dominierten und die Männer - Frauen - Quote in dem Allgemeinen verzerrt war.",19.069406509399414,"Infolge von Gesetzen in manchen Ländern, insbesondere in den USA, in denen die Einwanderung chinesischer Ehefrauen aufgrund der angeblichen Gelben Gefahr nicht erlaubt war, entwickelte sich die Chinatowns zu einem Ort, in dem Männer dominierten und die Männer - Frauen - Quote in dem Allgemeinen verzerrt war.",18.637239456176758,0
Damit traten erstmals zwei Cousins ersten Grades zu Senatswahlen an: Mark Udall bewarb sich gleichzeitig in dem Nachbarstaat Colorado um den entsprechenden Sitz.,65.01067352294922,Damit trat erstmals zwei Cousins ersten Grades zu Senatswahlen an: Mark Udall bewarb sich gleichzeitig in dem Nachbarstaat Colorado um den entsprechenden Sitz.,74.66704559326172,1
"So entstanden 1992 die ersten Sandbilder mit vornehmlich blau eingefärbtem Sand zu dem Thema ""Evolution"".",45.15205383300781,"So entstand 1992 die ersten Sandbilder mit vornehmlich blau eingefärbtem Sand zu dem Thema ""Evolution"".",44.70133972167969,0
"Während Luftmasseidentifikation in den 1950er Jahren ursprünglich noch für Wettervorhersagen genutzt wurde, begannen Klimatologen in dem Jahr 1973 auf dieser Idee basierende synoptische Klimatologien zu begründen.",14.564766883850098,"Während Luftmasseidentifikation in den 1950er Jahren ursprünglich noch für Wettervorhersagen genutzt wurde, begann Klimatologen in dem Jahr 1973 auf dieser Idee basierende synoptische Klimatologien zu begründen.",15.611457824707031,1
"Positiv überraschten mich zunächst die sehr flexiblen Praxiszeiten, was ich so bislang nicht gewohnt war.",26.655263900756836,"Positiv überraschte mich zunächst die sehr flexiblen Praxiszeiten, was ich so bislang nicht gewohnt war.",25.0747127532959,0
Bei Männern mit Oligospermie erhöhen sich diese Werte ebenfalls.,27.014219284057617,Bei Männern mit Oligospermie erhöht sich diese Werte ebenfalls.,28.479698181152344,1
"Außer den Haupt - oder Melodiesaiten benutzen die Gadulkaspieler häufig Resonanzsaiten, die unter den Melodiensaiten angebracht sind.",64.75422668457031,"Außer den Haupt - oder Melodiesaiten benutzt die Gadulkaspieler häufig Resonanzsaiten, die unter den Melodiensaiten angebracht sind.",78.51392364501953,1
"Auch mit tiefstem Glauben bedürfen Christen immer wieder der Belehrung des Herrn über den richtigen Weg, ""insofern behält die Szene eine unheimliche Gegenwärtigkeit.""",25.499635696411133,"Auch mit tiefstem Glauben bedarf Christen immer wieder der Belehrung des Herrn über den richtigen Weg, ""insofern behält die Szene eine unheimliche Gegenwärtigkeit.""",32.09904479980469,1
"Mit 34.000 liegen die meisten Caches in Nordrhein - Westfalen, während die größte Cache - Dichte mit 3,2 Caches / km² in Hamburg, dicht gefolgt von Berlin mit jetzigen 3,1 Caches / km², zu finden ist (Stand: Mai 2012).",16.047719955444336,"Mit 34.000 liegt die meisten Caches in Nordrhein - Westfalen, während die größte Cache - Dichte mit 3,2 Caches / km² in Hamburg, dicht gefolgt von Berlin mit jetzigen 3,1 Caches / km², zu finden ist (Stand: Mai 2012).",17.482053756713867,1
Hinzu kommen je nach Bedarf 2 Semester für das Erlernen der Sprachen Althebräisch und Altgriechisch.,24.599653244018555,Hinzu kommt je nach Bedarf 2 Semester für das Erlernen der Sprachen Althebräisch und Altgriechisch.,26.07682991027832,1
"Vor allem in dem Jugendalter stellen die sozialen Beziehungen zu Gleichaltrigen in dem Hinblick auf (teil) gesellschaftliche Integration und vor dem Hintergrund von Anerkennung, Wohlbefinden und reflexiver Selbstvergewisserung ein zentrales Bezugssystem dar.",13.383176803588867,"Vor allem in dem Jugendalter stellt die sozialen Beziehungen zu Gleichaltrigen in dem Hinblick auf (teil) gesellschaftliche Integration und vor dem Hintergrund von Anerkennung, Wohlbefinden und reflexiver Selbstvergewisserung ein zentrales Bezugssystem dar.",13.800013542175293,1
"Die Motivation sei überall auf Null, behaupten die Staatsdiener.",101.01776123046875,"Die Motivation sei überall auf Null, behauptet die Staatsdiener.",129.48301696777344,1
"Vor 20.000 Zuschauern trennten sich die Kontrahenten in dem Donaustadion mit einem 1:1 Unentschieden, was für Ulm den Klassenerhalt dank des besseren Torverhältnisses bedeutete.",10.78613567352295,"Vor 20.000 Zuschauern trennte sich die Kontrahenten in dem Donaustadion mit einem 1:1 Unentschieden, was für Ulm den Klassenerhalt dank des besseren Torverhältnisses bedeutete.",11.660831451416016,1
Auch stimmen die Namen der vier Söhne des Hans Rincker nicht mit denen der späteren Gießer überein.,55.6823844909668,Auch stimmt die Namen der vier Söhne des Hans Rincker nicht mit denen der späteren Gießer überein.,65.41828918457031,1
In dem März 1818 erreichten die Osmanischen Truppen unter Ibrahim Diraja und erzwangen nach sehr heftigen Kämpfen und sechs Monate dauernder Belagerung mit schwerer Artillerie in dem September die Kapitulation der Stadt.,26.51801872253418,In dem März 1818 erreichte die Osmanischen Truppen unter Ibrahim Diraja und erzwangen nach sehr heftigen Kämpfen und sechs Monate dauernder Belagerung mit schwerer Artillerie in dem September die Kapitulation der Stadt.,27.329381942749023,1
"Als Klein in Bukarest ankommt, scheinen die Grenzen zwischen (Alb) Traum und Realität zu verschwimmen und sie findet sich mitten in dem Kampf zwischen Pinhead, dem Anführer der Zenobiten, und dem Anführer der Deader wieder.",45.06268310546875,"Als Klein in Bukarest ankommt, scheint die Grenzen zwischen (Alb) Traum und Realität zu verschwimmen und sie findet sich mitten in dem Kampf zwischen Pinhead, dem Anführer der Zenobiten, und dem Anführer der Deader wieder.",43.241127014160156,0
"Zweitens versuchten die christlichen Missionare Inder zu dem christlichen Glauben zu bekehren, was ihnen aber kaum gelang.",18.704004287719727,"Zweitens versuchte die christlichen Missionare Inder zu dem christlichen Glauben zu bekehren, was ihnen aber kaum gelang.",21.2307071685791,1
Aus diesen Tröpfchen bestehen die polaren Stratosphärenwolken von dem Typ Ib.,64.80880737304688,Aus diesen Tröpfchen besteht die polaren Stratosphärenwolken von dem Typ Ib.,93.5758285522461,1
"In dem letzten Jahr, bin ich auf die Hompepage von Frau Rübben gestoßen und habe dann auch direkt einen Termin gemacht.",51.32012176513672,"In dem letzten Jahr, ist ich auf die Hompepage von Frau Rübben gestoßen und habe dann auch direkt einen Termin gemacht.",61.55278015136719,1
Essen werde ich da nichts mehr.,525.42822265625,Essen wird ich da nichts mehr.,505.323486328125,0
Meinen letzten Umzug habe ich von der Firma Zapf - Umzüge durchführen lassen.,44.85257339477539,Meinen letzten Umzug hat ich von der Firma Zapf - Umzüge durchführen lassen.,47.30590057373047,1
Somit bin ich dann aufgestanden und gegangen.,75.05062866210938,Somit ist ich dann aufgestanden und gegangen.,84.55972290039062,1
"Hier habe Ich schon viel gegessen, wirklich weiter zu empfehlen!..",259.9825744628906,"Hier hat Ich schon viel gegessen, wirklich weiter zu empfehlen!..",273.734375,1
Da werd ich wohl noch einige andere Sauna in Bremen ausprobieren.,254.11512756347656,Da wird ich wohl noch einige andere Sauna in Bremen ausprobieren.,132.85000610351562,0
Aber so schlecht und dreckig bin ich noch nie untergekommen.,47.27763366699219,Aber so schlecht und dreckig ist ich noch nie untergekommen.,55.392215728759766,1
"Wie viele andere, die ich kenne, bin ich die letzten Monate lange aufgeblieben und habe mit Schrecken die Umfragen verfolgt.",25.274696350097656,"Wie viele andere, die ich kenne, ist ich die letzten Monate lange aufgeblieben und habe mit Schrecken die Umfragen verfolgt.",27.55418586730957,1
Dann habe ich sofort die Rechnung für die Getränke verlangt,29.318923950195312,Dann hat ich sofort die Rechnung für die Getränke verlangt,34.73939895629883,1
"Endlich habe ich eine Schule gefunden, in welcher die Atmosphäre familiär ist.",18.47286033630371,"Endlich hat ich eine Schule gefunden, in welcher die Atmosphäre familiär ist.",22.48166275024414,1
"Ich dachte, dass die letzten beiden Besuche Ausrutscher waren, da habe ich mich aber wohl getäuscht.",24.972402572631836,"Ich dachte, dass die letzten beiden Besuche Ausrutscher waren, da hat ich mich aber wohl getäuscht.",27.611143112182617,1
Noch nie habe ich so schlechte Service gehabt als bei Biotopia.,59.744571685791016,Noch nie hat ich so schlechte Service gehabt als bei Biotopia.,76.74402618408203,1
"Vermisst habe ich sowohl Magerquark als auch Naturjoghurt, aber das will vermutlich auch nicht jeder zu dem Frühstück.",42.52936553955078,"Vermisst hat ich sowohl Magerquark als auch Naturjoghurt, aber das will vermutlich auch nicht jeder zu dem Frühstück.",45.49329376220703,1
Nach den vorherigen Beurteilungen hätte ich anderes erwartet.,26.02983283996582,Nach den vorherigen Beurteilungen habe ich anderes erwartet.,26.178483963012695,1
Das man so nett und freundlich mit Kunden umgeht bin ich in Helmstedt eigentlich nicht gewohnt.,41.63372039794922,Das man so nett und freundlich mit Kunden umgeht ist ich in Helmstedt eigentlich nicht gewohnt.,45.250301361083984,1
Für 70 € für zwei Personen pro Nacht hätte ich mir trotzdem ein bisschen mehr Auswahl und Qualität erwartet.,39.60799026489258,Für 70 € für zwei Personen pro Nacht habe ich mir trotzdem ein bisschen mehr Auswahl und Qualität erwartet.,41.78250503540039,1
"der schokokuchen ist ja so was von super fein, beinahe hätte ich einen zweiten bestellt.",56.49272918701172,"der schokokuchen ist ja so was von super fein, beinahe habe ich einen zweiten bestellt.",59.248069763183594,1
"Und dann bin ich auf Empfehlung einer sehr guten Freundin nach Dortmund gefahren um mich dort von Herrn Knauff behandeln zu lassen und kann nur sagen, dass das die beste Entscheidung gewesen ist.",14.48843002319336,"Und dann ist ich auf Empfehlung einer sehr guten Freundin nach Dortmund gefahren um mich dort von Herrn Knauff behandeln zu lassen und kann nur sagen, dass das die beste Entscheidung gewesen ist.",16.61764907836914,1
Eine solch unfreundliche und pampige Schwesternbelegschaft habe ich noch nie gesehen.,54.48052215576172,Eine solch unfreundliche und pampige Schwesternbelegschaft hat ich noch nie gesehen.,55.234806060791016,1
"Diesen hätte ich auch einfach zu Hause zu mir nehmen können, da ich einen Termin hatte und dennoch warten musste.",38.853843688964844,"Diesen habe ich auch einfach zu Hause zu mir nehmen können, da ich einen Termin hatte und dennoch warten musste.",40.34941864013672,1
"In Pjöngjang habe ich ein paar Leute mit Smartphones gesehen, doch es waren deutlich weniger.",48.6228141784668,"In Pjöngjang hat ich ein paar Leute mit Smartphones gesehen, doch es waren deutlich weniger.",58.19804763793945,1
Über den Google Maps Eintrag bin ich auf die Website von Frau Weissenborn aufmerksam geworden.,45.73302459716797,Über den Google Maps Eintrag ist ich auf die Website von Frau Weissenborn aufmerksam geworden.,53.873287200927734,1
In diesem Moment habe ich mich sehr angegriffen gefühlt.,20.065549850463867,In diesem Moment hat ich mich sehr angegriffen gefühlt.,28.178268432617188,1
"Ich war schon bei vielen Steak Restaurants, vor gut 2 Tagen habe ich dieses Steakhaus gefunden.",57.407405853271484,"Ich war schon bei vielen Steak Restaurants, vor gut 2 Tagen hat ich dieses Steakhaus gefunden.",71.7125015258789,1
"Damit war sein Entschluss gefasst und er erklärte seinen zweifelnden Freunden in dem Herbst 1881: ""Auf's Jahr werde ich selbst in meinem eigenen Ballon auffahren!""",35.92402648925781,"Damit war sein Entschluss gefasst und er erklärte seinen zweifelnden Freunden in dem Herbst 1881: ""Auf's Jahr wird ich selbst in meinem eigenen Ballon auffahren!""",36.924686431884766,1
Nie wieder werde ich zu diesem Tierarzt gehen!,145.1880340576172,Nie wieder wird ich zu diesem Tierarzt gehen!,186.38726806640625,1
"Wäre ich nicht mit einer sehr netten Truppe dort gewesen, hätte ich sofort das Gehöft verlassen.",28.985673904418945,"Wäre ich nicht mit einer sehr netten Truppe dort gewesen, habe ich sofort das Gehöft verlassen.",35.02791976928711,1
"Ebensowenig habe ich eine Quittung über meinen Einkauf erhalten, noch eine Durchschrift des von mir unterschriebenen Vertrag.",63.135921478271484,"Ebensowenig hat ich eine Quittung über meinen Einkauf erhalten, noch eine Durchschrift des von mir unterschriebenen Vertrag.",71.99609375,1
Zu dem Frühstück Saft aus Plastikbecher habe ich in den 16 Tagen in Itallien nicht erlebt.,50.15947341918945,Zu dem Frühstück Saft aus Plastikbecher hat ich in den 16 Tagen in Itallien nicht erlebt.,55.260154724121094,1
Ohne diese Hundeschule hätte ich nie die Begleithundeprüfung und den Hundeführerschein bestanden.,29.753023147583008,Ohne diese Hundeschule habe ich nie die Begleithundeprüfung und den Hundeführerschein bestanden.,28.566579818725586,0
"Anstatt 30 Euro habe ich dann nur 18 bezahlt, und mein Fahrrad wurde in nur 10 Minuten repariert.",24.884078979492188,"Anstatt 30 Euro hat ich dann nur 18 bezahlt, und mein Fahrrad wurde in nur 10 Minuten repariert.",26.94423484802246,1
(Bei den Damen und Herren des besagten Mobilfunkanbieters bin ich in dem Gegensatz dazu bisher ausschließlich auf arrogante Unkenntnis gestossen).,46.88713073730469,(Bei den Damen und Herren des besagten Mobilfunkanbieters ist ich in dem Gegensatz dazu bisher ausschließlich auf arrogante Unkenntnis gestossen).,50.48265075683594,1
2009 bin ich zu dem Unternehmen Mentor Coaching gekommen.,512.865478515625,2009 ist ich zu dem Unternehmen Mentor Coaching gekommen.,503.3860168457031,0
"Letzte Woche habe ich den Futon (Baumwollfuton) bestellt, heute war er schon bei mir.",28.692720413208008,"Letzte Woche hat ich den Futon (Baumwollfuton) bestellt, heute war er schon bei mir.",33.003787994384766,1
Auf jeden Fall werde ich jetzt immer zu Dr. Sieben gehen!!,130.5406951904297,Auf jeden Fall wird ich jetzt immer zu Dr. Sieben gehen!!,160.76461791992188,1
"Ich muss sagen, insgesamt habe ich einen eher negativen ersten Eindruck von diesem Unternehmen erhalten.",21.090126037597656,"Ich muss sagen, insgesamt hat ich einen eher negativen ersten Eindruck von diesem Unternehmen erhalten.",25.433143615722656,1
Hier habe ich gefunden wonach ich lange gesucht habe!,68.58857727050781,Hier hat ich gefunden wonach ich lange gesucht habe!,83.8614730834961,1
Per E - Mail habe ich Herrn Holtz gefragt was eine Ohrenuntersuchung kostet bei Direktzahlung.,77.00102233886719,Per E - Mail hat ich Herrn Holtz gefragt was eine Ohrenuntersuchung kostet bei Direktzahlung.,91.338134765625,1
Meine Wärmepumpenheizung habe ich vor zwei Jahren von der Firma Wachinger installieren lassen.,21.10954475402832,Meine Wärmepumpenheizung hat ich vor zwei Jahren von der Firma Wachinger installieren lassen.,24.019407272338867,1
"Bei obiger Reparatur habe ich vergessen zu sagen, dass meine Schaltung neu eingestellt werden muss.",39.07563018798828,"Bei obiger Reparatur hat ich vergessen zu sagen, dass meine Schaltung neu eingestellt werden muss.",44.241493225097656,1
In München habe ich noch keinen kompetenteren oder freundlicheren Mediziner kennenlernen dürfen.,41.6786994934082,In München hat ich noch keinen kompetenteren oder freundlicheren Mediziner kennenlernen dürfen.,57.0377082824707,1
Nach ca. 15 Minuten bin ich gegangen und überlege nun wo ich wohl an dem besten mein Geld lasse.,92.65310668945312,Nach ca. 15 Minuten ist ich gegangen und überlege nun wo ich wohl an dem besten mein Geld lasse.,101.93246459960938,1
Bei meinem Abstecher in die alte Heimat bin ich in der wunderschönen Pension von Familie Klaua in Bernsdorf untergekommen.,26.058940887451172,Bei meinem Abstecher in die alte Heimat ist ich in der wunderschönen Pension von Familie Klaua in Bernsdorf untergekommen.,29.132421493530273,1
"Ist wirklich zu empfehlen und ich wundere mich immer wider, dass nach sovielen Jahren, der laden so wenig Bewertungen hat, deshalb habe ich mir jetzt ein Konto eingerichtet, um auch meine Meinung schreiben zu können.",26.604293823242188,"Ist wirklich zu empfehlen und ich wundere mich immer wider, dass nach sovielen Jahren, der laden so wenig Bewertungen hat, deshalb hat ich mir jetzt ein Konto eingerichtet, um auch meine Meinung schreiben zu können.",28.401052474975586,1
Nach mehreren meisterhaften chirurgischen Eingriffen und einer Menge sehr anstrengender Reha-Maßnahmen bin ich vollständig genesen.,14.656338691711426,Nach mehreren meisterhaften chirurgischen Eingriffen und einer Menge sehr anstrengender Reha-Maßnahmen ist ich vollständig genesen.,14.603690147399902,0
Durch seine Hilfe habe ich relativ einfach mein Wunschgewicht ereicht und auch gehalten in dem Gegensatz zu etlichen anderen Diätversuchen mit wiederkehrendem Jojo - Effekt.,62.342044830322266,Durch seine Hilfe hat ich relativ einfach mein Wunschgewicht ereicht und auch gehalten in dem Gegensatz zu etlichen anderen Diätversuchen mit wiederkehrendem Jojo - Effekt.,69.95654296875,1
Zu dem Glück habe ich erst in dem Büro angerufen.,74.41773223876953,Zu dem Glück hat ich erst in dem Büro angerufen.,83.0087661743164,1
War definitiv nicht das Letzte Mal hier und einen Gutschein für eine Kosmetikbehandlung für Mutti habe ich auch noch mitgenommen :-),86.48495483398438,War definitiv nicht das Letzte Mal hier und einen Gutschein für eine Kosmetikbehandlung für Mutti hat ich auch noch mitgenommen :-),90.28339385986328,1
"Da die Dame mir dort allerdings extrem mürrisch zu verstehen gegeben hat, dass ich offensichtlich nicht erwünscht bin (was übrigens schon das zweite Mal war), habe ich mir dies anders überlegt.",28.659008026123047,"Da die Dame mir dort allerdings extrem mürrisch zu verstehen gegeben hat, dass ich offensichtlich nicht erwünscht bin (was übrigens schon das zweite Mal war), hat ich mir dies anders überlegt.",30.82686996459961,1
Bei Fahrrad Sondergeld habe ich 2010 einmal und 2005 ein zweites Mal ein Fahrrad gekauft.,27.83685874938965,Bei Fahrrad Sondergeld hat ich 2010 einmal und 2005 ein zweites Mal ein Fahrrad gekauft.,29.877777099609375,1
"Meinen ""Flitzer"" für 2011 habe ich ebenfalls bei Radsport Wulff gekauft.",53.233367919921875,"Meinen ""Flitzer"" für 2011 hat ich ebenfalls bei Radsport Wulff gekauft.",59.15039825439453,1
So habe ich zu jeder Speise den passenden Wein trinken können.,71.11375427246094,So hat ich zu jeder Speise den passenden Wein trinken können.,80.75892639160156,1
So etwas habe ich bisher nur selten in dieser Branche erlebt.,31.361026763916016,So etwas hat ich bisher nur selten in dieser Branche erlebt.,38.89194107055664,1
Die meisten Sachen habe ich zuvor nie gesehen!,71.28282928466797,Die meisten Sachen hat ich zuvor nie gesehen!,87.3307113647461,1
Auch habe ich schon die Möglichkeit der Gruppenfeierlichkeiten genutzt und wurde nie enttäuscht.,26.92084312438965,Auch hat ich schon die Möglichkeit der Gruppenfeierlichkeiten genutzt und wurde nie enttäuscht.,32.31996536254883,1
"Leider habe ich die anderen beiden Bewertungen zu spät gesehen und gebucht, da ich dringend ein Hotel in der Gegend brauchte und der Preis ok war.",20.141178131103516,"Leider hat ich die anderen beiden Bewertungen zu spät gesehen und gebucht, da ich dringend ein Hotel in der Gegend brauchte und der Preis ok war.",21.375530242919922,1
"Nachdem an meinem Fahrrad die Kette gerissen ist, habe ich es dahin gebracht und mir wurde versichert, dass es innerhalb von 5 Tagen repariert ist.",15.969245910644531,"Nachdem an meinem Fahrrad die Kette gerissen ist, hat ich es dahin gebracht und mir wurde versichert, dass es innerhalb von 5 Tagen repariert ist.",18.302064895629883,1
"Dann habe ich bei der Bedienung zwei mal das Buffet und etwas zu trinken bestellt, welches sofort an meinem Tisch war.",33.16044616699219,"Dann hat ich bei der Bedienung zwei mal das Buffet und etwas zu trinken bestellt, welches sofort an meinem Tisch war.",36.917396545410156,1
"Du weißt noch gar nicht, wo du bist und was noch alles auf dich wartet!''",40.33155059814453,"Du weißt noch gar nicht, wo du ist und was noch alles auf dich wartet!''",45.4213752746582,1
"Du kommst, gehst und kommst dauernd wieder.",55.946533203125,"Du kommt, gehst und kommst dauernd wieder.",107.64155578613281,1
"Du machst Deinen Knicks und versuchst irgendwie, nett auszusehen.",77.69695281982422,"Du macht Deinen Knicks und versuchst irgendwie, nett auszusehen.",126.80940246582031,1
"Fr. Dr. Berndt hat mich in das Behandlungszimmer gerufen und vor meiner kleinen Tochter (2 Jahre) die Tür vor der Nase zugemacht und gesagt ""Du wartest draussen!""",34.501068115234375,"Fr. Dr. Berndt hat mich in das Behandlungszimmer gerufen und vor meiner kleinen Tochter (2 Jahre) die Tür vor der Nase zugemacht und gesagt ""Du wartet draussen!""",36.70499038696289,1
"Die Berechnung des Max - Planck - Instituts wurde möglich, weil erstmals Zahlen darüber verfügbar sind, in welchem Alter Frauen in Deutschland ihre ersten, zweiten und folgenden Kinder bekommen.",18.93349266052246,"Die Berechnung des Max - Planck - Instituts wurde möglich, weil erstmals Zahlen darüber verfügbar sind, in welchem Alter Frauen in Deutschland ihre ersten, zweiten und folgenden Kinder bekommt.",20.495708465576172,1
"Kaufleute, die aufgrund ihrer Handelsbeziehungen die Verhältnisse in Britannien gut kennen mussten, konnten oder wollten aber keine tauglichen Auskünfte über die Lebensweise und Kriegsstrategien der Insulaner oder geeignete Landungsplätze geben.",18.615209579467773,"Kaufleute, die aufgrund ihrer Handelsbeziehungen die Verhältnisse in Britannien gut kennen mussten, konnten oder wollten aber keine tauglichen Auskünfte über die Lebensweise und Kriegsstrategien der Insulaner oder geeignete Landungsplätze gebt.",20.671533584594727,1
"Zu dieser Zeit war G - 2 ein Synonym, zu dem einen für die Organisation, die Auflärungstätigkeiten für SCAP durchführte, zu dem anderen auch für die Person des Chefs Charles Willoughby, der seine faschistische Einstellung nie verbarg.",36.63548278808594,"Zu dieser Zeit war G - 2 ein Synonym, zu dem einen für die Organisation, die Auflärungstätigkeiten für SCAP durchführte, zu dem anderen auch für die Person des Chefs Charles Willoughby, der seine faschistische Einstellung nie verbargst.",40.64170837402344,1
"Künstler erreichen Menschen in ihrem Herzen; es ist das einzige Mal, dass wir uns an einem Ort treffen und unsere Unterschiede beiseitelegen.",29.208242416381836,"Künstler erreichen Menschen in ihrem Herzen; es ist das einzige Mal, dass wir uns an einem Ort trefft und unsere Unterschiede beiseitelegen.",34.9743537902832,1
"In dem Zusammenwirken mit anderen stilistischen Eigenheiten: sperrigen Parenthesen, überflüssigen Reihungen, Parallelismen, mehrfachen Attribuierungen, führt die Tendenz zu der Metaphorisierung zu einer 'Poetisierung' des Themas, wodurch sich die Texte fast zwangsläufig von ihrem meist erfreulich klar definierten Ausgangspunkt entfernen.",21.296911239624023,"In dem Zusammenwirken mit anderen stilistischen Eigenheiten: sperrigen Parenthesen, überflüssigen Reihungen, Parallelismen, mehrfachen Attribuierungen, führt die Tendenz zu der Metaphorisierung zu einer 'Poetisierung' des Themas, wodurch sich die Texte fast zwangsläufig von ihrem meist erfreulich klar definierten Ausgangspunkt entfernt.",22.301424026489258,1
"Der Schritt verdeutlicht den Wunsch des Unternehmens, dass die Anwender in seinen Produkten mehr als nur Produktivitätswerkzeuge sehen.",26.072265625,"Der Schritt verdeutlicht den Wunsch des Unternehmens, dass die Anwender in seinen Produkten mehr als nur Produktivitätswerkzeuge seht.",35.100425720214844,1
"Hinzu kam der Ratsvorsitz in dem Rat für Allgemeine Angelegenheiten und Auswärtige Beziehungen, der halbjährlich zwischen den Außenministern der Mitgliedstaaten rotierte und dessen Aufgaben sich teilweise ebenfalls mit denen des Hohen Vertreters überschnitten.",13.751168251037598,"Hinzu kam der Ratsvorsitz in dem Rat für Allgemeine Angelegenheiten und Auswärtige Beziehungen, der halbjährlich zwischen den Außenministern der Mitgliedstaaten rotierte und dessen Aufgaben sich teilweise ebenfalls mit denen des Hohen Vertreters überschnittet.",15.428825378417969,1
"Diese Schätzwerte stimmen mit dem Anteil neuer Wohnungen, die nach ihrer Fertigstellung auf dem Vermietungsmarkt landen, überein, was die wichtige Rolle der (inländischen) Investoren auf dem Wohnungsmarkt in der Metropolregion um Toronto erkennen lässt.",12.661240577697754,"Diese Schätzwerte stimmen mit dem Anteil neuer Wohnungen, die nach ihrer Fertigstellung auf dem Vermietungsmarkt landet, überein, was die wichtige Rolle der (inländischen) Investoren auf dem Wohnungsmarkt in der Metropolregion um Toronto erkennen lässt.",13.526664733886719,1
"Studiobesitzer wollte mich zwingen, alle Getränke zu dem Training bei Ihm zu kaufen.",78.07212829589844,"Studiobesitzer wollte mich zwingen, alle Getränke zu dem Training bei Ihm zu kauft.",60.50433349609375,0
"Die Möbel aus unserer Kölner Dachwohnung zu bekommen, war nicht so einfach.",36.99845504760742,"Die Möbel aus unserer Kölner Dachwohnung zu bekommt, war nicht so einfach.",52.4407958984375,1
"Immer mehr Menschen leiden unter Depressionen, Burnout - Syndrom und weiteren psychsichen Erkrankungen, die sich bei vielen auch körperlich äußern.",15.72157096862793,"Immer mehr Menschen leiden unter Depressionen, Burnout - Syndrom und weiteren psychsichen Erkrankungen, die sich bei vielen auch körperlich äußert.",17.60371971130371,1
"Es widerspreche der Lebenserfahrung, daß Malerarbeiten an der Tür vergeben und diese sofort ausgeführt werden.",81.76600646972656,"Es widerspreche der Lebenserfahrung, daß Malerarbeiten an der Tür vergebt und diese sofort ausgeführt werden.",105.8497085571289,1
"Das ist wirklich eine super Reitanlage und wir hoffen, dass wir schnell einen Pensions - Pferde Platz für unsere kleine Stute bekommen.",53.68818283081055,"Das ist wirklich eine super Reitanlage und wir hoffen, dass wir schnell einen Pensions - Pferde Platz für unsere kleine Stute bekommt.",57.2346076965332,1
"In diesem Feld finden sich vor allem Arbeiten, die Konzepte und Ansätze der Kognitiven Linguistik auf die Kognitive Poetik übertragen.",22.177059173583984,"In diesem Feld finden sich vor allem Arbeiten, die Konzepte und Ansätze der Kognitiven Linguistik auf die Kognitive Poetik übertragt.",28.81143569946289,1
"Denn bevor ich mir so ein teures Haarteil kaufe, muß ich auch Vertrauen in das fachliche Können gewinnen.",43.117828369140625,"Denn bevor ich mir so ein teures Haarteil kaufst, muß ich auch Vertrauen in das fachliche Können gewinnen.",47.30001449584961,1
"Er legte die Preise für Grundnahrungsmittel fest, erlaubte es aber nicht, dass sich Organisatoren der Gewerkschaft IWW an den US - Besitzungen vergriffen.",27.907411575317383,"Er legte die Preise für Grundnahrungsmittel fest, erlaubte es aber nicht, dass sich Organisatoren der Gewerkschaft IWW an den US - Besitzungen vergrifft.",32.67609786987305,1
"Als Webmail werden Dienste in dem World Wide Web bezeichnet, die die Verwaltung von E - Mails mit einem Webbrowser ermöglichen.",18.228572845458984,"Als Webmail werden Dienste in dem World Wide Web bezeichnet, die die Verwaltung von E - Mails mit einem Webbrowser ermöglicht.",20.3227481842041,1
"„Wenn ich ihn spiele, fühle ich mich mächtig“, erklärte der Donald Trump-Imitator John Di Domenico dem Online-Magazin Slate letztes Jahr.",21.373567581176758,"„Wenn ich ihn spielst, fühle ich mich mächtig“, erklärte der Donald Trump-Imitator John Di Domenico dem Online-Magazin Slate letztes Jahr.",22.863340377807617,1
"Die zahlreichen Fledermausknochen, die in Spalten und auf Felsvorsprüngen in der Höhle gefunden wurden zeigen, dass die Höhle seit undenklichen Zeiten besonders in dem Winter von Fledermäusen aufgesucht wird.",15.644057273864746,"Die zahlreichen Fledermausknochen, die in Spalten und auf Felsvorsprüngen in der Höhle gefunden wurden zeigt, dass die Höhle seit undenklichen Zeiten besonders in dem Winter von Fledermäusen aufgesucht wird.",15.939967155456543,1
"Dann lieben wir richtig, wenn wir ihm ähnlich werden, der uns alle zuerst geliebt hat.",34.69477081298828,"Dann lieben wir richtig, wenn wir ihm ähnlich werdet, der uns alle zuerst geliebt hat.",45.88024139404297,1
"Die Rückkopplung des Oszillators wird durch den Elektronenstrahl realisiert, indem die an dem Ausgang in ihm induzierten Geschwindigkeitsänderungen aufgrund der Laufzeit zu Dichteänderungen werden, die durch ihr elektrisches Wechselfeld das Ende der Helix anregen.",20.55379867553711,"Die Rückkopplung des Oszillators wird durch den Elektronenstrahl realisiert, indem die an dem Ausgang in ihm induzierten Geschwindigkeitsänderungen aufgrund der Laufzeit zu Dichteänderungen werdet, die durch ihr elektrisches Wechselfeld das Ende der Helix anregen.",23.469789505004883,1
"Ein Versuch, der letztlich scheiterte, weil die Lizenzforderungen von Rechteinhaber Fox das Budget überstiegen, und der Produzent trotz vermutlich vorhandender Ausnahmerechte in dem Urheberrechtsgesetz keinen langwierigen Streit vor Gericht provozieren wollte.",25.778087615966797,"Ein Versuch, der letztlich scheiterte, weil die Lizenzforderungen von Rechteinhaber Fox das Budget überstiegt, und der Produzent trotz vermutlich vorhandender Ausnahmerechte in dem Urheberrechtsgesetz keinen langwierigen Streit vor Gericht provozieren wollte.",29.951868057250977,1
"Auf dem Familienclan scheinen dunkle Geheimnisse zu lasten, und Maigret, dem man von allen Seiten deutlich zu verstehen gibt, dass seine Anwesenheit unerwünscht ist, regt sich auf, dass er den Auftrag überhaupt angenommen hat.",15.812840461730957,"Auf dem Familienclan scheinen dunkle Geheimnisse zu lastet, und Maigret, dem man von allen Seiten deutlich zu verstehen gibt, dass seine Anwesenheit unerwünscht ist, regt sich auf, dass er den Auftrag überhaupt angenommen hat.",18.134572982788086,1
"Diese interdisziplinär breit vernetzte hermeneutische Spirale (Theologie → Exegese → exegetische Theologie) lässt neue Erkenntnisse aus der Heiligen Schrift wachsen, welche die postscriptuelle Schriftwerdung bereichern.",24.89256477355957,"Diese interdisziplinär breit vernetzte hermeneutische Spirale (Theologie → Exegese → exegetische Theologie) lässt neue Erkenntnisse aus der Heiligen Schrift wachst, welche die postscriptuelle Schriftwerdung bereichern.",27.152957916259766,1
"Eine Bekannte empfahl mir dann Herr Dr. Sieben und wie sich herausstellte, war der Preis, den ich dort bezahlte 70 % unter dem der anderen beiden Zahnärzte!!!!",37.2084846496582,"Eine Bekannte empfahl mir dann Herr Dr. Sieben und wie sich herausstellte, war der Preis, den ich dort bezahltest 70 % unter dem der anderen beiden Zahnärzte!!!!",44.90555953979492,1
"Sieben Bäche durchqueren oder begrenzen ihre Feldflur: Mühlbach, Storksbach (mit einem Nord - und Südarm) Ahlbach, Kortelbach, Höinger Bach, Lünerner Bach und Kessebürener Bach.",54.30689239501953,"Sieben Bäche durchquert oder begrenzen ihre Feldflur: Mühlbach, Storksbach (mit einem Nord - und Südarm) Ahlbach, Kortelbach, Höinger Bach, Lünerner Bach und Kessebürener Bach.",51.95294189453125,0
"``Die wollen, daß ich in dem Westjordanland oder in dem Gaza-Streifen eine Fabrik baue'', erzählt der Fleischfabrikant Heinz Annuss.",55.4232063293457,"``Die wollen, daß ich in dem Westjordanland oder in dem Gaza-Streifen eine Fabrik baust'', erzählt der Fleischfabrikant Heinz Annuss.",65.84522247314453,1
Familien die keine 500 Euro Brille kaufen werden hier wohl nicht gerne gesehen.,130.99008178710938,Familien die keine 500 Euro Brille kauft werden hier wohl nicht gerne gesehen.,77.872802734375,0
"Die größten europäischen Flüsse fließen von der Schweiz aus, wie der Rhein, die Rhone, der Inn, der Tessin und der Po, die alle in den Alpen entspringen und in die umgebenden Länder fließen, und schließlich in die Nordsee, das Mittelmeer, die Adria und das Schwarze Meer münden.",7.705411434173584,"Die größten europäischen Flüsse fließen von der Schweiz aus, wie der Rhein, die Rhone, der Inn, der Tessin und der Po, die alle in den Alpen entspringt und in die umgebenden Länder fließen, und schließlich in die Nordsee, das Mittelmeer, die Adria und das Schwarze Meer münden.",8.176071166992188,1
"Aufgelistet sind lediglich Spieler, die mindestens sieben Partien bestritten.",17.46799087524414,"Aufgelistet sind lediglich Spieler, die mindestens sieben Partien bestrittet.",25.237112045288086,1
"Um welche Gegenstände oder Entitäten handelt es sich, die mit den Tatsachen oder der Wirklichkeit übereinstimmen sollen, und die wir in diesem Sinne wahr nennen?",13.960673332214355,"Um welche Gegenstände oder Entitäten handelt es sich, die mit den Tatsachen oder der Wirklichkeit übereinstimmen sollen, und die wir in diesem Sinne wahr nennt?",15.883895874023438,1
Inwieweit auch Fliegen als mechanische Überträger in Frage kommen ist nicht geklärt.,39.290916442871094,Inwieweit auch Fliegen als mechanische Überträger in Frage kommt ist nicht geklärt.,41.420230865478516,1
"Denn Lipowitz geht davon aus, dass sich über die ""neuen"" Massenmedien wie Musik, Kino und Fernsehen mehr Menschen erreichen lassen als über die ""klassischen"" Medien wie Malerei.",22.09685707092285,"Denn Lipowitz geht davon aus, dass sich über die ""neuen"" Massenmedien wie Musik, Kino und Fernsehen mehr Menschen erreichen lasst als über die ""klassischen"" Medien wie Malerei.",23.404897689819336,1
"Insgesamt ist das R2 wirklich eine sehr schicke Lokalität, welche ich sehr gern besuche.",31.36775016784668,"Insgesamt ist das R2 wirklich eine sehr schicke Lokalität, welche ich sehr gern besuchst.",34.136260986328125,1
"Der Purpurschwarze Täubling ist kein Speisepilz, wenn auch einige Formen fast mild schmecken.",40.482269287109375,"Der Purpurschwarze Täubling ist kein Speisepilz, wenn auch einige Formen fast mild schmeckt.",44.91255187988281,1
"Die Saison 1982 / 83 war seine treffsicherste Spielzeit in Mexiko, in der ihm in 32 Spielen insgesamt 21 Treffer gelangen, davon allein 18 in den 19 Vorrundenspielen.",11.09678840637207,"Die Saison 1982 / 83 war seine treffsicherste Spielzeit in Mexiko, in der ihm in 32 Spielen insgesamt 21 Treffer gelangt, davon allein 18 in den 19 Vorrundenspielen.",12.30012035369873,1
"Als ich mit Woods per E-Mail korrespondierte, versuchte ich mich darin, ein Etymon aufzudecken.",44.78352355957031,"Als ich mit Woods per E-Mail korrespondiertest, versuchte ich mich darin, ein Etymon aufzudecken.",72.22429656982422,1
"Ich ärgere mich sehr, fühle mich als Patient nicht wertgeschätzt und war über die unhygienischen Zustände und über die Unfreundlichkeit sehr entsetzt.",22.00731086730957,"Ich ärgerst mich sehr, fühle mich als Patient nicht wertgeschätzt und war über die unhygienischen Zustände und über die Unfreundlichkeit sehr entsetzt.",36.91217803955078,1
"Aikidō besteht aus inneren Formen, den Prinzipien des Aikidō (Ki, Aiki, Kokyū, Hara, Shin), und äußeren Formen, den Techniken (Waza), wobei erst beide Formen zusammen Aikidō bilden.",12.620996475219727,"Aikidō besteht aus inneren Formen, den Prinzipien des Aikidō (Ki, Aiki, Kokyū, Hara, Shin), und äußeren Formen, den Techniken (Waza), wobei erst beide Formen zusammen Aikidō bildet.",13.395074844360352,1
"In ihrer unnachahmlich dümmlichen Art sprachen mich bald Offiziere an, fragten, ob ich denn den Schriftsteller Günter de Bruyn kenne, ob wir geistige Verwandte seien.",28.21182632446289,"In ihrer unnachahmlich dümmlichen Art sprachen mich bald Offiziere an, fragten, ob ich denn den Schriftsteller Günter de Bruyn kennst, ob wir geistige Verwandte seien.",31.511856079101562,1
"Ich bin dagegen, daß wir alle Erfahrungen der letzten 30 Jahre über Bord werfen.",27.32663917541504,"Ich bin dagegen, daß wir alle Erfahrungen der letzten 30 Jahre über Bord werft.",39.34431076049805,1
"Er tauchte wieder und wieder in meinem Stall auf, und ich meinte scherzhaft zu dem Nachbarn, dass er offensichtlich nicht verkauft werden wollte.",21.51221466064453,"Er tauchte wieder und wieder in meinem Stall auf, und ich meintest scherzhaft zu dem Nachbarn, dass er offensichtlich nicht verkauft werden wollte.",36.99581527709961,1
"Obwohl sie wie diese hauptsächlich zwischen Caches reisen sollen, gibt es deshalb neben den wandernden Coins auch Varianten, die den Eigentümer stets begleiten und deren Sichtung durch andere Geocacher auch mit einem speziellen Logeintrag (Discovered) protokolliert wird.",41.21610641479492,"Obwohl sie wie diese hauptsächlich zwischen Caches reisen sollen, gibt es deshalb neben den wandernden Coins auch Varianten, die den Eigentümer stets begleitet und deren Sichtung durch andere Geocacher auch mit einem speziellen Logeintrag (Discovered) protokolliert wird.",42.448028564453125,1
"Wir selbst gehen dort ab und zu Essen, obwohl wir ganz in der Nähe wohnen.",26.448347091674805,"Wir selbst geht dort ab und zu Essen, obwohl wir ganz in der Nähe wohnen.",37.24588394165039,1
"``Wir dürfen niemals vergessen, daß nach dem gleichen Maß, mit dem wir die Angeklagten heute messen, auch wir morgen von der Geschichte gemessen werden.",26.440820693969727,"``Wir dürfen niemals vergessen, daß nach dem gleichen Maß, mit dem wir die Angeklagten heute messt, auch wir morgen von der Geschichte gemessen werden.",31.41867446899414,1
``Aber wir lassen uns nicht unterkriegen.,82.69780731201172,``Aber wir lasst uns nicht unterkriegen.,98.37466430664062,1
"``Wir haben alles erreicht, was wir wollten'', erklärte Japans Außenminister Yohei Kono.",17.450634002685547,"``Wir haben alles erreicht, was wir wolltet'', erklärte Japans Außenminister Yohei Kono.",25.697559356689453,1
"``Diese Platte war Freddies letzter Wille, danach wird es Queen nicht mehr geben'', versichert Brian May, ``Freddie wollte damals, daß wir jedesmal in das Studio gingen, wenn er sich einigermaßen gut fühlte.",34.818519592285156,"``Diese Platte war Freddies letzter Wille, danach wird es Queen nicht mehr geben'', versichert Brian May, ``Freddie wollte damals, daß wir jedesmal in das Studio gingt, wenn er sich einigermaßen gut fühlte.",43.357872009277344,1
"``Wir in der Wirtschaft lernen von eurer Erniedrigung und von euren Skandalen, daß wir noch mehr die Öffentlichkeit meiden müssen.",34.60981369018555,"``Wir in der Wirtschaft lernt von eurer Erniedrigung und von euren Skandalen, daß wir noch mehr die Öffentlichkeit meiden müssen.",41.582176208496094,1
"Ich zweifle, ob wir das überlebten, ob der Staat das überlebte.",20.180559158325195,"Ich zweifle, ob wir das überlebtet, ob der Staat das überlebte.",44.598487854003906,1
"Weil wir nicht trinken und nicht an ihren Festen teilnehmen, haben sie uns aus dem Dorf gejagt.",32.543846130371094,"Weil wir nicht trinkt und nicht an ihren Festen teilnehmen, haben sie uns aus dem Dorf gejagt.",42.730167388916016,1
"""ich bin dagegen, daß wir alle Erfahrungen der letzten 30 Jahre über Bord werfen.""",46.323429107666016,"""ich bin dagegen, daß wir alle Erfahrungen der letzten 30 Jahre über Bord werft.""",62.8057746887207,1
Wir hatten hunger und gingen in dieses Restautant.,293.8627014160156,Wir hattet hunger und gingen in dieses Restautant.,276.88397216796875,0
Super Service -- das ist jetzt mein Stammladen solange wir in Rheinfelden wohnen bleiben :-),150.6339874267578,Super Service -- das ist jetzt mein Stammladen solange wir in Rheinfelden wohnen bleibt :-),163.0983123779297,1
"Er spricht sehr schlecht Deutsch, sodass ich gar nicht wusste, was er überhaupt von mir will.",20.701007843017578,"Er spricht sehr schlecht Deutsch, sodass ich gar nicht wusstest, was er überhaupt von mir will.",28.80982208251953,1
"Auch wenn ich nicht viel von Besuchen bei dem Zahnarzt halte, wer tut das schon gerne, kann ich nur sagen, die Frau versteht ihren Beruf.",30.29986572265625,"Auch wenn ich nicht viel von Besuchen bei dem Zahnarzt hältst, wer tut das schon gerne, kann ich nur sagen, die Frau versteht ihren Beruf.",39.369937896728516,1
"Das Team ist super nett, ich fühle mich sehr gut aufgeboben und der Wohlfühlfaktor ist zu 100 % gegeben.",17.210464477539062,"Das Team ist super nett, ich fühlst mich sehr gut aufgeboben und der Wohlfühlfaktor ist zu 100 % gegeben.",20.077556610107422,1
"Was wir bekamen, war weit mehr.",223.83554077148438,"Was wir bekamt, war weit mehr.",474.3653564453125,1
"Daraufhin kam ein Brief von Herrn Holtz, dass ich seine Praxis nicht mehr aufsuchen sollte, falls ich den offenstehenden Betrag nicht überweise.",33.091766357421875,"Daraufhin kam ein Brief von Herrn Holtz, dass ich seine Praxis nicht mehr aufsuchen sollte, falls ich den offenstehenden Betrag nicht überweist.",30.694337844848633,0
"Wir sind super glücklich, dass wir sie haben!",28.5128116607666,"Wir sind super glücklich, dass wir sie habt!",36.67778396606445,1
"Ich versuchte, Sie darüber aufzuklären, dass ich keine Kontaktlinsenberatung wünschte, sondern eine Untersuchung meiner Augen auf Gegenanzeigen, Hinderungsgründe und evtl. bereits aufgetretene Schäden.",15.181368827819824,"Ich versuchte, Sie darüber aufzuklären, dass ich keine Kontaktlinsenberatung wünschtest, sondern eine Untersuchung meiner Augen auf Gegenanzeigen, Hinderungsgründe und evtl. bereits aufgetretene Schäden.",17.342195510864258,1
wir drei Frauen waren hier gerade in der Verantwortung.,187.83578491210938,wir drei Frauen wart hier gerade in der Verantwortung.,395.0041198730469,1
"Sie werden sich fragen warum hat es sechs Jahre und drei Hundeschulen gedauert bis unser Hund verstand, was wir von Ihm wollten.",50.323612213134766,"Sie werden sich fragen warum hat es sechs Jahre und drei Hundeschulen gedauert bis unser Hund verstand, was wir von Ihm wolltet.",66.4181900024414,1
"Große Koalitionen waren notwendig, sogar als wir die Mehrheit hatten, angesichts der Bedrohungen aus dem Osten.",17.890838623046875,"Große Koalitionen waren notwendig, sogar als wir die Mehrheit hattet, angesichts der Bedrohungen aus dem Osten.",20.56707191467285,1
"Ich vertrete meine Region mit ihren Problemen in dem Bundestag genauso, wie es auch West-Kollegen tun.",78.28218841552734,"Ich vertrittst meine Region mit ihren Problemen in dem Bundestag genauso, wie es auch West-Kollegen tun.",66.9796371459961,0
Wir brauchen den Zwischenbericht nicht mehr.'',204.50042724609375,Wir braucht den Zwischenbericht nicht mehr.'',311.3479309082031,1
"Jedesmal war ein anderer Arzt da, was ich etwas unpersönlich finde.",58.2402458190918,"Jedesmal war ein anderer Arzt da, was ich etwas unpersönlich findest.",55.70835876464844,0
"``Wir haben eine Aufgabe, die wichtiger ist als wir selbst'', sagte Scharping.",58.431678771972656,"``Wir habt eine Aufgabe, die wichtiger ist als wir selbst'', sagte Scharping.",74.66903686523438,1
"``Das ist die erste intelligente Äußerung, die ich von der IG Metall seit Jahren höre'', sagte Stihl der FR.",59.74918746948242,"``Das ist die erste intelligente Äußerung, die ich von der IG Metall seit Jahren hörst'', sagte Stihl der FR.",68.69239807128906,1
Wir fühlen uns Wohl.,249.85797119140625,Wir fühlt uns Wohl.,880.71875,1
"Wenn ich wieder nach Berlin komme, weiss ich schon wohin.",29.628450393676758,"Wenn ich wieder nach Berlin kommst, weiss ich schon wohin.",50.693851470947266,1
"Ich liebe es, damit zu spielen, und ich bin immer auf der Suche nach passenden Musen, weil es so interessant ist, eine Kollektion zu entwerfen, wenn ich eine finde.",15.684633255004883,"Ich liebst es, damit zu spielen, und ich bin immer auf der Suche nach passenden Musen, weil es so interessant ist, eine Kollektion zu entwerfen, wenn ich eine finde.",18.57788848876953,1
"Das ist wirklich eine super Reitanlage und wir hoffen, dass wir schnell einen Pensions - Pferde Platz für unsere kleine Stute bekommen.",53.68818283081055,"Das ist wirklich eine super Reitanlage und wir hofft, dass wir schnell einen Pensions - Pferde Platz für unsere kleine Stute bekommen.",66.1755599975586,1
Kein Vergleich mit der Praxis in der ich jetzt bin nach meinem Umzug.,66.99141693115234,Kein Vergleich mit der Praxis in der ich jetzt bist nach meinem Umzug.,94.30107116699219,1
"``Wir in der Wirtschaft lernen von eurer Erniedrigung und von euren Skandalen, daß wir noch mehr die Öffentlichkeit meiden müssen.",34.60981369018555,"``Wir in der Wirtschaft lernt von eurer Erniedrigung und von euren Skandalen, daß wir noch mehr die Öffentlichkeit meiden müssen.",41.582176208496094,1
"Wenn ich in der Innenstadt bin, komme ich gern bei dem Amelie - Shop vorbei um mir mit einer Praline und einem Espresso eine kurze Auszeit zu gönnen.",22.062267303466797,"Wenn ich in der Innenstadt bist, komme ich gern bei dem Amelie - Shop vorbei um mir mit einer Praline und einem Espresso eine kurze Auszeit zu gönnen.",23.22506332397461,1
"Das Motto des Buches, ""Wo wir sind, ist oben"", wurde in späteren Ausgaben ersetzt.",29.31208038330078,"Das Motto des Buches, ""Wo wir seid, ist oben"", wurde in späteren Ausgaben ersetzt.",34.41543197631836,1
"``Wir raten aus den bekannten rationalen Gründen von einer Flucht in den Schweizer Franken ab'', sagt auch Union-Investment-Chef Manfred Mathes.",95.69561767578125,"``Wir ratet aus den bekannten rationalen Gründen von einer Flucht in den Schweizer Franken ab'', sagt auch Union-Investment-Chef Manfred Mathes.",125.80156707763672,1
"``Wir bitten um Ihre Geduld für 100 Tage, die traditionelle Frist, die jeder Regierung eingeräumt wird, damit die Richtung ihres Handelns und ihre politische Wirksamkeit erkennbar wird.",22.30338478088379,"``Wir bittet um Ihre Geduld für 100 Tage, die traditionelle Frist, die jeder Regierung eingeräumt wird, damit die Richtung ihres Handelns und ihre politische Wirksamkeit erkennbar wird.",21.6292724609375,0
"Und sie räumte ein: „Schauen Sie sich an, wo sie zugibt, dass wir etwas anders machen müssen – wir können es besser – und wo sie Bedauern ausgesprochen hat.“",31.20736312866211,"Und sie räumte ein: „Schauen Sie sich an, wo sie zugibt, dass wir etwas anders machen müssen – wir könnt es besser – und wo sie Bedauern ausgesprochen hat.“",35.96024703979492,1
Ich vertraute der geübten Schneiderin und kam wenige Tage später wieder in den Laden.,44.57363510131836,Ich vertrautest der geübten Schneiderin und kam wenige Tage später wieder in den Laden.,109.54645538330078,1
"Ist wirklich zu empfehlen und ich wundere mich immer wider, dass nach sovielen Jahren, der laden so wenig Bewertungen hat, deshalb habe ich mir jetzt ein Konto eingerichtet, um auch meine Meinung schreiben zu können.",26.604293823242188,"Ist wirklich zu empfehlen und ich wunderst mich immer wider, dass nach sovielen Jahren, der laden so wenig Bewertungen hat, deshalb habe ich mir jetzt ein Konto eingerichtet, um auch meine Meinung schreiben zu können.",30.27086067199707,1
"Sie erklärt was sie als nächstes macht, was ich persönlich als sehr wichtig finde.",50.74052429199219,"Sie erklärt was sie als nächstes macht, was ich persönlich als sehr wichtig findest.",51.70582580566406,1
"Ich zweifle, ob wir das überlebten, ob der Staat das überlebte.",20.180559158325195,"Ich zweifelst, ob wir das überlebten, ob der Staat das überlebte.",20.60379981994629,1
Wir bekamen ein Begrüßungs - und ein Abschiedsschnaps und ausreichend Reis als Nachschub.,36.44660568237305,Wir bekamt ein Begrüßungs - und ein Abschiedsschnaps und ausreichend Reis als Nachschub.,51.91019058227539,1
Wir waren auf dem Weg nach Russland mit unserem Wohnmobil bei Miriam und Christoph.,42.48902893066406,Wir wart auf dem Weg nach Russland mit unserem Wohnmobil bei Miriam und Christoph.,118.85480499267578,1
"Hier finde ich meine asiatische Zutaten, die ich sonst nirgendwo finde.",35.59665298461914,"Hier finde ich meine asiatische Zutaten, die ich sonst nirgendwo findest.",34.190582275390625,0
Zu den Donuts: Ich kenne die Donuts von Dunkin sowie Krispy Kreme.,49.623348236083984,Zu den Donuts: Ich kennst die Donuts von Dunkin sowie Krispy Kreme.,67.12972259521484,1
"Kolleginnen und Kollegen, ich weiß, daß ich damit Tabus tangiere und wahrscheinlich auch Aufregung auslöse.",23.492565155029297,"Kolleginnen und Kollegen, ich weiß, daß ich damit Tabus tangierst und wahrscheinlich auch Aufregung auslöse.",36.2085075378418,1
``Wir prüfen das.,492.9202880859375,``Wir prüft das.,818.7384033203125,1
"Ich (14) wollte dort hin um einen neuen Schlauch in mein Hinterrad einzubauen, weil ich einen Platten hatte.",86.50038146972656,"Ich (14) wollte dort hin um einen neuen Schlauch in mein Hinterrad einzubauen, weil ich einen Platten hattest.",85.36564636230469,0
"„Wir stehen in dem Wettbewerb und wir denken, ein Transitsystem kann dabei helfen“, sagte Joe Sternlieb, Präsident des Georgetown BID.",56.26459503173828,"„Wir stehen in dem Wettbewerb und wir denkt, ein Transitsystem kann dabei helfen“, sagte Joe Sternlieb, Präsident des Georgetown BID.",67.3818588256836,1
Wir schreiben seit dem vierten Quartal 1992 rote Zahlen.,30.221277236938477,Wir schreibt seit dem vierten Quartal 1992 rote Zahlen.,34.72237777709961,1
"„Ich weiß nicht, wie groß der BIP-Wachstum unter Washington und unter Lincoln war, aber die institutionellen Entwicklungen während dieser Amtszeiten hatten erhebliche und langanhaltende Auswirkungen.",19.464366912841797,"„Ich weißt nicht, wie groß der BIP-Wachstum unter Washington und unter Lincoln war, aber die institutionellen Entwicklungen während dieser Amtszeiten hatten erhebliche und langanhaltende Auswirkungen.",22.36186981201172,1
"„Ich liebte die tropischen Farben“, sagt er.",53.53095626831055,"„Ich liebtest die tropischen Farben“, sagt er.",87.8071517944336,1
5. Ich bedaure das Karlsruher Urteil.,122.52771759033203,5. Ich bedauerst das Karlsruher Urteil.,163.8917236328125,1
"„Wir suchen aktiv nach Wegen, die Möglichkeit einer Klage auf diejenigen zu begrenzen, die an einem Projekt tatsächlich ein einklagbares Interesse haben“, wurde er zitiert.",28.276086807250977,"„Wir sucht aktiv nach Wegen, die Möglichkeit einer Klage auf diejenigen zu begrenzen, die an einem Projekt tatsächlich ein einklagbares Interesse haben“, wurde er zitiert.",34.238807678222656,1
"Ich gehe gerne mit meiner Familie in das Hotel Sommer, weil die Umgebung auch den Kindern super gefällt.",32.05062484741211,"Ich gehst gerne mit meiner Familie in das Hotel Sommer, weil die Umgebung auch den Kindern super gefällt.",47.15416717529297,1
"Man wollte mir einen Zahnriemen reparieren, den ich nicht habe!",100.81392669677734,"Man wollte mir einen Zahnriemen reparieren, den ich nicht hast!",143.71115112304688,1
"``Wir wollen noch mehr'', betont Omicevic.",1048.927978515625,"``Wir wollt noch mehr'', betont Omicevic.",1065.8826904296875,1
Gegen diese Wirtschaftsideologie müssen und können wir uns wehren.,41.4598388671875,Gegen diese Wirtschaftsideologie müsst und können wir uns wehren.,37.90175247192383,0
"Wo Irrtum herrscht, dorthin dürfen wir Wahrheit bringen.",64.46903228759766,"Wo Irrtum herrscht, dorthin dürft wir Wahrheit bringen.",114.38485717773438,1
"Hätten wir auch hier nicht darauf geachtet, hätten wir zuviel bezahlt.",26.17898941040039,"Hätten wir auch hier nicht darauf geachtet, hättet wir zuviel bezahlt.",28.622299194335938,1
Als mein Verlobter und ich von Augsburg nach München fahren wollten sind wir hier vor der Abfahrt hängen geblieben.,16.20719337463379,Als mein Verlobter und ich von Augsburg nach München fahren wollten seid wir hier vor der Abfahrt hängen geblieben.,18.308008193969727,1
"Auch in meinem Bekanntenkreis muss ich nun hören, dass diese Praxis die Regel zu seien scheint und oft in dem Rechtsstreit endet.",33.387332916259766,"Auch in meinem Bekanntenkreis musst ich nun hören, dass diese Praxis die Regel zu seien scheint und oft in dem Rechtsstreit endet.",34.292686462402344,1
"Ich dachte, dass die letzten beiden Besuche Ausrutscher waren, da habe ich mich aber wohl getäuscht.",24.972402572631836,"Ich dachte, dass die letzten beiden Besuche Ausrutscher waren, da hast ich mich aber wohl getäuscht.",35.498897552490234,1
Bei unserem nächsten Aufenthalt auf Sylt werden wir ganz bestimmt wieder hier essen gehen!,31.037506103515625,Bei unserem nächsten Aufenthalt auf Sylt werdet wir ganz bestimmt wieder hier essen gehen!,61.77698516845703,1
"``Wir haben uns ernsthaft dazu verpflichtet, und deshalb werden wir es auch ernsthaft umsetzen'', sagte der amtierende Ministerpräsident.",16.563016891479492,"``Wir haben uns ernsthaft dazu verpflichtet, und deshalb werdet wir es auch ernsthaft umsetzen'', sagte der amtierende Ministerpräsident.",21.564748764038086,1
So mussten wir Abends in das Strandrestaurant ausweichen.,142.13551330566406,So musstet wir Abends in das Strandrestaurant ausweichen.,168.4400177001953,1
"Was soll ich sagen es scheint schlecht um das gute alte Vinyl zu stehen, denn immer mehr Plattenläden haben in letzter Zeit in Köln geschlossen.",39.85580062866211,"Was sollst ich sagen es scheint schlecht um das gute alte Vinyl zu stehen, denn immer mehr Plattenläden haben in letzter Zeit in Köln geschlossen.",50.14851760864258,1
"Und dann bin ich auf Empfehlung einer sehr guten Freundin nach Dortmund gefahren um mich dort von Herrn Knauff behandeln zu lassen und kann nur sagen, dass das die beste Entscheidung gewesen ist.",14.48843002319336,"Und dann bist ich auf Empfehlung einer sehr guten Freundin nach Dortmund gefahren um mich dort von Herrn Knauff behandeln zu lassen und kann nur sagen, dass das die beste Entscheidung gewesen ist.",18.100452423095703,1
"Mecklenburg-Vorpommern ist ein traditionelles Agrarland, warum sollen wir das hier nicht schaffen?",20.38567543029785,"Mecklenburg-Vorpommern ist ein traditionelles Agrarland, warum sollt wir das hier nicht schaffen?",26.440080642700195,1
"Vor Ort musste ich dann feststellen, dass Herr Holtz mir alle möglichen Untersuchungen aufdrücken wollte.",50.2996826171875,"Vor Ort musstest ich dann feststellen, dass Herr Holtz mir alle möglichen Untersuchungen aufdrücken wollte.",75.99047088623047,1
Durch dieses Schreiben möchte ich gerne erfahren wie er das gemeint hat.,52.566654205322266,Durch dieses Schreiben möchtest ich gerne erfahren wie er das gemeint hat.,61.28763961791992,1
"Also nachdem hier jetzt schon andere Bewertungen stehen, wollte ich mich auch mal zu dem Service in dem Kosmetikinstitut äußern.",40.390525817871094,"Also nachdem hier jetzt schon andere Bewertungen stehen, wolltest ich mich auch mal zu dem Service in dem Kosmetikinstitut äußern.",50.294166564941406,1
"``an dem Anfang hatten wir gehofft, der Markt würde sich halten'', meinte ein Händler.",78.75464630126953,"``an dem Anfang hattet wir gehofft, der Markt würde sich halten'', meinte ein Händler.",82.93087005615234,1
Da der Service und die Preise in der Weidenallee stimmen können wir die Firma nur weiterempfehlen.,56.63092803955078,Da der Service und die Preise in der Weidenallee stimmen könnt wir die Firma nur weiterempfehlen.,71.57666015625,1
"Hier habe Ich schon viel gegessen, wirklich weiter zu empfehlen!..",259.9825744628906,"Hier hast Ich schon viel gegessen, wirklich weiter zu empfehlen!..",392.3458557128906,1
Drei bis vier weitere Projekte wollen wir bis Ende nächsten Jahres schon noch in unserem Auftragsbuch haben.,72.48104858398438,Drei bis vier weitere Projekte wollt wir bis Ende nächsten Jahres schon noch in unserem Auftragsbuch haben.,86.74734497070312,1
"Was soll ich sagen, es ist mein Arbeitgeber.",94.72262573242188,"Was sollst ich sagen, es ist mein Arbeitgeber.",175.1953582763672,1
Deshalb werden wir dort nicht mehr hingehen.,35.29033660888672,Deshalb werdet wir dort nicht mehr hingehen.,64.28429412841797,1
Auch habe ich schon die Möglichkeit der Gruppenfeierlichkeiten genutzt und wurde nie enttäuscht.,26.92084312438965,Auch hast ich schon die Möglichkeit der Gruppenfeierlichkeiten genutzt und wurde nie enttäuscht.,38.96162033081055,1
"Denn bevor ich mir so ein teures Haarteil kaufe, muß ich auch Vertrauen in das fachliche Können gewinnen.",43.117828369140625,"Denn bevor ich mir so ein teures Haarteil kaufe, musst ich auch Vertrauen in das fachliche Können gewinnen.",44.99754333496094,1
"Auf das Ergebnis der Laborwerte musste ich wochenlang warten und Dr. Trapp bellte mich täglich an dem Telefon an, dass ich es an dem jeweils nächsten Tag nochmal versuchen sollte.",35.860984802246094,"Auf das Ergebnis der Laborwerte musstest ich wochenlang warten und Dr. Trapp bellte mich täglich an dem Telefon an, dass ich es an dem jeweils nächsten Tag nochmal versuchen sollte.",45.561431884765625,1
Für 10 EUR pro Tag zusätzlich hätten wir ein Zimmer mit Meerblick erhalten können.,42.22182083129883,Für 10 EUR pro Tag zusätzlich hättet wir ein Zimmer mit Meerblick erhalten können.,64.6209487915039,1
Durch sachlichen und fairen Umgang sollten wir der PDS ihren Monopolanspruch auf linke Politik und die Vertretung ostdeutscher Interessen streitig machen.,31.748960494995117,Durch sachlichen und fairen Umgang solltet wir der PDS ihren Monopolanspruch auf linke Politik und die Vertretung ostdeutscher Interessen streitig machen.,35.13609313964844,1
Essen werde ich da nichts mehr.,525.42822265625,Essen wirst ich da nichts mehr.,446.4723815917969,0
Unsere Küche wurde geliefert und schon bei dem Einbau haben wir einige Mängel festgestellt.,19.086441040039062,Unsere Küche wurde geliefert und schon bei dem Einbau habt wir einige Mängel festgestellt.,27.019224166870117,1
"Da wir in dem Winter dort waren, konnten wir leider nicht die Terrasse direkt an dem Wasser nutzen.",48.0951042175293,"Da wir in dem Winter dort waren, konntet wir leider nicht die Terrasse direkt an dem Wasser nutzen.",73.37877655029297,1
"Bereits nach der ersten Trainingseinheit, die dauerte etwa zwei Stunden, konnten wir fast normal mit unserem Hund laufen.",26.124433517456055,"Bereits nach der ersten Trainingseinheit, die dauerte etwa zwei Stunden, konntet wir fast normal mit unserem Hund laufen.",34.41667175292969,1
"Diese hatten wir telefonisch an einem Freitag kurz vor Ladenschluss angefragt und derselbe Verkäufer sagte uns, man solle einfach kurz vorbeikommen an dem Samstag morgen und es wären noch ausreichend Mietfahrzeuge vorhanden.",20.407535552978516,"Diese hattet wir telefonisch an einem Freitag kurz vor Ladenschluss angefragt und derselbe Verkäufer sagte uns, man solle einfach kurz vorbeikommen an dem Samstag morgen und es wären noch ausreichend Mietfahrzeuge vorhanden.",22.28013801574707,1
"Zu guter Letzt müssen wir es den Menschen erleichtern, mutmaßliche Verstöße und böswillige E-Mails zu melden.",26.95266342163086,"Zu guter Letzt müsst wir es den Menschen erleichtern, mutmaßliche Verstöße und böswillige E-Mails zu melden.",31.18470573425293,1
Durch die räumliche Nähe der einzelnen Praxen konnte ich an dem gleichen Vormittag zwei Termine wahrnehmen.,16.481239318847656,Durch die räumliche Nähe der einzelnen Praxen konntest ich an dem gleichen Vormittag zwei Termine wahrnehmen.,18.77938461303711,1
"Damit war sein Entschluss gefasst und er erklärte seinen zweifelnden Freunden in dem Herbst 1881: ""Auf's Jahr werde ich selbst in meinem eigenen Ballon auffahren!""",35.92402648925781,"Damit war sein Entschluss gefasst und er erklärte seinen zweifelnden Freunden in dem Herbst 1881: ""Auf's Jahr wirst ich selbst in meinem eigenen Ballon auffahren!""",39.119972229003906,1
Nach ca. 15 Minuten bin ich gegangen und überlege nun wo ich wohl an dem besten mein Geld lasse.,92.65310668945312,Nach ca. 15 Minuten bist ich gegangen und überlege nun wo ich wohl an dem besten mein Geld lasse.,126.17265319824219,1
"Diesen hätte ich auch einfach zu Hause zu mir nehmen können, da ich einen Termin hatte und dennoch warten musste.",38.853843688964844,"Diesen hättest ich auch einfach zu Hause zu mir nehmen können, da ich einen Termin hatte und dennoch warten musste.",49.09628677368164,1
"Mit gutem Gewissen haben wir uns immer wieder für diese Firma entschieden, weil alle erteilten Aufträge sehr sauber und ordentlich nach unseren Wünschen realisiert wurden.",14.098485946655273,"Mit gutem Gewissen habt wir uns immer wieder für diese Firma entschieden, weil alle erteilten Aufträge sehr sauber und ordentlich nach unseren Wünschen realisiert wurden.",16.893016815185547,1
Nach mehreren meisterhaften chirurgischen Eingriffen und einer Menge sehr anstrengender Reha-Maßnahmen bin ich vollständig genesen.,14.656338691711426,Nach mehreren meisterhaften chirurgischen Eingriffen und einer Menge sehr anstrengender Reha-Maßnahmen bist ich vollständig genesen.,19.787504196166992,1
"Zuerst müssen wir den Menschen beibringen, wie sie sich selbst online besser schützen.",37.69477081298828,"Zuerst müsst wir den Menschen beibringen, wie sie sich selbst online besser schützen.",47.08928680419922,1
"Zunächst muss ich sagen, dass ich den Leuten, die Herrn Delorme als unfreundlich bezeichnen, nicht zustimmen kann.",15.441967010498047,"Zunächst musst ich sagen, dass ich den Leuten, die Herrn Delorme als unfreundlich bezeichnen, nicht zustimmen kann.",15.765247344970703,1
"Da meine Freundin und ich recht unterschiedliche Ideen hatten, haben wir uns dementsprechend beraten lassen.",36.756526947021484,"Da meine Freundin und ich recht unterschiedliche Ideen hatten, habt wir uns dementsprechend beraten lassen.",51.98334884643555,1
"Nach über einer Stunde musste ich noch einmal anrufen, da man mich nicht zurück gerufen hatte.",27.13317108154297,"Nach über einer Stunde musstest ich noch einmal anrufen, da man mich nicht zurück gerufen hatte.",39.96768569946289,1
Ohne diese Hundeschule hätte ich nie die Begleithundeprüfung und den Hundeführerschein bestanden.,29.753023147583008,Ohne diese Hundeschule hättest ich nie die Begleithundeprüfung und den Hundeführerschein bestanden.,39.087947845458984,1
Bei anderen Tierärzten konnte ich bisher immer mit Rechnung bezahlen.,54.15175247192383,Bei anderen Tierärzten konntest ich bisher immer mit Rechnung bezahlen.,69.59580993652344,1
In München habe ich noch keinen kompetenteren oder freundlicheren Mediziner kennenlernen dürfen.,41.6786994934082,In München hast ich noch keinen kompetenteren oder freundlicheren Mediziner kennenlernen dürfen.,74.2969741821289,1
"Was soll ich sagen... netter Empfang, Möbel nicht die neusten aber OK.",150.47532653808594,"Was sollst ich sagen... netter Empfang, Möbel nicht die neusten aber OK.",237.69692993164062,1
Auf jeden Fall werde ich jetzt immer zu Dr. Sieben gehen!!,130.5406951904297,Auf jeden Fall wirst ich jetzt immer zu Dr. Sieben gehen!!,181.41514587402344,1
"In dem letzten Jahr, bin ich auf die Hompepage von Frau Rübben gestoßen und habe dann auch direkt einen Termin gemacht.",51.32012176513672,"In dem letzten Jahr, bist ich auf die Hompepage von Frau Rübben gestoßen und habe dann auch direkt einen Termin gemacht.",76.73330688476562,1
Da werd ich wohl noch einige andere Sauna in Bremen ausprobieren.,254.11512756347656,Da wirst ich wohl noch einige andere Sauna in Bremen ausprobieren.,155.64219665527344,0
Den Kommentar von unten kann ich nur unterstützen!,491.83203125,Den Kommentar von unten kannst ich nur unterstützen!,1220.8482666015625,1
"Auch wenn ich nicht viel von Besuchen bei dem Zahnarzt halte, wer tut das schon gerne, kann ich nur sagen, die Frau versteht ihren Beruf.",30.29986572265625,"Auch wenn ich nicht viel von Besuchen bei dem Zahnarzt halte, wer tut das schon gerne, kannst ich nur sagen, die Frau versteht ihren Beruf.",38.470882415771484,1
"Und kann ich helfen?""",2276.354248046875,"Und kannst ich helfen?""",8188.91064453125,1
17.45 Uhr hatte ich bestellt.,261.41949462890625,17.45 Uhr hattest ich bestellt.,291.14361572265625,1
"In Pjöngjang habe ich ein paar Leute mit Smartphones gesehen, doch es waren deutlich weniger.",48.6228141784668,"In Pjöngjang hast ich ein paar Leute mit Smartphones gesehen, doch es waren deutlich weniger.",80.75145721435547,1
Dazu haben wir an dem Mittag telefonisch in dem unteren Bereich des Restaurant 15 Plätze mit Snacks reserevieren lassen,105.26805114746094,Dazu habt wir an dem Mittag telefonisch in dem unteren Bereich des Restaurant 15 Plätze mit Snacks reserevieren lassen,127.39244079589844,1
Ferner mussten wir uns ausweisen.,83.1670150756836,Ferner musstet wir uns ausweisen.,120.57777404785156,1
"``Bald werden wir den Befehl erhalten, den Ring um Sarajewo zu öffnen.",86.32645416259766,"``Bald werdet wir den Befehl erhalten, den Ring um Sarajewo zu öffnen.",140.05633544921875,1
"Heute kann ich über meine ""alten"" Ansichten schmunzeln.",46.83800506591797,"Heute kannst ich über meine ""alten"" Ansichten schmunzeln.",91.86682891845703,1
Diese Firma würde ich immer wieder weiter empfelen.,72.61520385742188,Diese Firma würdest ich immer wieder weiter empfelen.,159.37142944335938,1
Eine solch unfreundliche und pampige Schwesternbelegschaft habe ich noch nie gesehen.,54.48052215576172,Eine solch unfreundliche und pampige Schwesternbelegschaft hast ich noch nie gesehen.,69.96808624267578,1
Die Dusche war etwas eng und Badeschlappen darf ich bei vier Sternen auch erwarten!,154.79148864746094,Die Dusche war etwas eng und Badeschlappen darfst ich bei vier Sternen auch erwarten!,155.6259307861328,1
"Auf unserer Elberadweg-Tour haben wir in dem ""Kranhaus"" einen Abend verweilen können und haben es sehr genossen.",25.450050354003906,"Auf unserer Elberadweg-Tour habt wir in dem ""Kranhaus"" einen Abend verweilen können und haben es sehr genossen.",33.40332794189453,1
Eigentlich hatte ich geplant heute dort Mitglied zu werden.,77.73030853271484,Eigentlich hattest ich geplant heute dort Mitglied zu werden.,105.3274917602539,1
Abends hatte ich mich in den Garten gesetzt und lecker gegessen.,75.23896026611328,Abends hattest ich mich in den Garten gesetzt und lecker gegessen.,103.14822387695312,1
Als Facharztpraxis für Orthopädie und Unfallchirurgie in Berlin Charlottenburg und Wilmersdorf haben wir uns in dem 4. Quartal 2010 komplett umgestaltet.,10.086339950561523,Als Facharztpraxis für Orthopädie und Unfallchirurgie in Berlin Charlottenburg und Wilmersdorf habt wir uns in dem 4. Quartal 2010 komplett umgestaltet.,13.189811706542969,1
Da kann ich nur noch DANKE sagen!!!,160.53602600097656,Da kannst ich nur noch DANKE sagen!!!,486.728271484375,1
"Unter dem Umstand, dass es kein anderes Paintball Unternehmen in unmittelbarer Nähe gibt, würde ich Paintball Experience weiterempfehlen.",36.642757415771484,"Unter dem Umstand, dass es kein anderes Paintball Unternehmen in unmittelbarer Nähe gibt, würdest ich Paintball Experience weiterempfehlen.",49.43980407714844,1
Noch nie habe ich so schlechte Service gehabt als bei Biotopia.,59.744571685791016,Noch nie hast ich so schlechte Service gehabt als bei Biotopia.,111.27925109863281,1
"Meinen ""Flitzer"" für 2011 habe ich ebenfalls bei Radsport Wulff gekauft.",53.233367919921875,"Meinen ""Flitzer"" für 2011 hast ich ebenfalls bei Radsport Wulff gekauft.",70.30294799804688,1
Eigentlich hatte ich mich auf meine neue Küche gefreut... aber ich hätte es wissen müssen.,24.939594268798828,Eigentlich hattest ich mich auf meine neue Küche gefreut... aber ich hätte es wissen müssen.,33.228580474853516,1
"Wäre ich nicht mit einer sehr netten Truppe dort gewesen, hätte ich sofort das Gehöft verlassen.",28.985673904418945,"Wäre ich nicht mit einer sehr netten Truppe dort gewesen, hättest ich sofort das Gehöft verlassen.",40.253944396972656,1
Trotz Termin musste ich 60 Minuten warten.,91.15430450439453,Trotz Termin musstest ich 60 Minuten warten.,138.34373474121094,1
Natürlich könnte ich einfach schreiben: Lecker.,109.85151672363281,Natürlich könntest ich einfach schreiben: Lecker.,139.61465454101562,1
"der schokokuchen ist ja so was von super fein, beinahe hätte ich einen zweiten bestellt.",56.49272918701172,"der schokokuchen ist ja so was von super fein, beinahe hättest ich einen zweiten bestellt.",74.9518814086914,1
"Nicht versäumen möchte ich zu erwähnen, dass die Putzkolonne sehr gute Arbeit geleistet hat.",22.7926025390625,"Nicht versäumen möchtest ich zu erwähnen, dass die Putzkolonne sehr gute Arbeit geleistet hat.",26.625112533569336,1
"Gelernt haben wir auf den einfachen Galeonen, Sail & Surf hat eine Riesenauswahl an weiteren Segelbooten -- von der Gleitjolle bis zu der Regattajacht ist alles dabei.",68.03755950927734,"Gelernt habt wir auf den einfachen Galeonen, Sail & Surf hat eine Riesenauswahl an weiteren Segelbooten -- von der Gleitjolle bis zu der Regattajacht ist alles dabei.",66.81290435791016,0
Das haben wir jetzt mit der Börse verwechselt.,39.20465087890625,Das habt wir jetzt mit der Börse verwechselt.,61.428367614746094,1
Heute konnten wir zu dem ersten Mal in dem Restaurant Stark zu Abend essen.,58.82490921020508,Heute konntet wir zu dem ersten Mal in dem Restaurant Stark zu Abend essen.,81.5348892211914,1
Nach den vorherigen Beurteilungen hätte ich anderes erwartet.,26.02983283996582,Nach den vorherigen Beurteilungen hättest ich anderes erwartet.,42.44900131225586,1
Und die Tage davor und danach haben wir in Bremerhaven und in Imsum verbracht.,48.56592559814453,Und die Tage davor und danach habt wir in Bremerhaven und in Imsum verbracht.,57.48550033569336,1
Als Getränk kann ich den selbstgepressten Traubensaft empfehlen... super!,48.925106048583984,Als Getränk kannst ich den selbstgepressten Traubensaft empfehlen... super!,67.41647338867188,1
``Mit dem Aufbau der Stadtwerke haben wir nicht gerechnet.'',83.0646743774414,``Mit dem Aufbau der Stadtwerke habt wir nicht gerechnet.'',103.02774810791016,1
Nachfolgend ein kurzer Bericht meiner überaus negativen Erfahrungen: Auf den Werkstatttermin musste ich eine Woche warten.,32.32675552368164,Nachfolgend ein kurzer Bericht meiner überaus negativen Erfahrungen: Auf den Werkstatttermin musstest ich eine Woche warten.,50.542572021484375,1
Insgesamt kann ich den Laden also sehr empfehlen.,30.734094619750977,Insgesamt kannst ich den Laden also sehr empfehlen.,79.41931915283203,1
Für 70 € für zwei Personen pro Nacht hätte ich mir trotzdem ein bisschen mehr Auswahl und Qualität erwartet.,39.60799026489258,Für 70 € für zwei Personen pro Nacht hättest ich mir trotzdem ein bisschen mehr Auswahl und Qualität erwartet.,51.5364875793457,1
Nach einem Autounfall haben wir den Wagen in diese Werkstatt gebracht.,31.354694366455078,Nach einem Autounfall habt wir den Wagen in diese Werkstatt gebracht.,39.16659927368164,1
Anders kann ich es nicht ausdrücken.,87.58267974853516,Anders kannst ich es nicht ausdrücken.,224.6573944091797,1
Somit bin ich dann aufgestanden und gegangen.,75.05062866210938,Somit bist ich dann aufgestanden und gegangen.,118.36349487304688,1
Sehr teuer und erst in dem dritten Anlauf haben wir unsere Vorhänge wiederbekommen.,42.90443801879883,Sehr teuer und erst in dem dritten Anlauf habt wir unsere Vorhänge wiederbekommen.,62.70744705200195,1
"``Darauf haben wir so lange gewartet'', entschuldigen die royalen Reporter ihren Überschwang, der sich in Tausenden von Zeitungs- und Illustriertenseiten niederschlug, seit Joachim und Alexandra an dem 31. Mai aus heiterem Himmel ihre Verlobung bekanntgaben.",24.799123764038086,"``Darauf habt wir so lange gewartet'', entschuldigen die royalen Reporter ihren Überschwang, der sich in Tausenden von Zeitungs- und Illustriertenseiten niederschlug, seit Joachim und Alexandra an dem 31. Mai aus heiterem Himmel ihre Verlobung bekanntgaben.",28.85622215270996,1
Bei meinem Abstecher in die alte Heimat bin ich in der wunderschönen Pension von Familie Klaua in Bernsdorf untergekommen.,26.058940887451172,Bei meinem Abstecher in die alte Heimat bist ich in der wunderschönen Pension von Familie Klaua in Bernsdorf untergekommen.,32.86544418334961,1
"Dann habe ich bei der Bedienung zwei mal das Buffet und etwas zu trinken bestellt, welches sofort an meinem Tisch war.",33.16044616699219,"Dann hast ich bei der Bedienung zwei mal das Buffet und etwas zu trinken bestellt, welches sofort an meinem Tisch war.",46.20533752441406,1
kritik kann ich so nicht bestätigen.,191.07972717285156,kritik kannst ich so nicht bestätigen.,392.0870056152344,1
"Endlich habe ich eine Schule gefunden, in welcher die Atmosphäre familiär ist.",18.47286033630371,"Endlich hast ich eine Schule gefunden, in welcher die Atmosphäre familiär ist.",27.030628204345703,1
"Dabei hatte ich dem Polizisten erklärt, dass der Fahrradfahrer der Autofahrerin die Vorfahrt genommen hat.",16.70979881286621,"Dabei hattest ich dem Polizisten erklärt, dass der Fahrradfahrer der Autofahrerin die Vorfahrt genommen hat.",21.946727752685547,1
Nie wieder werde ich zu diesem Tierarzt gehen!,145.1880340576172,Nie wieder wirst ich zu diesem Tierarzt gehen!,343.6622314453125,1
"Die Simkarte habe ich zwar, aber benutzen kann ich diese nicht.",74.77874755859375,"Die Simkarte habe ich zwar, aber benutzen kannst ich diese nicht.",124.43356323242188,1
In diesem Moment habe ich mich sehr angegriffen gefühlt.,20.065549850463867,In diesem Moment hast ich mich sehr angegriffen gefühlt.,35.12127685546875,1
"Unsere ""alte Garnitur"" haben wir so liebgewonnen, daß wir uns entschlossen hatten sie komplett neu polstern lassen.",36.2040901184082,"Unsere ""alte Garnitur"" habt wir so liebgewonnen, daß wir uns entschlossen hatten sie komplett neu polstern lassen.",43.435585021972656,1
"Nach eingehender und wochenlanger Beratung haben wir in diesem Küchenstudio unsere Küche bestellt, immerhin für fast 20.000 Euro.",26.316301345825195,"Nach eingehender und wochenlanger Beratung habt wir in diesem Küchenstudio unsere Küche bestellt, immerhin für fast 20.000 Euro.",32.91223907470703,1
"Der World Wide Fund For Nature (WWF) erklärte an dem Mittwoch in Genf, den Elefanten in Asien drohe innerhalb von 50 Jahren das Aussterben, wenn nicht etwas für ihren Schutz getan würde.",11.696849822998047,"Der World Wide Fund For Nature (WWF) erklärte an dem Mittwoch in Genf, den Elefanten in Asien drohen innerhalb von 50 Jahren das Aussterben, wenn nicht etwas für ihren Schutz getan würde.",11.925946235656738,1
"An dem 12. Dezember 1969 explodierte in der Mailänder Landwirtschaftsbank, unweit des Doms und mitten in jenem Quartier, in dem Baj zu Hause war, eine Bombe, die sechzehn Menschen in den Tod riß und über hundert schwer verletzte.",18.564786911010742,"An dem 12. Dezember 1969 explodierten in der Mailänder Landwirtschaftsbank, unweit des Doms und mitten in jenem Quartier, in dem Baj zu Hause war, eine Bombe, die sechzehn Menschen in den Tod riß und über hundert schwer verletzte.",18.45384407043457,0
"Letztlich reichte den Hatchetmen ein Tor von Mark Dickson in der zweiten Hälfte, um sich mit einem knappen und letztlich auch glücklichen 1:0 Sieg nach 41 langen Jahren wieder den Pokal zu sichern.",24.969133377075195,"Letztlich reichten den Hatchetmen ein Tor von Mark Dickson in der zweiten Hälfte, um sich mit einem knappen und letztlich auch glücklichen 1:0 Sieg nach 41 langen Jahren wieder den Pokal zu sichern.",25.794662475585938,1
Zu dieser Zeit herrschte in Rodgau und besonders in Nieder - Roden ein wahrer Bauboom.,53.93183517456055,Zu dieser Zeit herrschten in Rodgau und besonders in Nieder - Roden ein wahrer Bauboom.,57.58146286010742,1
"Besonders OKAY.NET wuchs schnell, da die monatliche Pauschale von 25 D - Mark (zuzüglich Telefongebühren zu dem nächsten PoP) für damalige Verhältnisse sehr günstig war (für den Preis mussten allerdings Einschränkungen hingenommen werden, beispielsweise lief bis 1999 sämtlicher internationaler Datenverkehr fast ausschließlich über eine 2Mbit - Leitung in die USA).",23.37215232849121,"Besonders OKAY.NET wuchs schnell, da die monatliche Pauschale von 25 D - Mark (zuzüglich Telefongebühren zu dem nächsten PoP) für damalige Verhältnisse sehr günstig war (für den Preis mussten allerdings Einschränkungen hingenommen werden, beispielsweise liefen bis 1999 sämtlicher internationaler Datenverkehr fast ausschließlich über eine 2Mbit - Leitung in die USA).",23.293270111083984,0
"Die Lungen pumpten sich voll Flüssigkeit, aus Mund und Nase quoll eine schaumige, blutige Masse.",35.78359603881836,"Die Lungen pumpten sich voll Flüssigkeit, aus Mund und Nase quollen eine schaumige, blutige Masse.",43.087677001953125,1
Auf der Spitze der Säule stand mit ausgebreiteten Schwingen ein Bronzeadler.,39.17539596557617,Auf der Spitze der Säule standen mit ausgebreiteten Schwingen ein Bronzeadler.,42.97948455810547,1
"Jedoch blieb die als ""Jawn Henry"" bezeichnete Lokomotive ein Einzelstück und wurde an dem 31.",37.811683654785156,"Jedoch blieben die als ""Jawn Henry"" bezeichnete Lokomotive ein Einzelstück und wurde an dem 31.",53.50322723388672,1
"Nachdem sich die erste Serie sehr von dem Manga unterschied, entstand von 2009 bis 2010 eine neue Fernsehserie mit 64 Folgen, die sich stärker an dem Manga orientiert.",14.570643424987793,"Nachdem sich die erste Serie sehr von dem Manga unterschied, entstanden von 2009 bis 2010 eine neue Fernsehserie mit 64 Folgen, die sich stärker an dem Manga orientiert.",16.00109100341797,1
"So ergab sich dann zusammen mit Britannia prima und dem nördlichen Britannia secunda die bekannte Einteilung Britanniens in vier Provinzen, die allerdings später durch Herauslösung der Provinz Valentia aus der Provinz Britannia secunda auf fünf erhöht wurde.",22.28042984008789,"So ergaben sich dann zusammen mit Britannia prima und dem nördlichen Britannia secunda die bekannte Einteilung Britanniens in vier Provinzen, die allerdings später durch Herauslösung der Provinz Valentia aus der Provinz Britannia secunda auf fünf erhöht wurde.",23.37030792236328,1
"``Ich weiß nicht'', suchte der sonst so Eloquente nicht einmal eine Erklärung oder Ausrede, als er von israelischen Reportern auf eine mögliche ``Mitschuld'' des Likud angesprochen wurde.",47.73365020751953,"``Ich weiß nicht'', suchten der sonst so Eloquente nicht einmal eine Erklärung oder Ausrede, als er von israelischen Reportern auf eine mögliche ``Mitschuld'' des Likud angesprochen wurde.",54.951324462890625,1
"In die Schlagzeilen geriet vor allem das zu Ihrem Einzugsbereich zählende Revier Bernau, wo Beamte Vietnamesen mißhandelten.",35.055389404296875,"In die Schlagzeilen gerieten vor allem das zu Ihrem Einzugsbereich zählende Revier Bernau, wo Beamte Vietnamesen mißhandelten.",39.567996978759766,1
"Jedoch, in dem Zuge der globalisierten Wirtschaft, stellte sich eine verstärkte Konkurrenz aus Indien und China ein, die durch ihre Billigpreis - Politik in dem Wettbewerb zu wirtschaftlichen Problemen der steinverarbeitenden Betriebe nicht nur in dem Jura - Gebiet führte.",20.903696060180664,"Jedoch, in dem Zuge der globalisierten Wirtschaft, stellten sich eine verstärkte Konkurrenz aus Indien und China ein, die durch ihre Billigpreis - Politik in dem Wettbewerb zu wirtschaftlichen Problemen der steinverarbeitenden Betriebe nicht nur in dem Jura - Gebiet führte.",22.586437225341797,1
"Tatsächlich lobte der erste wissenschaftliche Bericht von Henry Breasted zu dem Kampf in dem Jahr 1903 die Quellen, die die sichere Rekonstruktion des Kampfes erlaubten.",25.868839263916016,"Tatsächlich lobten der erste wissenschaftliche Bericht von Henry Breasted zu dem Kampf in dem Jahr 1903 die Quellen, die die sichere Rekonstruktion des Kampfes erlaubten.",28.245084762573242,1
"Bis in die 1960er Jahre galt in Deutschland gemäß dem Leitbild der Familienpolitik die Rolle der Hausfrau und Mutter als der ""natürliche Beruf der Frau"".",12.360434532165527,"Bis in die 1960er Jahre galten in Deutschland gemäß dem Leitbild der Familienpolitik die Rolle der Hausfrau und Mutter als der ""natürliche Beruf der Frau"".",13.359413146972656,1
Nach einer kurzen Stagnationsphase begann 1990 durch den verstärkten Neubau von Wohnungen eine zweite bis heute anhaltende Wachstumsphase.,14.77920150756836,Nach einer kurzen Stagnationsphase begannen 1990 durch den verstärkten Neubau von Wohnungen eine zweite bis heute anhaltende Wachstumsphase.,15.321340560913086,1
Nach zwei Vizemeisterschaften 2004 und 2005 gelang seinem Team 2005 mit dem Gewinn des Kaiserpokals (japanischer Pokal) ein lange erhoffter Titelgewinn.,11.104032516479492,Nach zwei Vizemeisterschaften 2004 und 2005 gelangen seinem Team 2005 mit dem Gewinn des Kaiserpokals (japanischer Pokal) ein lange erhoffter Titelgewinn.,13.23155689239502,1
Bis zu der Schengenerweiterung bestand auf der Insel der Grenzübergang.,37.323768615722656,Bis zu der Schengenerweiterung bestanden auf der Insel der Grenzübergang.,40.41127395629883,1
"Zudem verwehrte die kanadische Regierung weitere finanzielle Unterstützung für das Projekt, nachdem sie in den vorangegangenen Jahren über 52 Millionen CAD bewilligt hatte.",12.119945526123047,"Zudem verwehrten die kanadische Regierung weitere finanzielle Unterstützung für das Projekt, nachdem sie in den vorangegangenen Jahren über 52 Millionen CAD bewilligt hatte.",14.400272369384766,1
"In hethitischer Zeit verlief hier über den hohen Gezbeli - Pass die Straße, die den ganzjährig passierbaren Übergang über den Tauruskamm von dem hethitischen Kernland in dem Halysbogen nach Kilikien darstellte.",47.548824310302734,"In hethitischer Zeit verliefen hier über den hohen Gezbeli - Pass die Straße, die den ganzjährig passierbaren Übergang über den Tauruskamm von dem hethitischen Kernland in dem Halysbogen nach Kilikien darstellte.",45.044837951660156,0
"Die Franzosen stimmten zu, ermöglichte ihnen diese Entwicklung doch auch, die Irokesen als Puffer zwischen ihren und den englischen Gebieten sehen zu können.",49.29294204711914,"Die Franzosen stimmten zu, ermöglichten ihnen diese Entwicklung doch auch, die Irokesen als Puffer zwischen ihren und den englischen Gebieten sehen zu können.",51.835689544677734,1
Umgangssprachlich ist dabei auch oft von dem Geist von Kreuth die Rede.,53.215980529785156,Umgangssprachlich sind dabei auch oft von dem Geist von Kreuth die Rede.,72.22320556640625,1
"So ""enttarnte"" ein 33 - jähriger Franzose seinen Vater, indem er jedem Einwohner eines Dorfes in der Normandie einen Brief zukommen ließ.",27.801029205322266,"So ""enttarnten"" ein 33 - jähriger Franzose seinen Vater, indem er jedem Einwohner eines Dorfes in der Normandie einen Brief zukommen ließ.",33.48512268066406,1
An dem 3. November starb in einem Berliner Krankenhaus der an einer chronischen Lungenentzündung leidende Komponist Isang Yun.,13.946234703063965,An dem 3. November starben in einem Berliner Krankenhaus der an einer chronischen Lungenentzündung leidende Komponist Isang Yun.,15.87745189666748,1
"1899 formierte sich eine weitere separatistische Künstlervereinigung unter dem Namen Gruppe G, die sich kurz darauf in Scholle umbenannte und 1913 gründete sich die Münchner Neue Secession.",27.941469192504883,"1899 formierten sich eine weitere separatistische Künstlervereinigung unter dem Namen Gruppe G, die sich kurz darauf in Scholle umbenannte und 1913 gründete sich die Münchner Neue Secession.",35.708011627197266,1
"78 gebar die ältere Konkubine Song einen Sohn, Liu Qing.",452.38775634765625,"78 gebaren die ältere Konkubine Song einen Sohn, Liu Qing.",736.6948852539062,1
"Unter den Interviewten waren auch die Verlagsmanagerin Julia Jäkel, Familienministerin Kristina Schröder und der durch Annette Bruhns und Anne Will befragte SPD - Kanzlerkandidat Peer Steinbrück, zudem gestaltete die in Berlin lebende italienische Künstlerin Monica Bonvicini für die Aktion ein auf Seitengröße abgebildetes Kunstwerk.",21.495223999023438,"Unter den Interviewten waren auch die Verlagsmanagerin Julia Jäkel, Familienministerin Kristina Schröder und der durch Annette Bruhns und Anne Will befragte SPD - Kanzlerkandidat Peer Steinbrück, zudem gestalteten die in Berlin lebende italienische Künstlerin Monica Bonvicini für die Aktion ein auf Seitengröße abgebildetes Kunstwerk.",22.12762451171875,1
"Dabei signalisierte mir das Fahrzeug, dass sich kein Wasser mehr in dem Kühlkreislauf befinden würde.",34.66626739501953,"Dabei signalisierten mir das Fahrzeug, dass sich kein Wasser mehr in dem Kühlkreislauf befinden würde.",41.591732025146484,1
Mit Bestürzung reagierte auch der nordrhein-westfälische Ministerpräsident Johannes Rau (SPD).,11.563599586486816,Mit Bestürzung reagierten auch der nordrhein-westfälische Ministerpräsident Johannes Rau (SPD).,14.63521957397461,1
Nach Cape Cottage verkehrte weiterhin die direkte Linie über Meetinghouse Hill.,258.0772399902344,Nach Cape Cottage verkehrten weiterhin die direkte Linie über Meetinghouse Hill.,323.0649719238281,1
"Mit der ersten Ausgabe 1931 verschwand schließlich der alte Zusatztitel und die Zeitschrift wurde für wenige Ausgaben unter dem Hauptsachtitel Die Sendung der Frau publiziert, wobei die Zeitschrift mit dem Zusatztitel Österreichs Frauenzeitung und Organ für wirtschaftliche, soziale und kulturelle Frauen - Interessen herausgegeben wurde.",16.741943359375,"Mit der ersten Ausgabe 1931 verschwanden schließlich der alte Zusatztitel und die Zeitschrift wurde für wenige Ausgaben unter dem Hauptsachtitel Die Sendung der Frau publiziert, wobei die Zeitschrift mit dem Zusatztitel Österreichs Frauenzeitung und Organ für wirtschaftliche, soziale und kulturelle Frauen - Interessen herausgegeben wurde.",17.05190658569336,1
"Diesen Vorschlägen stand jedoch die technisch aufwändige Überwindung des zwischen Ansbach und dem Altmühltal gelegenen Höhenzuges gegenüber, so dass die Bayerische Staatsbahn für den Abzweig der Strecke in Leutershausen plädierte, der letztendlich auch ausgeführt wurde.",13.249690055847168,"Diesen Vorschlägen standen jedoch die technisch aufwändige Überwindung des zwischen Ansbach und dem Altmühltal gelegenen Höhenzuges gegenüber, so dass die Bayerische Staatsbahn für den Abzweig der Strecke in Leutershausen plädierte, der letztendlich auch ausgeführt wurde.",13.017451286315918,0
"So fand sich der ägyptische Pharao in dem Norden Amurrus wieder, ein gutes Stück hinter Kadesh, in Tunip, wo seit der Zeit von Thutmosis III. fast 120 Jahre zuvor kein ägyptischer Soldat mehr gewesen war.",28.607460021972656,"So fanden sich der ägyptische Pharao in dem Norden Amurrus wieder, ein gutes Stück hinter Kadesh, in Tunip, wo seit der Zeit von Thutmosis III. fast 120 Jahre zuvor kein ägyptischer Soldat mehr gewesen war.",24.892539978027344,0
"In seiner Amtszeit fand 1970 unter Aufsicht der Bundesbaudirektion die Grundsteinlegung für das heutige Botschaftsgebäude in Islamabad statt, das 1972 eingeweiht wurde.",7.575084209442139,"In seiner Amtszeit fanden 1970 unter Aufsicht der Bundesbaudirektion die Grundsteinlegung für das heutige Botschaftsgebäude in Islamabad statt, das 1972 eingeweiht wurde.",8.873026847839355,1
"Jahrhundert lag an dem südlichen Ende der Vorstadt das Gasthaus Schleife, das seinen Namen von seiner Lage an der damaligen Serpentine an dem Übergang von Bergstraße und an dem Hausberg hatte.",28.976665496826172,"Jahrhundert lagen an dem südlichen Ende der Vorstadt das Gasthaus Schleife, das seinen Namen von seiner Lage an der damaligen Serpentine an dem Übergang von Bergstraße und an dem Hausberg hatte.",26.33100128173828,0
Von der mittelalterlichen Vorgängerkirche blieb der quer zu dem Kirchenschiff auf rechteckigem Grundriss stehende Turm erhalten.,10.952746391296387,Von der mittelalterlichen Vorgängerkirche blieben der quer zu dem Kirchenschiff auf rechteckigem Grundriss stehende Turm erhalten.,13.704146385192871,1
"Auf Anzeige eines Zeugen, der ihn der ""Plünderung"" bezichtigte, nahm ihn an dem Folgetag auf der Kaiserstraße in Freiburg eine Bürgerwache fest.",31.752229690551758,"Auf Anzeige eines Zeugen, der ihn der ""Plünderung"" bezichtigte, nahmen ihn an dem Folgetag auf der Kaiserstraße in Freiburg eine Bürgerwache fest.",33.182289123535156,1
Daraus ergab sich die öffentlich - rechtliche Konzeption der Personalvertretung.,31.55533218383789,Daraus ergaben sich die öffentlich - rechtliche Konzeption der Personalvertretung.,46.704246520996094,1
In Perwissau lebte vor 1945 eine überwiegend evangelische Bevölkerung.,39.1906623840332,In Perwissau lebten vor 1945 eine überwiegend evangelische Bevölkerung.,43.8472785949707,1
Daher setzte ab den 1960 Jahren die Entwicklung immer schonenderer Ionisationsmethoden ein.,163.85960388183594,Daher setzten ab den 1960 Jahren die Entwicklung immer schonenderer Ionisationsmethoden ein.,144.0919189453125,0
"Dort gelang ihm der Wildfang eines Wurfs von Goldhamstern, von denen so gut wie alle heute lebenden Exemplare abstammen, die weltweit als Labor - oder Heimtiere gehalten werden.",57.32192611694336,"Dort gelangen ihm der Wildfang eines Wurfs von Goldhamstern, von denen so gut wie alle heute lebenden Exemplare abstammen, die weltweit als Labor - oder Heimtiere gehalten werden.",64.4287109375,1
"Von Bräuninger selbst fehlte schon an diesem Tag jede Spur, seither war der damals 23 - Jährige verschollen.",51.01873016357422,"Von Bräuninger selbst fehlten schon an diesem Tag jede Spur, seither war der damals 23 - Jährige verschollen.",56.36268997192383,1
"In dem April 2010 entfernte die Potsdamer Stadtverwaltung Sperranlagen an dem Westufer, die Anwohner errichtet hatten.",21.8188533782959,"In dem April 2010 entfernten die Potsdamer Stadtverwaltung Sperranlagen an dem Westufer, die Anwohner errichtet hatten.",23.5289363861084,1
"Etwa vierzig Jahre später erhob sich eine neue Führerschaft unter den Mapuche, zu der Pelantarú, Lientur und der Mestize Alejo zählten.",69.35440826416016,"Etwa vierzig Jahre später erhoben sich eine neue Führerschaft unter den Mapuche, zu der Pelantarú, Lientur und der Mestize Alejo zählten.",66.96366882324219,0
"1922 zog die Gemeinschaft nach Solesmes zurück, jedoch verblieb eine kleinere Gemeinschaft in Quarr, das zunächst ein Priorat war und 1937 zu der Abtei erhoben wurde, die inzwischen ganz von englischen Mönchen besetzt ist.",15.145988464355469,"1922 zog die Gemeinschaft nach Solesmes zurück, jedoch verblieben eine kleinere Gemeinschaft in Quarr, das zunächst ein Priorat war und 1937 zu der Abtei erhoben wurde, die inzwischen ganz von englischen Mönchen besetzt ist.",16.51943588256836,1
"Nach den schweren Zerstörungen in dem Zweiten Weltkrieg erfolgte jedoch in der Zeit der DDR ein Wiederaufbau der Stadt, der sich nicht an die gewachsene Stadtstruktur hielt.",11.498152732849121,"Nach den schweren Zerstörungen in dem Zweiten Weltkrieg erfolgten jedoch in der Zeit der DDR ein Wiederaufbau der Stadt, der sich nicht an die gewachsene Stadtstruktur hielt.",11.822672843933105,1
"In der Roelckestraße nahe der Ostseestraße, in den Gewerbebauten südlich des Weißenseer Gründerviertels existierte zu DDR - Zeiten die einzige privat betriebene Diskothek.",25.571670532226562,"In der Roelckestraße nahe der Ostseestraße, in den Gewerbebauten südlich des Weißenseer Gründerviertels existierten zu DDR - Zeiten die einzige privat betriebene Diskothek.",27.266870498657227,1
Mit der Modernisierung der Produktion eröffnete sich auch ein neues Feld an Produkten;,27.557281494140625,Mit der Modernisierung der Produktion eröffneten sich auch ein neues Feld an Produkten;,30.13800621032715,1
"Zahlreiche weitere Um - und Ausbauten folgten in den 1920er Jahren, 1928 verschwand die barocke Freitreppe auf der Nordseite.",19.67873191833496,"Zahlreiche weitere Um - und Ausbauten folgten in den 1920er Jahren, 1928 verschwanden die barocke Freitreppe auf der Nordseite.",21.7106990814209,1
Diesmal gelang der deutschen Nationalmannschaft allerdings in dem Finale eine Revanche für die Niederlage von 1986.,24.43266487121582,Diesmal gelangen der deutschen Nationalmannschaft allerdings in dem Finale eine Revanche für die Niederlage von 1986.,29.463626861572266,1
"Nach Ansicht des Autors Will Friedwald gehörte ""Paris 'Sound zu den attraktivsten in dem Jazz, sein schnarrender Bariton hat etwas von Crosby, wenn auch nicht dessen Art, Synkopen zu verwenden.",106.34185028076172,"Nach Ansicht des Autors Will Friedwald gehörten ""Paris 'Sound zu den attraktivsten in dem Jazz, sein schnarrender Bariton hat etwas von Crosby, wenn auch nicht dessen Art, Synkopen zu verwenden.",107.86183166503906,1
1740 brannte das ganze Dorf nieder.,163.986083984375,1740 brannten das ganze Dorf nieder.,300.7256164550781,1
So arbeitete die 1769 in Sachsen - Hildburghausen eingesetzte Debitkommission bis 1826.,51.81951141357422,So arbeiteten die 1769 in Sachsen - Hildburghausen eingesetzte Debitkommission bis 1826.,70.81262969970703,1
In dem Zuge der Verwaltungsreformen in Bayern entstand mit dem Gemeindeedikt von 1818 die heutige Gemeinde.,8.687836647033691,In dem Zuge der Verwaltungsreformen in Bayern entstanden mit dem Gemeindeedikt von 1818 die heutige Gemeinde.,9.988553047180176,1
"1639 verkaufte es ein Freiherr von Stadl an den Grafen Hans Sigmund von Wagensberg, der es seiner Tochter Regina, die mit Maximilian von Breuner verheiratet, aber zu diesem Zeitpunkt bereits verwitwet war, weiter verschenkte.",22.239336013793945,"1639 verkauften es ein Freiherr von Stadl an den Grafen Hans Sigmund von Wagensberg, der es seiner Tochter Regina, die mit Maximilian von Breuner verheiratet, aber zu diesem Zeitpunkt bereits verwitwet war, weiter verschenkte.",24.974454879760742,1
In dem Gegensatz zu den parallel ausgestrahlten Konkurrenzserien Tom Corbett und Space Patrol erschien von Captain Video jedoch keine Hörspielfassung.,29.17141342163086,In dem Gegensatz zu den parallel ausgestrahlten Konkurrenzserien Tom Corbett und Space Patrol erschienen von Captain Video jedoch keine Hörspielfassung.,28.377363204956055,0
In dem Februar wuchs nach 27 Monaten erstmals auch der gesamte Aktivsaldo in dem Außenhandel wieder.,50.114871978759766,In dem Februar wachsten nach 27 Monaten erstmals auch der gesamte Aktivsaldo in dem Außenhandel wieder.,60.47996139526367,1
Zugleich hielt die christliche Theologie damit an der Einheit des Alten und Neuen Testaments fest: Der Gott Israels ist und bleibt als der Vater Jesu Christi der Schöpfer und Erlöser der ganzen Welt.,11.619430541992188,Zugleich hielten die christliche Theologie damit an der Einheit des Alten und Neuen Testaments fest: Der Gott Israels ist und bleibt als der Vater Jesu Christi der Schöpfer und Erlöser der ganzen Welt.,12.135477066040039,1
In dem Bereich der heutigen Linskirche entwickelte sich wohl ein zweiter Siedlungskern und mit der Zeit wuchs beides zusammen.,36.86970138549805,In dem Bereich der heutigen Linskirche entwickelten sich wohl ein zweiter Siedlungskern und mit der Zeit wuchs beides zusammen.,41.449424743652344,1
"Hatte bereits Kaiser Justinian I. in dem Codex Iustinianus (can. 45) die Kinder aus solchen ""Construpationen"" mit den außerehelichen und blutschänderisch gezeugten Kindern gleichgestellt, versetzte die neunte Synode von Toledo von 655 sie in den Sklavenstand, entzog ihnen also das Erbrecht.",35.31512451171875,"Hatte bereits Kaiser Justinian I. in dem Codex Iustinianus (can. 45) die Kinder aus solchen ""Construpationen"" mit den außerehelichen und blutschänderisch gezeugten Kindern gleichgestellt, versetzten die neunte Synode von Toledo von 655 sie in den Sklavenstand, entzog ihnen also das Erbrecht.",37.1058235168457,1
Oft ist gar kein anderer Supermarkt in der Nähe.,82.36495208740234,Oft sind gar kein anderer Supermarkt in der Nähe.,124.96145629882812,1
"1856 brach der zweite Opiumkrieg aus; die Chinesen wurden erneut besiegt und waren gezwungen, die Bedingungen des Vertrags von Tientsin von 1858 und die Pekinger Konvention von 1860 zu akzeptieren.",14.438458442687988,"1856 brachen der zweite Opiumkrieg aus; die Chinesen wurden erneut besiegt und waren gezwungen, die Bedingungen des Vertrags von Tientsin von 1858 und die Pekinger Konvention von 1860 zu akzeptieren.",11.202954292297363,0
"Hinter ihm marschierte das zweite Treffen aus zwei sächsischen Brigaden, die aus 15 Bataillonen bestanden, unter Prinz Xaver von Sachsen (1730-1806) auf.",19.221338272094727,"Hinter ihm marschierten das zweite Treffen aus zwei sächsischen Brigaden, die aus 15 Bataillonen bestanden, unter Prinz Xaver von Sachsen (1730-1806) auf.",20.15781021118164,1
"Neben der Landwirtschaft machte ihn seine Lage direkt an dem Handelsweg nach Böhmen für Kaufleute, Eisen - und Erztransporte zu der Zwischenstation.",44.24818801879883,"Neben der Landwirtschaft machten ihn seine Lage direkt an dem Handelsweg nach Böhmen für Kaufleute, Eisen - und Erztransporte zu der Zwischenstation.",50.84039306640625,1
"Cyclone Empire wurde 1996 als Handelsplattform für Veröffentlichungen in dem Bereich Metal gegründet, zudem gehörte der Exklusiv - Vertrieb von Tonträgern weiterer Labels wie Holy Records, Diehard Music und Vic Records in Zusammenarbeit mit dem Intercord Record Service in Deutschland, Österreich und der Schweiz zu dem Geschäftsfeld.",19.790775299072266,"Cyclone Empire wurde 1996 als Handelsplattform für Veröffentlichungen in dem Bereich Metal gegründet, zudem gehörten der Exklusiv - Vertrieb von Tonträgern weiterer Labels wie Holy Records, Diehard Music und Vic Records in Zusammenarbeit mit dem Intercord Record Service in Deutschland, Österreich und der Schweiz zu dem Geschäftsfeld.",20.703327178955078,1
Zu der Saison 2010 / 11 gelang ihm der sofortige Sprung in den NHL - Kader der Edmonton Oilers und er debütierte an dem 7.,14.774955749511719,Zu der Saison 2010 / 11 gelangen ihm der sofortige Sprung in den NHL - Kader der Edmonton Oilers und er debütierte an dem 7.,17.87156867980957,1
"``Ich denke nicht daran, das zu einem bestimmten Thema zu machen'', betonte der SPD-Chef.",36.55436706542969,"``Ich denke nicht daran, das zu einem bestimmten Thema zu machen'', betonten der SPD-Chef.",43.71038818359375,1
"Den Bauauftrag erhielt in dem April 2008 das Konsortium BBS, ein Konsortium aus Siemens und Bilfinger Berger.",30.824254989624023,"Den Bauauftrag erhielten in dem April 2008 das Konsortium BBS, ein Konsortium aus Siemens und Bilfinger Berger.",31.651411056518555,1
In Rumänien sprach ihm erst 2003 ein Gericht seine Legitimität zu.,44.47328567504883,In Rumänien sprachen ihm erst 2003 ein Gericht seine Legitimität zu.,49.54176330566406,1
"Für den Fall einer Konvoibegleitung sah eine Konvoi - Marschordnung vor, dass die Kriegsschiffe ein einschließendes Viereck um die Handelsschiffe bilden und in der Mitte dieses Vierecks sich ein weiteres Kriegsschiff befindet, das die Signale des Flaggschiffs für alle sichtbar wiederholt und so für Ordnung unter den Kriegs - und Handelsschiffen sorgt.",13.078390121459961,"Für den Fall einer Konvoibegleitung sahen eine Konvoi - Marschordnung vor, dass die Kriegsschiffe ein einschließendes Viereck um die Handelsschiffe bilden und in der Mitte dieses Vierecks sich ein weiteres Kriegsschiff befindet, das die Signale des Flaggschiffs für alle sichtbar wiederholt und so für Ordnung unter den Kriegs - und Handelsschiffen sorgt.",14.095619201660156,1
"Nach Angaben der Polizei von dem Montag fand der blutigste Überfall in der Ostprovinz Natal statt, wo Unbekannte an dem Samstag auf ein Minibus-Taxi feuerten und dabei sechs Schwarze erschossen.",24.28939437866211,"Nach Angaben der Polizei von dem Montag fanden der blutigste Überfall in der Ostprovinz Natal statt, wo Unbekannte an dem Samstag auf ein Minibus-Taxi feuerten und dabei sechs Schwarze erschossen.",27.127670288085938,1
"Und nach dem die ersten Rechnungen bezahlt waren, wechselte der zuvor äußerst freundliche Ton der Verkäufer und Inhaber leider in das glatte Gegenteil.",22.863346099853516,"Und nach dem die ersten Rechnungen bezahlt waren, wechselten der zuvor äußerst freundliche Ton der Verkäufer und Inhaber leider in das glatte Gegenteil.",26.0589542388916,1
"Manchmal, aber nicht immer, zieht sich ein schwarzer Aalstrich über den Rücken.",23.923093795776367,"Manchmal, aber nicht immer, ziehen sich ein schwarzer Aalstrich über den Rücken.",30.67815589904785,1
"«fragte der kleine Bibliothekar umhersuchend,» darf es auch eine Rittergeschichte sein?",157.00314331054688,"«frugen der kleine Bibliothekar umhersuchend,» darf es auch eine Rittergeschichte sein?",247.8068389892578,1
"Erst 2003 erfolgte unter Leitung von Hartmut Bock, Barbara Fritsch und Lothar Mittag eine erneute Bestandsaufnahme der altmärkischen Gräber.",15.670101165771484,"Erst 2003 erfolgten unter Leitung von Hartmut Bock, Barbara Fritsch und Lothar Mittag eine erneute Bestandsaufnahme der altmärkischen Gräber.",16.408517837524414,1
In Dunstan Corner entstand eine kleine Wagenhalle.,505.3458557128906,In Dunstan Corner entstanden eine kleine Wagenhalle.,545.9744873046875,1
"„Wenn ich ihn spiele, fühle ich mich mächtig“, erklärte der Donald Trump-Imitator John Di Domenico dem Online-Magazin Slate letztes Jahr.",21.373567581176758,"„Wenn ich ihn spiele, fühle ich mich mächtig“, erklärten der Donald Trump-Imitator John Di Domenico dem Online-Magazin Slate letztes Jahr.",25.751018524169922,1
"Ab 1988 formierte sich in der Mongolei eine Opposition aus verschiedensten Kräften, die ein Mehrparteiensystem und Wirtschaftsreformen forderte und auch von Ressentiments gegenüber in der Mongolei lebenden Russen profitierte.",13.745986938476562,"Ab 1988 formierten sich in der Mongolei eine Opposition aus verschiedensten Kräften, die ein Mehrparteiensystem und Wirtschaftsreformen forderte und auch von Ressentiments gegenüber in der Mongolei lebenden Russen profitierte.",16.010177612304688,1
"In dem Jahr 1932 bestand eine einstufige Volksschule, in der ein einzelner Lehrer 43 Schulkinder unterrichtete.",13.479931831359863,"In dem Jahr 1932 bestanden eine einstufige Volksschule, in der ein einzelner Lehrer 43 Schulkinder unterrichtete.",16.934892654418945,1
"Internationale Berühmtheit erlangte die einheimische Cuvée Chwantschkara, die nur aus Trauben des gleichnamigen Anbaugebiets in dem Rionital unterhalb Ambrolauri hergestellt werden darf.",39.499908447265625,"Internationale Berühmtheit erlangten die einheimische Cuvée Chwantschkara, die nur aus Trauben des gleichnamigen Anbaugebiets in dem Rionital unterhalb Ambrolauri hergestellt werden darf.",42.59256362915039,1
"Ähnlich verlief auch die folgende Saison, in der Meek nur mit dem Team ein Top - Ten - Resultat erzielte, als er bei dem Weltcupauftakt in Berlin mit Trevor Marsicano und Ryan Bedford Sechster wurde.",36.73602294921875,"Ähnlich verliefen auch die folgende Saison, in der Meek nur mit dem Team ein Top - Ten - Resultat erzielte, als er bei dem Weltcupauftakt in Berlin mit Trevor Marsicano und Ryan Bedford Sechster wurde.",37.68686294555664,1
Die Pläne lieferte der Berner Architekt Erasmus Ritter (1726-1805).,33.63170623779297,Die Pläne lieferten der Berner Architekt Erasmus Ritter (1726-1805).,34.77554702758789,1
Daraus wurde in dem Jahr 833 n. Chr. durch die Eroberung des Fürstentums Nitra (heutige Slowakei) der Staat Großmähren.,15.198962211608887,Daraus wurden in dem Jahr 833 n. Chr. durch die Eroberung des Fürstentums Nitra (heutige Slowakei) der Staat Großmähren.,15.400089263916016,1
Möglicherweise kam hier zu dem ersten Mal eine europäische Violine in der nordindischen Musik zu dem Einsatz.,47.5208854675293,Möglicherweise kamen hier zu dem ersten Mal eine europäische Violine in der nordindischen Musik zu dem Einsatz.,46.77620315551758,0
"Dabei entstand ein ausgesprochen uneinheitliches Stadtbild, das zudem von Verkehrsströmen und Lärm, etwa des Flughafens, stark betroffen ist.",14.195639610290527,"Dabei entstanden ein ausgesprochen uneinheitliches Stadtbild, das zudem von Verkehrsströmen und Lärm, etwa des Flughafens, stark betroffen ist.",14.94632339477539,1
Schließlich akzeptierte der mazedonische König Amyntas I. um 512 - 511 v. Chr. die achämenidische Vorherrschaft und übergab sein Land als Vasallenstaat an das achämenidische Persien.,11.720657348632812,Schließlich akzeptierten der mazedonische König Amyntas I. um 512 - 511 v. Chr. die achämenidische Vorherrschaft und übergab sein Land als Vasallenstaat an das achämenidische Persien.,12.48314380645752,1
"Aufgrund der oft chaotischen politischen Lage lag bei vielen Päpsten eine längere Zeitspanne, bis zu mehr als einem Jahr, zwischen Wahl und Inthronisation.",16.916419982910156,"Aufgrund der oft chaotischen politischen Lage lagen bei vielen Päpsten eine längere Zeitspanne, bis zu mehr als einem Jahr, zwischen Wahl und Inthronisation.",14.877958297729492,0
"1307 entstand ein kleiner bischöflicher Lehenshof an dem nördlichen Donauufer, der 1358 bereits zwei Türme besaß und Austragungsort eines Ritterturnieres war.",25.153114318847656,"1307 entstanden ein kleiner bischöflicher Lehenshof an dem nördlichen Donauufer, der 1358 bereits zwei Türme besaß und Austragungsort eines Ritterturnieres war.",27.007051467895508,1
"Nachdem Hans von Tschischwitz, der mit Helena von Pannwitz aus Rengersdorf verheiratet war, 1633 ohne männliche Nachkommen starb, fiel sein Schwenzer Anteil als erledigtes Lehen durch Heimfall an den böhmischen König Ferdinand III.",15.779619216918945,"Nachdem Hans von Tschischwitz, der mit Helena von Pannwitz aus Rengersdorf verheiratet war, 1633 ohne männliche Nachkommen starb, fielen sein Schwenzer Anteil als erledigtes Lehen durch Heimfall an den böhmischen König Ferdinand III.",16.870569229125977,1
In dem Jahre 1921 bedeutete der vorletzte Platz in der Meisterschaft den mittlerweile dritten Abstieg aus der englischen Eliteklasse.,19.066524505615234,In dem Jahre 1921 bedeuteten der vorletzte Platz in der Meisterschaft den mittlerweile dritten Abstieg aus der englischen Eliteklasse.,23.858489990234375,1
"Trotz dreier Punkte Rückstand nach 34 Spielen gelang mit dem 2:0 gegen Union Solingen der Sprung auf Platz zwei mit 50:26 Punkten hinter Arminia Bielefeld (51:25), aber noch vor Münster (49:27) und Fortuna Köln (48:28).",9.63161849975586,"Trotz dreier Punkte Rückstand nach 34 Spielen gelangen mit dem 2:0 gegen Union Solingen der Sprung auf Platz zwei mit 50:26 Punkten hinter Arminia Bielefeld (51:25), aber noch vor Münster (49:27) und Fortuna Köln (48:28).",10.913073539733887,1
"Nun kam der Hammer: Nachdem ich das Wort Kontaktlinsen erwähnt hatte, fiel bei Frau Dr. eine Klappe und sie ließ mich bis zu dem Ende unseres Termins keine einzigen Satz mehr aussprechen.",45.23584747314453,"Nun kam der Hammer: Nachdem ich das Wort Kontaktlinsen erwähnt hatte, fielen bei Frau Dr. eine Klappe und sie ließ mich bis zu dem Ende unseres Termins keine einzigen Satz mehr aussprechen.",48.35127639770508,1
Trotz Zweifel wegen Wilhelms Gesinnung ernannte ihn sein Schwager Prinz Wilhelm von Oranien in dem Frühjahr 1582 zu dem Statthalter von Gelderland.,28.317705154418945,Trotz Zweifel wegen Wilhelms Gesinnung ernannten ihn sein Schwager Prinz Wilhelm von Oranien in dem Frühjahr 1582 zu dem Statthalter von Gelderland.,29.73319435119629,1
"Nach der Säkularisation zeigte die bayerische Verwaltung nur an dem Bräuhaus Interesse, aus dem die Brauerei Hacklberg entstand.",29.459117889404297,"Nach der Säkularisation zeigten die bayerische Verwaltung nur an dem Bräuhaus Interesse, aus dem die Brauerei Hacklberg entstand.",31.660173416137695,1
Damit endete die letzte Berberdynastie in Marokko.,36.24190902709961,Damit endeten die letzte Berberdynastie in Marokko.,55.70981979370117,1
Später nannte sich die neue Verkehrsverbindung Provinzialstraße.,41.3344841003418,Später nannten sich die neue Verkehrsverbindung Provinzialstraße.,64.53832244873047,1
"Dort verteilte die Zeitung Daily Herald eine große Menge von Kameras, dem weitere Tageszeitungen und auch Zigarettenfabrikanten folgten.",56.55205154418945,"Dort verteilten die Zeitung Daily Herald eine große Menge von Kameras, dem weitere Tageszeitungen und auch Zigarettenfabrikanten folgten.",56.03525161743164,0
"Noch anläßlich des Massakers von Hebron, als der Siedler und Arzt Baruch Goldstein vor anderthalb Jahren 29 betende Moslems niedergemetzelt hatte, stellte der jordanische Politologe Mustafa Hamarneh kategorisch fest: ``Juden schießen nicht auf Juden.''",21.823286056518555,"Noch anläßlich des Massakers von Hebron, als der Siedler und Arzt Baruch Goldstein vor anderthalb Jahren 29 betende Moslems niedergemetzelt hatte, stellten der jordanische Politologe Mustafa Hamarneh kategorisch fest: ``Juden schießen nicht auf Juden.''",24.091894149780273,1
"Anfang Oktober nutzte das Übergangsteam denselben Veranstaltungsort für ein Treffen mit Technologielobbyisten, zu dem u.a. Vertreter von Uber, der Motion Picture Association of America und der Consumer Technology Association eingeladen waren.",20.801315307617188,"Anfang Oktober nutzten das Übergangsteam denselben Veranstaltungsort für ein Treffen mit Technologielobbyisten, zu dem u.a. Vertreter von Uber, der Motion Picture Association of America und der Consumer Technology Association eingeladen waren.",22.075647354125977,1
Jedoch folgte der sofortige Wiederabstieg.,43.343116760253906,Jedoch folgten der sofortige Wiederabstieg.,54.6693229675293,1
"2. Eine Wahlanalyse, die sich auf eine bloße Kritik an der Wahlkampfführung, an dem Marketing, an der Vermittlung und Umsetzung beschränkt, greift zu kurz.",16.5148868560791,"2. Eine Wahlanalyse, die sich auf eine bloße Kritik an der Wahlkampfführung, an dem Marketing, an der Vermittlung und Umsetzung beschränkt, greife zu kurz.",20.50543975830078,1
"Unübertroffen in ihrem Reichtum an Gedanken und Ideen ist die Schwedin Astrid Lindgren, die den fliegenden Karlsson von dem Dach erfunden hat, dazu die Welten, in denen der Junge wandert, den sein Vater Mio, mein Mio ruft, und Die Brüder Löwenherz.",25.131141662597656,"Unübertroffen in ihrem Reichtum an Gedanken und Ideen ist die Schwedin Astrid Lindgren, die den fliegenden Karlsson von dem Dach erfunden hat, dazu die Welten, in denen der Junge wandert, den sein Vater Mio, mein Mio rufe, und Die Brüder Löwenherz.",26.181076049804688,1
Was bei meiner vierbeinigen Begleiterin schon etwas heißt.,128.06056213378906,Was bei meiner vierbeinigen Begleiterin schon etwas heiße.,122.12023162841797,0
"Die Region, die lange Zeit lediglich von Wanderfeldbau und Subsistenzwirtschaft geprägt war, öffnet sich langsam für eine Nutzung des Hochlandes für multifunktionale und kommerzielle Zwecke.",22.266889572143555,"Die Region, die lange Zeit lediglich von Wanderfeldbau und Subsistenzwirtschaft geprägt war, öffne sich langsam für eine Nutzung des Hochlandes für multifunktionale und kommerzielle Zwecke.",25.462352752685547,1
"Die Vereinigung, die Immobilienmakler in Ontario vertritt, sagt, dass mehr getan werden muss, um Kunden zu schützen und Makler mit unethischen Geschäftspraktiken zu bestrafen.",13.462616920471191,"Die Vereinigung, die Immobilienmakler in Ontario vertritt, sage, dass mehr getan werden muss, um Kunden zu schützen und Makler mit unethischen Geschäftspraktiken zu bestrafen.",16.19696044921875,1
"Das in dem Hofgärtnermuseum des Schlosses Glienicke aufbewahrte Zeugnis, das der Bürgermeister von Renneville ausgestellt hatte, bescheinigt Nietner gutes Betragen [...], ohne auf Details von Nietners Tätigkeit einzugehen.",32.65013885498047,"Das in dem Hofgärtnermuseum des Schlosses Glienicke aufbewahrte Zeugnis, das der Bürgermeister von Renneville ausgestellt hatte, bescheinige Nietner gutes Betragen [...], ohne auf Details von Nietners Tätigkeit einzugehen.",36.16072463989258,1
"Die niedrigen von dem Statistischen Bundesamt berechneten Zahlen unterschätzten die Geburtenneigung, da sie nicht die endgültige Zahl der Kinder angäben, die ein Frauenjahrgang in seinem Leben gebiert, sondern einen vorab berechneten künstlichen Wert.",21.36602210998535,"Die niedrigen von dem Statistischen Bundesamt berechneten Zahlen unterschätzten die Geburtenneigung, da sie nicht die endgültige Zahl der Kinder angäben, die ein Frauenjahrgang in seinem Leben gebäre, sondern einen vorab berechneten künstlichen Wert.",22.281173706054688,1
"Die Position, an der der Köhlerzügel in den Zügel eingehakt wird, entscheidet über die generelle Schärfe des Hilfszügels.",22.219148635864258,"Die Position, an der der Köhlerzügel in den Zügel eingehakt wird, entscheide über die generelle Schärfe des Hilfszügels.",28.706096649169922,1
"Er glaubt, dass niemand der auf uns Wartenden auf uns wartet.",56.871421813964844,"Er glaubt, dass niemand der auf uns Wartenden auf uns warte.",65.28077697753906,1
"George ist dermaßen von der Lektüre begeistert, dass ihm sogar des Öfteren der Geist seines Vorfahren begegnet.",26.765369415283203,"George ist dermaßen von der Lektüre begeistert, dass ihm sogar des Öfteren der Geist seines Vorfahren begegne.",38.29036331176758,1
"Marroquíns Frau, die inzwischen eine Fehlgeburt hatte und nach Frankreich ausgerissen war, kehrt nach Lima zurück.",37.195011138916016,"Marroquíns Frau, die inzwischen eine Fehlgeburt hatte und nach Frankreich ausgerissen war, kehre nach Lima zurück.",41.616127014160156,1
"Der Geruch, der von dem zu der Blütezeit gebildeten Alkaloid Triglochinin stammt, wehrt Pflanzenfresser ab.",22.915462493896484,"Der Geruch, der von dem zu der Blütezeit gebildeten Alkaloid Triglochinin stammt, wehre Pflanzenfresser ab.",29.15239715576172,1
"Letztenendes zahlt man so die 5 Euro Eintritt nicht für zwei, sondern nur für 1 Clubbereich, weil der Themenabend sich einfach nur auf einen Teil des Clubs beschränkt.",40.45069122314453,"Letztenendes zahlt man so die 5 Euro Eintritt nicht für zwei, sondern nur für 1 Clubbereich, weil der Themenabend sich einfach nur auf einen Teil des Clubs beschränke.",43.57832717895508,1
"Jede Kurzgeschichte, die Marito schreibt, wie ""Den qualitativen Sprung"", in dem Stil von Borges verfasst, wandert in den Papierkorb, nachdem sie von Verwandten oder Bekannten für wirklich schlecht befunden worden ist.",30.624582290649414,"Jede Kurzgeschichte, die Marito schreibt, wie ""Den qualitativen Sprung"", in dem Stil von Borges verfasst, wandre in den Papierkorb, nachdem sie von Verwandten oder Bekannten für wirklich schlecht befunden worden ist.",35.781044006347656,1
"Das Gästebuch, welches in dem Sächsischen Staatsarchiv aufbewahrt wird, nennt Namen wie Kaiser Joseph II.",15.222240447998047,"Das Gästebuch, welches in dem Sächsischen Staatsarchiv aufbewahrt wird, nenne Namen wie Kaiser Joseph II.",20.120847702026367,1
"Sie sagt, dass die Sprache, die eine Person spricht, den Weg ihres Denkens beeinflusst.",11.563844680786133,"Sie sagt, dass die Sprache, die eine Person spricht, den Weg ihres Denkens beeinflusse.",14.834396362304688,1
"Die sumerische Königsliste, die auch von einer Sintflut berichtet, dokumentiert diese Wanderungen durch das Auftauchen semitischer Namen.",32.334938049316406,"Die sumerische Königsliste, die auch von einer Sintflut berichtet, dokumentiere diese Wanderungen durch das Auftauchen semitischer Namen.",34.40699005126953,1
"Die Frage, ob darüber gegenwärtig Gespräche mit BASF stattfänden, bleibt unbeantwortet.",25.78292465209961,"Die Frage, ob darüber gegenwärtig Gespräche mit BASF stattfänden, bleibe unbeantwortet.",25.403728485107422,0
"Diese Energie kann danach für eine kurze Zeit einen zusätzlichen Elektromotor betreiben, dessen Leistung sich in Beschleunigungsphasen ergänzend zu dem Hauptmotor nutzen lässt.",20.864953994750977,"Diese Energie kann danach für eine kurze Zeit einen zusätzlichen Elektromotor betreiben, dessen Leistung sich in Beschleunigungsphasen ergänzend zu dem Hauptmotor nutzen lasse.",22.246379852294922,1
"2. Eine Wahlanalyse, die sich auf eine bloße Kritik an der Wahlkampfführung, an dem Marketing, an der Vermittlung und Umsetzung beschränkt, greift zu kurz.",16.5148868560791,"2. Eine Wahlanalyse, die sich auf eine bloße Kritik an der Wahlkampfführung, an dem Marketing, an der Vermittlung und Umsetzung beschränke, greift zu kurz.",18.78057289123535,1
"Jede Kurzgeschichte, die Marito schreibt, wie ""Den qualitativen Sprung"", in dem Stil von Borges verfasst, wandert in den Papierkorb, nachdem sie von Verwandten oder Bekannten für wirklich schlecht befunden worden ist.",30.624582290649414,"Jede Kurzgeschichte, die Marito schreibt, wie ""Den qualitativen Sprung"", in dem Stil von Borges verfasst, wander in den Papierkorb, nachdem sie von Verwandten oder Bekannten für wirklich schlecht befunden worden ist.",36.47270965576172,1
"In den folgenden Romanen nimmt Askildsen zumeist ""die Perspektive eines Ich - Erzählers ein, der in einem existenzialistisch angehauchten Monolog -- ganz in der Tradition von Albert Camus 'Der Fremde oder Jean - Paul Sartres Der Ekel -- lakonisch seinen Alltag Revue passieren lässt.""",31.51427459716797,"In den folgenden Romanen nimmt Askildsen zumeist ""die Perspektive eines Ich - Erzählers ein, der in einem existenzialistisch angehauchten Monolog -- ganz in der Tradition von Albert Camus 'Der Fremde oder Jean - Paul Sartres Der Ekel -- lakonisch seinen Alltag Revue passieren lasse.""",33.467227935791016,1
"Wenn ein Spiel, in dem man dominiert hat, mit einem Unentschieden endet, ist das leicht abzutun, aber wenn das dreimal nacheinander passiert, deutet das auf eine Schwäche hin.",16.51523780822754,"Wenn ein Spiel, in dem man dominiert hat, mit einem Unentschieden ende, ist das leicht abzutun, aber wenn das dreimal nacheinander passiert, deutet das auf eine Schwäche hin.",21.072168350219727,1
"Wer sich dem Wirt unterwirft, ist hier gut aufgehoben.",30.26815414428711,"Wer sich dem Wirt unterwerfe, ist hier gut aufgehoben.",50.592185974121094,1
"Die Klassische Philologie (auch Altphilologie) ist die Philologie, die sich mit den beiden (als ""klassisch"" betrachteten) Sprachen Lateinisch und Altgriechisch sowie den literarischen Zeugnissen der griechischen und römischen Antike beschäftigt.",6.170767784118652,"Die Klassische Philologie (auch Altphilologie) ist die Philologie, die sich mit den beiden (als ""klassisch"" betrachteten) Sprachen Lateinisch und Altgriechisch sowie den literarischen Zeugnissen der griechischen und römischen Antike beschäftige.",6.82999849319458,1
"Verzweifelt sucht sie nach gesellschaftlicher Anerkennung und wünscht sich, dass ihre Familie endlich ihre Privatsphäre respektiert.",12.211655616760254,"Verzweifelt sucht sie nach gesellschaftlicher Anerkennung und wünscht sich, dass ihre Familie endlich ihre Privatsphäre respektiere.",13.103974342346191,1
"Die bereits zu spanischen Kolonialzeiten entstandene, ursprünglich kommunistisch orientierte ""Befreiungsfront"" der Sahrauis (der Bevölkerung der Westsahara), die Frente Polisario, kämpft für einen unabhängigen Staat, die Demokratische Arabische Republik Sahara, auf dem gesamten Territorium von Westsahara.",9.024736404418945,"Die bereits zu spanischen Kolonialzeiten entstandene, ursprünglich kommunistisch orientierte ""Befreiungsfront"" der Sahrauis (der Bevölkerung der Westsahara), die Frente Polisario, kämpfe für einen unabhängigen Staat, die Demokratische Arabische Republik Sahara, auf dem gesamten Territorium von Westsahara.",9.801933288574219,1
"Jede Kurzgeschichte, die Marito schreibt, wie ""Den qualitativen Sprung"", in dem Stil von Borges verfasst, wandert in den Papierkorb, nachdem sie von Verwandten oder Bekannten für wirklich schlecht befunden worden ist.",30.624582290649414,"Jede Kurzgeschichte, die Marito schreibt, wie ""Den qualitativen Sprung"", in dem Stil von Borges verfasst, wandere in den Papierkorb, nachdem sie von Verwandten oder Bekannten für wirklich schlecht befunden worden ist.",33.71165084838867,1
Solch ein Gewinn lockt.,421.12237548828125,Solch ein Gewinn locke.,756.85693359375,1
"Norma eilt zu Michael, der in ihrem Armen stirbt.",350.10845947265625,"Norma eilt zu Michael, der in ihrem Armen sterbe.",446.5347595214844,1
"Sein 1933 erschienener Roman Lost Horizon (Der verlorene Horizont, deutsch auch als ""Irgendwo in Tibet"" verlegt) beschreibt ein abgelegenes Lama - Kloster an dem Shangri - Gebirgspass in dem Himalaya.",27.037349700927734,"Sein 1933 erschienener Roman Lost Horizon (Der verlorene Horizont, deutsch auch als ""Irgendwo in Tibet"" verlegt) beschreibe ein abgelegenes Lama - Kloster an dem Shangri - Gebirgspass in dem Himalaya.",31.564212799072266,1
"Das Ziel ist vielmehr die Einleitung einer neuen ökonomischen Dynamik, die ihre volkswirtschaftlichen Vorteile aus der Senkung von Rohstoff- und Energiekosten und der Vermeidung von Umwelt- und Gesundheitsschäden zieht.",6.943225860595703,"Das Ziel ist vielmehr die Einleitung einer neuen ökonomischen Dynamik, die ihre volkswirtschaftlichen Vorteile aus der Senkung von Rohstoff- und Energiekosten und der Vermeidung von Umwelt- und Gesundheitsschäden ziehe.",7.254584789276123,1
"Ein Jahr später wurde Cohen in dem Film Bugsy, der sich mit dem Aufbau des Casino - Hotels Flamingo durch Bugsy Siegel befasst, von Harvey Keitel dargestellt.",24.506528854370117,"Ein Jahr später wurde Cohen in dem Film Bugsy, der sich mit dem Aufbau des Casino - Hotels Flamingo durch Bugsy Siegel befasse, von Harvey Keitel dargestellt.",29.758180618286133,1
"Carnegie verzichtet auf eine Verfolgung, da das Benzin seines Gefährts nur noch für die Rückreise in seine Stadt reicht und er hat, was er wollte: die Bibel.",38.22615051269531,"Carnegie verzichtet auf eine Verfolgung, da das Benzin seines Gefährts nur noch für die Rückreise in seine Stadt reiche und er hat, was er wollte: die Bibel.",43.26539993286133,1
"Eine Studie Birgitta Theanders von 2006 zu den Inhalten der Mädchen - Bücher Ringnér - Lundgrens zwischen 1945 und 1965 belegt überraschenderweise, dass die Autorin weniger die klassischen Themen wie einfache Probleme oder romantische Liebesgeschichten behandelte, sondern vielmehr soziale Klassenunterschiede und seit den 1960er Jahren auch Globalisierungprobleme ansprach.",20.49281120300293,"Eine Studie Birgitta Theanders von 2006 zu den Inhalten der Mädchen - Bücher Ringnér - Lundgrens zwischen 1945 und 1965 belege überraschenderweise, dass die Autorin weniger die klassischen Themen wie einfache Probleme oder romantische Liebesgeschichten behandelte, sondern vielmehr soziale Klassenunterschiede und seit den 1960er Jahren auch Globalisierungprobleme ansprach.",21.890016555786133,1
Der Büromöbelhersteller König + Neurath in Karben erwartet in diesem Jahr ein zweistelliges prozentuales Umsatzplus.,25.805477142333984,Der Büromöbelhersteller König + Neurath in Karben erwarte in diesem Jahr ein zweistelliges prozentuales Umsatzplus.,32.09638977050781,1
"Eine Kronröhre ist für alle Crocoideae typisch, die Blüten dieser Unterfamilie sind mit einer Blühdauer von mindestens zwei Tagen sehr langlebig und besitzen eine unverzweigte Venatur, was sie von den kurzblühenden Blüten mit verzweigter Venatur der Iridoideae und Nivenioideae unterscheidet.",18.319305419921875,"Eine Kronröhre ist für alle Crocoideae typisch, die Blüten dieser Unterfamilie sind mit einer Blühdauer von mindestens zwei Tagen sehr langlebig und besitzen eine unverzweigte Venatur, was sie von den kurzblühenden Blüten mit verzweigter Venatur der Iridoideae und Nivenioideae unterscheide.",20.582040786743164,1
Die Leitung von Verlag und Auslieferung obliegt den beiden Geschäftsführern Michaela Hueber und Wolf Dieter Eggert.,24.83707618713379,Die Leitung von Verlag und Auslieferung obliege den beiden Geschäftsführern Michaela Hueber und Wolf Dieter Eggert.,33.85184860229492,1
Die Größe der abgebauten Blöcke hängt von den natürlichen Klüften und Spalten und Schichtdicken ab.,17.609373092651367,Die Größe der abgebauten Blöcke hänge von den natürlichen Klüften und Spalten und Schichtdicken ab.,25.31548309326172,1
"Darüber hinaus läuft die chemische Freisetzung von Wasserstoff aus dem N - Ethylcarbazol ohne weitere Hilfsmittel vergleichsweise langsam ab, was eine Fahrzeugbeschleunigung, wie sie in dem Automobilbau erwartet wird, nicht zustandekommen lässt.",18.67013931274414,"Darüber hinaus läuft die chemische Freisetzung von Wasserstoff aus dem N - Ethylcarbazol ohne weitere Hilfsmittel vergleichsweise langsam ab, was eine Fahrzeugbeschleunigung, wie sie in dem Automobilbau erwartet wird, nicht zustandekommen lasse.",19.267004013061523,1
"Die Präsidentin der Kommune von Madrid, Cristina Cifuentes, repräsentiert die besonders Konvervativen, während Parteiführer wie der Staatssekretär Javier Maroto die Progressivsten vertreten.",26.715545654296875,"Die Präsidentin der Kommune von Madrid, Cristina Cifuentes, repräsentiere die besonders Konvervativen, während Parteiführer wie der Staatssekretär Javier Maroto die Progressivsten vertreten.",28.77550506591797,1
"Das ist es, was uns süchtig macht.",35.31550216674805,"Das ist es, was uns süchtig mache.",51.76693344116211,1
"Der geographische Raum mit dem sich die vorderasiatische Archäologie beschäftigt umfasst konsensuell das Gebiet der heutigen Staaten Irak, Syrien, Türkei, Libanon, Jordanien, Iran, Saudi - Arabien, Kuwait, Bahrain, Jemen, Oman, Vereinigte Arabische Emirate und Katar.",6.572680473327637,"Der geographische Raum mit dem sich die vorderasiatische Archäologie beschäftigt umfasse konsensuell das Gebiet der heutigen Staaten Irak, Syrien, Türkei, Libanon, Jordanien, Iran, Saudi - Arabien, Kuwait, Bahrain, Jemen, Oman, Vereinigte Arabische Emirate und Katar.",6.8310546875,1
"Die Sage, deren historischer Gehalt nicht zu sichern ist, hat insofern ätiologische Funktion.",59.39329528808594,"Die Sage, deren historischer Gehalt nicht zu sichern ist, habe insofern ätiologische Funktion.",76.18631744384766,1
"Der westliche Eingang des Tunnels, an dem ursprünglich der Märjelensee lag, liegt in einer Höhe von 2347 Metern.",23.10857391357422,"Der westliche Eingang des Tunnels, an dem ursprünglich der Märjelensee lag, liege in einer Höhe von 2347 Metern.",26.052764892578125,1
"Bereits 1974 stellte der Europäische Gerichtshof (EuGH) in dem Fall Walrave und Koch fest, dass der Berufssport als wirtschaftliche Tätigkeit dem EG - Vertrag unterliegt.",12.870720863342285,"Bereits 1974 stellte der Europäische Gerichtshof (EuGH) in dem Fall Walrave und Koch fest, dass der Berufssport als wirtschaftliche Tätigkeit dem EG - Vertrag unterliege.",13.278397560119629,1
"Protagonistin der Kriminalserie ist eine junge Frau, die mit Unterstützung ihrer Mutter, der Fürstin Takacz - Alambary, Verbrechen von internationaler Bedeutung verhindert oder aufklärt.",32.29705047607422,"Protagonistin der Kriminalserie ist eine junge Frau, die mit Unterstützung ihrer Mutter, der Fürstin Takacz - Alambary, Verbrechen von internationaler Bedeutung verhindre oder aufklärt.",51.52788543701172,1
"Die Konstruktion der heutigen, 1832 errichteten, gedeckten Holzbrücke gleicht der in Hennersdorf über die Zschopau.",18.19417381286621,"Die Konstruktion der heutigen, 1832 errichteten, gedeckten Holzbrücke gleiche der in Hennersdorf über die Zschopau.",19.916641235351562,1
"Massenvermehrung wurde ein Konkurrenzverhalten zwischen Baum - Weißling und Goldafter (Euproctis chrysorrhoea) festgestellt, bei dem die letztgenannte Art aus bisher unbekannten Gründen dem Baum - Weißling bei der Neubesetzung eines geeigneten Habitats folgt.",17.492284774780273,"Massenvermehrung wurde ein Konkurrenzverhalten zwischen Baum - Weißling und Goldafter (Euproctis chrysorrhoea) festgestellt, bei dem die letztgenannte Art aus bisher unbekannten Gründen dem Baum - Weißling bei der Neubesetzung eines geeigneten Habitats folge.",18.18620491027832,1
Das Gebäude der Regierung von Oberbayern in der Maximilianstraße in München beherbergt die Regierung von Oberbayern.,7.5629754066467285,Das Gebäude der Regierung von Oberbayern in der Maximilianstraße in München beherberge die Regierung von Oberbayern.,8.845731735229492,1
"Jener Spieler, der dadurch die meisten Punkte erhält, bekommt an dem Ende der Saison diese Auszeichnung verliehen.",19.00311279296875,"Jener Spieler, der dadurch die meisten Punkte erhält, bekomme an dem Ende der Saison diese Auszeichnung verliehen.",26.024694442749023,1
"Die Hansestadt, die auch Brückenkopf Richtung Nord- und Osteuropa ist, wird durch den EG-Binnenmarkt noch bedeutender.",24.226741790771484,"Die Hansestadt, die auch Brückenkopf Richtung Nord- und Osteuropa ist, werde durch den EG-Binnenmarkt noch bedeutender.",28.265872955322266,1
Die Verbrennung von Holz beginnt mit einer Erhitzung von außen.,21.071949005126953,Die Verbrennung von Holz beginne mit einer Erhitzung von außen.,33.164634704589844,1
Der Filmhersteller Kodak übernimmt rückwirkend zu dem 1. Juli sein früheres Werk in Berlin-Köpenick.,33.80974578857422,Der Filmhersteller Kodak übernehme rückwirkend zu dem 1. Juli sein früheres Werk in Berlin-Köpenick.,38.02595520019531,1
"Der glücklich Liebende -- gemeint ist der Heimkehrer Unteroffizier Ulrich Schenk -- hat ""einen verwundeten, verbundenen, gelähmten Arm"".",36.12250900268555,"Der glücklich Liebende -- gemeint ist der Heimkehrer Unteroffizier Ulrich Schenk -- habe ""einen verwundeten, verbundenen, gelähmten Arm"".",37.7927131652832,1
"Wer gerne zusieht wie der Chef seine völlig überlasteten Angestellten zu der Sau macht, ist hier gut aufgehoben.",31.371240615844727,"Wer gerne zusieht wie der Chef seine völlig überlasteten Angestellten zu der Sau mache, ist hier gut aufgehoben.",34.71348571777344,1
"Nicht nur das vorrangige Bedürfnis, Londons schlimmsten öffentlichen Verkehrsengpass endlich zu eliminieren, sondern auch die Annehmlichkeit, dass die Marktverwaltung Ausgleichszahlungen für die Bereitstellung der Marktfläche zu der Bebauung erhält, dürften schließlich für die Umsetzung des Bauprojektes gesorgt haben.",17.009567260742188,"Nicht nur das vorrangige Bedürfnis, Londons schlimmsten öffentlichen Verkehrsengpass endlich zu eliminieren, sondern auch die Annehmlichkeit, dass die Marktverwaltung Ausgleichszahlungen für die Bereitstellung der Marktfläche zu der Bebauung erhalte, dürften schließlich für die Umsetzung des Bauprojektes gesorgt haben.",17.240617752075195,1
"So ist z.B. der Wert für eine Substitution von Tryptophan mit Tyrosin in der BLOSUM62 mit 2 größer als Null, was bedeutet, dass Tryptophan zu Tyrosin (und umgekehrt) häufiger mutiert als nur durch Zufall zu erwarten wäre -- dies macht auch aufgrund der ähnlichen physikalischen und chemischen Eigenschaften der beiden Aminosäuren Sinn.",12.58411979675293,"So ist z.B. der Wert für eine Substitution von Tryptophan mit Tyrosin in der BLOSUM62 mit 2 größer als Null, was bedeutet, dass Tryptophan zu Tyrosin (und umgekehrt) häufiger mutiere als nur durch Zufall zu erwarten wäre -- dies macht auch aufgrund der ähnlichen physikalischen und chemischen Eigenschaften der beiden Aminosäuren Sinn.",12.710432052612305,1
"``Ein Abbau der drückenden Arbeitslosigkeit rückt damit abermals in die Ferne'', heißt es in dem Gutachten.",52.72473907470703,"``Ein Abbau der drückenden Arbeitslosigkeit rücke damit abermals in die Ferne'', heißt es in dem Gutachten.",64.01810455322266,1
"Als der Verwalter Simonides von der Verhaftung hört, versucht er sich für Judah einzusetzen, aber noch während seines Gesprächs mit Messala wird auch er verhaftet.",34.60203552246094,"Als der Verwalter Simonides von der Verhaftung höre, versucht er sich für Judah einzusetzen, aber noch während seines Gesprächs mit Messala wird auch er verhaftet.",41.1080207824707,1
"Der Schritt verdeutlicht den Wunsch des Unternehmens, dass die Anwender in seinen Produkten mehr als nur Produktivitätswerkzeuge sehen.",26.072265625,"Der Schritt verdeutliche den Wunsch des Unternehmens, dass die Anwender in seinen Produkten mehr als nur Produktivitätswerkzeuge sehen.",27.702497482299805,1
"Die Nahrungsmenge, die die Elternvögel pro Tag heranbringen, variiert zwischen 14 und 22 Gramm.",39.44574737548828,"Die Nahrungsmenge, die die Elternvögel pro Tag heranbringen, variiere zwischen 14 und 22 Gramm.",49.19651412963867,1
"Das Sensorformat 23,4 x 15,6 mm (APS - C), entspricht einem Verlängerungsfaktor für Objektive von etwa 1,54 gegenüber dem Kleinbildformat.",29.02381134033203,"Das Sensorformat 23,4 x 15,6 mm (APS - C), entspreche einem Verlängerungsfaktor für Objektive von etwa 1,54 gegenüber dem Kleinbildformat.",35.48530960083008,1
"Ich finde es wirklich toll, dass es Euch jetzt gibt!",46.75111770629883,"Ich finde es wirklich toll, dass es Euch jetzt gebe!",56.749732971191406,1
"Die Filiale in der Casparistraße hebt sich durch ihr freundliches Personal, die schnelle Bedienung und den guten Service heraus.",24.252229690551758,"Die Filiale in der Casparistraße hebe sich durch ihr freundliches Personal, die schnelle Bedienung und den guten Service heraus.",25.057533264160156,1
"„Duo schummelt sich in nordkoreanisches Golfturnier“, heißt es in der Brisbaner Zeitung „Nine News“.",87.87156677246094,"„Duo schummle sich in nordkoreanisches Golfturnier“, heißt es in der Brisbaner Zeitung „Nine News“.",99.81863403320312,1
"Aus ökologischen Gründen ist es erforderlich, dass immer eine gewisse Mindest - Restwassermenge in dem Gewässer verbleibt.",15.512772560119629,"Aus ökologischen Gründen ist es erforderlich, dass immer eine gewisse Mindest - Restwassermenge in dem Gewässer verbleibe.",20.26836585998535,1
"Der Sozialwissenschaftler Immanuel Wallerstein bezeichnet die Occupy - Wall - Street - Bewegung als ""bedeutendstes politisches Ereignis in den USA seit den Aufständen von 1968"" und sieht in ihr deren direkte Fortsetzung.",11.8914155960083,"Der Sozialwissenschaftler Immanuel Wallerstein bezeichne die Occupy - Wall - Street - Bewegung als ""bedeutendstes politisches Ereignis in den USA seit den Aufständen von 1968"" und sieht in ihr deren direkte Fortsetzung.",12.780145645141602,1
"Das Ensemble umfasst eine Grundstücksfläche von rund 200 × 70 Metern, wobei nur gut ein Drittel dieser Fläche auf den hinteren Garten entfällt.",21.014677047729492,"Das Ensemble umfasst eine Grundstücksfläche von rund 200 × 70 Metern, wobei nur gut ein Drittel dieser Fläche auf den hinteren Garten entfalle.",24.406471252441406,1
"Sie ist auch in dem harten Zustand verzehrbar, was sie für den Handel interessanter macht als die klassische Kaki, die in dem verzehrbaren Zustand sehr weich und darum schwer und nur wenige Tage zu lagern ist.",27.100460052490234,"Sie ist auch in dem harten Zustand verzehrbar, was sie für den Handel interessanter mache als die klassische Kaki, die in dem verzehrbaren Zustand sehr weich und darum schwer und nur wenige Tage zu lagern ist.",28.87699317932129,1
"Die letzte Freundin Bon Scotts behauptet bis heute, dass dieser den Song geschrieben habe, nachdem sich ein Nachbar bei ihnen über die laute Musik aus ihrer Wohnung beschwert hatte.",28.376585006713867,"Die letzte Freundin Bon Scotts behaupte bis heute, dass dieser den Song geschrieben habe, nachdem sich ein Nachbar bei ihnen über die laute Musik aus ihrer Wohnung beschwert hatte.",31.688688278198242,1
"Als sie erwacht, gesellt sie sich zu der Familie, merkt jedoch, dass sie mit ihrer Trauer um den Fall der Mauer nicht auf Verständnis stößt.",30.853412628173828,"Als sie erwacht, gesellt sie sich zu der Familie, merkt jedoch, dass sie mit ihrer Trauer um den Fall der Mauer nicht auf Verständnis stoße.",39.250152587890625,1
"Leitende Angestellte erhielten ebenfalls eine sogenannte „Leistungszulage“ für das Erfüllen oder Übertreffen der Erwartungen, die sich insgesamt auf 1,5 Millionen Dollar beläuft bzw. durchschnittlich geschätzte 15.000 Dollar pro Person beträgt.",11.633886337280273,"Leitende Angestellte erhielten ebenfalls eine sogenannte „Leistungszulage“ für das Erfüllen oder Übertreffen der Erwartungen, die sich insgesamt auf 1,5 Millionen Dollar belaufe bzw. durchschnittlich geschätzte 15.000 Dollar pro Person beträgt.",13.309579849243164,1
"Damit stellt sich Leister offen auf die Seite der FDP und von Kartellamtschef Dieter Wolf, der diese Kompetenz für sein Haus beansprucht.",55.024871826171875,"Damit stellt sich Leister offen auf die Seite der FDP und von Kartellamtschef Dieter Wolf, der diese Kompetenz für sein Haus beanspruche.",58.6794548034668,1
"Die Pflegekraft prüft dann, ob sie den Patienten aufgrund der Ergebnisse höher (in Kategorie 2) eingruppiert, wobei auch das Überschreiten der Grenzwerte keine Pflicht zu der Höhergruppierung auslöst.",16.417203903198242,"Die Pflegekraft prüft dann, ob sie den Patienten aufgrund der Ergebnisse höher (in Kategorie 2) eingruppiert, wobei auch das Überschreiten der Grenzwerte keine Pflicht zu der Höhergruppierung auslöse.",17.37312889099121,1
"In dem Laufe der Ermittlung zeigt sich, dass ein Kommando des französischen Geheimdienstes hinter der Explosion steckt, die dem niederländischer Fotografen portugiesischer Abstammung Fernando Pereira das Leben kostete.",13.849745750427246,"In dem Laufe der Ermittlung zeigt sich, dass ein Kommando des französischen Geheimdienstes hinter der Explosion stecke, die dem niederländischer Fotografen portugiesischer Abstammung Fernando Pereira das Leben kostete.",14.892107963562012,1
Die Verdopplung erlaubt den Schiffsverkehr auch bei Hochwasser des Libron.,49.45101547241211,Die Verdopplung erlaube den Schiffsverkehr auch bei Hochwasser des Libron.,71.79998779296875,1
"Die Familie, deren Zweige zu dem Teil bis heute bestehen, gehört zu dem oberlausitzer Uradel.",73.892822265625,"Die Familie, deren Zweige zu dem Teil bis heute bestehen, gehöre zu dem oberlausitzer Uradel.",63.80970001220703,0
"Die Tendenz (lat. tendere -- ausstrecken) (Adj.: tendenziös, eine Tendenz erkennen lassend, parteilich gefärbt) beschreibt ein Streben, eine Neigung und eine Häufung von Ereignissen in eine bestimmte Richtung und suggeriert neben der Beschreibung der feststellbaren Tatsachen der Vergangenheit häufig auch den Ausblick in die unbestimmte Zukunft.",17.162944793701172,"Die Tendenz (lat. tendere -- ausstrecken) (Adj.: tendenziös, eine Tendenz erkennen lassend, parteilich gefärbt) beschreibe ein Streben, eine Neigung und eine Häufung von Ereignissen in eine bestimmte Richtung und suggeriert neben der Beschreibung der feststellbaren Tatsachen der Vergangenheit häufig auch den Ausblick in die unbestimmte Zukunft.",18.320981979370117,1
"Schätzungen zufolge zog das Fest schon in den 1990er Jahren acht - bis zehntausend auswärtige Besucher an, so dass sich die Zahl der Menschen in der Kleinstadt an einem einzigen Tag auf das Drei - bis Vierfache erhöht.",14.899985313415527,"Schätzungen zufolge zog das Fest schon in den 1990er Jahren acht - bis zehntausend auswärtige Besucher an, so dass sich die Zahl der Menschen in der Kleinstadt an einem einzigen Tag auf das Drei - bis Vierfache erhöhe.",15.46801471710205,1
"Das Vorliegen von Osteodermen entlang des Halses und Schwanzes von Chinlechelys deutet nach Ansicht der Autoren der Studie darauf hin, dass der Panzer lediglich eine Verwachsung eines Teils der Osteoderme, die die Körper ursprünglicher Schildkröten bedeckten, darstellt.",20.897029876708984,"Das Vorliegen von Osteodermen entlang des Halses und Schwanzes von Chinlechelys deute nach Ansicht der Autoren der Studie darauf hin, dass der Panzer lediglich eine Verwachsung eines Teils der Osteoderme, die die Körper ursprünglicher Schildkröten bedeckten, darstellt.",23.00737190246582,1
"Buffetaut und Ouaja schrieben diesen Fund 2002 Spinosaurus aegyptiacus zu, da der Knochen starke Ähnlichkeiten mit dem entsprechenden Knochen des Typmaterials dieser Art zeigt.",40.12310028076172,"Buffetaut und Ouaja schrieben diesen Fund 2002 Spinosaurus aegyptiacus zu, da der Knochen starke Ähnlichkeiten mit dem entsprechenden Knochen des Typmaterials dieser Art zeige.",39.45699691772461,0
"Elimiotis, auch Elimeia genannt, bezeichnete in der Antike jene gebirgige Landschaft Griechenlands, die sich in dem Bogen des Flusses Aliakmonas erhebt.",22.663860321044922,"Elimiotis, auch Elimeia genannt, bezeichnete in der Antike jene gebirgige Landschaft Griechenlands, die sich in dem Bogen des Flusses Aliakmonas erhebe.",26.269681930541992,1
"Ihr Leiter, Lutz Hoeppner, legt Wert auf ""textlich ambitionierte und modern inszenierte Stücke"".",61.116214752197266,"Ihr Leiter, Lutz Hoeppner, lege Wert auf ""textlich ambitionierte und modern inszenierte Stücke"".",86.77009582519531,1
"Und während DRV-Präsident Gerd Hesselmann noch auf die Unvergleichbarkeit touristischer Leistungen verweist, fordern andere Branchenvertreter bereits eine CD-ROM, mit der sich die Preise der verschiedenen Veranstalter vergleichen lassen.",39.25604248046875,"Und während DRV-Präsident Gerd Hesselmann noch auf die Unvergleichbarkeit touristischer Leistungen verweise, fordern andere Branchenvertreter bereits eine CD-ROM, mit der sich die Preise der verschiedenen Veranstalter vergleichen lassen.",47.18379211425781,1
"Er demonstriert ihre Schönheit, indem er ihre Formen und Farben für wenige Stunden zu harmonisch komponierten Objekten vereint, sie dann aber der natürlichen Zerstörung überlässt.",29.919879913330078,"Er demonstriert ihre Schönheit, indem er ihre Formen und Farben für wenige Stunden zu harmonisch komponierten Objekten vereine, sie dann aber der natürlichen Zerstörung überlässt.",34.48872375488281,1
"Dabei werden Werbesprüche und - bilder auf pfiffige und kreative Weise abgeändert, so dass sich die Aussage in das Lächerliche oder sogar in das Gegenteil verkehrt.",19.7041072845459,"Dabei werden Werbesprüche und - bilder auf pfiffige und kreative Weise abgeändert, so dass sich die Aussage in das Lächerliche oder sogar in das Gegenteil verkehre.",22.39716911315918,1
Die Informationsgesellschaft erst schafft neue Arbeitsplätze in dem Dienstleistungssektor.,17.89860725402832,Die Informationsgesellschaft erst schaffe neue Arbeitsplätze in dem Dienstleistungssektor.,27.994449615478516,1
Der Hispanoamerikanismus (auch: Panhispanismus) basiert auf Ideen des europäischen Nationalismus und der Romantik.,17.896137237548828,Der Hispanoamerikanismus (auch: Panhispanismus) basiere auf Ideen des europäischen Nationalismus und der Romantik.,22.362594604492188,1
Der Bereich der Behindertenplätze wurde verbessert und ein Spielertunnel aus brandgeschütztem Material montiert.,171.66387939453125,Der Bereich der Behindertenplätze wurde verbessert und ein Spielertunnel aus brandgeschütztem Material montiere.,276.7154541015625,1
"Nahe dem Massiv des Seven Sisters Peak (2.755 Meter) zwingen die Nass Range und die Bulkley Range den Fluss in ein nach Süden verlaufendes enges Tal, welches nach dem Kitselas Canyon in ein breites Tal nahe Terrace übergeht, wo der Fluss sich weitet.",43.02357864379883,"Nahe dem Massiv des Seven Sisters Peak (2.755 Meter) zwingen die Nass Range und die Bulkley Range den Fluss in ein nach Süden verlaufendes enges Tal, welches nach dem Kitselas Canyon in ein breites Tal nahe Terrace übergeht, wo der Fluss sich weite.",50.53730773925781,1
"Olivier Razac (* 1973) ist ein französischer Philosoph, der sich an den Lehren von Michel Foucault orientiert.",9.125205993652344,"Olivier Razac (* 1973) ist ein französischer Philosoph, der sich an den Lehren von Michel Foucault orientiere.",11.053132057189941,1
Das Gewicht der Stimme eines Angehörigen eines Provinzparlaments hängt dabei von der Größe der betreffenden Provinz ab.,11.639029502868652,Das Gewicht der Stimme eines Angehörigen eines Provinzparlaments hänge dabei von der Größe der betreffenden Provinz ab.,15.258955001831055,1
"Die Mitglieder des Commonwealth fragen sich nun, wem diese Organisation noch nützt, wenn sich Großbritannien in derart wichtigen Punkten gegen seine einstigen südpazifischen Kolonialgebiete stellt.",25.662399291992188,"Die Mitglieder des Commonwealth fragen sich nun, wem diese Organisation noch nütze, wenn sich Großbritannien in derart wichtigen Punkten gegen seine einstigen südpazifischen Kolonialgebiete stellt.",26.8198184967041,1
"Wie roh Stanleys Verhalten auf Blanche wirkt, lässt sich daraus ablesen, dass sie ihn als ""Überlebenden der Steinzeit"" bezeichnet.",42.96023178100586,"Wie roh Stanleys Verhalten auf Blanche wirkt, lässt sich daraus ablesen, dass sie ihn als ""Überlebenden der Steinzeit"" bezeichne.",42.14752197265625,0
"Eisen ist ein essentielles Element, das der Körper benötigt, um das Protein Hämoglobin zu produzieren, das sich in roten Blutkörperchen befindet und für den Sauerstofftransport in Körpergewebe zuständig ist.",6.588773250579834,"Eisen ist ein essentielles Element, das der Körper benötigt, um das Protein Hämoglobin zu produzieren, das sich in roten Blutkörperchen befinde und für den Sauerstofftransport in Körpergewebe zuständig ist.",7.091952323913574,1
"In dem Handelsblatt Volkswirte - Ranking, das die Forschungsleistung von Ökonomen in Deutschland, Österreich und der deutschsprachigen Schweiz gemessen an der Qualität der Publikationen seit 2004 analysiert, belegt er regelmäßig vorderste Plätze.",13.307133674621582,"In dem Handelsblatt Volkswirte - Ranking, das die Forschungsleistung von Ökonomen in Deutschland, Österreich und der deutschsprachigen Schweiz gemessen an der Qualität der Publikationen seit 2004 analysiere, belegt er regelmäßig vorderste Plätze.",15.066649436950684,1
"Nur wenn die soziale und demokratische Gestaltung der Europäischen Union gelingt, werden die Menschen auch die politische Union unterstützen.",22.904499053955078,"Nur wenn die soziale und demokratische Gestaltung der Europäischen Union gelinge, werden die Menschen auch die politische Union unterstützen.",30.720386505126953,1
"Der Hauptunterschied zu dem tierischen Aktionspotential besteht darin, dass die Depolarisierung nicht durch Eintritt von positiven Natriumionen geschieht, sondern durch Ausfluss von negativen Chloridionen.",14.092617988586426,"Der Hauptunterschied zu dem tierischen Aktionspotential besteht darin, dass die Depolarisierung nicht durch Eintritt von positiven Natriumionen geschehe, sondern durch Ausfluss von negativen Chloridionen.",16.12689781188965,1
"Nach langjährigen Wiederherstellungsarbeiten wurde die Kirche der griechisch - orthodoxen Gemeinde überlassen, die seit 1993 ihre Gottesdienste in der Kirche feiert.",12.206136703491211,"Nach langjährigen Wiederherstellungsarbeiten wurde die Kirche der griechisch - orthodoxen Gemeinde überlassen, die seit 1993 ihre Gottesdienste in der Kirche feiere.",13.463824272155762,1
"Jede Kurzgeschichte, die Marito schreibt, wie ""Den qualitativen Sprung"", in dem Stil von Borges verfasst, wandert in den Papierkorb, nachdem sie von Verwandten oder Bekannten für wirklich schlecht befunden worden ist.",30.624582290649414,"Jede Kurzgeschichte, die Marito schreibt, wie ""Den qualitativen Sprung"", in dem Stil von Borges verfasst, wanderst in den Papierkorb, nachdem sie von Verwandten oder Bekannten für wirklich schlecht befunden worden ist.",35.25785446166992,1
"2. Eine Wahlanalyse, die sich auf eine bloße Kritik an der Wahlkampfführung, an dem Marketing, an der Vermittlung und Umsetzung beschränkt, greift zu kurz.",16.5148868560791,"2. Eine Wahlanalyse, die sich auf eine bloße Kritik an der Wahlkampfführung, an dem Marketing, an der Vermittlung und Umsetzung beschränkt, greifst zu kurz.",22.22815704345703,1
"Auch zu beachten ist, dass das Angebot aus der Internetreferenz in dem Laden selber für unseren Bedarf sichtlich fehlte...",76.52306365966797,"Auch zu beachten ist, dass das Angebot aus der Internetreferenz in dem Laden selber für unseren Bedarf sichtlich fehltest...",94.22250366210938,1
"So ging er nach Australien, wo ihn die Ähnlichkeit der Bodenbeschaffenheit der dortigen Goldfelder mit den ihm bekannten Gegenden in Kalifornien zu weiteren Untersuchungen veranlasste.",17.192035675048828,"So ging er nach Australien, wo ihn die Ähnlichkeit der Bodenbeschaffenheit der dortigen Goldfelder mit den ihm bekannten Gegenden in Kalifornien zu weiteren Untersuchungen veranlasstest.",21.391252517700195,1
"CDU-Fraktionschef Roland Koch, der anders als die FDP bisher nur Wohnungsbaugesellschaften und Messe privatisieren wollte, deutete jetzt auch einen Meinungswandel der Union zu dem Flughafen an:",43.79581069946289,"CDU-Fraktionschef Roland Koch, der anders als die FDP bisher nur Wohnungsbaugesellschaften und Messe privatisieren wollte, deutetest jetzt auch einen Meinungswandel der Union zu dem Flughafen an:",58.30485153198242,1
"Zwei Themen, die Perot immer wieder anspricht, Rezession und Bürokratie, machen ihnen besonders zu schaffen.",41.836021423339844,"Zwei Themen, die Perot immer wieder anspricht, Rezession und Bürokratie, macht ihnen besonders zu schaffen.",46.1190299987793,1
"Mischlinge, die bisher gegen die ``Schwarzen'' in dem ANC stimmten, entscheiden jetzt eher anhand von Sachfragen.",99.92664337158203,"Mischlinge, die bisher gegen die ``Schwarzen'' in dem ANC stimmten, entscheidet jetzt eher anhand von Sachfragen.",106.54380798339844,1
"Die Berechnung des Max - Planck - Instituts wurde möglich, weil erstmals Zahlen darüber verfügbar sind, in welchem Alter Frauen in Deutschland ihre ersten, zweiten und folgenden Kinder bekommen.",18.93349266052246,"Die Berechnung des Max - Planck - Instituts wurde möglich, weil erstmals Zahlen darüber verfügbar sind, in welchem Alter Frauen in Deutschland ihre ersten, zweiten und folgenden Kinder bekommt.",20.495708465576172,1
"Die folgenden Verluste der HMS Triumph bei Anzac Cove und der HMS Majestic bei Cape Helles, die beide von SM U 21 torpediert wurden, bestätigten dies.",34.22789001464844,"Die folgenden Verluste der HMS Triumph bei Anzac Cove und der HMS Majestic bei Cape Helles, die beide von SM U 21 torpediert wurden, bestätigtet dies.",43.5988655090332,1
"Die Auseinandersetzungen zwischen den ehemaligen Partnern, die von McTavish zusätzlich geschürt worden waren, gipfelten in der Erschießung des Handelspostenleiters an dem Großen Bärensee durch einen Angestellten der XY Company.",18.371231079101562,"Die Auseinandersetzungen zwischen den ehemaligen Partnern, die von McTavish zusätzlich geschürt worden waren, gipfeltet in der Erschießung des Handelspostenleiters an dem Großen Bärensee durch einen Angestellten der XY Company.",22.02886390686035,1
Der mechanische Trackpad - Klick meines Macbook Pro funktionierte eines Tages nicht mehr.,65.56184387207031,Der mechanische Trackpad - Klick meines Macbook Pro funktioniertest eines Tages nicht mehr.,169.44198608398438,1
"Die Liberaldemokraten, die den wohlhabenden Vorort bis 2010 vertreten haben, hoffen, ihn mit ihrer Kandidatin Sarah Olney zurückzugewinnen.",25.133657455444336,"Die Liberaldemokraten, die den wohlhabenden Vorort bis 2010 vertreten haben, hofft, ihn mit ihrer Kandidatin Sarah Olney zurückzugewinnen.",27.09373664855957,1
"Dem französischen Wirtschaftstheoretiker Antoine - Augustin Cournot diente das Prinzip als Basis zu der Entwicklung der Preis - Absatz - Funktion und der Bestimmung des Gewinnmaximums eines Angebotsmonopolisten (Cournotscher Punkt), während der deutsche Ökonom Hermann Heinrich Gossen es zu der Erforschung der Bedürfnisbefriedigung und damit zu der Entwicklung der Gossenschen Gesetze nutzte.",16.455867767333984,"Dem französischen Wirtschaftstheoretiker Antoine - Augustin Cournot diente das Prinzip als Basis zu der Entwicklung der Preis - Absatz - Funktion und der Bestimmung des Gewinnmaximums eines Angebotsmonopolisten (Cournotscher Punkt), während der deutsche Ökonom Hermann Heinrich Gossen es zu der Erforschung der Bedürfnisbefriedigung und damit zu der Entwicklung der Gossenschen Gesetze nutztest.",18.21233558654785,1
"Die Region, die lange Zeit lediglich von Wanderfeldbau und Subsistenzwirtschaft geprägt war, öffnet sich langsam für eine Nutzung des Hochlandes für multifunktionale und kommerzielle Zwecke.",22.266889572143555,"Die Region, die lange Zeit lediglich von Wanderfeldbau und Subsistenzwirtschaft geprägt war, öffnest sich langsam für eine Nutzung des Hochlandes für multifunktionale und kommerzielle Zwecke.",27.57761573791504,1
"Er glaubt, dass niemand der auf uns Wartenden auf uns wartet.",56.871421813964844,"Er glaubt, dass niemand der auf uns Wartenden auf uns wartest.",90.86380004882812,1
"Kaufleute, die aufgrund ihrer Handelsbeziehungen die Verhältnisse in Britannien gut kennen mussten, konnten oder wollten aber keine tauglichen Auskünfte über die Lebensweise und Kriegsstrategien der Insulaner oder geeignete Landungsplätze geben.",18.615209579467773,"Kaufleute, die aufgrund ihrer Handelsbeziehungen die Verhältnisse in Britannien gut kennen mussten, konnten oder wollten aber keine tauglichen Auskünfte über die Lebensweise und Kriegsstrategien der Insulaner oder geeignete Landungsplätze gebt.",20.671533584594727,1
"Der Konkursverwalter der Thüringer Docter-Optic-Gruppe, Jobst Wellensiek, erwartet einen konkreten Übernahmevorschlag in etwa zwei Wochen.",31.252683639526367,"Der Konkursverwalter der Thüringer Docter-Optic-Gruppe, Jobst Wellensiek, erwartest einen konkreten Übernahmevorschlag in etwa zwei Wochen.",39.06631088256836,1
"Doch es gab eine Menge Leute, die den Spaß liebten, den die Band bei ihren Konzerten in Clubs und Colleges verbreitete.",21.746437072753906,"Doch es gab eine Menge Leute, die den Spaß liebten, den die Band bei ihren Konzerten in Clubs und Colleges verbreitetest.",32.22835922241211,1
"Türpfeiler, von denen einer eine Rille zu der Aufnahme der Tür aufweist, bilden den Zugang zu der Hauptkammer.",43.92979431152344,"Türpfeiler, von denen einer eine Rille zu der Aufnahme der Tür aufweist, bildet den Zugang zu der Hauptkammer.",50.55624008178711,1
"Er muss aufpassen, dass ihn seine Schwiegereltern, die in der Nähe wohnen, nicht sehen.",14.498713493347168,"Er muss aufpassen, dass ihn seine Schwiegereltern, die in der Nähe wohnen, nicht seht.",17.233993530273438,1
"1639 verkaufte es ein Freiherr von Stadl an den Grafen Hans Sigmund von Wagensberg, der es seiner Tochter Regina, die mit Maximilian von Breuner verheiratet, aber zu diesem Zeitpunkt bereits verwitwet war, weiter verschenkte.",22.239336013793945,"1639 verkaufte es ein Freiherr von Stadl an den Grafen Hans Sigmund von Wagensberg, der es seiner Tochter Regina, die mit Maximilian von Breuner verheiratet, aber zu diesem Zeitpunkt bereits verwitwet war, weiter verschenktest.",24.750024795532227,1
"Ausgerechnet Lennons zänkische Witwe Yoko Ono, die jahrelang mit Paul McCartney über Copyrights gestritten hatte, überreichte den ``Fab Three'' das unvollständige Archivmaterial, das bereits auf illegalen Raubpressungen unter Fans kursierte.",50.00619888305664,"Ausgerechnet Lennons zänkische Witwe Yoko Ono, die jahrelang mit Paul McCartney über Copyrights gestritten hatte, überreichtest den ``Fab Three'' das unvollständige Archivmaterial, das bereits auf illegalen Raubpressungen unter Fans kursierte.",58.177406311035156,1
"Die Möbel aus unserer Kölner Dachwohnung zu bekommen, war nicht so einfach.",36.99845504760742,"Die Möbel aus unserer Kölner Dachwohnung zu bekommt, war nicht so einfach.",52.4407958984375,1
"Letztenendes zahlt man so die 5 Euro Eintritt nicht für zwei, sondern nur für 1 Clubbereich, weil der Themenabend sich einfach nur auf einen Teil des Clubs beschränkt.",40.45069122314453,"Letztenendes zahlt man so die 5 Euro Eintritt nicht für zwei, sondern nur für 1 Clubbereich, weil der Themenabend sich einfach nur auf einen Teil des Clubs beschränkst.",45.092872619628906,1
"US-Präsident William Jefferson Clinton, der wie so viele die tiefe, rauhe Stimme Rabins vermißte, schien gut informiert über die Lage in Israel.",38.483219146728516,"US-Präsident William Jefferson Clinton, der wie so viele die tiefe, rauhe Stimme Rabins vermißte, schienst gut informiert über die Lage in Israel.",52.790008544921875,1
"Die Frankfurter Banken, die sich etwas sachlicher und differenzierter mit dem Thema befassen, halten den Konflikt durchaus für auflösbar und erinnern an einige schlichte Fakten.",21.104061126708984,"Die Frankfurter Banken, die sich etwas sachlicher und differenzierter mit dem Thema befassen, haltet den Konflikt durchaus für auflösbar und erinnern an einige schlichte Fakten.",25.57217025756836,1
"Die Firma teilte der BBC mit, dass die Entscheidung, ob Passagiere eine Zugangsgebühr entrichten müssten, bei der jeweiligen Fluggesellschaft liege.",13.425642967224121,"Die Firma teilte der BBC mit, dass die Entscheidung, ob Passagiere eine Zugangsgebühr entrichten müssten, bei der jeweiligen Fluggesellschaft liegest.",17.053382873535156,1
"Vertebratus (ve) (lat.: vertebratus -- skelettartig) sind Wolken, deren Teile ihrer Anordnung nach an eine Wirbelsäule, Rippen oder ein Fischskelett erinnern.",30.037038803100586,"Vertebratus (ve) (lat.: vertebratus -- skelettartig) sind Wolken, deren Teile ihrer Anordnung nach an eine Wirbelsäule, Rippen oder ein Fischskelett erinnert.",33.48417282104492,1
Die Nachrichten über den Betrug der Firma – der jahrelang vor sich ging – senkten den Wert von VW um mehrere zehn Milliarden Euro und kosteten den Vorstandsvorsitzenden Martin Winterkorn seinen Job.,18.02246856689453,Die Nachrichten über den Betrug der Firma – der jahrelang vor sich ging – senktet den Wert von VW um mehrere zehn Milliarden Euro und kosteten den Vorstandsvorsitzenden Martin Winterkorn seinen Job.,31.827211380004883,1
"Das Gästebuch, welches in dem Sächsischen Staatsarchiv aufbewahrt wird, nennt Namen wie Kaiser Joseph II.",15.222240447998047,"Das Gästebuch, welches in dem Sächsischen Staatsarchiv aufbewahrt wird, nennst Namen wie Kaiser Joseph II.",23.25363540649414,1
"Die Position, an der der Köhlerzügel in den Zügel eingehakt wird, entscheidet über die generelle Schärfe des Hilfszügels.",22.219148635864258,"Die Position, an der der Köhlerzügel in den Zügel eingehakt wird, entscheidest über die generelle Schärfe des Hilfszügels.",30.112768173217773,1
"Diese beiden Hallen, die selbst bereits als architektonische Denkmäler angesehen werden können, beherbergen heute Museen: In der südlichen Halle befindet sich das Autoworld Museum mit einer großen Oldtimer - Sammlung.",16.042898178100586,"Diese beiden Hallen, die selbst bereits als architektonische Denkmäler angesehen werden können, beherbergt heute Museen: In der südlichen Halle befindet sich das Autoworld Museum mit einer großen Oldtimer - Sammlung.",17.918983459472656,1
"Der Geruch, der von dem zu der Blütezeit gebildeten Alkaloid Triglochinin stammt, wehrt Pflanzenfresser ab.",22.915462493896484,"Der Geruch, der von dem zu der Blütezeit gebildeten Alkaloid Triglochinin stammt, wehrst Pflanzenfresser ab.",28.939706802368164,1
"Erschwerend kam für deutschsprachige phantastische Literatur hinzu, dass die meisten Autoren, die zu dem Teil bereits seit Jahrzehnten für Büchernachschub sorgten, nunmehr ihre Geschichten in die Wirklichkeit verlagerten und kaum noch phantastische Elemente verwendeten.",18.214632034301758,"Erschwerend kam für deutschsprachige phantastische Literatur hinzu, dass die meisten Autoren, die zu dem Teil bereits seit Jahrzehnten für Büchernachschub sorgten, nunmehr ihre Geschichten in die Wirklichkeit verlagertet und kaum noch phantastische Elemente verwendeten.",20.999515533447266,1
"An dem 1. Januar 49 v. Chr. verlas Marcus Antionius die Erklärung von Cäsar, in der der Statthalter sich selbst zu dem Freund des Friedens erklärte.",36.77273178100586,"An dem 1. Januar 49 v. Chr. verlas Marcus Antionius die Erklärung von Cäsar, in der der Statthalter sich selbst zu dem Freund des Friedens erklärtest.",46.254154205322266,1
"Entwickler, die an dem Projekt mitarbeiten möchten, holen sich diese Kopien und erstellen ihre Änderungen, welche an den Head - Developer zurückgesandt werden und von ihm in den offiziellen Quellcodebaum eingepflegt werden.",20.333581924438477,"Entwickler, die an dem Projekt mitarbeiten möchten, holt sich diese Kopien und erstellen ihre Änderungen, welche an den Head - Developer zurückgesandt werden und von ihm in den offiziellen Quellcodebaum eingepflegt werden.",24.81013298034668,1
"Carnegie verzichtet auf eine Verfolgung, da das Benzin seines Gefährts nur noch für die Rückreise in seine Stadt reicht und er hat, was er wollte: die Bibel.",38.22615051269531,"Carnegie verzichtet auf eine Verfolgung, da das Benzin seines Gefährts nur noch für die Rückreise in seine Stadt reichst und er hat, was er wollte: die Bibel.",44.68155288696289,1
"Der Eid beinhaltet, dass Abgeordnete Hong Kong als Teil der Volksrepublik China ihre Treue schwören.",32.43657684326172,"Der Eid beinhaltet, dass Abgeordnete Hong Kong als Teil der Volksrepublik China ihre Treue schwört.",39.38431930541992,1
"die Behörden seiner 1983 einseitig ausgerufenen ``Türkischen Republik Nordzypern'' geben nun eilig Besitzzertifikate für das 1974 besetzte und jetzt teils von türkischen Zyprioten, teils von in Nordzypern angesiedelten Festlandstürken bewirtschaftete Land aus.",25.67806625366211,"die Behörden seiner 1983 einseitig ausgerufenen ``Türkischen Republik Nordzypern'' gebt nun eilig Besitzzertifikate für das 1974 besetzte und jetzt teils von türkischen Zyprioten, teils von in Nordzypern angesiedelten Festlandstürken bewirtschaftete Land aus.",25.375967025756836,0
"1474 verkaufte das Kloster Sinsheim die Niederlassung in St. Ilgen an Kurfürst Friedrich von der Pfalz, der sie zwei Jahre später dem Dominikanerkloster Heidelberg schenkte.",16.203433990478516,"1474 verkaufte das Kloster Sinsheim die Niederlassung in St. Ilgen an Kurfürst Friedrich von der Pfalz, der sie zwei Jahre später dem Dominikanerkloster Heidelberg schenktest.",20.39031982421875,1
"Das in dem Hofgärtnermuseum des Schlosses Glienicke aufbewahrte Zeugnis, das der Bürgermeister von Renneville ausgestellt hatte, bescheinigt Nietner gutes Betragen [...], ohne auf Details von Nietners Tätigkeit einzugehen.",32.65013885498047,"Das in dem Hofgärtnermuseum des Schlosses Glienicke aufbewahrte Zeugnis, das der Bürgermeister von Renneville ausgestellt hatte, bescheinigst Nietner gutes Betragen [...], ohne auf Details von Nietners Tätigkeit einzugehen.",35.1865119934082,1
"So gibt es Zuzüge in attraktivere Wohnlagen und neue Baugebiete, während die Bevölkerungszahlen in den Plattenbaugebieten des Großen Dreeschs, Neu Zippendorfs und des Mueßer Holzes überdurchschnittlich stark sinken.",30.838050842285156,"So gibt es Zuzüge in attraktivere Wohnlagen und neue Baugebiete, während die Bevölkerungszahlen in den Plattenbaugebieten des Großen Dreeschs, Neu Zippendorfs und des Mueßer Holzes überdurchschnittlich stark sinkt.",32.70550537109375,1
"Der Orden, der dort zuvor sehr großen politischen Einfluss gehabt hatte, unterstützte das Sultanat zu dem einen durch Waffenlieferungen, griff aber auch selbst militärisch in den Kampf um Wadai ein.",28.48845100402832,"Der Orden, der dort zuvor sehr großen politischen Einfluss gehabt hatte, unterstütztest das Sultanat zu dem einen durch Waffenlieferungen, griff aber auch selbst militärisch in den Kampf um Wadai ein.",34.58161926269531,1
"Das Paar, das bis kurz vor Mantels 'Tod eine Dienstwohnung in dem Katharineum mit direktem Zugang zu der Stadtbibliothek bewohnte, hatte acht Kinder.",27.248432159423828,"Das Paar, das bis kurz vor Mantels 'Tod eine Dienstwohnung in dem Katharineum mit direktem Zugang zu der Stadtbibliothek bewohnte, hattest acht Kinder.",26.091337203979492,0
"Unübertroffen in ihrem Reichtum an Gedanken und Ideen ist die Schwedin Astrid Lindgren, die den fliegenden Karlsson von dem Dach erfunden hat, dazu die Welten, in denen der Junge wandert, den sein Vater Mio, mein Mio ruft, und Die Brüder Löwenherz.",25.131141662597656,"Unübertroffen in ihrem Reichtum an Gedanken und Ideen ist die Schwedin Astrid Lindgren, die den fliegenden Karlsson von dem Dach erfunden hat, dazu die Welten, in denen der Junge wandert, den sein Vater Mio, mein Mio rufst, und Die Brüder Löwenherz.",26.1768741607666,1
"Sie führe einen ""Mutterkreuzzug"", dessen polarisierende Wirkung die von ihr moderierten Sendungen negativ beeinflusse.",34.713932037353516,"Sie führe einen ""Mutterkreuzzug"", dessen polarisierende Wirkung die von ihr moderierten Sendungen negativ beeinflussest.",36.65182876586914,1
"Studiobesitzer wollte mich zwingen, alle Getränke zu dem Training bei Ihm zu kaufen.",78.07212829589844,"Studiobesitzer wollte mich zwingen, alle Getränke zu dem Training bei Ihm zu kauft.",60.50433349609375,0
"Die Strukturen, die sich in den Daten aus der Petén-Region und aus Uaxactun finden, lassen diese Stätten als Teil der kulturellen Entwicklung der Maya-Tiefebene erscheinen.",18.702434539794922,"Die Strukturen, die sich in den Daten aus der Petén-Region und aus Uaxactun finden, lasst diese Stätten als Teil der kulturellen Entwicklung der Maya-Tiefebene erscheinen.",21.438434600830078,1
"Alles was ist, soll als rein Geistig erkannt werden, nicht jedoch in dem Sinne eines Solipsismus, sondern dass überhaupt die Dinge erst in unserem Bewusstsein sind.",28.8148136138916,"Alles was ist, soll als rein Geistig erkannt werden, nicht jedoch in dem Sinne eines Solipsismus, sondern dass überhaupt die Dinge erst in unserem Bewusstsein seid.",32.279335021972656,1
"In dem Frühmittelalter war Dyfed ein selbständiges Königreich, dessen Könige sich irischer Abstammung rühmten.",17.386808395385742,"In dem Frühmittelalter war Dyfed ein selbständiges Königreich, dessen Könige sich irischer Abstammung rühmtet.",27.60980796813965,1
"Während der Entdecker des Phänomens, Ernest Hubbs (Nigel Davenport), stirbt, wird sein Kollege James Lesko (Michael Murphy) zusammen mit einer vorher geretteten jungen Frau (Lynne Frederick) von den Ameisen unterjocht, um vielleicht eine neue Rasse unter der Herrschaft der Ameisen zu gründen.",23.57468032836914,"Während der Entdecker des Phänomens, Ernest Hubbs (Nigel Davenport), stirbst, wird sein Kollege James Lesko (Michael Murphy) zusammen mit einer vorher geretteten jungen Frau (Lynne Frederick) von den Ameisen unterjocht, um vielleicht eine neue Rasse unter der Herrschaft der Ameisen zu gründen.",26.964902877807617,1
"Protagonistin der Kriminalserie ist eine junge Frau, die mit Unterstützung ihrer Mutter, der Fürstin Takacz - Alambary, Verbrechen von internationaler Bedeutung verhindert oder aufklärt.",32.29705047607422,"Protagonistin der Kriminalserie ist eine junge Frau, die mit Unterstützung ihrer Mutter, der Fürstin Takacz - Alambary, Verbrechen von internationaler Bedeutung verhinderst oder aufklärt.",39.2411003112793,1
"Aber als der Senat ihm endgültig antwortete, indem er ihm verbot, in dem Konsulat anzutreten und ihm die Optionen eröffnete, entweder seine Truppen zurückzuziehen oder zu dem öffentlichen Feind zu werden, erkannte er: Egal, welche Alternative er wählte, er würde sich seinen Feinden unbewaffnet ergeben müssen.",13.804123878479004,"Aber als der Senat ihm endgültig antwortetest, indem er ihm verbot, in dem Konsulat anzutreten und ihm die Optionen eröffnete, entweder seine Truppen zurückzuziehen oder zu dem öffentlichen Feind zu werden, erkannte er: Egal, welche Alternative er wählte, er würde sich seinen Feinden unbewaffnet ergeben müssen.",15.903596878051758,1
"Der Franzose, der über seine Firma Bernard Tapie Finance Mehrheitsgesellschafter des nordbayerischen Unternehmens ist, ging auf die angeblich mit einer Milliarde Mark dotierte Offerte nicht ein.",39.39339828491211,"Der Franzose, der über seine Firma Bernard Tapie Finance Mehrheitsgesellschafter des nordbayerischen Unternehmens ist, gingst auf die angeblich mit einer Milliarde Mark dotierte Offerte nicht ein.",47.0148811340332,1
"Viele Rodenbacher, die keinen eigenen Landwirtschaftsbetrieb besaßen, fuhren zu der Arbeit in neu entstandene Industriebetriebe nach Haiger, auch die 1915 eingeweihte Bahnlinie Haiger - Siegen ermöglichte eine bessere Verbindung zu den industriellen Standorten in dem Siegerland mit seinen Bergwerken und Hüttenbetrieben.",12.985947608947754,"Viele Rodenbacher, die keinen eigenen Landwirtschaftsbetrieb besaßen, fuhrt zu der Arbeit in neu entstandene Industriebetriebe nach Haiger, auch die 1915 eingeweihte Bahnlinie Haiger - Siegen ermöglichte eine bessere Verbindung zu den industriellen Standorten in dem Siegerland mit seinen Bergwerken und Hüttenbetrieben.",15.303260803222656,1
"Hat das denn zu der Folge, daß die Jugendlichen sich Orientierungen suchen außerhalb der bislang traditionellen Vorbilder aus Familie und Schule?",39.690921783447266,"Hat das denn zu der Folge, daß die Jugendlichen sich Orientierungen sucht außerhalb der bislang traditionellen Vorbilder aus Familie und Schule?",45.49342727661133,1
"Gleichzeitig sollte es aber gewährleisten, dass der jeweils höhere Stand in seine Entscheidungen automatisch die der unteren Stände mit einfließen ließ.",20.1823787689209,"Gleichzeitig sollte es aber gewährleisten, dass der jeweils höhere Stand in seine Entscheidungen automatisch die der unteren Stände mit einfließen ließt.",26.08626937866211,1
"Musiker wie Stan Ridgway, Bob Dylan, Tom Waits, John Lennon, Nico, R.E.M., Nada Surf, Chumbawamba, Nuclear Valdez und Grace Slick (Father Bruce) ließen sich von ihm zu Songs inspirieren.",35.0289192199707,"Musiker wie Stan Ridgway, Bob Dylan, Tom Waits, John Lennon, Nico, R.E.M., Nada Surf, Chumbawamba, Nuclear Valdez und Grace Slick (Father Bruce) ließt sich von ihm zu Songs inspirieren.",40.24748229980469,1
"Die Bemühungen des Vaters, ihr den Doktortitel der Universität Padua in Theologie zu verschaffen, blieben vorerst erfolglos.",12.698454856872559,"Die Bemühungen des Vaters, ihr den Doktortitel der Universität Padua in Theologie zu verschaffen, bliebt vorerst erfolglos.",17.523733139038086,1
"Der Grundstückseigentümer Alexander Egerland, der auf dem nach Süden benachbarten Eckgrundstück Meißner Straße 96 ein Mietshaus errichtete, ließ sich 1897 durch den dort für ihn arbeitenden Baumeister Gustav Röder diese Mietvilla entwerfen und errichten.",14.012938499450684,"Der Grundstückseigentümer Alexander Egerland, der auf dem nach Süden benachbarten Eckgrundstück Meißner Straße 96 ein Mietshaus errichtete, ließt sich 1897 durch den dort für ihn arbeitenden Baumeister Gustav Röder diese Mietvilla entwerfen und errichten.",15.584365844726562,1
"In dem Jahr 1946 wurde er zu dem neuen Gouverneur von South Dakota gewählt, wobei er sich mit 67,2 Prozent der Stimmen deutlich gegen den Demokraten Richard Haeder durchsetzte.",9.899771690368652,"In dem Jahr 1946 wurde er zu dem neuen Gouverneur von South Dakota gewählt, wobei er sich mit 67,2 Prozent der Stimmen deutlich gegen den Demokraten Richard Haeder durchsetztest.",12.66897964477539,1
"Solcherart unauslöschlich gemacht, erinnert die Schrift dauerhaft an Verfolgte des Nazi - Regimes, die aufgrund ihrer Herkunft, Religion, sexuellen Orientierung oder politischen Gesinnung ihr Leben verloren.",20.021007537841797,"Solcherart unauslöschlich gemacht, erinnert die Schrift dauerhaft an Verfolgte des Nazi - Regimes, die aufgrund ihrer Herkunft, Religion, sexuellen Orientierung oder politischen Gesinnung ihr Leben verlort.",24.576087951660156,1
"Die Armana-Briefe, die von dem 14. Jahrhundert v. Chr. datieren, enthalten zehn Briefe der Könige von Gezer, die dem ägyptischen Pharaoh ihre Loyalität schwören.",16.0513973236084,"Die Armana-Briefe, die von dem 14. Jahrhundert v. Chr. datieren, enthaltet zehn Briefe der Könige von Gezer, die dem ägyptischen Pharaoh ihre Loyalität schwören.",17.430124282836914,1
"Es ist es möglich, daß Großkonzerne wie Samsung ihren Mitarbeitern verbieten, sich gewerkschaftlich zu organisieren.",20.6543025970459,"Es ist es möglich, daß Großkonzerne wie Samsung ihren Mitarbeitern verbietet, sich gewerkschaftlich zu organisieren.",23.243207931518555,1
"Die Lira, die derzeit innerhalb des EWS auf dem vorletzten Platz liegt, neigte bereits seit dem dänischen Volksentscheid gegen den Vertrag von Maastricht zu der Schwäche.",24.154287338256836,"Die Lira, die derzeit innerhalb des EWS auf dem vorletzten Platz liegt, neigtest bereits seit dem dänischen Volksentscheid gegen den Vertrag von Maastricht zu der Schwäche.",28.383020401000977,1
"Das Colt Modell 1895 war ein Gasdrucklader und bekam in dem Spanisch - Amerikanischen Krieg den Namen ""Potato Digger"", da bei dem Schießen ein Hebel, der den Gaskolben trug, unter dem Lauf hin und her pendelte und an eine Schaufel zu dem Ausgraben von Kartoffeln erinnerte.",17.64840316772461,"Das Colt Modell 1895 war ein Gasdrucklader und bekam in dem Spanisch - Amerikanischen Krieg den Namen ""Potato Digger"", da bei dem Schießen ein Hebel, der den Gaskolben trug, unter dem Lauf hin und her pendeltest und an eine Schaufel zu dem Ausgraben von Kartoffeln erinnerte.",20.760440826416016,1
"Das erste, von dem Berliner Woroc produzierte Lied Wir ficken die Szene erschien an dem 19.",130.51368713378906,"Das erste, von dem Berliner Woroc produzierte Lied Wir ficken die Szene erschienst an dem 19.",149.81423950195312,1
"Wenn ein Spiel, in dem man dominiert hat, mit einem Unentschieden endet, ist das leicht abzutun, aber wenn das dreimal nacheinander passiert, deutet das auf eine Schwäche hin.",16.51523780822754,"Wenn ein Spiel, in dem man dominiert hat, mit einem Unentschieden endest, ist das leicht abzutun, aber wenn das dreimal nacheinander passiert, deutet das auf eine Schwäche hin.",20.177976608276367,1
"Die Situation veränderte sich ab dem Oktober 1777, als britische Streitkräfte unter dem Kommando von General John Burgoyne in Saratoga in dem Norden des Staates New York kapitulierten.",8.727745056152344,"Die Situation veränderte sich ab dem Oktober 1777, als britische Streitkräfte unter dem Kommando von General John Burgoyne in Saratoga in dem Norden des Staates New York kapituliertet.",11.534847259521484,1
Das Eingangsportal mit seinen Säulen erhielt in dem 17.,34.296424865722656,Das Eingangsportal mit seinen Säulen erhieltest in dem 17.,57.64255905151367,1
"Selbst Objekte, die nur entfernt eine Ähnlichkeit mit Augen haben, erregen Os Aufmerksamkeit, zu dem Beispiel die Schnitzerei an einem Schaukelstuhl.",37.31764602661133,"Selbst Objekte, die nur entfernt eine Ähnlichkeit mit Augen haben, erregt Os Aufmerksamkeit, zu dem Beispiel die Schnitzerei an einem Schaukelstuhl.",41.447139739990234,1
"Sechs Wasserräder von jeweils 12 Metern Durchmesser und 4 Metern Breite trieben die Pumpen an, die in der Lage waren, 18.000 bis 20.000 Kubikmeter Wasser pro Tag aus der Seine bergauf zu pumpen.",9.635411262512207,"Sechs Wasserräder von jeweils 12 Metern Durchmesser und 4 Metern Breite triebt die Pumpen an, die in der Lage waren, 18.000 bis 20.000 Kubikmeter Wasser pro Tag aus der Seine bergauf zu pumpen.",11.896105766296387,1
"Das Bürgertum, das sie somit repräsentieren, prägte durch Diskussionen über politische und kulturelle Themen die öffentliche Meinung.",13.831460952758789,"Das Bürgertum, das sie somit repräsentieren, prägtest durch Diskussionen über politische und kulturelle Themen die öffentliche Meinung.",18.317623138427734,1
"Ein Skifahrer, so versichert Togni, wolle immer auf die Piste.",66.37061309814453,"Ein Skifahrer, so versichert Togni, wollest immer auf die Piste.",90.58291625976562,1
"Sein Artikel in dem Playboy (Oktober 1988), welcher die Verbindungen in dem October Surprise skizzierte, brachte das angebliche Komplott erstmals zu einer weitreichenden Beachtung durch die amerikanische Leserschaft.",25.522310256958008,"Sein Artikel in dem Playboy (Oktober 1988), welcher die Verbindungen in dem October Surprise skizzierte, brachtest das angebliche Komplott erstmals zu einer weitreichenden Beachtung durch die amerikanische Leserschaft.",37.12123489379883,1
Da ihre Mutter sich nicht um das Kind kümmerte wuchs Iris bei Pflegeeltern auf.,44.943851470947266,Da ihre Mutter sich nicht um das Kind kümmertest wuchs Iris bei Pflegeeltern auf.,72.83173370361328,1
"Als wohlgelungen gilt auch die Bremsanlage, die trotz Verzichts auf eine zweite Scheibe an dem Vorderrad in Vergleichstests an der Spitze ihrer Klasse lag.",39.791900634765625,"Als wohlgelungen gilt auch die Bremsanlage, die trotz Verzichts auf eine zweite Scheibe an dem Vorderrad in Vergleichstests an der Spitze ihrer Klasse lagst.",44.39088821411133,1
"Ein anderes erfolgreiches Beispiel der Anwendung des Currency Board ist Estland, das mit Hilfe des Currency Boards seine Wirtschaft stabilisierte und in das westliche Wirtschaftssystem integrierte.",26.01250457763672,"Ein anderes erfolgreiches Beispiel der Anwendung des Currency Board ist Estland, das mit Hilfe des Currency Boards seine Wirtschaft stabilisiertest und in das westliche Wirtschaftssystem integrierte.",37.22318649291992,1
Auch der Börsenkrach nach der Wiener Weltausstellung in dem Jahr 1873 verschonte die Stadt Salzburg nicht.,15.97230339050293,Auch der Börsenkrach nach der Wiener Weltausstellung in dem Jahr 1873 verschontest die Stadt Salzburg nicht.,18.458940505981445,1
"Insbesondere, wenn Gruppenmitglieder sich stark in dem Temperament und Orientierung (introvertiert, extrovertiert) unterscheiden, könnten Blickwinkel überbetont werden, weil die Rolle überstark repräsentiert wird.",26.574644088745117,"Insbesondere, wenn Gruppenmitglieder sich stark in dem Temperament und Orientierung (introvertiert, extrovertiert) unterscheidet, könnten Blickwinkel überbetont werden, weil die Rolle überstark repräsentiert wird.",26.798471450805664,1
"Er musste immer wieder feststellen, dass die Professoren mehr dem Staat, als der Kirche vertrauten und den katholischen Charakter als Hindernis ansahen.",24.5531005859375,"Er musste immer wieder feststellen, dass die Professoren mehr dem Staat, als der Kirche vertrautet und den katholischen Charakter als Hindernis ansahen.",30.66827392578125,1
"Die Hansestadt, die auch Brückenkopf Richtung Nord- und Osteuropa ist, wird durch den EG-Binnenmarkt noch bedeutender.",24.226741790771484,"Die Hansestadt, die auch Brückenkopf Richtung Nord- und Osteuropa ist, wirst durch den EG-Binnenmarkt noch bedeutender.",26.447547912597656,1
"Vielleicht nichts für Feinschmecker, aber wer es schön deftig und herzhaft mag, der kommt hier voll auf seine Kosten.",24.1793212890625,"Vielleicht nichts für Feinschmecker, aber wer es schön deftig und herzhaft magst, der kommt hier voll auf seine Kosten.",30.549949645996094,1
"Die Vereinigung, die Immobilienmakler in Ontario vertritt, sagt, dass mehr getan werden muss, um Kunden zu schützen und Makler mit unethischen Geschäftspraktiken zu bestrafen.",13.462616920471191,"Die Vereinigung, die Immobilienmakler in Ontario vertritt, sagst, dass mehr getan werden muss, um Kunden zu schützen und Makler mit unethischen Geschäftspraktiken zu bestrafen.",16.706096649169922,1
"Die Südgrenze der amerikanischen Besatzungszone auf diesem Gebiet wurde so gewählt, dass die Autobahn Karlsruhe - München, die heutige Bundesautobahn 8, auf der ganzen Strecke innerhalb der amerikanischen Besatzungszone lag.",8.329307556152344,"Die Südgrenze der amerikanischen Besatzungszone auf diesem Gebiet wurde so gewählt, dass die Autobahn Karlsruhe - München, die heutige Bundesautobahn 8, auf der ganzen Strecke innerhalb der amerikanischen Besatzungszone lagst.",9.303179740905762,1
"Hinzu kam der Ratsvorsitz in dem Rat für Allgemeine Angelegenheiten und Auswärtige Beziehungen, der halbjährlich zwischen den Außenministern der Mitgliedstaaten rotierte und dessen Aufgaben sich teilweise ebenfalls mit denen des Hohen Vertreters überschnitten.",13.751168251037598,"Hinzu kam der Ratsvorsitz in dem Rat für Allgemeine Angelegenheiten und Auswärtige Beziehungen, der halbjährlich zwischen den Außenministern der Mitgliedstaaten rotierte und dessen Aufgaben sich teilweise ebenfalls mit denen des Hohen Vertreters überschnittet.",15.428825378417969,1
"Sobald man den Laden betritt erwartet einen ein freundlich helles Ambiente und das strahlende Lächeln von Frau Herrmann, die mich auch gleich bediente.",45.01863098144531,"Sobald man den Laden betritt erwartet einen ein freundlich helles Ambiente und das strahlende Lächeln von Frau Herrmann, die mich auch gleich bedientest.",51.168853759765625,1
"Der westliche Eingang des Tunnels, an dem ursprünglich der Märjelensee lag, liegt in einer Höhe von 2347 Metern.",23.10857391357422,"Der westliche Eingang des Tunnels, an dem ursprünglich der Märjelensee lag, liegst in einer Höhe von 2347 Metern.",28.614152908325195,1
"Die Hautfarbenideologie, die in der Sklavenhaltergesellschaft entstanden war, prägte nun auch die schwarze Gemeinschaft selbst und trug zu der Entstehung einer rassischen Hackordnung bei.",24.70916748046875,"Die Hautfarbenideologie, die in der Sklavenhaltergesellschaft entstanden war, prägtest nun auch die schwarze Gemeinschaft selbst und trug zu der Entstehung einer rassischen Hackordnung bei.",31.13817596435547,1
"Ein Jahr später ging ein Beschwerdebrief an den Englischen König, als die Quäker wegen ihrer Eidesverweigerung stark in Bedrängnis gerieten.",24.216867446899414,"Ein Jahr später ging ein Beschwerdebrief an den Englischen König, als die Quäker wegen ihrer Eidesverweigerung stark in Bedrängnis gerietet.",34.503562927246094,1
"Die sumerische Königsliste, die auch von einer Sintflut berichtet, dokumentiert diese Wanderungen durch das Auftauchen semitischer Namen.",32.334938049316406,"Die sumerische Königsliste, die auch von einer Sintflut berichtet, dokumentierst diese Wanderungen durch das Auftauchen semitischer Namen.",33.390174865722656,1
"Verzweifelt sucht sie nach gesellschaftlicher Anerkennung und wünscht sich, dass ihre Familie endlich ihre Privatsphäre respektiert.",12.211655616760254,"Verzweifelt sucht sie nach gesellschaftlicher Anerkennung und wünscht sich, dass ihre Familie endlich ihre Privatsphäre respektierst.",14.651823997497559,1
"Der Vertrag von London, der an dem 30. Mai 1913 unterzeichnet wurde, teilte große Teile des Territoriums, das Albanien für sich beanspruchte, auf die Balkanstaaten auf, und zwar unabhängig von ihrer ethnischen Zusammensetzung; damit wurde das Territorium Albaniens auf seine Zentralregion beschränkt.",9.54761028289795,"Der Vertrag von London, der an dem 30. Mai 1913 unterzeichnet wurde, teiltest große Teile des Territoriums, das Albanien für sich beanspruchte, auf die Balkanstaaten auf, und zwar unabhängig von ihrer ethnischen Zusammensetzung; damit wurde das Territorium Albaniens auf seine Zentralregion beschränkt.",11.644683837890625,1
"Er soll das Ungeheuer getötet haben, indem er es mit Reiswein (Sake) betrunken machte und dann bezwang.",23.591873168945312,"Er soll das Ungeheuer getötet haben, indem er es mit Reiswein (Sake) betrunken machtest und dann bezwang.",30.81871223449707,1
"Es war so erfolgreich, dass das Militär es auch nach dem Krieg weiterhin viele Jahre nutzte, und es wurde auch in den 1980er Jahren noch von einigen Ländern verwendet.",12.648667335510254,"Es war so erfolgreich, dass das Militär es auch nach dem Krieg weiterhin viele Jahre nutztest, und es wurde auch in den 1980er Jahren noch von einigen Ländern verwendet.",15.858024597167969,1
"Während Premierminister John Major gestern an dem Rande des G-7-Gipfels in München Bundeskanzler Helmut Kohl und den italienischen Regierungschef Giuliano Amato zu der weiteren Kooperation an dem ``Jäger90''-Projekt zu bewegen suchte, erörterte in London Verteidigungsminister Malcolm Rifkind mit seinem deutschen Kollegen Volker Rühe die Konsequenzen des deutschen Rückziehers.",13.644159317016602,"Während Premierminister John Major gestern an dem Rande des G-7-Gipfels in München Bundeskanzler Helmut Kohl und den italienischen Regierungschef Giuliano Amato zu der weiteren Kooperation an dem ``Jäger90''-Projekt zu bewegen suchtest, erörterte in London Verteidigungsminister Malcolm Rifkind mit seinem deutschen Kollegen Volker Rühe die Konsequenzen des deutschen Rückziehers.",14.982766151428223,1
"Als das postkoloniale Leben in Angola in Korruption, Brutalität, Gewalt und einen endlosen blutigen Bürgerkrieg entartete, blieb Bonga kritisch gegenüber politischen Führern aller Seiten.",31.82136344909668,"Als das postkoloniale Leben in Angola in Korruption, Brutalität, Gewalt und einen endlosen blutigen Bürgerkrieg entartetest, blieb Bonga kritisch gegenüber politischen Führern aller Seiten.",37.507205963134766,1
Das Publikum bevorzugte die Werke von Lully.,63.95174026489258,Das Publikum bevorzugtest die Werke von Lully.,146.1545867919922,1
"Auch ein in der Atmosphäre aufsteigendes Luftpaket behält den Zahlenwert seiner spezifischen Feuchtigkeit bei, solange keine Feuchtigkeit (etwa durch Verdunstung von Regentropfen) zugeführt oder (durch Kondensation des Wasserdampfes) abgeführt wird.",12.383008003234863,"Auch ein in der Atmosphäre aufsteigendes Luftpaket behältst den Zahlenwert seiner spezifischen Feuchtigkeit bei, solange keine Feuchtigkeit (etwa durch Verdunstung von Regentropfen) zugeführt oder (durch Kondensation des Wasserdampfes) abgeführt wird.",13.992257118225098,1
"Verheiratet war er mit Lotte, die sich ebenfalls bei der SPD betätigte.",31.93320655822754,"Verheiratet war er mit Lotte, die sich ebenfalls bei der SPD betätigtest.",47.06524658203125,1
"Ok, da hätte uns eigentlich schon was komisch vorkommen müssen.",148.32571411132812,"Ok, da hättest uns eigentlich schon was komisch vorkommen müssen.",166.66064453125,1
Seit den 1990er Jahren haben sich in der deutschen Theaterszene durch die weithin ausstrahlenden Impulse der Berliner Volksbühne unter der Intendanz Frank Castorfs vielfältige Ansatzpunkte eines politisch involvierten Theaters entwickelt.,14.071432113647461,Seit den 1990er Jahren habt sich in der deutschen Theaterszene durch die weithin ausstrahlenden Impulse der Berliner Volksbühne unter der Intendanz Frank Castorfs vielfältige Ansatzpunkte eines politisch involvierten Theaters entwickelt.,15.640641212463379,1
"So hatten sich beispielsweise schon um 1628 schottische Siedler, angezogen von den reichen Fischgründen, in dem französisch beanspruchten Gebiet Akadiens, dem heutigen New Brunswick, niedergelassen.",18.366825103759766,"So hattet sich beispielsweise schon um 1628 schottische Siedler, angezogen von den reichen Fischgründen, in dem französisch beanspruchten Gebiet Akadiens, dem heutigen New Brunswick, niedergelassen.",22.745933532714844,1
In dem Zuge der Kurskorrektur habe sich auch die Struktur der Käufer geändert.,18.564250946044922,In dem Zuge der Kurskorrektur habest sich auch die Struktur der Käufer geändert.,32.0809211730957,1
Und dann muß sich bei dem Wohngeld etwas tun.,147.2376251220703,Und dann musst sich bei dem Wohngeld etwas tun.,147.99945068359375,1
Auch kann sich durch das traumatische Erlebnis eines anhaltenden organischen Drehschwindels ein phobischer Schwankschwindel einstellen.,30.00025177001953,Auch kannst sich durch das traumatische Erlebnis eines anhaltenden organischen Drehschwindels ein phobischer Schwankschwindel einstellen.,43.22146224975586,1
Heute haben sich viele kleine und mittelgrosse Unternehmer in Nidwalden etabliert.,26.645315170288086,Heute habt sich viele kleine und mittelgrosse Unternehmer in Nidwalden etabliert.,32.18551254272461,1
An der Revolution von 1848 hatte sich der überzeugte Demokrat mit engagierten Reden beteiligt.,36.349647521972656,An der Revolution von 1848 hattest sich der überzeugte Demokrat mit engagierten Reden beteiligt.,42.010868072509766,1
In den letzten Jahrzehnten hat sich an dem nördlichen Dorfrand ein neues Wohnquartier gebildet.,11.325472831726074,In den letzten Jahrzehnten hast sich an dem nördlichen Dorfrand ein neues Wohnquartier gebildet.,15.088213920593262,1
Bei einem Bombenanschlag sind an dem Samstag in der libanesischen Stadt Dschunije zwei Menschen um das Leben gekommen und drei weitere verletzt worden.,14.209508895874023,Bei einem Bombenanschlag seid an dem Samstag in der libanesischen Stadt Dschunije zwei Menschen um das Leben gekommen und drei weitere verletzt worden.,18.221765518188477,1
Besonders gut hat uns die Leckerei mit der Tonkabohne geschmeckt.,68.65150451660156,Besonders gut hast uns die Leckerei mit der Tonkabohne geschmeckt.,81.36617279052734,1
"In diesen Fällen sind die textilen Materialien meist ebenfalls vollständig vergangen, jedoch hat sich ihr plastisches Abbild als Metallsalzauflage wie Rost oder Grünspan auf der Metalloberfläche erhalten.",41.76237487792969,"In diesen Fällen sind die textilen Materialien meist ebenfalls vollständig vergangen, jedoch hast sich ihr plastisches Abbild als Metallsalzauflage wie Rost oder Grünspan auf der Metalloberfläche erhalten.",52.26126480102539,1
Bis an sein Lebensende wird ihn die Konstruktion jenes Bildapparates beschäftigen.,146.935546875,Bis an sein Lebensende wirst ihn die Konstruktion jenes Bildapparates beschäftigen.,185.04290771484375,1
In dieser Zeit hat sich das Unternehmen als zuverlässiger Partner herausgestellt.,17.839845657348633,In dieser Zeit hast sich das Unternehmen als zuverlässiger Partner herausgestellt.,31.828495025634766,1
Auf dem Gelände der Kita und des Seniorenclubs (Jacob Kaiser Ring 56) soll eine Generationen übergreifende Begegnungsstätte entstehen.,24.353116989135742,Auf dem Gelände der Kita und des Seniorenclubs (Jacob Kaiser Ring 56) sollst eine Generationen übergreifende Begegnungsstätte entstehen.,34.99053955078125,1
Außerdem wird sich für einen Zeit genommen und man bekommt Erfrischungen angeboten.,74.28382873535156,Außerdem wirst sich für einen Zeit genommen und man bekommt Erfrischungen angeboten.,83.72777557373047,1
"Dennoch ist hier eine durchaus originelle und einmalige Chorlösung entstanden, die sich von dem Heilig - Kreuz - Münster in Schwäbisch Gmünd und von dem Veitsdom in Prag deutlich abhebt.",21.248641967773438,"Dennoch bist hier eine durchaus originelle und einmalige Chorlösung entstanden, die sich von dem Heilig - Kreuz - Münster in Schwäbisch Gmünd und von dem Veitsdom in Prag deutlich abhebt.",27.002376556396484,1
Bei einer Störung vergangenen Winter konnte mir der Wochenend - Notdienst telefonisch weiterhelfen.,58.778141021728516,Bei einer Störung vergangenen Winter konntest mir der Wochenend - Notdienst telefonisch weiterhelfen.,61.587684631347656,1
Seitdem haben sich die Besucherzahlen der Einrichtung verdoppelt.,21.295896530151367,Seitdem habt sich die Besucherzahlen der Einrichtung verdoppelt.,29.946983337402344,1
Der Machbarkeitsstudie zufolge könnten die Passagiere den Potomac River mit der Gondel in ungefähr 4 Minuten überqueren.,21.891918182373047,Der Machbarkeitsstudie zufolge könntet die Passagiere den Potomac River mit der Gondel in ungefähr 4 Minuten überqueren.,23.969018936157227,1
Allerdings haben sich frühere Wanderungsbewegungen inzwischen weitgehend neutralisiert.,27.272663116455078,Allerdings habt sich frühere Wanderungsbewegungen inzwischen weitgehend neutralisiert.,50.36909484863281,1
An dem meisten in Erinnerung bleiben wird Noman Bates 'Mitgliedschaft in den frühen Formationen von Dave Brubeck von 1948 / 49;,96.71833801269531,An dem meisten in Erinnerung bleiben wirst Noman Bates 'Mitgliedschaft in den frühen Formationen von Dave Brubeck von 1948 / 49;,106.883056640625,1
Nachfolgend wurden viele ähnliche Wirkstoffe aus Actinomyceten vor allem der Gattungen Streptomyces und Micromonospora isoliert.,13.251850128173828,Nachfolgend wurdet viele ähnliche Wirkstoffe aus Actinomyceten vor allem der Gattungen Streptomyces und Micromonospora isoliert.,16.670578002929688,1
In dem April 09 hat mir meine Frau zu dem Geburtstag ein Seminar in dem Hotel Sonnenstrahl geschenkt.,84.42314147949219,In dem April 09 hast mir meine Frau zu dem Geburtstag ein Seminar in dem Hotel Sonnenstrahl geschenkt.,108.87384796142578,1
Gleichzeitig haben sich die Kroaten in den letzten Jahrzehnten nach und nach assimiliert.,16.150279998779297,Gleichzeitig habt sich die Kroaten in den letzten Jahrzehnten nach und nach assimiliert.,28.194059371948242,1
"Ich war schon in vielen Cafés in aller Herren Länder, aber mit diesen herrlichen Torten und Kuchen muss sich das Café an dem Rosengarten vor keinem davon verstecken.",46.76580810546875,"Ich war schon in vielen Cafés in aller Herren Länder, aber mit diesen herrlichen Torten und Kuchen musst sich das Café an dem Rosengarten vor keinem davon verstecken.",47.661529541015625,1
"Um NLU effektiv zu nutzen, muss die künstliche Intelligenz des Dialogsystems mit den Möglichkeiten des Spracherkenners Schritt halten.",37.362247467041016,"Um NLU effektiv zu nutzen, musst die künstliche Intelligenz des Dialogsystems mit den Möglichkeiten des Spracherkenners Schritt halten.",43.15745544433594,1
"Weil er für eine friedliche Öffnung Kubas eintrat, darf ein Professor nicht mehr lehren",119.97650146484375,"Weil er für eine friedliche Öffnung Kubas eintrat, darfst ein Professor nicht mehr lehren",121.072509765625,1
"So wie die Proteste zunahmen, hat sich die Haltung der Regierung verhärtet.",20.5936279296875,"So wie die Proteste zunahmen, hast sich die Haltung der Regierung verhärtet.",27.59463119506836,1
"Mit der Besteuerung sollen diese ""externen"" und versteckten Kosten in die Kalkulation für ein Produkt einfließen.",27.84430503845215,"Mit der Besteuerung sollt diese ""externen"" und versteckten Kosten in die Kalkulation für ein Produkt einfließen.",33.56660461425781,1
Mit dieser Einschränkung müssen auch andere VoD - Anbieter in Deutschland leben.,42.69957733154297,Mit dieser Einschränkung müsst auch andere VoD - Anbieter in Deutschland leben.,50.967227935791016,1
"Aber weil die Series 1 auch nicht mehr die alte ist, können sich viele Nutzer 100 Euro sparen.",117.85482788085938,"Aber weil die Series 1 auch nicht mehr die alte ist, könnt sich viele Nutzer 100 Euro sparen.",132.42510986328125,1
"Wenn allerdings das englische Gesetz akzeptiert worden wäre, dann hätten die Töchter von Luis X., Felipe V. und Carlos IV. mehr Anspruch auf den Thron gehabt als ihre Tante, Isabella von Frankreich.",19.09589958190918,"Wenn allerdings das englische Gesetz akzeptiert worden wäre, dann hättet die Töchter von Luis X., Felipe V. und Carlos IV. mehr Anspruch auf den Thron gehabt als ihre Tante, Isabella von Frankreich.",21.82740020751953,1
Aufgrund des dreieckigen Zuschnitts der Terrassenzunge konnte sich die Siedlung nur nach Westen ausdehnen und reichte mit einer Fläche von maximal 25 ha etwa an die spätere salische Stadtgrenze mit der Stadtmauer heran.,24.03780746459961,Aufgrund des dreieckigen Zuschnitts der Terrassenzunge konntest sich die Siedlung nur nach Westen ausdehnen und reichte mit einer Fläche von maximal 25 ha etwa an die spätere salische Stadtgrenze mit der Stadtmauer heran.,25.755468368530273,1
"Vor allem wird die Urbanisation auch touristisch attraktive Landschaften und mehr Landschaftsparkfläche anbieten, als London und New York zusammen aufweisen.",49.1261100769043,"Vor allem wirst die Urbanisation auch touristisch attraktive Landschaften und mehr Landschaftsparkfläche anbieten, als London und New York zusammen aufweisen.",56.338966369628906,1
Leider hat mich diese Arztin bitter enttäuscht.,48.406341552734375,Leider hast mich diese Arztin bitter enttäuscht.,66.61188507080078,1
"Bevor die Anden sich formierten, hatten an dem westlichen Rand von Südamerika bereits einige Gebirgsbildungen stattgefunden.",19.23060417175293,"Bevor die Anden sich formierten, hattet an dem westlichen Rand von Südamerika bereits einige Gebirgsbildungen stattgefunden.",20.152753829956055,1
Zwischen den einzelnen individualistischen Bandmitgliedern waren die Differenzen über die künftige musikalische Ausrichtung von Blind Faith einfach zu groß geworden.,18.519865036010742,Zwischen den einzelnen individualistischen Bandmitgliedern wart die Differenzen über die künftige musikalische Ausrichtung von Blind Faith einfach zu groß geworden.,26.775842666625977,1
In den letzten Jahrzehnten hat sich das Dorf zu einer Wohngemeinde entwickelt.,10.105565071105957,In den letzten Jahrzehnten hast sich das Dorf zu einer Wohngemeinde entwickelt.,14.728175163269043,1
Ursprünglich sollte sich der Name 340R auf den Wert PS / t beziehen.,61.74994659423828,Ursprünglich solltest sich der Name 340R auf den Wert PS / t beziehen.,90.72785949707031,1
An dem späten Donnerstag abend hatte sich die Lage in dem Gefängnis durch das Eingreifen von Bereitschaftspolizisten erneut zugespitzt.,16.60100555419922,An dem späten Donnerstag abend hattest sich die Lage in dem Gefängnis durch das Eingreifen von Bereitschaftspolizisten erneut zugespitzt.,20.650869369506836,1
"Der Vorsitzende der Armutskonferenz in Potsdam, Ruth Brand, sagte an dem Rande der Generalversammlung der Europa -- Organisation, zwischen 1983 und 1993 habe sich die Zahl der Sozialhilfeempfänger in Deutschland vervierfacht.",16.37217903137207,"Der Vorsitzende der Armutskonferenz in Potsdam, Ruth Brand, sagte an dem Rande der Generalversammlung der Europa -- Organisation, zwischen 1983 und 1993 habest sich die Zahl der Sozialhilfeempfänger in Deutschland vervierfacht.",21.024362564086914,1
"Zunächst mussten die Reisenden in Kraslice noch umsteigen, heute verkehren durchgehende Züge in der Relation Zwickau Zentrum - Sokolov in einem Einstundentakt.",36.670650482177734,"Zunächst musstet die Reisenden in Kraslice noch umsteigen, heute verkehren durchgehende Züge in der Relation Zwickau Zentrum - Sokolov in einem Einstundentakt.",44.29694747924805,1
Leider verspricht die Firma die Ware in ca. 7 Tagen zu liefern aber nach 8 Tagen ist immer noch keine Ware angekommen.,18.09561538696289,Leider verspricht die Firma die Ware in ca. 7 Tagen zu liefern aber nach 8 Tagen bist immer noch keine Ware angekommen.,23.2769775390625,1
Außerdem müssen alle Passagiere zu Fuß zu den Flugzeugen gehen.,36.9489631652832,Außerdem müsst alle Passagiere zu Fuß zu den Flugzeugen gehen.,41.78486251831055,1
Teure Detektive und kostspielige Elektronik kann sich der Supermarkt an der Ecke nicht leisten.,47.280826568603516,Teure Detektive und kostspielige Elektronik kannst sich der Supermarkt an der Ecke nicht leisten.,57.723453521728516,1
"Deshalb werden die lästigen Sperrtafeln auch nicht komplett verschwinden: Nach Informationen der Nachrichtenagentur dpa werden sie beispielsweise dann geschaltet, wenn der Künstler oder die Plattenfirma kein Mitglied der GEMA ist und keine Vereinbarung mit YouTube hat.",16.19400405883789,"Deshalb werdet die lästigen Sperrtafeln auch nicht komplett verschwinden: Nach Informationen der Nachrichtenagentur dpa werden sie beispielsweise dann geschaltet, wenn der Künstler oder die Plattenfirma kein Mitglied der GEMA ist und keine Vereinbarung mit YouTube hat.",18.382381439208984,1
"Wie in der Vorsaison mussten die Sieger der Nord - und der Nordost - Staffel zwei Entscheidungsspiele um den Aufstieg austragen, während die Sieger der West/Südwest- und der Süd - Staffel direkt aufstiegen.",10.708675384521484,"Wie in der Vorsaison musstet die Sieger der Nord - und der Nordost - Staffel zwei Entscheidungsspiele um den Aufstieg austragen, während die Sieger der West/Südwest- und der Süd - Staffel direkt aufstiegen.",12.505491256713867,1
"Wie aus Hannover verlautet, sollen die Investitionen knapp eine Milliarde Mark betragen.",28.355194091796875,"Wie aus Hannover verlautet, sollt die Investitionen knapp eine Milliarde Mark betragen.",39.877315521240234,1
Durch die Fusionierung hat sich ihre Zahl zudem in den vergangenen Jahren von 323 auf 157 verringert.,42.383148193359375,Durch die Fusionierung hast sich ihre Zahl zudem in den vergangenen Jahren von 323 auf 157 verringert.,54.93146514892578,1
"Da die Ostsee zugefroren war, konnte aus Schweden zunächst keine Verstärkung kommen.",35.40380859375,"Da die Ostsee zugefroren war, konntest aus Schweden zunächst keine Verstärkung kommen.",39.51498031616211,1
"Nach den Plänen seiner Pflegeeltern sollte er einmal den Bauernhof übernehmen, und so wurde ihm der Besuch des Gymnasiums verwehrt.",17.51927947998047,"Nach den Plänen seiner Pflegeeltern sollte er einmal den Bauernhof übernehmen, und so wurdest ihm der Besuch des Gymnasiums verwehrt.",25.81393051147461,1
Mit einer konsequenten Klimaschutzstrategie könnte die Kirche Vorreiter für ein neues Wohlstandsmodell werden.,15.374197006225586,Mit einer konsequenten Klimaschutzstrategie könntest die Kirche Vorreiter für ein neues Wohlstandsmodell werden.,20.258129119873047,1
"Begünstigt durch die Wasserkraft der Flussläufe Heller, Daade und Steinebach hatte sich ein Zentrum der Eisenerzeugung entwickelt.",27.051105499267578,"Begünstigt durch die Wasserkraft der Flussläufe Heller, Daade und Steinebach hattest sich ein Zentrum der Eisenerzeugung entwickelt.",31.90780258178711,1
So mochten auch die verbliebenen Firmen kein Risiko mehr eingehen.,46.967018127441406,So mochtet auch die verbliebenen Firmen kein Risiko mehr eingehen.,55.08877182006836,1
Leider hat sich mein Eindruck jetzt total umgekehrt.,48.6983528137207,Leider hast sich mein Eindruck jetzt total umgekehrt.,86.5263671875,1
Nur drei Jahre später hatte der Fußballsport auch in dem noch landwirtschaftlich geprägten Groß - Floridsdorfer Stadtteil Jedlesee in dem Nordosten von Wien Einzug gehalten.,27.036977767944336,Nur drei Jahre später hattest der Fußballsport auch in dem noch landwirtschaftlich geprägten Groß - Floridsdorfer Stadtteil Jedlesee in dem Nordosten von Wien Einzug gehalten.,34.27101135253906,1
"In dem Mai 2012 hatte sich der Komet bereits auf 13,5 mag aufgehellt, und kann mit großen Amateur - Teleskopen bereits beobachtet werden.",35.29880142211914,"In dem Mai 2012 hattest sich der Komet bereits auf 13,5 mag aufgehellt, und kann mit großen Amateur - Teleskopen bereits beobachtet werden.",42.48067855834961,1
Dem Bericht zufolge dürfte das Defizit in der laufenden Periode noch über 160 Billionen Lire liegen.,26.997079849243164,Dem Bericht zufolge dürftest das Defizit in der laufenden Periode noch über 160 Billionen Lire liegen.,34.92771530151367,1
Jedenfalls sollen 300 moderne Ritter nach Skåne gekommen sein.,224.4445343017578,Jedenfalls sollt 300 moderne Ritter nach Skåne gekommen sein.,263.68939208984375,1
"Setzte das Meisterteam von 2010, Liqui Moly Team Engstler, vorheriges Jahr noch bis zu fünf BMW's ein, so sollte 2011 nur der letztjährige Vizemeister Johannes Leidinger an den Start gehen.",31.371749877929688,"Setzte das Meisterteam von 2010, Liqui Moly Team Engstler, vorheriges Jahr noch bis zu fünf BMW's ein, so solltest 2011 nur der letztjährige Vizemeister Johannes Leidinger an den Start gehen.",40.74812698364258,1
"Nach dem Scheitern der Verhandlungen zu der Wiederherstellung der Ratsautorität wollte der Herzog gewaltsam gegen Hamburg vorgehen und Jastram wandte sich an den König von Dänemark, der darauf jedoch Hamburg bedrängte.",23.784748077392578,"Nach dem Scheitern der Verhandlungen zu der Wiederherstellung der Ratsautorität wolltest der Herzog gewaltsam gegen Hamburg vorgehen und Jastram wandte sich an den König von Dänemark, der darauf jedoch Hamburg bedrängte.",26.16290283203125,1
"Wenn sie ständig gereizt werden, kann sich ein Nervenknoten bilden, der Schmerzen und Taubheitsgefühle verursacht.",9.972317695617676,"Wenn sie ständig gereizt werden, kannst sich ein Nervenknoten bilden, der Schmerzen und Taubheitsgefühle verursacht.",12.975707054138184,1
Rund 5000 Stellen will die US-Gruppe 3M streichen.,80.23824310302734,Rund 5000 Stellen willst die US-Gruppe 3M streichen.,109.36430358886719,1
Von einer tatsächlichen Verbesserung der Lage auf den Autobahnen und Landstraßen konnte denn angesichts dieses Katz- und Maus-Spieles an dem Montag nachmittag keine Rede sein.,21.454479217529297,Von einer tatsächlichen Verbesserung der Lage auf den Autobahnen und Landstraßen konntest denn angesichts dieses Katz- und Maus-Spieles an dem Montag nachmittag keine Rede sein.,22.175823211669922,1
Seither hat sich die Einwohnerzahl verdoppelt.,21.734933853149414,Seither hast sich die Einwohnerzahl verdoppelt.,31.724950790405273,1
In einer Volkswirtschaft kann daher insbesondere die Geldpolitik das Zinsniveau und damit die Investitionsausgaben beeinflussen.,17.98810386657715,In einer Volkswirtschaft kannst daher insbesondere die Geldpolitik das Zinsniveau und damit die Investitionsausgaben beeinflussen.,24.82108497619629,1
"Dieses Unternehmen bekommt keinen anständigen Privatanschluß hin, was soll das erst mit Geschäftskundenanschlüssen werden.",66.50489807128906,"Dieses Unternehmen bekommt keinen anständigen Privatanschluß hin, was sollst das erst mit Geschäftskundenanschlüssen werden.",81.46781158447266,1
"Mit ihm zusammengewachsen ist der in dem Mittelalter bedeutendste Ortsteil Adelwil (1,8 km nordöstlich des Dorfs;)",42.525691986083984,"Mit ihm zusammengewachsen bist der in dem Mittelalter bedeutendste Ortsteil Adelwil (1,8 km nordöstlich des Dorfs;)",68.57291412353516,1
"Mit dem nach dorthin aufstrebendem Dach wird die Assoziation geweckt, als würde das ""Fischerboot"" mit dem Bug gegen eine Welle fahren.",44.83268737792969,"Mit dem nach dorthin aufstrebendem Dach wird die Assoziation geweckt, als würdest das ""Fischerboot"" mit dem Bug gegen eine Welle fahren.",55.0173454284668,1
"Zeitgleich damit hat sich die Erwartung etabliert, dass schöner Fußball auch automatisch erfolgreich sein müsse.",43.63429260253906,"Zeitgleich damit hast sich die Erwartung etabliert, dass schöner Fußball auch automatisch erfolgreich sein müsse.",50.47751998901367,1
An dem Montag werde der Aufsichtsrat über mögliche personelle Konsequenzen entscheiden.,38.12343978881836,An dem Montag werdest der Aufsichtsrat über mögliche personelle Konsequenzen entscheiden.,51.705909729003906,1
Hier würden gerne ein paar Leute nach 20.00 Uhr die Fähre nutzen wollen um den Biergarten auf der anderen Seite zu besuchen.,23.13018226623535,Hier würdet gerne ein paar Leute nach 20.00 Uhr die Fähre nutzen wollen um den Biergarten auf der anderen Seite zu besuchen.,29.125843048095703,1
"Detaillierte empirische Studien, die Golemans Vermutungen bestätigen, hat in den 1990er Jahren der Psychologe John Gottman durchgeführt.",14.065351486206055,"Detaillierte empirische Studien, die Golemans Vermutungen bestätigen, hast in den 1990er Jahren der Psychologe John Gottman durchgeführt.",23.58750343322754,1
"Nur wenn die soziale und demokratische Gestaltung der Europäischen Union gelingt, werden die Menschen auch die politische Union unterstützen.",22.904499053955078,"Nur wenn die soziale und demokratische Gestaltung der Europäischen Union gelingt, werdet die Menschen auch die politische Union unterstützen.",26.420188903808594,1
"Vielmehr nahm er dabei für sich in Anspruch, entdeckt zu haben, wie die ägyptischen Priester mittels Evokation Kontakt zu den Elementarwesen von Erde, Wasser, Feuer und Luft herstellen konnten, um dieselben für sich dienstbar zu machen, bei einer solchen Beschwörung würden auch verschiedene schemenhafte Figuren sichtbar werden.",16.541540145874023,"Vielmehr nahm er dabei für sich in Anspruch, entdeckt zu haben, wie die ägyptischen Priester mittels Evokation Kontakt zu den Elementarwesen von Erde, Wasser, Feuer und Luft herstellen konnten, um dieselben für sich dienstbar zu machen, bei einer solchen Beschwörung würdet auch verschiedene schemenhafte Figuren sichtbar werden.",18.36876678466797,1
"Auf Grund dieser Frage müsste der Mann zugeben, dass zu Hause nicht er die ""Hosen anhat"", sondern seine Frau, was er in dem Radio offen bekundet.",33.067562103271484,"Auf Grund dieser Frage müsstest der Mann zugeben, dass zu Hause nicht er die ""Hosen anhat"", sondern seine Frau, was er in dem Radio offen bekundet.",44.29018783569336,1
"Seit 1992 können Ausländer, die seit mindestens fünf Jahren in Holland wohnen, einen Paß bekommen, ohne ihre alte Staatsbürgerschaft aufzugeben.",10.463160514831543,"Seit 1992 könnt Ausländer, die seit mindestens fünf Jahren in Holland wohnen, einen Paß bekommen, ohne ihre alte Staatsbürgerschaft aufzugeben.",11.787879943847656,1
"Aufgetreten ist dieses räumliche Migrationsphänomen in (West) - Deutschland während der 1960er - und 1970er - Jahren, als viele Menschen sich mit dem Geld des Wirtschaftswunders ein Eigenheim außerhalb der großen Städte bauten (Vgl. Suburbanisierung).",18.507427215576172,"Aufgetreten bist dieses räumliche Migrationsphänomen in (West) - Deutschland während der 1960er - und 1970er - Jahren, als viele Menschen sich mit dem Geld des Wirtschaftswunders ein Eigenheim außerhalb der großen Städte bauten (Vgl. Suburbanisierung).",22.591304779052734,1
Daher muss in dem Allgemeinen das Einverständnis dieser Person vorliegen oder durch ein Gericht erzwungen werden.,28.983924865722656,Daher musst in dem Allgemeinen das Einverständnis dieser Person vorliegen oder durch ein Gericht erzwungen werden.,35.73301696777344,1
In den letzten Jahrzehnten hat sich das Dorf zu einer Wohngemeinde gewandelt.,10.792930603027344,In den letzten Jahrzehnten hast sich das Dorf zu einer Wohngemeinde gewandelt.,15.65703010559082,1
"Nach den Plänen seiner Pflegeeltern sollte er einmal den Bauernhof übernehmen, und so wurde ihm der Besuch des Gymnasiums verwehrt.",17.51927947998047,"Nach den Plänen seiner Pflegeeltern sollte er einmal den Bauernhof übernehmen, und so wardest ihm der Besuch des Gymnasiums verwehrt.",27.493690490722656,1
1000 Jahren wird das Sternsystem in das benachbarte Sternbild Tukan hinüberwechseln.,43.74146270751953,1000 Jahren wirst das Sternsystem in das benachbarte Sternbild Tukan hinüberwechseln.,51.5212287902832,1
"Allerdings waren Die Ärzte der Bundesprüfstelle für jugendgefährdende Medien zuvorgekommen und hatten auf der CD einen Aufkleber mit der Aufschrift ""Diese CD darf aus Jugendschutzgründen nicht an Jugendliche unter 18 verkauft und öffentlich nicht beworben werden.""",12.340155601501465,"Allerdings wart Die Ärzte der Bundesprüfstelle für jugendgefährdende Medien zuvorgekommen und hatten auf der CD einen Aufkleber mit der Aufschrift ""Diese CD darf aus Jugendschutzgründen nicht an Jugendliche unter 18 verkauft und öffentlich nicht beworben werden.""",14.257782936096191,1
Bei dem Machtkampf zwischen ANC und Inkatha -- Freiheitspartei (IFP) sind seit 1984 mehr als 13 000 Schwarze umgekommen.,24.228965759277344,Bei dem Machtkampf zwischen ANC und Inkatha -- Freiheitspartei (IFP) seid seit 1984 mehr als 13 000 Schwarze umgekommen.,30.246807098388672,1
Dadurch sollte Jahre später das Königreich Powys an die Herrscher des Königreiches Gwynedd fallen.,26.26894760131836,Dadurch solltest Jahre später das Königreich Powys an die Herrscher des Königreiches Gwynedd fallen.,29.048450469970703,1
Zusammen wollen die beiden Konzerne Autobatterien für Hybridautos entwickeln.,42.28606033325195,Zusammen wollt die beiden Konzerne Autobatterien für Hybridautos entwickeln.,42.445255279541016,1
"Obwohl Warhol in dem Mai 1965 bei Ileana Sonnabend in Paris verkündet hatte, dass er sich nun von der Malerei zurückziehen wolle, sollte in dem April 1966 eine Ausstellung in der New Yorker Galerie von Leo Castelli stattfinden.",9.88696575164795,"Obwohl Warhol in dem Mai 1965 bei Ileana Sonnabend in Paris verkündet hatte, dass er sich nun von der Malerei zurückziehen wolle, solltest in dem April 1966 eine Ausstellung in der New Yorker Galerie von Leo Castelli stattfinden.",11.435726165771484,1
"Modelllernen, vertreten durch den kanadischen Psychologen Albert Bandura, kann in dem Rahmen sozialer Interaktion beispielsweise ein erfahrener Freund als Modell fungieren und imitiert werden.",28.174827575683594,"Modelllernen, vertreten durch den kanadischen Psychologen Albert Bandura, kannst in dem Rahmen sozialer Interaktion beispielsweise ein erfahrener Freund als Modell fungieren und imitiert werden.",34.97652053833008,1
"Daher haben hier immer die jüngeren Patienten den älteren Patienten Platz gemacht, damit diese bei den Temperaturen keinen Kreislaufkollaps bekamen.",30.170265197753906,"Daher habt hier immer die jüngeren Patienten den älteren Patienten Platz gemacht, damit diese bei den Temperaturen keinen Kreislaufkollaps bekamen.",40.460044860839844,1
"Von der klassischen Liegenschaftsverwaltung hat sich der Trend drastisch in Richtung eines eigenständigen Unternehmensgeschäftsfeldes oder zumindest eines ""Profit Centers"" mit marktnahem Management geändert.",20.552946090698242,"Von der klassischen Liegenschaftsverwaltung hast sich der Trend drastisch in Richtung eines eigenständigen Unternehmensgeschäftsfeldes oder zumindest eines ""Profit Centers"" mit marktnahem Management geändert.",25.520898818969727,1
"Seit den 1960ern ist die südkoreanische Wirtschaft stark angewachsen, und die Wirtschaftsstruktur hat sich radikal verändert.",7.0792341232299805,"Seit den 1960ern bist die südkoreanische Wirtschaft stark angewachsen, und die Wirtschaftsstruktur hat sich radikal verändert.",10.50316047668457,1
"Nach der ""Mate - Guarding Hypothesis"" sollten Männchen ihre Weibchen besonders in der Zeit der Fruchtbarkeit bewachen um die Wahrscheinlichkeit ihrer Vaterschaft zu erhöhen.",24.88846206665039,"Nach der ""Mate - Guarding Hypothesis"" solltet Männchen ihre Weibchen besonders in der Zeit der Fruchtbarkeit bewachen um die Wahrscheinlichkeit ihrer Vaterschaft zu erhöhen.",30.387149810791016,1
"Die Studie interpretierte diese drei Faktoren als Stellvertreter für durch Revolten entstandene Verdienstausfälle, daher müssten niedrigere Verdienstausfälle Rebellionen begünstigen.",21.376508712768555,"Die Studie interpretierte diese drei Faktoren als Stellvertreter für durch Revolten entstandene Verdienstausfälle, daher müsstet niedrigere Verdienstausfälle Rebellionen begünstigen.",27.747419357299805,1
"Den Schild haben zahlreiche frühe Naturforscher beschrieben, als erster René - Antoine Ferchault de Réaumur bereits 1737.",34.94316482543945,"Den Schild habt zahlreiche frühe Naturforscher beschrieben, als erster René - Antoine Ferchault de Réaumur bereits 1737.",46.80574417114258,1
Durch Aufsedimentation hat sich das Wasser dort inzwischen jedoch zurückgezogen.,80.36717224121094,Durch Aufsedimentation hast sich das Wasser dort inzwischen jedoch zurückgezogen.,101.27763366699219,1
In dem Jahr 2000 soll der neue Eigner 480 Millionen Mark investieren.,52.738155364990234,In dem Jahr 2000 sollst der neue Eigner 480 Millionen Mark investieren.,76.47075653076172,1
"Nach Meinung der ÖDP wird das bisherige marktwirtschaftliche Wirtschaftssystem scheitern, da es ""auf einseitigen materiellen Verbrauch"" ausgerichtet sei.",18.899227142333984,"Nach Meinung der ÖDP wirst das bisherige marktwirtschaftliche Wirtschaftssystem scheitern, da es ""auf einseitigen materiellen Verbrauch"" ausgerichtet sei.",22.80196762084961,1
Zudem wollen die SPD-Spitzen die Lohnnebenkosten senken und mehr Flexibilität bei der Gestaltung der Arbeitszeiten erreichen.,13.725083351135254,Zudem wollt die SPD-Spitzen die Lohnnebenkosten senken und mehr Flexibilität bei der Gestaltung der Arbeitszeiten erreichen.,19.372785568237305,1
"Zu Beginn des zweiten Kapitels möchte der Erzähler den Leser glauben machen, Achtermann sei ""eigentlich nicht die Hauptperson"" in dem ""Berichte"".",25.479501724243164,"Zu Beginn des zweiten Kapitels möchtest der Erzähler den Leser glauben machen, Achtermann sei ""eigentlich nicht die Hauptperson"" in dem ""Berichte"".",24.473936080932617,0
"Gott wird mich fragen: -- Nun, was hast du gemacht?",81.4870834350586,"Gott wird mich fragen: -- Nun, was habe du gemacht?",141.9638671875,1
"Als Jazzsängerin kannst du kein Geld verdienen, und mit einer kleinen Tochter, die ernährt und großgezogen werden muss, war ich gezwungen, kommerziell zu werden.",25.760713577270508,"Als Jazzsängerin kann du kein Geld verdienen, und mit einer kleinen Tochter, die ernährt und großgezogen werden muss, war ich gezwungen, kommerziell zu werden.",27.34252166748047,1
"Thomas Karlsson schreibt dort unter anderem: ""Das Zeichen des Abraxas / Der Kreis des Sonnenjahres / Tief in dem Winter wirst du sehen, wie die Sonne geboren wird.""",40.531898498535156,"Thomas Karlsson schreibt dort unter anderem: ""Das Zeichen des Abraxas / Der Kreis des Sonnenjahres / Tief in dem Winter werd du sehen, wie die Sonne geboren wird.""",50.930118560791016,1
"Thomas Karlsson schreibt dort unter anderem: ""Das Zeichen des Abraxas / Der Kreis des Sonnenjahres / Tief in dem Winter wirst du sehen, wie die Sonne geboren wird.""",40.531898498535156,"Thomas Karlsson schreibt dort unter anderem: ""Das Zeichen des Abraxas / Der Kreis des Sonnenjahres / Tief in dem Winter werd' du sehen, wie die Sonne geboren wird.""",49.89164352416992,1
"Thomas Karlsson schreibt dort unter anderem: ""Das Zeichen des Abraxas / Der Kreis des Sonnenjahres / Tief in dem Winter wirst du sehen, wie die Sonne geboren wird.""",40.531898498535156,"Thomas Karlsson schreibt dort unter anderem: ""Das Zeichen des Abraxas / Der Kreis des Sonnenjahres / Tief in dem Winter werde du sehen, wie die Sonne geboren wird.""",46.87383270263672,1
"Der japanische Premier Kiichi Miyazawa wiederum, der nach dem regierenden Italiener bei Kohl auftauchte, dürfte den Unwillen seines Gastgebers erregt haben, weil sein Land in entgegengesetzter Richtung aus dem Rahmen der Mittelmäßigkeit fällt.",22.514850616455078,"Der japanische Premier Kiichi Miyazawa wiederum, der nach dem regierenden Italiener bei Kohl auftauchte, dürftest den Unwillen seines Gastgebers erregt haben, weil sein Land in entgegengesetzter Richtung aus dem Rahmen der Mittelmäßigkeit fällt.",25.857473373413086,1
"Drei afrikanische Asylbewerber, die in der Nacht zu dem Sonntag in dem ostsächsischen Zittau nach einer Messerstecherei festgenommen worden waren, haben offenbar in Notwehr gehandelt.",15.921442985534668,"Drei afrikanische Asylbewerber, die in der Nacht zu dem Sonntag in dem ostsächsischen Zittau nach einer Messerstecherei festgenommen worden waren, habt offenbar in Notwehr gehandelt.",18.78522491455078,1
"Die jährliche Umfrage hat ebenfalls gezeigt, dass die Sorgen darüber, neue finanzielle Lasten auf sich zu nehmen, in die Höhe geschnellt sind.",17.53228759765625,"Die jährliche Umfrage hat ebenfalls gezeigt, dass die Sorgen darüber, neue finanzielle Lasten auf sich zu nehmen, in die Höhe geschnellt seid.",23.478374481201172,1
"``Es ist vielmehr so, daß der Markt uns richten wird, wenn wir nicht höllisch aufpassen.''",76.59902954101562,"``Es ist vielmehr so, daß der Markt uns richten wirst, wenn wir nicht höllisch aufpassen.''",78.41556549072266,1
"Ich hatte auch das Gefühl, dass mir die Mitarbeiter das beste für mich und nicht das für dieses Reisebüro lukrativste angeboten hatten.",29.91734504699707,"Ich hatte auch das Gefühl, dass mir die Mitarbeiter das beste für mich und nicht das für dieses Reisebüro lukrativste angeboten hattet.",31.076129913330078,1
"Der Autor bittet dabei um Nachsicht mit dem Werk und dass der Leser für ihn als Anfänger den guten Willen höher als bei einem ""kunsterfahrenen [...] Meister"" anrechnen solle.",46.51771926879883,"Der Autor bittet dabei um Nachsicht mit dem Werk und dass der Leser für ihn als Anfänger den guten Willen höher als bei einem ""kunsterfahrenen [...] Meister"" anrechnen sollest.",58.3341064453125,1
"Selbst der geringste Bauer, schrieb der Gießener Professor Michael Bernhard Valentini 1714 in seinem ""Unvorgreifflichen Bedencken von Kunst = und Naturalien = Kammern insgemein"", würde in Betrachtung der alltäglich erfahrenen Natur seinen Fleiß darauf anwenden, Regeln für die Prognose der künftigen Ernte, des Wetters aufzustellen.",44.278011322021484,"Selbst der geringste Bauer, schrieb der Gießener Professor Michael Bernhard Valentini 1714 in seinem ""Unvorgreifflichen Bedencken von Kunst = und Naturalien = Kammern insgemein"", würdest in Betrachtung der alltäglich erfahrenen Natur seinen Fleiß darauf anwenden, Regeln für die Prognose der künftigen Ernte, des Wetters aufzustellen.",46.3007926940918,1
"In dem März 2007 trat Wiesheu von dem Amt zurück, nachdem ihm eine große Mehrheit der Mitglieder eine angestrebte Satzungsänderung -- die zu einer Neustrukturierung der DAG geführt hätte -- nicht bewilligen wollte, und gründete die Deutsch - Arabische Freundschaftsgesellschaft.",17.616331100463867,"In dem März 2007 trat Wiesheu von dem Amt zurück, nachdem ihm eine große Mehrheit der Mitglieder eine angestrebte Satzungsänderung -- die zu einer Neustrukturierung der DAG geführt hätte -- nicht bewilligen wolltest, und gründete die Deutsch - Arabische Freundschaftsgesellschaft.",19.26824951171875,1
"Die Grafschaft, die sich zwischen Rabnitzbach und Raab erstreckte, dürfte bereits um 844 bestanden haben.",30.69375991821289,"Die Grafschaft, die sich zwischen Rabnitzbach und Raab erstreckte, dürftest bereits um 844 bestanden haben.",49.02534103393555,1
"``Der Wohnungsbau'', mahnt Landesbank-Chef Hans Fahning, ``muß in den nächsten Jahren allerhöchste Priorität haben, wenn die Stadt zu einer ausgewogenen und sozial verträglichen Entwicklung finden soll''.",32.56657409667969,"``Der Wohnungsbau'', mahnt Landesbank-Chef Hans Fahning, ``musst in den nächsten Jahren allerhöchste Priorität haben, wenn die Stadt zu einer ausgewogenen und sozial verträglichen Entwicklung finden soll''.",35.61262893676758,1
"Michael Fallon sagte, das Datum des ersten Stahlschnitts würde dazu beitragen, neue Investitionen zu sichern und hunderte qualifizierte Arbeitsplätze bis 2035 zu erhalten.",28.093778610229492,"Michael Fallon sagte, das Datum des ersten Stahlschnitts würdest dazu beitragen, neue Investitionen zu sichern und hunderte qualifizierte Arbeitsplätze bis 2035 zu erhalten.",33.59083938598633,1
"Zu den Besonderheiten zählt es, dass Besucher selbst Fundstücke wie Steine und Fossilien suchen und präparieren dürfen.",19.075576782226562,"Zu den Besonderheiten zählt es, dass Besucher selbst Fundstücke wie Steine und Fossilien suchen und präparieren dürft.",25.17056655883789,1
"In dem Saarländischen Rundfunk sagte er an dem Montag, es sei ``eigentlich ein Witz und nicht zu verstehen'', daß Menschen aus Kroatien, Slowenien und Serbien in Deutschland Aufnahme fänden, Flüchtlinge aus Bosnien-Herzegowina jedoch nur mit Visum einreisen dürften.",15.032008171081543,"In dem Saarländischen Rundfunk sagte er an dem Montag, es sei ``eigentlich ein Witz und nicht zu verstehen'', daß Menschen aus Kroatien, Slowenien und Serbien in Deutschland Aufnahme fänden, Flüchtlinge aus Bosnien-Herzegowina jedoch nur mit Visum einreisen dürftet.",16.839778900146484,1
"Er kommt zu dem Schluss, dass das ""Kunstwerk der Zukunft"" nur durch eine Vereinigung von Tonkunst, Tanzkunst und Drama, in dem Zusammenspiel mit den bildenden Künsten (Bau -, Mal - und Bildhauerkunst) sich zu einer neuen Blüte entfalten könne, und dass die Impulse dazu aus dem Volke kommen müssten.",13.81926155090332,"Er kommt zu dem Schluss, dass das ""Kunstwerk der Zukunft"" nur durch eine Vereinigung von Tonkunst, Tanzkunst und Drama, in dem Zusammenspiel mit den bildenden Künsten (Bau -, Mal - und Bildhauerkunst) sich zu einer neuen Blüte entfalten könnest, und dass die Impulse dazu aus dem Volke kommen müssten.",15.115813255310059,1
"Das Engagement, das der inzwischen von seinem Amt entbundene Vizedirektor Jesper Hansen eingegangen war, würde Hafnia zwingen, an der Interbank ein überteuertes Aktienpaket von 73 Prozent zu erwerben.",34.915000915527344,"Das Engagement, das der inzwischen von seinem Amt entbundene Vizedirektor Jesper Hansen eingegangen war, würdest Hafnia zwingen, an der Interbank ein überteuertes Aktienpaket von 73 Prozent zu erwerben.",40.233558654785156,1
"Ob das Kartellamt, das sich bislang mit der komplexen Materie kaum beschäftigt hat, quasi mit der linken Hand die Aufsicht über einen mehr als 100 Milliarden Mark umfassenden Zukunftsmarkt übernehmen kann, erscheint fraglich.",22.433425903320312,"Ob das Kartellamt, das sich bislang mit der komplexen Materie kaum beschäftigt hat, quasi mit der linken Hand die Aufsicht über einen mehr als 100 Milliarden Mark umfassenden Zukunftsmarkt übernehmen kannst, erscheint fraglich.",25.819538116455078,1
"Da die meisten ungarischen Herrscher aber auch in ihrem Stammland dem Adel weit entgegenkommen mussten, galt dies auch für Kroatien.",33.052059173583984,"Da die meisten ungarischen Herrscher aber auch in ihrem Stammland dem Adel weit entgegenkommen musstet, galt dies auch für Kroatien.",41.17391586303711,1
Zwei seiner Kinder wurden hier geboren.,133.2345733642578,Zwei seiner Kinder wurdet hier geboren.,158.70379638671875,1
"Nachdem sich abzeichnete, dass das Osmanische Reich durch den Verlust von Mazedonien seine territoriale Verbindung mit Albanien verlieren würde, wurde den Großmächten klar, dass sie ihre Entscheidung revidieren mussten.",11.777383804321289,"Nachdem sich abzeichnete, dass das Osmanische Reich durch den Verlust von Mazedonien seine territoriale Verbindung mit Albanien verlieren würdest, wurde den Großmächten klar, dass sie ihre Entscheidung revidieren mussten.",14.6768159866333,1
"Der Bergmann Han Sanming reist aus Shanxi nach Fengjie, weil er seine Ehefrau wiederfinden möchte, die ihn vor 16 Jahren mit der kleinen Tochter verlassen hatte.",44.05527114868164,"Der Bergmann Han Sanming reist aus Shanxi nach Fengjie, weil er seine Ehefrau wiederfinden möchtest, die ihn vor 16 Jahren mit der kleinen Tochter verlassen hatte.",50.47712326049805,1
"Die Maschinen, die vor allem auf den florierenden Fernost-Strecken eingesetzt werden, sollen den Airbus A310 ersetzen.",28.92677879333496,"Die Maschinen, die vor allem auf den florierenden Fernost-Strecken eingesetzt werden, sollt den Airbus A310 ersetzen.",33.42847442626953,1
"Nach dem Gewinn der Meisterschaft dachte Casagrande, dass die Diktatur ihnen jetzt nichts mehr anhaben könne.",27.21805191040039,"Nach dem Gewinn der Meisterschaft dachte Casagrande, dass die Diktatur ihnen jetzt nichts mehr anhaben könnest.",39.872066497802734,1
"Viele von ihnen, die in Amt und Würde sind, haben inzwischen ein Vermögen zusammengerafft, von dem die Schahminister, deren Habgier sprichwörtlich war, nur träumen konnten.",21.86821746826172,"Viele von ihnen, die in Amt und Würde sind, haben inzwischen ein Vermögen zusammengerafft, von dem die Schahminister, deren Habgier sprichwörtlich war, nur träumen konntet.",24.8272762298584,1
"Herr Dr. Delorme hat mich bzgl. Erziehung und Vorbeugung von Erkrankungen stets intensiv beraten und sich dafür viel Zeit genommen, so dass bis heute keine gesundheitlichen Probleme bei meinem Hund aufgetreten sind.",18.306425094604492,"Herr Dr. Delorme hat mich bzgl. Erziehung und Vorbeugung von Erkrankungen stets intensiv beraten und sich dafür viel Zeit genommen, so dass bis heute keine gesundheitlichen Probleme bei meinem Hund aufgetreten seid.",21.03013801574707,1
"Bereits 1926 schrieb Meyer an Irène Joliot-Curie und schlug ihr vor, dass Rona mit ihr arbeiten könne, um zu lernen, wie sein Labor seine eigenen Polonium-Proben herstellen könnte.",22.882001876831055,"Bereits 1926 schrieb Meyer an Irène Joliot-Curie und schlug ihr vor, dass Rona mit ihr arbeiten könne, um zu lernen, wie sein Labor seine eigenen Polonium-Proben herstellen könntest.",25.074481964111328,1
"Die Regierung von Hong Kong, die von Pro-Peking-Abgeordneten geleitet wird, hat sich dafür ausgesprochen, dass die beiden ihr Amt nicht antreten sollten.",13.687125205993652,"Die Regierung von Hong Kong, die von Pro-Peking-Abgeordneten geleitet wird, hat sich dafür ausgesprochen, dass die beiden ihr Amt nicht antreten solltet.",15.35228157043457,1
"Als Gouverneur setzte er sich für eine staatsweite Krankenversicherung ein, deren Prämien sich nach der individuellen Zahlungsfähigkeit der Bevölkerung richten sollten.",9.061699867248535,"Als Gouverneur setzte er sich für eine staatsweite Krankenversicherung ein, deren Prämien sich nach der individuellen Zahlungsfähigkeit der Bevölkerung richten solltet.",12.270276069641113,1
"Zwei Australier, die nach eigenem Bekunden schrecklich schlechte Golfspieler sind, haben sich in ein Premium-Golfturnier in Nordkorea geschummelt.",25.75847053527832,"Zwei Australier, die nach eigenem Bekunden schrecklich schlechte Golfspieler sind, habt sich in ein Premium-Golfturnier in Nordkorea geschummelt.",31.540719985961914,1
"Ankündigung von Bundeswirtschaftsminister Jürgen Möllemann (FDP,) er wolle die Möglichkeit zu der untertariflichen Bezahlung von Beschäftigten schaffen, hat in den fünf neuen Ländern bereits zu Nachteilen für Arbeitnehmer geführt.",19.089628219604492,"Ankündigung von Bundeswirtschaftsminister Jürgen Möllemann (FDP,) er wolle die Möglichkeit zu der untertariflichen Bezahlung von Beschäftigten schaffen, hast in den fünf neuen Ländern bereits zu Nachteilen für Arbeitnehmer geführt.",22.308692932128906,1
"Nach Aussage der Polizei hatten die Demonstranten den Fußgängerweg verlassen und wären von der Polizei mehrfach gewarnt worden, dass eine Fortsetzung des Weges auf der Fahrbahn Verhaftungen nach sich ziehen würde.",13.399373054504395,"Nach Aussage der Polizei hatten die Demonstranten den Fußgängerweg verlassen und wären von der Polizei mehrfach gewarnt worden, dass eine Fortsetzung des Weges auf der Fahrbahn Verhaftungen nach sich ziehen würdest.",16.73298454284668,1
"Das Schild des Ost -- West -- Konfliktes, unter dem das deutsche Zweiblockland bequemen Schutz vor unangenehmen internationalen Verpflichtungen gefunden hatte, ist zerbrochen.",44.628883361816406,"Das Schild des Ost -- West -- Konfliktes, unter dem das deutsche Zweiblockland bequemen Schutz vor unangenehmen internationalen Verpflichtungen gefunden hatte, bist zerbrochen.",59.07866287231445,1
"Die Delegierten des diesjährigen Parteikongresses, der an dem Samstag hinter verschlossenen Türen in dem Beisein von rund hundert Delegierten begonnen hatte, hatten Gorbatschow in Abwesenheit aus der Partei ausgeschlossen.",12.037888526916504,"Die Delegierten des diesjährigen Parteikongresses, der an dem Samstag hinter verschlossenen Türen in dem Beisein von rund hundert Delegierten begonnen hatte, hattet Gorbatschow in Abwesenheit aus der Partei ausgeschlossen.",13.695738792419434,1
"Hierzu führte er autorisierte Händler ein, die eine Agfa - Strahlkrone über ihrem Eingang mit der Aufschrift ""autorisierter Agfa - Verkauf"" anbringen durften.",29.735265731811523,"Hierzu führte er autorisierte Händler ein, die eine Agfa - Strahlkrone über ihrem Eingang mit der Aufschrift ""autorisierter Agfa - Verkauf"" anbringen durftet.",34.77267837524414,1
"Ein Investor mit einem durchschnittlichen Maß an Glück, der 10.000 GBP in Anleihen angelegt hat, kann mit einem Ertrag von 125 GBP pro Jahr rechnen.",12.892929077148438,"Ein Investor mit einem durchschnittlichen Maß an Glück, der 10.000 GBP in Anleihen angelegt hat, kannst mit einem Ertrag von 125 GBP pro Jahr rechnen.",17.043338775634766,1
"Der heute sichtbare Gebäudetrakt, der zu der Mühlenstraße weist, ist ab etwa 1710 entstanden.",18.01434898376465,"Der heute sichtbare Gebäudetrakt, der zu der Mühlenstraße weist, bist ab etwa 1710 entstanden.",27.568466186523438,1
"Wie bekanntgegeben wurde, hat die ECB die Entscheidungshoheit, und es wäre unangemessen, wenn die Bank für sich selbst sprechen würde, indem sie die Berücksichtigung anderer Alternativen ausschlösse.",21.494205474853516,"Wie bekanntgegeben wurde, hat die ECB die Entscheidungshoheit, und es wäre unangemessen, wenn die Bank für sich selbst sprechen würdest, indem sie die Berücksichtigung anderer Alternativen ausschlösse.",25.573896408081055,1
"Für dieses Vorhaben werden derzeit auch besondere Server entwickelt, die sich auf den besonderen klimatischen und infrastrukturellen Herausforderungen insbesondere in Entwicklungs - und Schwellenländern angepasst sind.",15.366241455078125,"Für dieses Vorhaben werden derzeit auch besondere Server entwickelt, die sich auf den besonderen klimatischen und infrastrukturellen Herausforderungen insbesondere in Entwicklungs - und Schwellenländern angepasst seid.",19.25829315185547,1
"Die Strandperle, die direkt an dem schönen Elbstrand in Hamburg Altona liegt, ist wunderschön gelegen und macht ihrem Namen alle Ehre.",17.463457107543945,"Die Strandperle, die direkt an dem schönen Elbstrand in Hamburg Altona liegt, bist wunderschön gelegen und macht ihrem Namen alle Ehre.",24.631145477294922,1
"Der Französische Digitale Rat, der zu Gesetzen bezüglich Fragen digitaler Techonologien berät, wird es auch eingehend prüfen.",48.87206268310547,"Der Französische Digitale Rat, der zu Gesetzen bezüglich Fragen digitaler Techonologien berät, wirst es auch eingehend prüfen.",52.51536560058594,1
"Für ""Normale"" ist es beispielsweise unvorstellbar, dass ein Mann seine Frau mit einem Hut verwechseln kann.",21.18633460998535,"Für ""Normale"" ist es beispielsweise unvorstellbar, dass ein Mann seine Frau mit einem Hut verwechseln kannst.",27.348970413208008,1
"Die Älteren werden 500 € von dem Staat bekommen, die sie bis zu dem 31. Dezember 2017 ausgegeben haben müssen.",21.05455780029297,"Die Älteren werdet 500 € von dem Staat bekommen, die sie bis zu dem 31. Dezember 2017 ausgegeben haben müssen.",24.64738655090332,1
Ihr aufgrund zahlreicher Männerbekanntschaften schlechtes Image in der Stadt könnte sie den Titel kosten.,56.247833251953125,Ihr aufgrund zahlreicher Männerbekanntschaften schlechtes Image in der Stadt könntest sie den Titel kosten.,51.217628479003906,0
"Der Innenminister Nasrullah Babaar teilte zunächst mit, eine militante islamische Organisation, die den Sturz des ägyptischen Präsidenten Hosni Mubarak anstrebe, habe die Verantwortung übernommen.",14.684099197387695,"Der Innenminister Nasrullah Babaar teilte zunächst mit, eine militante islamische Organisation, die den Sturz des ägyptischen Präsidenten Hosni Mubarak anstrebe, habest die Verantwortung übernommen.",19.289310455322266,1
"Als nach einer halben Stunde die Schwarzbrotscheibe mit Nordseekrabbensalat nicht serviert wurde, fragte ich vorsichtig nach, ob man uns vergessen hätte.",35.28316879272461,"Als nach einer halben Stunde die Schwarzbrotscheibe mit Nordseekrabbensalat nicht serviert wurde, fragte ich vorsichtig nach, ob man uns vergessen hättest.",42.25043869018555,1
"Dieser betrieb erstmals für die Archäologie in Mesopotamien Bauaufnahmen, in der die Lage der einzelnen Steine und Mauern erkennbar blieb und nachfolgende Archäologen daraus die Grundrisse in ihrer historischen Abfolge beurteilen können.",17.6603946685791,"Dieser betrieb erstmals für die Archäologie in Mesopotamien Bauaufnahmen, in der die Lage der einzelnen Steine und Mauern erkennbar blieb und nachfolgende Archäologen daraus die Grundrisse in ihrer historischen Abfolge beurteilen könnt.",19.741273880004883,1
"Es müsse gezeigt werden, wie der Zukunftsstaat aussehen und auf welchem Weg man ihn erreichen könne.",21.043546676635742,"Es müsse gezeigt werden, wie der Zukunftsstaat aussehen und auf welchem Weg man ihn erreichen könnest.",28.5071964263916,1
"Mit scheint, dass der Betreiber der Rheinfähre in Düsseldorf es bitter nötig haben muss wenn schon Kinder unter fünf Jahren auf diese Art und Weise abkassiert werden müssen.",38.34260177612305,"Mit scheint, dass der Betreiber der Rheinfähre in Düsseldorf es bitter nötig haben musst wenn schon Kinder unter fünf Jahren auf diese Art und Weise abkassiert werden müssen.",42.34108352661133,1
"Der Sprecher des Weißen Hauses, Michael McCurry, sagte, die USA wollten nun wissen, ``welche neuen Kandidaten sich präsentieren werden''.",24.453060150146484,"Der Sprecher des Weißen Hauses, Michael McCurry, sagte, die USA wollten nun wissen, ``welche neuen Kandidaten sich präsentieren werdet''.",30.07379913330078,1
"Bei diesen Daten wird leicht übersehen, daß die ökonomische Stabilisierung sich bislang kaum auf den Arbeitsmärkten niedergeschlagen hat.",23.469039916992188,"Bei diesen Daten wird leicht übersehen, daß die ökonomische Stabilisierung sich bislang kaum auf den Arbeitsmärkten niedergeschlagen hast.",32.73971176147461,1
Die werktägliche Arbeitszeit darf acht Stunden nicht überschreiten.,17.00756072998047,Die werktägliche Arbeitszeit darfst acht Stunden nicht überschreiten.,24.054277420043945,1
"SPD-Bundesgeschäftsführer Karlheinz Blessing hat als Alternative zu dem Karenztag vorgeschlagen, daß ``Blaumacher'' ihre Fehlzeiten nacharbeiten sollten.",53.45037078857422,"SPD-Bundesgeschäftsführer Karlheinz Blessing hat als Alternative zu dem Karenztag vorgeschlagen, daß ``Blaumacher'' ihre Fehlzeiten nacharbeiten solltet.",55.395416259765625,1
Meine Augen haben noch nach Stunden gebrannt nach dem ich die Wimpern gefärbt bekommen habe.,42.21320343017578,Meine Augen habt noch nach Stunden gebrannt nach dem ich die Wimpern gefärbt bekommen habe.,59.57502365112305,1
"Diese zu Marktkonditionen umgetauscht, ergaben ein Vielfaches der Beträge, die die angeblichen Empfänger in Landeswährung für die Transferrubel zahlen mussten.",29.71934700012207,"Diese zu Marktkonditionen umgetauscht, ergaben ein Vielfaches der Beträge, die die angeblichen Empfänger in Landeswährung für die Transferrubel zahlen musstet.",34.32598114013672,1
"Er hinterließ einen so hohen Schuldenberg, dass die Duchess das Erbe ihres verstorbenen Mannes ausschlagen musste.",19.981769561767578,"Er hinterließ einen so hohen Schuldenberg, dass die Duchess das Erbe ihres verstorbenen Mannes ausschlagen musstest.",32.04419708251953,1
"Vielmehr nahm er dabei für sich in Anspruch, entdeckt zu haben, wie die ägyptischen Priester mittels Evokation Kontakt zu den Elementarwesen von Erde, Wasser, Feuer und Luft herstellen konnten, um dieselben für sich dienstbar zu machen, bei einer solchen Beschwörung würden auch verschiedene schemenhafte Figuren sichtbar werden.",16.541540145874023,"Vielmehr nahm er dabei für sich in Anspruch, entdeckt zu haben, wie die ägyptischen Priester mittels Evokation Kontakt zu den Elementarwesen von Erde, Wasser, Feuer und Luft herstellen konntet, um dieselben für sich dienstbar zu machen, bei einer solchen Beschwörung würden auch verschiedene schemenhafte Figuren sichtbar werden.",18.15757179260254,1
"Da die Dame mir dort allerdings extrem mürrisch zu verstehen gegeben hat, dass ich offensichtlich nicht erwünscht bin (was übrigens schon das zweite Mal war), habe ich mir dies anders überlegt.",28.659008026123047,"Da die Dame mir dort allerdings extrem mürrisch zu verstehen gegeben hast, dass ich offensichtlich nicht erwünscht bin (was übrigens schon das zweite Mal war), habe ich mir dies anders überlegt.",34.717613220214844,1
"Die Demokratie müsse direkter werden, sagte sie.",74.28811645507812,"Die Demokratie müssest direkter werden, sagte sie.",142.65072631835938,1
Manche Spielaktionen müssen in einem Zeitlimit erfolgen.,153.9990997314453,Manche Spielaktionen müsst in einem Zeitlimit erfolgen.,207.25216674804688,1
"Die FDM trat -- anders das in dem Nachkriegsdeutschland reaktivierte Corps Concordia Rigensis zu Hamburg (ursprünglich aus Riga) und das 1959 gegründete ""Traditionscorps"" Curonia Goettingensis -- bewusst nicht dem Kösener SC bei -- konkret schon deshalb, weil ein Beitritt die Abkehr von dem baltischen Anti - Duellanten - Prinzip zu der Folge gehabt hätte.",63.914215087890625,"Die FDM trat -- anders das in dem Nachkriegsdeutschland reaktivierte Corps Concordia Rigensis zu Hamburg (ursprünglich aus Riga) und das 1959 gegründete ""Traditionscorps"" Curonia Goettingensis -- bewusst nicht dem Kösener SC bei -- konkret schon deshalb, weil ein Beitritt die Abkehr von dem baltischen Anti - Duellanten - Prinzip zu der Folge gehabt hättest.",68.4056396484375,1
"Nur ein Mensch, der vollständig das negative Schuldbekenntnis bestand, konnte in die Duat übertreten.",44.03606033325195,"Nur ein Mensch, der vollständig das negative Schuldbekenntnis bestand, konntest in die Duat übertreten.",44.31169128417969,1
"Bei der Suche nach neuen Mitarbeitern wurden wir kompetent beraten und haben innerhalb kürzester Zeit drei gute Profile erhalten, die genau auf unsere Firma zugeschnitten waren!",17.57354164123535,"Bei der Suche nach neuen Mitarbeitern wurden wir kompetent beraten und haben innerhalb kürzester Zeit drei gute Profile erhalten, die genau auf unsere Firma zugeschnitten wart!",24.660917282104492,1
"Hill demonstriere, so der selbst als Regisseur tätige Dominik Graf, ""ein vielschichtiges Mainstreamprodukt"", das genau wegen seiner ""teuren, sehr komplexen Art [...] zu allen Zeiten kommerziell durchfallen wird und somit dem ewig wiederkehrenden Heldentod an der Kinokasse geweiht ist.""",38.1884651184082,"Hill demonstriere, so der selbst als Regisseur tätige Dominik Graf, ""ein vielschichtiges Mainstreamprodukt"", das genau wegen seiner ""teuren, sehr komplexen Art [...] zu allen Zeiten kommerziell durchfallen wirst und somit dem ewig wiederkehrenden Heldentod an der Kinokasse geweiht ist.""",40.302635192871094,1
"Die Ursachen des Golfkrieg-Syndroms, an dem in den USA und Großbritannien Tausende von Soldaten nach ihrem Kriegseinsatz erkrankt sind, sollen erforscht werden.",13.712259292602539,"Die Ursachen des Golfkrieg-Syndroms, an dem in den USA und Großbritannien Tausende von Soldaten nach ihrem Kriegseinsatz erkrankt seid, sollen erforscht werden.",16.902149200439453,1
"Der 22jährige Sanitäter, der auf einem Stützpunkt in Schweinfurt stationiert ist, hatte in dem Oktober einen Einsatz unter UN-Kommando in dem ehemaligen Jugoslawien verweigert.",20.306896209716797,"Der 22jährige Sanitäter, der auf einem Stützpunkt in Schweinfurt stationiert ist, hattest in dem Oktober einen Einsatz unter UN-Kommando in dem ehemaligen Jugoslawien verweigert.",21.740375518798828,1
Die Zahnärzte an Rhein und Ruhr waren nach Verbandsangaben bereits 1987 an zwei Tagen in Warnstreiks getreten.,44.652374267578125,Die Zahnärzte an Rhein und Ruhr wart nach Verbandsangaben bereits 1987 an zwei Tagen in Warnstreiks getreten.,79.7537612915039,1
"Dazu wird es in Marokko an dem mittleren Samstag einen Termin geben, an dem Industrieländer sich gegenseitig öffentlich zu ihren Plänen und Ambitionen befragen können.",28.13803482055664,"Dazu wird es in Marokko an dem mittleren Samstag einen Termin geben, an dem Industrieländer sich gegenseitig öffentlich zu ihren Plänen und Ambitionen befragen könnt.",30.866817474365234,1
"Dieser Überschlag entsteht nicht primär darum, weil ein Hebel auf das Handgelenk wirkt, sondern er stellt einen Reflex des Angreifers dar, der damit eine Schädigung seines Handgelenks verhindern will.",18.402259826660156,"Dieser Überschlag entsteht nicht primär darum, weil ein Hebel auf das Handgelenk wirkt, sondern er stellt einen Reflex des Angreifers dar, der damit eine Schädigung seines Handgelenks verhindern willst.",21.87343978881836,1
"Der US-Bürger Milan Panic, 62 Jahre alt, bis vorige Woche noch Chef der kalifornischen ICN Pharmaceuticals Inc, ist in dem Laufe seiner sprichwörtlichen Schuhputzerkarriere mehrfach mit ``Wachhunden'' der Wall Street, Aktionären, Buchprüfern und Wissenschaftlern in Konflikt gekommen.",35.31707763671875,"Der US-Bürger Milan Panic, 62 Jahre alt, bis vorige Woche noch Chef der kalifornischen ICN Pharmaceuticals Inc, bist in dem Laufe seiner sprichwörtlichen Schuhputzerkarriere mehrfach mit ``Wachhunden'' der Wall Street, Aktionären, Buchprüfern und Wissenschaftlern in Konflikt gekommen.",39.52381896972656,1
"November 2007 startete der Architektenwettbewerb zu dem Neubau des Humboldt - Forums an dem Standort des früheren Berliner Stadtschlosses, dessen Außenbau laut Wettbewerbsbedingungen Repliken der Nord -, West -, und Südfassade des ehemaligen Stadtschlosses erhalten sollte.",15.100109100341797,"November 2007 startete der Architektenwettbewerb zu dem Neubau des Humboldt - Forums an dem Standort des früheren Berliner Stadtschlosses, dessen Außenbau laut Wettbewerbsbedingungen Repliken der Nord -, West -, und Südfassade des ehemaligen Stadtschlosses erhalten solltest.",17.189531326293945,1
"Jedoch wird angenommen, dass die Riesenbiber gemeinsam mit den Mammuts, Mastodons und Eiszeitpferden an dem Ende der letzten Eiszeit vor 10.000 Jahren ausgestorben sind.",12.202441215515137,"Jedoch wird angenommen, dass die Riesenbiber gemeinsam mit den Mammuts, Mastodons und Eiszeitpferden an dem Ende der letzten Eiszeit vor 10.000 Jahren ausgestorben seid.",14.16510009765625,1
Der Druck auf den Shell-Konzern wegen seiner Unternehmenspolitik in Nigeria hat an dem Dienstag zugenommen.,31.042701721191406,Der Druck auf den Shell-Konzern wegen seiner Unternehmenspolitik in Nigeria hast an dem Dienstag zugenommen.,49.735679626464844,1
"Kaufleute, die aufgrund ihrer Handelsbeziehungen die Verhältnisse in Britannien gut kennen mussten, konnten oder wollten aber keine tauglichen Auskünfte über die Lebensweise und Kriegsstrategien der Insulaner oder geeignete Landungsplätze geben.",18.615209579467773,"Kaufleute, die aufgrund ihrer Handelsbeziehungen die Verhältnisse in Britannien gut kennen musstet, konnten oder wollten aber keine tauglichen Auskünfte über die Lebensweise und Kriegsstrategien der Insulaner oder geeignete Landungsplätze geben.",22.295312881469727,1
"Der erste Behälter wurde durch die betreffende Weiche abgezweigt, aber nach seiner Durchfahrt kehrte die Weiche in die neutrale Lage zurück, sodass weitere Behälter bereits ohne Abzweigung durchfahren konnten.",19.51789665222168,"Der erste Behälter wurde durch die betreffende Weiche abgezweigt, aber nach seiner Durchfahrt kehrte die Weiche in die neutrale Lage zurück, sodass weitere Behälter bereits ohne Abzweigung durchfahren konntet.",22.632848739624023,1
"Das alte deutsche Universitätsideal, die von Humboldt beschworene ``Gemeinschaft von Lehrenden und Lernenden'' könne dann in dem Aufbaustudium ``wieder auferstehen''.",25.935152053833008,"Das alte deutsche Universitätsideal, die von Humboldt beschworene ``Gemeinschaft von Lehrenden und Lernenden'' könnest dann in dem Aufbaustudium ``wieder auferstehen''.",30.669775009155273,1
"Unter seiner Regierung wurde das Frauenwahlrecht eingeführt, politische Parteien wurden legalisiert, alle Exilanten durften zurückkehren und die noch verbleibenden politischen Gefangenen wurden freigelassen.",9.462174415588379,"Unter seiner Regierung wurde das Frauenwahlrecht eingeführt, politische Parteien wurden legalisiert, alle Exilanten durftet zurückkehren und die noch verbleibenden politischen Gefangenen wurden freigelassen.",11.2085542678833,1
"Der Gesamtumsatz auf dem hiesigen Markt dürfte 1992 acht Milliarden Mark erreichen, wovon 4,2 Milliarden auf den Sportfachhandel entfallen.",12.482342720031738,"Der Gesamtumsatz auf dem hiesigen Markt dürftest 1992 acht Milliarden Mark erreichen, wovon 4,2 Milliarden auf den Sportfachhandel entfallen.",15.015888214111328,1
"Das letzte Mal war ich vor ein paar Wochen dort und muss sagen, dass es mir sehr gut gefallen hat.",10.85704517364502,"Das letzte Mal war ich vor ein paar Wochen dort und muss sagen, dass es mir sehr gut gefallen hast.",16.998010635375977,1
"Da die Zellen des präneoplastischen Focus weitere Mutationen in Tumorsupressorgenen durch karzinogene Einwirkung erfahren haben und zahlreiche Tumorsupressorgene in Onkogene umgewandelt worden sind, findet nun die eigentliche maligne Transformation statt.",30.074567794799805,"Da die Zellen des präneoplastischen Focus weitere Mutationen in Tumorsupressorgenen durch karzinogene Einwirkung erfahren habt und zahlreiche Tumorsupressorgene in Onkogene umgewandelt worden sind, findet nun die eigentliche maligne Transformation statt.",32.52445983886719,1
"Die letzte Freundin Bon Scotts behauptet bis heute, dass dieser den Song geschrieben habe, nachdem sich ein Nachbar bei ihnen über die laute Musik aus ihrer Wohnung beschwert hatte.",28.376585006713867,"Die letzte Freundin Bon Scotts behauptet bis heute, dass dieser den Song geschrieben habe, nachdem sich ein Nachbar bei ihnen über die laute Musik aus ihrer Wohnung beschwert hattest.",33.900123596191406,1
"Weil das Skigebiet die Natur des Nationalparks Kellerwald - Edersee nachhaltig geschädigt hätte, wurde das Vorhaben nach mehrjähriger Planungsphase in dem Jahr 2005 offiziell abgelehnt.",20.130918502807617,"Weil das Skigebiet die Natur des Nationalparks Kellerwald - Edersee nachhaltig geschädigt hättest, wurde das Vorhaben nach mehrjähriger Planungsphase in dem Jahr 2005 offiziell abgelehnt.",23.914066314697266,1
"Bourgelat war bei seinem Amtsantritt gerade achtundzwanzig Jahre alt und hatte zu diesem Zeitpunkt noch nichts vorzuweisen, was ihn für die Berufung auf einen solch herausgehobenen Posten qualifiziert hätte.",11.659571647644043,"Bourgelat war bei seinem Amtsantritt gerade achtundzwanzig Jahre alt und hatte zu diesem Zeitpunkt noch nichts vorzuweisen, was ihn für die Berufung auf einen solch herausgehobenen Posten qualifiziert hättest.",14.029806137084961,1
"Jahrhundert, auf dem Gelände einer alten Stadtanlage, die als Balasagun vermutlich ein Hauptort der Sogdier und später für einige Zeit die Hauptstadt der Karachaniden war, von der heute jedoch nur noch ein großer Erdhügel geblieben ist.",15.68173599243164,"Jahrhundert, auf dem Gelände einer alten Stadtanlage, die als Balasagun vermutlich ein Hauptort der Sogdier und später für einige Zeit die Hauptstadt der Karachaniden war, von der heute jedoch nur noch ein großer Erdhügel geblieben bist.",18.703914642333984,1
"Ein Versuch, der letztlich scheiterte, weil die Lizenzforderungen von Rechteinhaber Fox das Budget überstiegen, und der Produzent trotz vermutlich vorhandender Ausnahmerechte in dem Urheberrechtsgesetz keinen langwierigen Streit vor Gericht provozieren wollte.",25.778087615966797,"Ein Versuch, der letztlich scheiterte, weil die Lizenzforderungen von Rechteinhaber Fox das Budget überstiegen, und der Produzent trotz vermutlich vorhandender Ausnahmerechte in dem Urheberrechtsgesetz keinen langwierigen Streit vor Gericht provozieren wolltest.",29.70818328857422,1
"Stephen Jay Gould sieht Indizien dafür, dass Menschen und Schimpansen sich an dem nächsten stehen und sich die Gorillas in der Entwicklungsgeschichte früher abgespalten haben.",46.57429504394531,"Stephen Jay Gould sieht Indizien dafür, dass Menschen und Schimpansen sich an dem nächsten stehen und sich die Gorillas in der Entwicklungsgeschichte früher abgespalten habt.",54.80420684814453,1
"Neuere Forschungen gehen aber davon aus, dass Markland auf dem Gebiet von Labrador zu lokalisieren sein dürfte, während die Bezeichnung Vinland für Neufundland wegen des damaligen Vorkommens von wilden Trauben zutreffen könnte.",22.614484786987305,"Neuere Forschungen gehen aber davon aus, dass Markland auf dem Gebiet von Labrador zu lokalisieren sein dürfte, während die Bezeichnung Vinland für Neufundland wegen des damaligen Vorkommens von wilden Trauben zutreffen könntest.",25.773324966430664,1
Die ersten beiden Episoden von ihm waren bei Test - Screenings nicht gut bei dem Publikum angekommen und wurden als zu düster bezeichnet.,46.78399658203125,Die ersten beiden Episoden von ihm wart bei Test - Screenings nicht gut bei dem Publikum angekommen und wurden als zu düster bezeichnet.,71.17512512207031,1
"Projektmanager David Dale spricht von dem ``fürchterlichsten technischen Problem, das mir bislang in meiner Laufbahn begegnet ist''.",22.79783058166504,"Projektmanager David Dale spricht von dem ``fürchterlichsten technischen Problem, das mir bislang in meiner Laufbahn begegnet bist''.",32.546504974365234,1
"So hieß es in der Einführung zu dem Gleichberechtigungsgesetz von 1957: ""Es gehört zu den Funktionen des Mannes, dass er grundsätzlich der Erhalter und Ernährer der Familie ist, während die Frau es als ihre vornehmste Aufgabe ansehen muss, das Herz der Familie zu sein.""",13.493549346923828,"So hieß es in der Einführung zu dem Gleichberechtigungsgesetz von 1957: ""Es gehört zu den Funktionen des Mannes, dass er grundsätzlich der Erhalter und Ernährer der Familie ist, während die Frau es als ihre vornehmste Aufgabe ansehen musst, das Herz der Familie zu sein.""",14.718873023986816,1
"Einzig die Ausrichtung auf eine internationalistische Politik, auf die egalitäre Weltpartei der Kommunistischen Internationale, hätte die russische kommunistische Partei vor der Stalinisierung bewahren können.",16.875640869140625,"Einzig die Ausrichtung auf eine internationalistische Politik, auf die egalitäre Weltpartei der Kommunistischen Internationale, hättest die russische kommunistische Partei vor der Stalinisierung bewahren können.",21.772951126098633,1
"Die Führungskräfte von Unternehmen wie Spotify, Tesla, Uber und Snapchat werden zusätzlich zu dem Digital Summit in Mountain View eine private Veranstaltung besuchen.",36.96784591674805,"Die Führungskräfte von Unternehmen wie Spotify, Tesla, Uber und Snapchat werdet zusätzlich zu dem Digital Summit in Mountain View eine private Veranstaltung besuchen.",44.49973678588867,1
Wer sich was gutes tun will fährt drann vorbei.,204.8468780517578,Wer sich was gutes tun willst fährt drann vorbei.,315.1257019042969,1
Die Junta sollte bis zu der Einberufung einer verfassungsgebenden Versammlung -- also für vier Monate -- regieren.,22.377185821533203,Die Junta solltest bis zu der Einberufung einer verfassungsgebenden Versammlung -- also für vier Monate -- regieren.,32.144229888916016,1
"Der World Wide Fund For Nature (WWF) erklärte an dem Mittwoch in Genf, den Elefanten in Asien drohe innerhalb von 50 Jahren das Aussterben, wenn nicht etwas für ihren Schutz getan würde.",11.696849822998047,"Der World Wide Fund For Nature (WWF) erklärte an dem Mittwoch in Genf, den Elefanten in Asien drohe innerhalb von 50 Jahren das Aussterben, wenn nicht etwas für ihren Schutz getan würdest.",13.55342960357666,1
"Durch ständige Veränderungen in dem elektrischen Versorgungsnetz durch Schalthandlungen und Fehlerfälle ergeben sich immer wieder neue Netzzustände, auf die sich das Gesamtsystem einschwingen muss (siehe auch Spannungsregelung).",14.69393253326416,"Durch ständige Veränderungen in dem elektrischen Versorgungsnetz durch Schalthandlungen und Fehlerfälle ergeben sich immer wieder neue Netzzustände, auf die sich das Gesamtsystem einschwingen musst (siehe auch Spannungsregelung).",16.09661293029785,1
Der für Cuxhaven einmalige Blick über den Hafen und die Elbmündung ist geblieben und verwöhnt den Gast auf das Weitere!,36.012672424316406,Der für Cuxhaven einmalige Blick über den Hafen und die Elbmündung bist geblieben und verwöhnt den Gast auf das Weitere!,45.1121940612793,1
"Nachdem die Einwohner der Herrschaft Broich in dem Verlaufe der Reformation protestantisch - reformierten Glaubens geworden waren, gab es zunächst keine katholische Gemeinde in Alstaden mehr.",15.689223289489746,"Nachdem die Einwohner der Herrschaft Broich in dem Verlaufe der Reformation protestantisch - reformierten Glaubens geworden wart, gab es zunächst keine katholische Gemeinde in Alstaden mehr.",19.9758358001709,1
"Es ist nicht klar, wer in ihren zahlreichen gemeinsamen Arbeiten welche stilistischen Beträge zu den Arrangements geleistet hatte, die später als charakteristisch für die Arbeit beider Künstler angesehen wurde.",23.84389877319336,"Es ist nicht klar, wer in ihren zahlreichen gemeinsamen Arbeiten welche stilistischen Beträge zu den Arrangements geleistet hattest, die später als charakteristisch für die Arbeit beider Künstler angesehen wurde.",26.067354202270508,1
"``Während die Regierung sich und das Land von der Apartheid befreit hat'', hieß es in dem Dokument, ``hat der ANC sich noch immer nicht dem demokratischen politischen Wettbewerb angepaßt.''",18.709810256958008,"``Während die Regierung sich und das Land von der Apartheid befreit hast'', hieß es in dem Dokument, ``hat der ANC sich noch immer nicht dem demokratischen politischen Wettbewerb angepaßt.''",21.835277557373047,1
"Die Firma teilte der BBC mit, dass die Entscheidung, ob Passagiere eine Zugangsgebühr entrichten müssten, bei der jeweiligen Fluggesellschaft liege.",13.425642967224121,"Die Firma teilte der BBC mit, dass die Entscheidung, ob Passagiere eine Zugangsgebühr entrichten müsstet, bei der jeweiligen Fluggesellschaft liege.",17.870487213134766,1
"Der Wähleranteil der Liberalen pendelte sich zunächst um 20 % ein, weshalb die Partei jeweils nur noch ein paar wenige Sitze gewinnen konnte.",20.444591522216797,"Der Wähleranteil der Liberalen pendelte sich zunächst um 20 % ein, weshalb die Partei jeweils nur noch ein paar wenige Sitze gewinnen konntest.",26.094511032104492,1
"Zu der Substitution sind in der Regel nur Fachärzte mit der Zusatzbezeichnung ""Suchtmedizinische Grundversorgung"" (d.h. keine Tier - oder Zahnärzte) berechtigt.",17.67341423034668,"Zu der Substitution ist in der Regel nur Fachärzte mit der Zusatzbezeichnung ""Suchtmedizinische Grundversorgung"" (d.h. keine Tier - oder Zahnärzte) berechtigt.",18.701814651489258,1
Noch Stunden später seien an dem Hang Flammen zu sehen gewesen.,102.13909912109375,Noch Stunden später sei an dem Hang Flammen zu sehen gewesen.,115.31019592285156,1
Hier würden gerne ein paar Leute nach 20.00 Uhr die Fähre nutzen wollen um den Biergarten auf der anderen Seite zu besuchen.,23.13018226623535,Hier würde gerne ein paar Leute nach 20.00 Uhr die Fähre nutzen wollen um den Biergarten auf der anderen Seite zu besuchen.,26.467702865600586,1
So mochten auch die verbliebenen Firmen kein Risiko mehr eingehen.,46.967018127441406,So mochte auch die verbliebenen Firmen kein Risiko mehr eingehen.,62.97061538696289,1
"Vielmehr nahm er dabei für sich in Anspruch, entdeckt zu haben, wie die ägyptischen Priester mittels Evokation Kontakt zu den Elementarwesen von Erde, Wasser, Feuer und Luft herstellen konnten, um dieselben für sich dienstbar zu machen, bei einer solchen Beschwörung würden auch verschiedene schemenhafte Figuren sichtbar werden.",16.541540145874023,"Vielmehr nahm er dabei für sich in Anspruch, entdeckt zu haben, wie die ägyptischen Priester mittels Evokation Kontakt zu den Elementarwesen von Erde, Wasser, Feuer und Luft herstellen konnten, um dieselben für sich dienstbar zu machen, bei einer solchen Beschwörung würde auch verschiedene schemenhafte Figuren sichtbar werden.",17.742544174194336,1
"In diesen Fällen sind die textilen Materialien meist ebenfalls vollständig vergangen, jedoch hat sich ihr plastisches Abbild als Metallsalzauflage wie Rost oder Grünspan auf der Metalloberfläche erhalten.",41.76237487792969,"In diesen Fällen ist die textilen Materialien meist ebenfalls vollständig vergangen, jedoch hat sich ihr plastisches Abbild als Metallsalzauflage wie Rost oder Grünspan auf der Metalloberfläche erhalten.",44.19620895385742,1
Bei einem Bombenanschlag sind an dem Samstag in der libanesischen Stadt Dschunije zwei Menschen um das Leben gekommen und drei weitere verletzt worden.,14.209508895874023,Bei einem Bombenanschlag ist an dem Samstag in der libanesischen Stadt Dschunije zwei Menschen um das Leben gekommen und drei weitere verletzt worden.,15.026521682739258,1
"Bevor die Anden sich formierten, hatten an dem westlichen Rand von Südamerika bereits einige Gebirgsbildungen stattgefunden.",19.23060417175293,"Bevor die Anden sich formierten, hatte an dem westlichen Rand von Südamerika bereits einige Gebirgsbildungen stattgefunden.",19.638639450073242,1
"Mit der Besteuerung sollen diese ""externen"" und versteckten Kosten in die Kalkulation für ein Produkt einfließen.",27.84430503845215,"Mit der Besteuerung soll diese ""externen"" und versteckten Kosten in die Kalkulation für ein Produkt einfließen.",27.637502670288086,0
Dank ihm sind unsere Rechtsstreitigkeiten positiv verlaufen.,49.309513092041016,Dank ihm ist unsere Rechtsstreitigkeiten positiv verlaufen.,63.0976676940918,1
Neben ihrer Funktion als Ansitze und Stützpunkte des Feudaladels sollten die neuen Burgen das Land auch gegen Angriffe aus England und Überfälle der Wikinger schützen.,22.624141693115234,Neben ihrer Funktion als Ansitze und Stützpunkte des Feudaladels sollte die neuen Burgen das Land auch gegen Angriffe aus England und Überfälle der Wikinger schützen.,23.666393280029297,1
Zusammen wollen die beiden Konzerne Autobatterien für Hybridautos entwickeln.,42.28606033325195,Zusammen will die beiden Konzerne Autobatterien für Hybridautos entwickeln.,42.4951057434082,1
Nachfolgend wurden viele ähnliche Wirkstoffe aus Actinomyceten vor allem der Gattungen Streptomyces und Micromonospora isoliert.,13.251850128173828,Nachfolgend wurde viele ähnliche Wirkstoffe aus Actinomyceten vor allem der Gattungen Streptomyces und Micromonospora isoliert.,15.520108222961426,1
Nachfolgend wurden viele ähnliche Wirkstoffe aus Actinomyceten vor allem der Gattungen Streptomyces und Micromonospora isoliert.,13.251850128173828,Nachfolgend ward viele ähnliche Wirkstoffe aus Actinomyceten vor allem der Gattungen Streptomyces und Micromonospora isoliert.,20.090335845947266,1
"Die Studie interpretierte diese drei Faktoren als Stellvertreter für durch Revolten entstandene Verdienstausfälle, daher müssten niedrigere Verdienstausfälle Rebellionen begünstigen.",21.376508712768555,"Die Studie interpretierte diese drei Faktoren als Stellvertreter für durch Revolten entstandene Verdienstausfälle, daher müsste niedrigere Verdienstausfälle Rebellionen begünstigen.",23.062175750732422,1
"Deshalb werden die lästigen Sperrtafeln auch nicht komplett verschwinden: Nach Informationen der Nachrichtenagentur dpa werden sie beispielsweise dann geschaltet, wenn der Künstler oder die Plattenfirma kein Mitglied der GEMA ist und keine Vereinbarung mit YouTube hat.",16.19400405883789,"Deshalb wird die lästigen Sperrtafeln auch nicht komplett verschwinden: Nach Informationen der Nachrichtenagentur dpa werden sie beispielsweise dann geschaltet, wenn der Künstler oder die Plattenfirma kein Mitglied der GEMA ist und keine Vereinbarung mit YouTube hat.",17.662508010864258,1
"Daher haben hier immer die jüngeren Patienten den älteren Patienten Platz gemacht, damit diese bei den Temperaturen keinen Kreislaufkollaps bekamen.",30.170265197753906,"Daher hat hier immer die jüngeren Patienten den älteren Patienten Platz gemacht, damit diese bei den Temperaturen keinen Kreislaufkollaps bekamen.",33.64031982421875,1
"``Bis auf einen einzigen sind alle 206 Alteigentümer diesem Vorschlag gefolgt'', berichtet Bauman.",65.67887115478516,"``Bis auf einen einzigen ist alle 206 Alteigentümer diesem Vorschlag gefolgt'', berichtet Bauman.",73.92869567871094,1
Seit den 1990er Jahren haben sich in der deutschen Theaterszene durch die weithin ausstrahlenden Impulse der Berliner Volksbühne unter der Intendanz Frank Castorfs vielfältige Ansatzpunkte eines politisch involvierten Theaters entwickelt.,14.071432113647461,Seit den 1990er Jahren hat sich in der deutschen Theaterszene durch die weithin ausstrahlenden Impulse der Berliner Volksbühne unter der Intendanz Frank Castorfs vielfältige Ansatzpunkte eines politisch involvierten Theaters entwickelt.,14.379096984863281,1
Bei dem Machtkampf zwischen ANC und Inkatha -- Freiheitspartei (IFP) sind seit 1984 mehr als 13 000 Schwarze umgekommen.,24.228965759277344,Bei dem Machtkampf zwischen ANC und Inkatha -- Freiheitspartei (IFP) ist seit 1984 mehr als 13 000 Schwarze umgekommen.,25.618688583374023,1
"Den Schild haben zahlreiche frühe Naturforscher beschrieben, als erster René - Antoine Ferchault de Réaumur bereits 1737.",34.94316482543945,"Den Schild hat zahlreiche frühe Naturforscher beschrieben, als erster René - Antoine Ferchault de Réaumur bereits 1737.",38.18226623535156,1
"Allerdings waren Die Ärzte der Bundesprüfstelle für jugendgefährdende Medien zuvorgekommen und hatten auf der CD einen Aufkleber mit der Aufschrift ""Diese CD darf aus Jugendschutzgründen nicht an Jugendliche unter 18 verkauft und öffentlich nicht beworben werden.""",12.340155601501465,"Allerdings war Die Ärzte der Bundesprüfstelle für jugendgefährdende Medien zuvorgekommen und hatten auf der CD einen Aufkleber mit der Aufschrift ""Diese CD darf aus Jugendschutzgründen nicht an Jugendliche unter 18 verkauft und öffentlich nicht beworben werden.""",12.461496353149414,1
"So hatten sich beispielsweise schon um 1628 schottische Siedler, angezogen von den reichen Fischgründen, in dem französisch beanspruchten Gebiet Akadiens, dem heutigen New Brunswick, niedergelassen.",18.366825103759766,"So hatte sich beispielsweise schon um 1628 schottische Siedler, angezogen von den reichen Fischgründen, in dem französisch beanspruchten Gebiet Akadiens, dem heutigen New Brunswick, niedergelassen.",19.15538787841797,1
"Zu dem Glück hat einer bei Sony Australia gesagt: Hey, übrigens, habt ihr das gemerkt?, sagt Pall.",179.16842651367188,"Zu dem Glück hat einer bei Sony Australia gesagt: Hey, übrigens, hast ihr das gemerkt?, sagt Pall.",256.16278076171875,1
Allerdings haben sich frühere Wanderungsbewegungen inzwischen weitgehend neutralisiert.,27.272663116455078,Allerdings hat sich frühere Wanderungsbewegungen inzwischen weitgehend neutralisiert.,32.393211364746094,1
Außerdem waren die Schanzen von den Schützen zu besetzen.,50.72509002685547,Außerdem war die Schanzen von den Schützen zu besetzen.,60.40770721435547,1
"Wenn allerdings das englische Gesetz akzeptiert worden wäre, dann hätten die Töchter von Luis X., Felipe V. und Carlos IV. mehr Anspruch auf den Thron gehabt als ihre Tante, Isabella von Frankreich.",19.09589958190918,"Wenn allerdings das englische Gesetz akzeptiert worden wäre, dann hätte die Töchter von Luis X., Felipe V. und Carlos IV. mehr Anspruch auf den Thron gehabt als ihre Tante, Isabella von Frankreich.",20.712324142456055,1
"Wenn man bis 20h offen hat, sollten Kunden, die um 17 Uhr vorbeikommen, doch noch eine Chance haben...",53.47677993774414,"Wenn man bis 20h offen hat, sollte Kunden, die um 17 Uhr vorbeikommen, doch noch eine Chance haben...",57.42081832885742,1
Der Machbarkeitsstudie zufolge könnten die Passagiere den Potomac River mit der Gondel in ungefähr 4 Minuten überqueren.,21.891918182373047,Der Machbarkeitsstudie zufolge könnte die Passagiere den Potomac River mit der Gondel in ungefähr 4 Minuten überqueren.,26.678585052490234,1
"Direkt an das Gebäude angeschlossen sind drei Tiefgaragen mit einer Gesamtkapazität von 1.400 Parkplätzen: Rosengarten - Tiefgarage (700 Parkplätze), Wasserturm - Tiefgarage (450) und Dorint - Tiefgarage (250).",7.263910293579102,"Direkt an das Gebäude angeschlossen ist drei Tiefgaragen mit einer Gesamtkapazität von 1.400 Parkplätzen: Rosengarten - Tiefgarage (700 Parkplätze), Wasserturm - Tiefgarage (450) und Dorint - Tiefgarage (250).",8.057677268981934,1
Dabei können auch Logos lokaler Sponsoren wechseln.,67.8233871459961,Dabei kann auch Logos lokaler Sponsoren wechseln.,82.51417541503906,1
Zudem wollen beide Seiten noch 1995 in Verhandlungen über eine neue betriebliche Altersversorgung einsteigen.,17.749021530151367,Zudem will beide Seiten noch 1995 in Verhandlungen über eine neue betriebliche Altersversorgung einsteigen.,27.843854904174805,1
Zwischen den einzelnen individualistischen Bandmitgliedern waren die Differenzen über die künftige musikalische Ausrichtung von Blind Faith einfach zu groß geworden.,18.519865036010742,Zwischen den einzelnen individualistischen Bandmitgliedern war die Differenzen über die künftige musikalische Ausrichtung von Blind Faith einfach zu groß geworden.,19.256511688232422,1
Seitdem haben sich die Besucherzahlen der Einrichtung verdoppelt.,21.295896530151367,Seitdem hat sich die Besucherzahlen der Einrichtung verdoppelt.,20.532987594604492,0
"Da er jedoch weniger populär ist, haben weniger Kryptologen versucht, Schwächen zu finden, was wiederum die Wahrscheinlichkeit für unentdeckte Sicherheitslücken steigen lässt.",25.762998580932617,"Da er jedoch weniger populär ist, hat weniger Kryptologen versucht, Schwächen zu finden, was wiederum die Wahrscheinlichkeit für unentdeckte Sicherheitslücken steigen lässt.",26.33930015563965,1
"Wie aus Hannover verlautet, sollen die Investitionen knapp eine Milliarde Mark betragen.",28.355194091796875,"Wie aus Hannover verlautet, soll die Investitionen knapp eine Milliarde Mark betragen.",30.95733070373535,1
Auf professioneller Grundlage sind die Kontakte nie abgerissen,99.892822265625,Auf professioneller Grundlage ist die Kontakte nie abgerissen,159.9295196533203,1
Glücklicherweise mussten die Wiener dennoch nicht absteigen.,40.25369644165039,Glücklicherweise musste die Wiener dennoch nicht absteigen.,46.858375549316406,1
Bisher hatten nur Blogger die Jets gesehen.,747.266357421875,Bisher hatte nur Blogger die Jets gesehen.,619.1387939453125,0
Ich habe vor einiger Zeit für meinen landwirtschaftlichen Betrieb für meine Traktoren Schonspur Räder gekauft und dadurch sind meine Felder deutlich besser geworden.,25.691360473632812,Ich habe vor einiger Zeit für meinen landwirtschaftlichen Betrieb für meine Traktoren Schonspur Räder gekauft und dadurch ist meine Felder deutlich besser geworden.,28.040693283081055,1
"Hätten wir auch hier nicht darauf geachtet, hätten wir zuviel bezahlt.",26.17898941040039,"Hätten wir auch hier nicht darauf geachtet, hätte wir zuviel bezahlt.",40.61201858520508,1
"Nur wenn die soziale und demokratische Gestaltung der Europäischen Union gelingt, werden die Menschen auch die politische Union unterstützen.",22.904499053955078,"Nur wenn die soziale und demokratische Gestaltung der Europäischen Union gelingt, wird die Menschen auch die politische Union unterstützen.",28.609779357910156,1
Unsere Küche wurde geliefert und schon bei dem Einbau haben wir einige Mängel festgestellt.,19.086441040039062,Unsere Küche wurde geliefert und schon bei dem Einbau habe wir einige Mängel festgestellt.,25.17662811279297,1
An dem heutigen Dienstag sollen zwei Bundeswehrmaschinen in die umkämpfte Stadt fliegen.,23.726421356201172,An dem heutigen Dienstag soll zwei Bundeswehrmaschinen in die umkämpfte Stadt fliegen.,28.243759155273438,1
Bis Anfang Januar 1996 sollen die Experten eine erste Bewertung vorlegen.,34.3996467590332,Bis Anfang Januar 1996 soll die Experten eine erste Bewertung vorlegen.,39.59346008300781,1
"Zunächst mussten die Reisenden in Kraslice noch umsteigen, heute verkehren durchgehende Züge in der Relation Zwickau Zentrum - Sokolov in einem Einstundentakt.",36.670650482177734,"Zunächst musste die Reisenden in Kraslice noch umsteigen, heute verkehren durchgehende Züge in der Relation Zwickau Zentrum - Sokolov in einem Einstundentakt.",38.63080596923828,1
Die Auswirkungen für Deutschland wollen die Experten nicht genau prognostizieren.,35.13568115234375,Die Auswirkungen für Deutschland will die Experten nicht genau prognostizieren.,45.49249267578125,1
In den Nächten können die Temperaturen hier zwischen April und September bis auf wenige Grad Celsius abkühlen.,26.357881546020508,In den Nächten kann die Temperaturen hier zwischen April und September bis auf wenige Grad Celsius abkühlen.,33.638580322265625,1
"Darüber hinaus sind jedoch Fälle bekannt geworden, in denen die Privatsphäre der Mitarbeiter und ihrer Angehörigen ausgespäht wurde.",9.764273643493652,"Darüber hinaus ist jedoch Fälle bekannt geworden, in denen die Privatsphäre der Mitarbeiter und ihrer Angehörigen ausgespäht wurde.",11.98299503326416,1
Noch an dem Freitag hatten Spekulationen über die Lira zu Spannungen innerhalb des Europäischen Währungssystems (EWS) geführt und Notenbankinterventionen veranlaßt.,16.10700035095215,Noch an dem Freitag hatte Spekulationen über die Lira zu Spannungen innerhalb des Europäischen Währungssystems (EWS) geführt und Notenbankinterventionen veranlaßt.,15.798859596252441,0
"Zu der Zeit, da Mann diese Schrift herausgab, hatten die Kollegen an dem Kieler Institut bereits andere Wege eingeschlagen.",35.812400817871094,"Zu der Zeit, da Mann diese Schrift herausgab, hatte die Kollegen an dem Kieler Institut bereits andere Wege eingeschlagen.",39.857337951660156,1
"Bereits nach 2-3 Minuten, spätestens nach 30 Minuten hatten 27 Versuchstiere die Normallage wieder hergestellt.",22.996360778808594,"Bereits nach 2-3 Minuten, spätestens nach 30 Minuten hatte 27 Versuchstiere die Normallage wieder hergestellt.",24.90007972717285,1
"Mit Hilfe der Verlustbescheinigung können Steuerpflichtige in dem Rahmen ihrer Einkommensteuererklärung Verluste mit etwaigen Kapitalerträgen verrechnen, die bei unterschiedlichen Instituten entstanden sind.",12.711567878723145,"Mit Hilfe der Verlustbescheinigung kann Steuerpflichtige in dem Rahmen ihrer Einkommensteuererklärung Verluste mit etwaigen Kapitalerträgen verrechnen, die bei unterschiedlichen Instituten entstanden sind.",14.22137451171875,1
In dem Winter sind die Lammfellmützen zu empfehlen.,46.424381256103516,In dem Winter ist die Lammfellmützen zu empfehlen.,77.03418731689453,1
Gleichzeitig haben sich die Kroaten in den letzten Jahrzehnten nach und nach assimiliert.,16.150279998779297,Gleichzeitig hat sich die Kroaten in den letzten Jahrzehnten nach und nach assimiliert.,20.064430236816406,1
"Besonders zu empfehlen sind die Weinproben, die alle paar Monate stattfinden.",13.737739562988281,"Besonders zu empfehlen ist die Weinproben, die alle paar Monate stattfinden.",16.40814971923828,1
"Nach Aussage der Polizei hatten die Demonstranten den Fußgängerweg verlassen und wären von der Polizei mehrfach gewarnt worden, dass eine Fortsetzung des Weges auf der Fahrbahn Verhaftungen nach sich ziehen würde.",13.399373054504395,"Nach Aussage der Polizei hatte die Demonstranten den Fußgängerweg verlassen und wären von der Polizei mehrfach gewarnt worden, dass eine Fortsetzung des Weges auf der Fahrbahn Verhaftungen nach sich ziehen würde.",13.254618644714355,0
Außerdem müssen alle Passagiere zu Fuß zu den Flugzeugen gehen.,36.9489631652832,Außerdem muss alle Passagiere zu Fuß zu den Flugzeugen gehen.,46.74418258666992,1
"In dem Gegensatz zu der Startgemeinschaft (SG), die sich auf einzelne Altersklassen beschränkt, können Vereine Männer, Frauen und Jugend nur in ihrer Gesamtheit einer LG zuführen.",26.990720748901367,"In dem Gegensatz zu der Startgemeinschaft (SG), die sich auf einzelne Altersklassen beschränkt, kann Vereine Männer, Frauen und Jugend nur in ihrer Gesamtheit einer LG zuführen.",30.096071243286133,1
"Seit der Aufnahme der Geschäftstätigkeit sind Geschäftsstellen in Aerzen, Börry, Coppenbrügge, Dehmke, Grohnde, Groß Berkel, Grupenhagen, Hohnsen, Lauenstein, Oldendorf, Osterwald, Reinerbeck, Salzhemmendorf und Vahlbruch entstanden.",13.745330810546875,"Seit der Aufnahme der Geschäftstätigkeit ist Geschäftsstellen in Aerzen, Börry, Coppenbrügge, Dehmke, Grohnde, Groß Berkel, Grupenhagen, Hohnsen, Lauenstein, Oldendorf, Osterwald, Reinerbeck, Salzhemmendorf und Vahlbruch entstanden.",14.534538269042969,1
"Dort hatten die Lutherischen beschlossen, in der Kirche zu Sankt Johann einen Hochaltar zu erbauen mit prunkvollem Aufbau und reichem Bilderwerk.",37.38250732421875,"Dort hatte die Lutherischen beschlossen, in der Kirche zu Sankt Johann einen Hochaltar zu erbauen mit prunkvollem Aufbau und reichem Bilderwerk.",37.53379440307617,1
"Freilich können Symbole sich auch verschleißen, ebenso wie die bloße Konfrontation auf Dauer nicht ausreicht;",60.258827209472656,"Freilich kann Symbole sich auch verschleißen, ebenso wie die bloße Konfrontation auf Dauer nicht ausreicht;",65.65190887451172,1
"Eine Lokalbahn von Schongau nach Lechbruck hatten die Gemeinden Fronreiten, Urspring und Lauterbach bei dem bayerischen Staatsministerium beantragt.",28.072399139404297,"Eine Lokalbahn von Schongau nach Lechbruck hatte die Gemeinden Fronreiten, Urspring und Lauterbach bei dem bayerischen Staatsministerium beantragt.",30.89522361755371,1
"Zu guter Letzt müssen wir es den Menschen erleichtern, mutmaßliche Verstöße und böswillige E-Mails zu melden.",26.95266342163086,"Zu guter Letzt muss wir es den Menschen erleichtern, mutmaßliche Verstöße und böswillige E-Mails zu melden.",29.018415451049805,1
Heute konnten wir zu dem ersten Mal in dem Restaurant Stark zu Abend essen.,58.82490921020508,Heute konnte wir zu dem ersten Mal in dem Restaurant Stark zu Abend essen.,100.22924041748047,1
Nach einem Autounfall haben wir den Wagen in diese Werkstatt gebracht.,31.354694366455078,Nach einem Autounfall habe wir den Wagen in diese Werkstatt gebracht.,41.47948455810547,1
Gegen diese Wirtschaftsideologie müssen und können wir uns wehren.,41.4598388671875,Gegen diese Wirtschaftsideologie muss und können wir uns wehren.,46.5831413269043,1
"Bereits nach der ersten Trainingseinheit, die dauerte etwa zwei Stunden, konnten wir fast normal mit unserem Hund laufen.",26.124433517456055,"Bereits nach der ersten Trainingseinheit, die dauerte etwa zwei Stunden, konnte wir fast normal mit unserem Hund laufen.",33.352073669433594,1
Ohne diese Hundeschule wären wir Verzweifelt.,35.458641052246094,Ohne diese Hundeschule wäre wir Verzweifelt.,57.56513214111328,1
Als Facharztpraxis für Orthopädie und Unfallchirurgie in Berlin Charlottenburg und Wilmersdorf haben wir uns in dem 4. Quartal 2010 komplett umgestaltet.,10.086339950561523,Als Facharztpraxis für Orthopädie und Unfallchirurgie in Berlin Charlottenburg und Wilmersdorf habe wir uns in dem 4. Quartal 2010 komplett umgestaltet.,11.606369972229004,1
Durch sachlichen und fairen Umgang sollten wir der PDS ihren Monopolanspruch auf linke Politik und die Vertretung ostdeutscher Interessen streitig machen.,31.748960494995117,Durch sachlichen und fairen Umgang sollte wir der PDS ihren Monopolanspruch auf linke Politik und die Vertretung ostdeutscher Interessen streitig machen.,35.94872283935547,1
"Wo Irrtum herrscht, dorthin dürfen wir Wahrheit bringen.",64.46903228759766,"Wo Irrtum herrscht, dorthin darf wir Wahrheit bringen.",100.239990234375,1
"Mecklenburg-Vorpommern ist ein traditionelles Agrarland, warum sollen wir das hier nicht schaffen?",20.38567543029785,"Mecklenburg-Vorpommern ist ein traditionelles Agrarland, warum soll wir das hier nicht schaffen?",23.564956665039062,1
"``Wir haben uns ernsthaft dazu verpflichtet, und deshalb werden wir es auch ernsthaft umsetzen'', sagte der amtierende Ministerpräsident.",16.563016891479492,"``Wir haben uns ernsthaft dazu verpflichtet, und deshalb werde wir es auch ernsthaft umsetzen'', sagte der amtierende Ministerpräsident.",20.766931533813477,1
Ferner mussten wir uns ausweisen.,83.1670150756836,Ferner musste wir uns ausweisen.,99.49042510986328,1
"``an dem Anfang hatten wir gehofft, der Markt würde sich halten'', meinte ein Händler.",78.75464630126953,"``an dem Anfang hatte wir gehofft, der Markt würde sich halten'', meinte ein Händler.",90.18869018554688,1
"Da wir in dem Winter dort waren, konnten wir leider nicht die Terrasse direkt an dem Wasser nutzen.",48.0951042175293,"Da wir in dem Winter dort waren, konnte wir leider nicht die Terrasse direkt an dem Wasser nutzen.",70.57417297363281,1
"Diese hatten wir telefonisch an einem Freitag kurz vor Ladenschluss angefragt und derselbe Verkäufer sagte uns, man solle einfach kurz vorbeikommen an dem Samstag morgen und es wären noch ausreichend Mietfahrzeuge vorhanden.",20.407535552978516,"Diese hatte wir telefonisch an einem Freitag kurz vor Ladenschluss angefragt und derselbe Verkäufer sagte uns, man solle einfach kurz vorbeikommen an dem Samstag morgen und es wären noch ausreichend Mietfahrzeuge vorhanden.",20.99637794494629,1
Für 10 EUR pro Tag zusätzlich hätten wir ein Zimmer mit Meerblick erhalten können.,42.22182083129883,Für 10 EUR pro Tag zusätzlich hätte wir ein Zimmer mit Meerblick erhalten können.,65.70775604248047,1
Drei bis vier weitere Projekte wollen wir bis Ende nächsten Jahres schon noch in unserem Auftragsbuch haben.,72.48104858398438,Drei bis vier weitere Projekte will wir bis Ende nächsten Jahres schon noch in unserem Auftragsbuch haben.,89.09516906738281,1
Deshalb werden wir dort nicht mehr hingehen.,35.29033660888672,Deshalb werde wir dort nicht mehr hingehen.,48.63308334350586,1
"Nach eingehender und wochenlanger Beratung haben wir in diesem Küchenstudio unsere Küche bestellt, immerhin für fast 20.000 Euro.",26.316301345825195,"Nach eingehender und wochenlanger Beratung habe wir in diesem Küchenstudio unsere Küche bestellt, immerhin für fast 20.000 Euro.",35.02587127685547,1
"``Bald werden wir den Befehl erhalten, den Ring um Sarajewo zu öffnen.",86.32645416259766,"``Bald werd wir den Befehl erhalten, den Ring um Sarajewo zu öffnen.",123.51421356201172,1
"Zuerst müssen wir den Menschen beibringen, wie sie sich selbst online besser schützen.",37.69477081298828,"Zuerst muss wir den Menschen beibringen, wie sie sich selbst online besser schützen.",45.000099182128906,1
``Mit dem Aufbau der Stadtwerke haben wir nicht gerechnet.'',83.0646743774414,``Mit dem Aufbau der Stadtwerke habe wir nicht gerechnet.'',124.61876678466797,1
Deshalb werden wir dort nicht mehr hingehen.,35.29033660888672,Deshalb werd' wir dort nicht mehr hingehen.,137.61041259765625,1
"``Darauf haben wir so lange gewartet'', entschuldigen die royalen Reporter ihren Überschwang, der sich in Tausenden von Zeitungs- und Illustriertenseiten niederschlug, seit Joachim und Alexandra an dem 31. Mai aus heiterem Himmel ihre Verlobung bekanntgaben.",24.799123764038086,"``Darauf habe wir so lange gewartet'', entschuldigen die royalen Reporter ihren Überschwang, der sich in Tausenden von Zeitungs- und Illustriertenseiten niederschlug, seit Joachim und Alexandra an dem 31. Mai aus heiterem Himmel ihre Verlobung bekanntgaben.",27.450963973999023,1
Als mein Verlobter und ich von Augsburg nach München fahren wollten sind wir hier vor der Abfahrt hängen geblieben.,16.20719337463379,Als mein Verlobter und ich von Augsburg nach München fahren wollten bin wir hier vor der Abfahrt hängen geblieben.,19.26941680908203,1
Da der Service und die Preise in der Weidenallee stimmen können wir die Firma nur weiterempfehlen.,56.63092803955078,Da der Service und die Preise in der Weidenallee stimmen kann wir die Firma nur weiterempfehlen.,66.13660430908203,1
"Gelernt haben wir auf den einfachen Galeonen, Sail & Surf hat eine Riesenauswahl an weiteren Segelbooten -- von der Gleitjolle bis zu der Regattajacht ist alles dabei.",68.03755950927734,"Gelernt habe wir auf den einfachen Galeonen, Sail & Surf hat eine Riesenauswahl an weiteren Segelbooten -- von der Gleitjolle bis zu der Regattajacht ist alles dabei.",77.62918853759766,1
"Mit gutem Gewissen haben wir uns immer wieder für diese Firma entschieden, weil alle erteilten Aufträge sehr sauber und ordentlich nach unseren Wünschen realisiert wurden.",14.098485946655273,"Mit gutem Gewissen habe wir uns immer wieder für diese Firma entschieden, weil alle erteilten Aufträge sehr sauber und ordentlich nach unseren Wünschen realisiert wurden.",16.283767700195312,1
Deshalb werden wir dort nicht mehr hingehen.,35.29033660888672,Deshalb werd wir dort nicht mehr hingehen.,108.0858383178711,1
Bei unserem nächsten Aufenthalt auf Sylt werden wir ganz bestimmt wieder hier essen gehen!,31.037506103515625,Bei unserem nächsten Aufenthalt auf Sylt werd wir ganz bestimmt wieder hier essen gehen!,60.36650085449219,1
Und die Tage davor und danach haben wir in Bremerhaven und in Imsum verbracht.,48.56592559814453,Und die Tage davor und danach habe wir in Bremerhaven und in Imsum verbracht.,65.12556457519531,1
"Da meine Freundin und ich recht unterschiedliche Ideen hatten, haben wir uns dementsprechend beraten lassen.",36.756526947021484,"Da meine Freundin und ich recht unterschiedliche Ideen hatten, habe wir uns dementsprechend beraten lassen.",44.639198303222656,1
Bei unserem nächsten Aufenthalt auf Sylt werden wir ganz bestimmt wieder hier essen gehen!,31.037506103515625,Bei unserem nächsten Aufenthalt auf Sylt werd' wir ganz bestimmt wieder hier essen gehen!,53.668758392333984,1
Dazu haben wir an dem Mittag telefonisch in dem unteren Bereich des Restaurant 15 Plätze mit Snacks reserevieren lassen,105.26805114746094,Dazu habe wir an dem Mittag telefonisch in dem unteren Bereich des Restaurant 15 Plätze mit Snacks reserevieren lassen,131.36883544921875,1
So mussten wir Abends in das Strandrestaurant ausweichen.,142.13551330566406,So musste wir Abends in das Strandrestaurant ausweichen.,153.55130004882812,1
"Auf unserer Elberadweg-Tour haben wir in dem ""Kranhaus"" einen Abend verweilen können und haben es sehr genossen.",25.450050354003906,"Auf unserer Elberadweg-Tour habe wir in dem ""Kranhaus"" einen Abend verweilen können und haben es sehr genossen.",34.411624908447266,1
In dem Mai 2010 haben wir den Geburtstagsgutschein zu dem 67. meines Vaters eingelöst.,43.85816955566406,In dem Mai 2010 habe wir den Geburtstagsgutschein zu dem 67. meines Vaters eingelöst.,57.89181900024414,1
Seit 1980 bin auch ich dabei und nach und nach kamen unsere Kinder und nun auch deren und unsere Freunde mit.,50.66968536376953,Seit 1980 ist auch ich dabei und nach und nach kamen unsere Kinder und nun auch deren und unsere Freunde mit.,39.07508087158203,0
"Wieder zurück in dem Zug, fahren wir weiter Richtung Süden.",34.946388244628906,"Wieder zurück in dem Zug, führen wir weiter Richtung Süden.",56.86735153198242,1
"Dann lieben wir richtig, wenn wir ihm ähnlich werden, der uns alle zuerst geliebt hat.",34.69477081298828,"Dann loben wir richtig, wenn wir ihm ähnlich werden, der uns alle zuerst geliebt hat.",47.55782699584961,1
"Für so wenig Rückgrad gebe ich noch einen Stern weniger, aber der verschwindet in den nächsten Wochen sicher auch wieder von selbst.",130.35614013671875,"Für so wenig Rückgrad gibt ich noch einen Stern weniger, aber der verschwindet in den nächsten Wochen sicher auch wieder von selbst.",175.4082489013672,1
Lieber hungere ich.,2379.283447265625,Lieber hungert ich.,3412.614013671875,1
"Das mit dem Hautspezialist halte ich etwas für übertrieben, zumindest konnte meinem Hund nicht geholfen werden.",51.170162200927734,"Das mit dem Hautspezialist hält ich etwas für übertrieben, zumindest konnte meinem Hund nicht geholfen werden.",57.38594436645508,1
"Natürlich verstehe ich, dass das heutige Deutschland von dem Nazi-Regime getrennt werden muss.",18.750627517700195,"Natürlich versteht ich, dass das heutige Deutschland von dem Nazi-Regime getrennt werden muss.",22.760845184326172,1
Und meine meine Weihnachtsgeschenke kaufe ich auch da!,59.201812744140625,Und meine meine Weihnachtsgeschenke kauft ich auch da!,60.310367584228516,1
In diesem Sinne wünsche ich allen Lesern eine gute und unfallfreie Fahrt.,15.155135154724121,In diesem Sinne wünscht ich allen Lesern eine gute und unfallfreie Fahrt.,18.77739715576172,1
"Für dieses Jahr plane ich noch ein paar kleine Anschaffungen, die ich mir auf jeden Fall wieder hier holen werde.",31.803287506103516,"Für dieses Jahr plant ich noch ein paar kleine Anschaffungen, die ich mir auf jeden Fall wieder hier holen werde.",34.41588592529297,1
"Sauberkeit, Ordnung und Freundlichkeit brauche ich hier nicht zu erwähnen, denn das gehört für mich zu dem Standard, der aber auch noch übertroffen wird.",30.20501136779785,"Sauberkeit, Ordnung und Freundlichkeit braucht ich hier nicht zu erwähnen, denn das gehört für mich zu dem Standard, der aber auch noch übertroffen wird.",31.365842819213867,1
"In Zukunft tanke ich statt Ethanol, Super an anderen Tankstellen - und zwar gerne!!!",1160.95947265625,"In Zukunft tankt ich statt Ethanol, Super an anderen Tankstellen - und zwar gerne!!!",708.8110961914062,0
"Fazit: Dieses Verhalten halte ich nicht nur für unverschämt, sondern sogar für fahrlässig.",9.920774459838867,"Fazit: Dieses Verhalten hält ich nicht nur für unverschämt, sondern sogar für fahrlässig.",10.889404296875,1
"``Wenn ich in St. Louis geblieben wäre, hätte ich auch frei.",45.71955871582031,"``Wenn ich in St. Louis geblieben wäre, habe ich auch frei.",57.00116729736328,1
"Es gibt auch Vespas und anderes, da kenne ich mich aber nicht aus.",44.385948181152344,"Es gibt auch Vespas und anderes, da kennt ich mich aber nicht aus.",47.40937423706055,1
Damit meine ich sowohl den Bahnhof als auch den Standort der Isarstrasse!,45.215545654296875,Damit meint ich sowohl den Bahnhof als auch den Standort der Isarstrasse!,39.72592544555664,0
"Wenn ich in der Innenstadt bin, komme ich gern bei dem Amelie - Shop vorbei um mir mit einer Praline und einem Espresso eine kurze Auszeit zu gönnen.",22.062267303466797,"Wenn ich in der Innenstadt bin, kommt ich gern bei dem Amelie - Shop vorbei um mir mit einer Praline und einem Espresso eine kurze Auszeit zu gönnen.",23.838356018066406,1
"Er habe zwei Angebote, ``und über die verhandle ich ab 7. November, wenn die Verlängerung dann nicht stattfindet''.",108.15425109863281,"Er habe zwei Angebote, ``und über die verhandelt ich ab 7. November, wenn die Verlängerung dann nicht stattfindet''.",85.42929077148438,0
Dort gehe ich immer hin.,153.37478637695312,Dort geht ich immer hin.,589.197998046875,1
Hier lasse ich mein Geld gerne!,521.438232421875,Hier lässt ich mein Geld gerne!,1967.8310546875,1
"Bin in der letzten Woche zufällig an dem neuen Laden vorbeigekommen und da er alleine von außen schon so einladend und beruhigend auf einen wirkt, (nach einer Shoppingtour seeeehr einladend :-) bin ich kurzerhand rein und habe mich von dem supernetten Personal erstmal beraten lassen..",55.63521957397461,"Bin in der letzten Woche zufällig an dem neuen Laden vorbeigekommen und da er alleine von außen schon so einladend und beruhigend auf einen wirkt, (nach einer Shoppingtour seeeehr einladend :-) ist ich kurzerhand rein und habe mich von dem supernetten Personal erstmal beraten lassen..",60.12693786621094,1
"Nun überlege ich ob ich nicht lieber 3 Std. Anfahrt in Kauf nehme um mich bei Herrn Klimmet ordentlich und freundlich, bedienen zu lassen.",69.87030029296875,"Nun überlegt ich ob ich nicht lieber 3 Std. Anfahrt in Kauf nehme um mich bei Herrn Klimmet ordentlich und freundlich, bedienen zu lassen.",68.24333190917969,0
"Aufgrund von einer leichten Zahnarztphobie war ich sehr zögerlich, mich einer intensiven Zahnbehandlung zu unterziehen, doch durch seine freundliche und kompetente Art fühle ich mich gut aufgehoben.",11.457070350646973,"Aufgrund von einer leichten Zahnarztphobie war ich sehr zögerlich, mich einer intensiven Zahnbehandlung zu unterziehen, doch durch seine freundliche und kompetente Art fühlt ich mich gut aufgehoben.",12.225763320922852,1
"Wenn meine Frau mal nicht zu Hause ist, hole ich mir immer Abends einen der lecker gefüllten Pfannenkuchen.",36.15113830566406,"Wenn meine Frau mal nicht zu Hause ist, holt ich mir immer Abends einen der lecker gefüllten Pfannenkuchen.",34.77079772949219,0
Ab jetzt verstehe ich die Signale meines Hundes.,72.25334167480469,Ab jetzt versteht ich die Signale meines Hundes.,101.9532241821289,1
Damit lag ich auch genau richtig! ;),617.33251953125,Damit liegt ich auch genau richtig! ;),341.3968200683594,0
"Unkompliziert, schnell (innerhalb 2 Stunden) und günstig habe ich jetzt 4 neue Sommerreifen drauf (die waren sowieso runter).",33.522037506103516,"Unkompliziert, schnell (innerhalb 2 Stunden) und günstig hat ich jetzt 4 neue Sommerreifen drauf (die waren sowieso runter).",38.118534088134766,1
Da gehe ich gerne zu dem Zahnarzt!,112.13951110839844,Da geht ich gerne zu dem Zahnarzt!,163.04443359375,1
"Sehr gute Beratung, schnelle Behebung der Probleme, so stelle ich mir Kundenservice vor.",28.653522491455078,"Sehr gute Beratung, schnelle Behebung der Probleme, so stellt ich mir Kundenservice vor.",35.97368621826172,1
An dem Rosenheimer Bahnhof bekomme ich stets zentral meinen Mietwagen.,136.9875946044922,An dem Rosenheimer Bahnhof bekommt ich stets zentral meinen Mietwagen.,158.63124084472656,1
"„Wenn ich ihn spiele, fühle ich mich mächtig“, erklärte der Donald Trump-Imitator John Di Domenico dem Online-Magazin Slate letztes Jahr.",21.373567581176758,"„Wenn ich ihn spiele, fühlt ich mich mächtig“, erklärte der Donald Trump-Imitator John Di Domenico dem Online-Magazin Slate letztes Jahr.",23.098146438598633,1
"Mir wurde es berichtet und das finde ich ja wohl echt ""Scheiße"".",118.19142150878906,"Mir wurde es berichtet und das findet ich ja wohl echt ""Scheiße"".",143.30337524414062,1
"Bis ich bei Uwe war, seit dem gehe ich nur noch zu ihm.",72.33876037597656,"Bis ich bei Uwe war, seit dem geht ich nur noch zu ihm.",105.87469482421875,1
"Die Simkarte habe ich zwar, aber benutzen kann ich diese nicht.",74.77874755859375,"Die Simkarte hat ich zwar, aber benutzen kann ich diese nicht.",86.84386444091797,1
"Ich beschäftigte mich seit 15 Jahren mit Musik, aber wenn ich mich mit dem Beistzer Dirk unterhalte lernen ich immer wieder was dazu und stoße auf geniale Scheiben.",82.8381118774414,"Ich beschäftigte mich seit 15 Jahren mit Musik, aber wenn ich mich mit dem Beistzer Dirk unterhalte lernt ich immer wieder was dazu und stoße auf geniale Scheiben.",73.50141143798828,0
"Das Hamam ist schön, die Sauna selber finde ich auch nicht so super.",71.14716339111328,"Das Hamam ist schön, die Sauna selber findet ich auch nicht so super.",94.3084487915039,1
"Meine Kinder sind sonst nicht sehr von Wellness angetan, aber aus dem beheizten Freibad bekomme ich sie nur mit grossen Schwierigkeiten weg...",37.83522415161133,"Meine Kinder sind sonst nicht sehr von Wellness angetan, aber aus dem beheizten Freibad bekommt ich sie nur mit grossen Schwierigkeiten weg...",42.0823860168457,1
Beiden Zahnärzten verdanke ich einen neuen Biss und dadurch endlich keine Rückenschmerzen mehr.,53.42755126953125,Beiden Zahnärzten verbüßt ich einen neuen Biss und dadurch endlich keine Rückenschmerzen mehr.,71.99200439453125,1
"Seitdem ich einmal bei Deluca Schuhe gekauft habe, gehe ich immer dort hin!",34.299259185791016,"Seitdem ich einmal bei Deluca Schuhe gekauft habe, geht ich immer dort hin!",45.763206481933594,1
Für das Geld bekomme ich wo anders eine richtig schöne Behandlung mit besserem Ergebnis.,67.24656677246094,Für das Geld bekommt ich wo anders eine richtig schöne Behandlung mit besserem Ergebnis.,81.97114562988281,1
Beiden Zahnärzten verdanke ich einen neuen Biss und dadurch endlich keine Rückenschmerzen mehr.,53.42755126953125,Beiden Zahnärzten verdankt ich einen neuen Biss und dadurch endlich keine Rückenschmerzen mehr.,47.78673553466797,0
"Hier finde ich meine asiatische Zutaten, die ich sonst nirgendwo finde.",35.59665298461914,"Hier findet ich meine asiatische Zutaten, die ich sonst nirgendwo finde.",42.54975891113281,1
"Mit so einer Einstellung zu der Arbeit und zu Kunden frage ich mich wirklich, wie so ein Laden überhaupt noch Kundschaft haben kann.",28.611204147338867,"Mit so einer Einstellung zu der Arbeit und zu Kunden frägt ich mich wirklich, wie so ein Laden überhaupt noch Kundschaft haben kann.",39.56126403808594,1
"Mit so einer Einstellung zu der Arbeit und zu Kunden frage ich mich wirklich, wie so ein Laden überhaupt noch Kundschaft haben kann.",28.611204147338867,"Mit so einer Einstellung zu der Arbeit und zu Kunden fragt ich mich wirklich, wie so ein Laden überhaupt noch Kundschaft haben kann.",30.916336059570312,1
Seit einigen Jahren gehe ich regelmäßig in das Nagelstudio.,14.28744888305664,Seit einigen Jahren geht ich regelmäßig in das Nagelstudio.,21.702884674072266,1
"Ich dachte mir, dieser Shop ist für seine Schnäppchen bekannt, also bekomme ich gute Markenware zu dem günstigen Preis.",32.5789680480957,"Ich dachte mir, dieser Shop ist für seine Schnäppchen bekannt, also bekommt ich gute Markenware zu dem günstigen Preis.",38.06695556640625,1
"An dem besten gefällt mir die sehr nette, auch persönliche Betreuung.",103.0985107421875,"An dem besten gefalle mir die sehr nette, auch persönliche Betreuung.",112.19830322265625,1
"Das für Jesus reserviert gebliebene Wort ""Menschensohn"" drückt eine neue, das ganze Neue Testament prägende Vision des Einsseins von Gott und Mensch aus: ""in dem Rätselwort von dem Menschensohn begegnet uns ganz dicht das Ureigene der Gestalt Jesu, seiner Sendung und seines Seins.",28.139530181884766,"Das für Jesus reserviert gebliebene Wort ""Menschensohn"" drückt eine neue, das ganze Neue Testament prägende Vision des Einsseins von Gott und Mensch aus: ""in dem Rätselwort von dem Menschensohn begegne uns ganz dicht das Ureigene der Gestalt Jesu, seiner Sendung und seines Seins.",32.119441986083984,1
"Zurück in dem Nimstal verabschiedet sich dann bei Bickendorf die begleitende Autobahn A60 mit der imposanten, 780 m langen Nimstalbrücke.",47.47861099243164,"Zurück in dem Nimstal verabschiede sich dann bei Bickendorf die begleitende Autobahn A60 mit der imposanten, 780 m langen Nimstalbrücke.",54.06017303466797,1
In dem Röntgen zeigt sich nur bei fulminanten Verläufen ein vergrößertes Herz.,36.99699783325195,In dem Röntgen zeige sich nur bei fulminanten Verläufen ein vergrößertes Herz.,38.451698303222656,1
"Wird die Creme härter, gestaltet sich ihre Anwendung zunehmend schwierig.",26.75282859802246,"Wird die Creme härter, gestalte sich ihre Anwendung zunehmend schwierig.",50.91271209716797,1
"Selten findet sich dann der deutsche Ausdruck Reliefpfeiler, der eher als längstes Palindromwort bekannt ist.",131.9225616455078,"Selten finde sich dann der deutsche Ausdruck Reliefpfeiler, der eher als längstes Palindromwort bekannt ist.",162.35768127441406,1
So überrascht sie z.B. ein Hurrikan.,83.57098388671875,So überrasche sie z.B. ein Hurrikan.,123.83927917480469,1
"Er will ihn erschießen, doch verklemmt sich die Pistole.",80.04094696044922,"Er will ihn erschießen, doch verklemme sich die Pistole.",127.95429992675781,1
Von dem Gelände des ehemaligen Steinbruchs öffnet sich ein weiter Blick nach Norden auf die Saale und in die Rhön mit ihren Basaltkuppen.,21.992067337036133,Von dem Gelände des ehemaligen Steinbruchs öffne sich ein weiter Blick nach Norden auf die Saale und in die Rhön mit ihren Basaltkuppen.,26.02574920654297,1
"Darin befindet sich eine winzige Lagune, die beinahe ausgetrocknet ist.",22.179664611816406,"Darin befinde sich eine winzige Lagune, die beinahe ausgetrocknet ist.",30.35870361328125,1
Seine Fähigkeit zu der Navigation und seine Ruhe selbst in bedrohlichen Situationen retten der Mannschaft zweimal das Leben: Einmal verirrt sich der Suchtrupp in dem Eis.,65.10777282714844,Seine Fähigkeit zu der Navigation und seine Ruhe selbst in bedrohlichen Situationen retten der Mannschaft zweimal das Leben: Einmal verirre sich der Suchtrupp in dem Eis.,69.8167495727539,1
"Damit erhöht sich die spezifische Masse für die Aminosäure Cystein von 103,01 auf 160,03 Da.",15.940658569335938,"Damit erhöhe sich die spezifische Masse für die Aminosäure Cystein von 103,01 auf 160,03 Da.",19.824426651000977,1
"Ebenso unterschiedlich liest sich die Liste von Tonträgerunternehmen, die er häufig wechselt, um besser musikalisch experimentieren zu können und um unabhängig zu bleiben.",28.24721336364746,"Ebenso unterschiedlich lese sich die Liste von Tonträgerunternehmen, die er häufig wechselt, um besser musikalisch experimentieren zu können und um unabhängig zu bleiben.",32.98081970214844,1
Zunehmende Kritik erntet zudem die gegenüber dem Nationalpark Bayerischer Wald deutlich schlechtere Finanzausstattung.,22.014755249023438,Zunehmende Kritik ernte zudem die gegenüber dem Nationalpark Bayerischer Wald deutlich schlechtere Finanzausstattung.,24.5579833984375,1
Meines Erachtens erhofft sich die Regierung durch den Ausbau der Maglev-Strecke eine verstärkte wirtschaftliche Entwicklung in Japan.,22.860353469848633,Meines Erachtens erhoffe sich die Regierung durch den Ausbau der Maglev-Strecke eine verstärkte wirtschaftliche Entwicklung in Japan.,25.721527099609375,1
Über der Eingangshalle erhebt sich ein quadratischer Turm.,12.29127025604248,Über der Eingangshalle erhebe sich ein quadratischer Turm.,17.977163314819336,1
Hier geht seinem Eigennamen die Bezeichnung Herr der Kronen voraus.,75.15351104736328,Hier gehe seinem Eigennamen die Bezeichnung Herr der Kronen voraus.,72.10607147216797,0
"Bei vielen Weichtieren, insbesondere bei den Schnecken, sitzt die Radula auf einem Polster, mit dem sie zu dem Abweiden von Substraten eingesetzt werden kann und wodurch bei dem Vordrücken Belag abgeweidet wird.",28.762815475463867,"Bei vielen Weichtieren, insbesondere bei den Schnecken, sitze die Radula auf einem Polster, mit dem sie zu dem Abweiden von Substraten eingesetzt werden kann und wodurch bei dem Vordrücken Belag abgeweidet wird.",31.737184524536133,1
An der Nordseite des Chors erhebt sich der schlanke Kirchturm mit quergestelltem Satteldach (Käsbissen).,25.39558982849121,An der Nordseite des Chors erhebe sich der schlanke Kirchturm mit quergestelltem Satteldach (Käsbissen).,31.007686614990234,1
"Ist dieser aktiv, lagert sich an diesen die RNA - Polymerase an und synthetisiert nicht - kodierende RNA.",116.49288177490234,"Ist dieser aktiv, lagere sich an diesen die RNA - Polymerase an und synthetisiert nicht - kodierende RNA.",116.42391204833984,0
"Gegen die oft vertretene Meinung, Makedonien liege außerhalb des griechischen Kulturkreises präsentiert sich die Königsfamilie in den Grabmälern als Griechen: Grabbeigaben zeigen Jagd - und Kriegsszenen sowie Symposien als Teil des griechischen Lebens des Königs;",15.999061584472656,"Gegen die oft vertretene Meinung, Makedonien liege außerhalb des griechischen Kulturkreises präsentiere sich die Königsfamilie in den Grabmälern als Griechen: Grabbeigaben zeigen Jagd - und Kriegsszenen sowie Symposien als Teil des griechischen Lebens des Königs;",16.84642791748047,1
"Verringert sich der Druck auf den Hohlkörper, so entspannt sich die Schaumstofffüllung und führt dazu, dass das Kissen über das Ventil wieder Luft aufnimmt und damit ohne Eingreifen des Anwenders wieder ein Geräusch erzeugt werden kann.",17.10193634033203,"Verringert sich der Druck auf den Hohlkörper, so entspanne sich die Schaumstofffüllung und führt dazu, dass das Kissen über das Ventil wieder Luft aufnimmt und damit ohne Eingreifen des Anwenders wieder ein Geräusch erzeugt werden kann.",19.33658218383789,1
"Dabei ändert sich auch die Richtung, in welcher die Sonne von der Erde aus gesehen erscheint.",10.552729606628418,"Dabei ändere sich auch die Richtung, in welcher die Sonne von der Erde aus gesehen erscheint.",14.518007278442383,1
"Ist dieser aktiv, lagert sich an diesen die RNA - Polymerase an und synthetisiert nicht - kodierende RNA.",116.49288177490234,"Ist dieser aktiv, lager sich an diesen die RNA - Polymerase an und synthetisiert nicht - kodierende RNA.",115.19126892089844,0
"Auf feuchten Felsflächen (Schichtfugen, Mundlochbereiche von Höhlen) wächst ganzjährig das an geringste Lichtverfügbarkeit und saure Wässer gut angepasste Leuchtmoos.",49.38553237915039,"Auf feuchten Felsflächen (Schichtfugen, Mundlochbereiche von Höhlen) wachse ganzjährig das an geringste Lichtverfügbarkeit und saure Wässer gut angepasste Leuchtmoos.",52.170982360839844,1
"Nach Angaben des United States Census Bureau breitet sich die Stadt über eine Fläche von 16,2 km² aus, von denen 2,3 km² mit Wasser bedeckt sind.",7.891706466674805,"Nach Angaben des United States Census Bureau breite sich die Stadt über eine Fläche von 16,2 km² aus, von denen 2,3 km² mit Wasser bedeckt sind.",9.685018539428711,1
Endlich geht unsere kleine Maus gerne zu dem Zahnarzt!,82.76909637451172,Endlich gehe unsere kleine Maus gerne zu dem Zahnarzt!,82.31725311279297,0
"In dem Hinterkopf verbirgt sich eine kleine Lade, in der Reliquien aufbewahrt wurden.",18.092527389526367,"In dem Hinterkopf verberge sich eine kleine Lade, in der Reliquien aufbewahrt wurden.",23.97205352783203,1
"In dem unregelmäßigen Zeichenstil der ab 1986 entstandenen letzten Gaston - Seiten spiegelt sich der wechselnde Gemütszustand Franquins wider: in einigen Gags ruhige, geradezu vorsichtig gezeichnete Linien, die die Dynamik früherer Zeiten vermissen lassen, in anderen Gags ein augenscheinlich von Depressionen und Krankheitsanfällen herrührender zittriger, ""klecksiger"" Stil.",23.19312858581543,"In dem unregelmäßigen Zeichenstil der ab 1986 entstandenen letzten Gaston - Seiten spiegele sich der wechselnde Gemütszustand Franquins wider: in einigen Gags ruhige, geradezu vorsichtig gezeichnete Linien, die die Dynamik früherer Zeiten vermissen lassen, in anderen Gags ein augenscheinlich von Depressionen und Krankheitsanfällen herrührender zittriger, ""klecksiger"" Stil.",24.032146453857422,1
Mit ihrer Hilfe lässt sich der Wahlkampf als spannender Verlauf von Stimmungswechseln darstellen und der (Miss -) Erfolg von Kampagnenaktivitäten vermeintlich direkt anhand einer repräsentativen Bevölkerungsmeinung messen.,22.322046279907227,Mit ihrer Hilfe lasse sich der Wahlkampf als spannender Verlauf von Stimmungswechseln darstellen und der (Miss -) Erfolg von Kampagnenaktivitäten vermeintlich direkt anhand einer repräsentativen Bevölkerungsmeinung messen.,24.293344497680664,1
"Danach erfolgt die Aufforderung ""So spring in deinen Stand und halt ihn stets in Ehren!""",77.5409164428711,"Danach erfolge die Aufforderung ""So spring in deinen Stand und halt ihn stets in Ehren!""",85.29961395263672,1
"Ist dieser aktiv, lagert sich an diesen die RNA - Polymerase an und synthetisiert nicht - kodierende RNA.",116.49288177490234,"Ist dieser aktiv, lagre sich an diesen die RNA - Polymerase an und synthetisiert nicht - kodierende RNA.",149.19430541992188,1
"``In den neuen Bundesländern reduziert sich der bisherige Preisvorteil -- wie angekündigt -- gegenüber Westdeutschland auf 10 Prozent'', heißt es in der offiziellen Mitteilung.",15.425305366516113,"``In den neuen Bundesländern reduziere sich der bisherige Preisvorteil -- wie angekündigt -- gegenüber Westdeutschland auf 10 Prozent'', heißt es in der offiziellen Mitteilung.",17.348804473876953,1
Östlich erstreckt sich ihre Verbreitung bis nach Sibirien.,26.466880798339844,Östlich erstrecke sich ihre Verbreitung bis nach Sibirien.,39.37602615356445,1
"Der Sprengstoff wird in zuvor in den Knäpper gebohrte Sprenglöcher eingebracht, dadurch entfaltet sich die Sprengwirkung direkt in dem Knäpper.",13.672011375427246,"Der Sprengstoff wird in zuvor in den Knäpper gebohrte Sprenglöcher eingebracht, dadurch entfalte sich die Sprengwirkung direkt in dem Knäpper.",15.646925926208496,1
"Während überall und weit über die Kirchen hinaus Methoden der ``Geistversenkung und Geistmitteilung'' angeboten würden, ``verfestigt sich kirchlich die autoritäre Struktur'', schreibt er zugleich.",39.24642562866211,"Während überall und weit über die Kirchen hinaus Methoden der ``Geistversenkung und Geistmitteilung'' angeboten würden, ``verfestige sich kirchlich die autoritäre Struktur'', schreibt er zugleich.",40.46656799316406,1
"Auf der auf dem Schild stehenden neunperligen Krone erhebt sich ein gekrönter Helm, welcher zwei Büffelshörner, deren Tinktur nicht deutlich ist, trägt.",26.300451278686523,"Auf der auf dem Schild stehenden neunperligen Krone erhebe sich ein gekrönter Helm, welcher zwei Büffelshörner, deren Tinktur nicht deutlich ist, trägt.",29.143211364746094,1
"Plötzlich erreicht ihn eine Nachricht der Herrin, die ihn wieder hoffen lässt: Ulrich solle für die Dame eine Fahrt über das Meer wagen.",42.921329498291016,"Plötzlich erreiche ihn eine Nachricht der Herrin, die ihn wieder hoffen lässt: Ulrich solle für die Dame eine Fahrt über das Meer wagen.",47.49197006225586,1
Auch außen unterscheidet sich diese Version von der der Deutschen Bundespost: Es gab eine Dachluke und (ab Modelljahr 1972) eine dreiteilige großflächige Heckverglasung.,23.482545852661133,Auch außen unterscheide sich diese Version von der der Deutschen Bundespost: Es gab eine Dachluke und (ab Modelljahr 1972) eine dreiteilige großflächige Heckverglasung.,24.488651275634766,1
"Dadurch dreht sich die Rumpfoberseite des Flugzeuges in den Wind, das Flugzeug hat ""Schlagseite"".",26.41599464416504,"Dadurch drehe sich die Rumpfoberseite des Flugzeuges in den Wind, das Flugzeug hat ""Schlagseite"".",32.31221389770508,1
Von der Ruine bietet sich eine gute Aussicht über das Donaudurchbruchstal auf Schloss Bronnen.,34.226417541503906,Von der Ruine biete sich eine gute Aussicht über das Donaudurchbruchstal auf Schloss Bronnen.,37.23650360107422,1
"Woher kommt ihre ganze Energie? Oder diese Stimme, die mit einer Kraft hervorbrechen kann, dass sie Schockwellen erzeugt?",27.349538803100586,"Woher komme ihre ganze Energie? Oder diese Stimme, die mit einer Kraft hervorbrechen kann, dass sie Schockwellen erzeugt?",30.46600914001465,1
Dadurch verschärft sich die Kriegssituation in der Region.,18.900146484375,Dadurch verschärfe sich die Kriegssituation in der Region.,28.816417694091797,1
Ab hier wiederholt sich der Vorgang.,49.45018005371094,Ab hier wiederhole sich der Vorgang.,119.31072235107422,1
Nach Süden erstreckt sich die Gemeinde auf die Kette von Saulcy und hat hier mit ihren höchsten Punkt.,56.04398727416992,Nach Süden erstrecke sich die Gemeinde auf die Kette von Saulcy und hat hier mit ihren höchsten Punkt.,67.95118713378906,1
Nach seinem Ausscheiden aus dem US - Repräsentantenhaus verliert sich die Spur von Sandford wieder.,40.283912658691406,Nach seinem Ausscheiden aus dem US - Repräsentantenhaus verliere sich die Spur von Sandford wieder.,53.19911193847656,1
"Allgemein gesprochen bezieht sich das Wort Scheibaniden aber auf alle männlichen Nachkommen Scheibans, der der fünfte Sohn Jochi Khans und ein Enkel Dschingis Khans war.",31.548805236816406,"Allgemein gesprochen beziehe sich das Wort Scheibaniden aber auf alle männlichen Nachkommen Scheibans, der der fünfte Sohn Jochi Khans und ein Enkel Dschingis Khans war.",34.065895080566406,1
Drei Wochen lang ermöglicht das Festival mitten in dem Großen Walsertal Begegnungen mit zeitgenössischem Kunst - und Kulturschaffen.,17.346511840820312,Drei Wochen lang ermögliche das Festival mitten in dem Großen Walsertal Begegnungen mit zeitgenössischem Kunst - und Kulturschaffen.,18.436201095581055,1
Wegen seiner Urkundeneigenschaft lässt sich der Wechsel nur durch hohen Personaleinsatz und - aufwand abwickeln.,56.53937911987305,Wegen seiner Urkundeneigenschaft lasse sich der Wechsel nur durch hohen Personaleinsatz und - aufwand abwickeln.,58.74605941772461,1
"An dem Durchbruch, den der Bach in den Damm spülte, lässt sich das Schichtprofil der aufgeschütteten Erde ablesen.",46.79612350463867,"An dem Durchbruch, den der Bach in den Damm spülte, lasse sich das Schichtprofil der aufgeschütteten Erde ablesen.",44.88945770263672,0
Mehr noch als anderen Gewerkschaften bläst der IG Medien auch anderswo der Wind in das Gesicht.,61.44242858886719,Mehr noch als anderen Gewerkschaften blase der IG Medien auch anderswo der Wind in das Gesicht.,99.56731414794922,1
In den denkmalgeschützten Gebäuden findet heute ein moderner neusprachlich und naturwissenschaftlich geprägter Unterricht statt.,9.366133689880371,In den denkmalgeschützten Gebäuden finde heute ein moderner neusprachlich und naturwissenschaftlich geprägter Unterricht statt.,12.95093822479248,1
"In Passau existiert seit gut 20 Jahren eine Universität, wo so gut oder so schlecht gelehrt und geforscht wird wie an anderen deutschen Universitäten auch.",30.288742065429688,"In Passau existiere seit gut 20 Jahren eine Universität, wo so gut oder so schlecht gelehrt und geforscht wird wie an anderen deutschen Universitäten auch.",30.98978614807129,1
"Auch wenn der Name Reinickendorfs auf seinen Gründer, dem niedersächsische Bauer Reinhardt, zurückgeht, so versteht sich das Wappen mit dem Motiv des ""Reinecke Fuchs"" als redendes Wappen.",25.576963424682617,"Auch wenn der Name Reinickendorfs auf seinen Gründer, dem niedersächsische Bauer Reinhardt, zurückgeht, so verstehe sich das Wappen mit dem Motiv des ""Reinecke Fuchs"" als redendes Wappen.",29.233190536499023,1
Nach jüngeren Untersuchungen findet sich monogames Verhalten bei sieben Primatenarten und ist daher mit 3 % ebenso wenig verbreitet wie unter anderen Säugerarten.,35.357093811035156,Nach jüngeren Untersuchungen finde sich monogames Verhalten bei sieben Primatenarten und ist daher mit 3 % ebenso wenig verbreitet wie unter anderen Säugerarten.,43.445831298828125,1
"Dabei ändert sich auch die Richtung, in welcher die Sonne von der Erde aus gesehen erscheint.",10.552729606628418,"Dabei änder sich auch die Richtung, in welcher die Sonne von der Erde aus gesehen erscheint.",16.926549911499023,1
"In dem unregelmäßigen Zeichenstil der ab 1986 entstandenen letzten Gaston - Seiten spiegelt sich der wechselnde Gemütszustand Franquins wider: in einigen Gags ruhige, geradezu vorsichtig gezeichnete Linien, die die Dynamik früherer Zeiten vermissen lassen, in anderen Gags ein augenscheinlich von Depressionen und Krankheitsanfällen herrührender zittriger, ""klecksiger"" Stil.",23.19312858581543,"In dem unregelmäßigen Zeichenstil der ab 1986 entstandenen letzten Gaston - Seiten spiegle sich der wechselnde Gemütszustand Franquins wider: in einigen Gags ruhige, geradezu vorsichtig gezeichnete Linien, die die Dynamik früherer Zeiten vermissen lassen, in anderen Gags ein augenscheinlich von Depressionen und Krankheitsanfällen herrührender zittriger, ""klecksiger"" Stil.",24.992504119873047,1
Auch die verschiedenstens Servicetermine liefen immer gut ab und vor allem gibt sich der Service Mühe Reparaturen baldmöglichst auszuführen.,52.58578109741211,Auch die verschiedenstens Servicetermine liefen immer gut ab und vor allem gebe sich der Service Mühe Reparaturen baldmöglichst auszuführen.,56.310604095458984,1
"Trotz abwechslungsreicher Arrangements und der Nutzung von Akustikgitarren bleibt laut Michael Schäfer von dem Metal Hammer jedoch ""der etwas fade Geschmack des schon mal da Gewesenen"".",52.359615325927734,"Trotz abwechslungsreicher Arrangements und der Nutzung von Akustikgitarren bleibe laut Michael Schäfer von dem Metal Hammer jedoch ""der etwas fade Geschmack des schon mal da Gewesenen"".",53.04898452758789,1
Einen Sonderweg beschreitet seit einigen Jahren der Posaunenchor der Kreuznacher - Diakonie - Kantorei.,30.481666564941406,Einen Sonderweg beschreite seit einigen Jahren der Posaunenchor der Kreuznacher - Diakonie - Kantorei.,35.345035552978516,1
"Sofern der Erste Angriff durch Kräfte der Schutzpolizei erfolgt, findet vor Ort eine Tatort - Übergabe an die Kräfte der Kriminalpolizei statt.",19.8466739654541,"Sofern der Erste Angriff durch Kräfte der Schutzpolizei erfolgt, finde vor Ort eine Tatort - Übergabe an die Kräfte der Kriminalpolizei statt.",24.433008193969727,1
"Mit der Einführung des ICD - 10 in dem Jahre 1992, einem weltweit standardisierten Klassifizierungssystem, wandelt sich das Krankheitsverständnis der Psychiatrie erneut.",8.073124885559082,"Mit der Einführung des ICD - 10 in dem Jahre 1992, einem weltweit standardisierten Klassifizierungssystem, wandle sich das Krankheitsverständnis der Psychiatrie erneut.",9.95758056640625,1
"``Wir wären weitaus weiter, hätte man uns keine Steine in den Weg gelegt'', sagt der inzwischen in den Aufsichtsrat des hanseatischen Renommierklubs aufgerückte Versicherungsmakler.",26.14556884765625,"``Wir wären weitaus weiter, hätte man uns keine Steine in den Weg gelegt'', sage der inzwischen in den Aufsichtsrat des hanseatischen Renommierklubs aufgerückte Versicherungsmakler.",29.416501998901367,1
"Des Weiteren verfügt das Stadion über ein klimatisiertes Business - Center mit 160 Plätzen für Tagungen, Seminare sowie Hochzeiten, Jubiläen und ähnlichen Veranstaltungen mit 200 Plätzen.",10.83354663848877,"Des Weiteren verfüge das Stadion über ein klimatisiertes Business - Center mit 160 Plätzen für Tagungen, Seminare sowie Hochzeiten, Jubiläen und ähnlichen Veranstaltungen mit 200 Plätzen.",11.788921356201172,1
"Dabei ändert sich auch die Richtung, in welcher die Sonne von der Erde aus gesehen erscheint.",10.552729606628418,"Dabei ändre sich auch die Richtung, in welcher die Sonne von der Erde aus gesehen erscheint.",16.021747589111328,1
Schwarze Zahlen schreibt nach wie vor die Sparte Intensivmedizin und Diagnostik.,31.73409652709961,Schwarze Zahlen schreibe nach wie vor die Sparte Intensivmedizin und Diagnostik.,35.94818878173828,1
Umgangssprachlich ist dabei auch oft von dem Geist von Kreuth die Rede.,53.215980529785156,Umgangssprachlich bin dabei auch oft von dem Geist von Kreuth die Rede.,83.11003875732422,1
1349 findet sich die erste Erwähnung in einer Mainzer Urkunde als eine von vier Glashütten in dem Spessart.,26.382164001464844,1349 finde sich die erste Erwähnung in einer Mainzer Urkunde als eine von vier Glashütten in dem Spessart.,37.63309860229492,1
"``Die Region wird damit zu dem Entwicklungsland, die Bodenschätze vor Ort geschürft, die Veredlung und Wertschöpfung jedoch findet in dem Ausland statt'', ärgert sich der Abgeordnete Meyer.",43.68324661254883,"``Die Region wird damit zu dem Entwicklungsland, die Bodenschätze vor Ort geschürft, die Veredlung und Wertschöpfung jedoch findet in dem Ausland statt'', ärger sich der Abgeordnete Meyer.",49.254634857177734,1
Bulgarischen Presseberichten zufolge boomt der Flohhandel bereits an Schulen in dem ganzen Land.,34.225772857666016,Bulgarischen Presseberichten zufolge boome der Flohhandel bereits an Schulen in dem ganzen Land.,58.24605178833008,1
"In dem Gegenüber erkennt die nicht autonome und nicht selbstbestimmte Existenz ihr eigenes Ausgeliefertsein, ihre Unzulänglichkeit und ihre Verletzbarkeit.",16.099241256713867,"In dem Gegenüber erkenne die nicht autonome und nicht selbstbestimmte Existenz ihr eigenes Ausgeliefertsein, ihre Unzulänglichkeit und ihre Verletzbarkeit.",18.618574142456055,1
"Zentraleuropa erlebt eine bemerkenswerte Genesung'' berichtet der Generaldirektor der neuen Welthandelsorganisation (WTO,) Renato Ruggiero.",21.122373580932617,"Zentraleuropa erlebt eine bemerkenswerte Genesung'' berichte der Generaldirektor der neuen Welthandelsorganisation (WTO,) Renato Ruggiero.",26.875150680541992,1
"Insbesondere bei den Sorgenkindern, der Halbleitersparte und der Computer - Tochter Siemens Nixdorf Informationssysteme (SNI), scheint die Gesundung nicht recht voranzukommen.",32.20654296875,"Insbesondere bei den Sorgenkindern, der Halbleitersparte und der Computer - Tochter Siemens Nixdorf Informationssysteme (SNI), scheine die Gesundung nicht recht voranzukommen.",35.42920684814453,1
Mit seinem Erfolg verändert sich auch seine Persönlichkeit -- er wird zu einem arroganten Machtmenschen und verspielt so seine Sympathien in der Öffentlichkeit und bei der ehrgeizigen Journalistin Amy Archer.,17.111392974853516,Mit seinem Erfolg verändre sich auch seine Persönlichkeit -- er wird zu einem arroganten Machtmenschen und verspielt so seine Sympathien in der Öffentlichkeit und bei der ehrgeizigen Journalistin Amy Archer.,22.061325073242188,1
"``Die Region wird damit zu dem Entwicklungsland, die Bodenschätze vor Ort geschürft, die Veredlung und Wertschöpfung jedoch findet in dem Ausland statt'', ärgert sich der Abgeordnete Meyer.",43.68324661254883,"``Die Region wird damit zu dem Entwicklungsland, die Bodenschätze vor Ort geschürft, die Veredlung und Wertschöpfung jedoch findet in dem Ausland statt'', ärgre sich der Abgeordnete Meyer.",49.81477737426758,1
"Bei dieser Vorgehensweise stellt sich die Schwierigkeit der Definition der Geburtsstunde des Schachs, denn diese frühen Vorläufer unterscheiden sich hinsichtlich Regeln, Taktik und Charakter so stark von dem Schach, dass man nur schwerlich von dem gleichen Spiel sprechen kann.",16.616722106933594,"Bei dieser Vorgehensweise stelle sich die Schwierigkeit der Definition der Geburtsstunde des Schachs, denn diese frühen Vorläufer unterscheiden sich hinsichtlich Regeln, Taktik und Charakter so stark von dem Schach, dass man nur schwerlich von dem gleichen Spiel sprechen kann.",17.07613754272461,1
"``Zu dem ersten Mal in der Geschichte einer deutschen Großbank können nicht nur bestimmte Mitarbeitergruppen, sondern alle Arbeitnehmer Optionen erwerben'', lobt sich das Institut.",61.24130630493164,"``Zu dem ersten Mal in der Geschichte einer deutschen Großbank können nicht nur bestimmte Mitarbeitergruppen, sondern alle Arbeitnehmer Optionen erwerben'', lobe sich das Institut.",67.40669250488281,1
"Heute trainiert die Deutsche Nationalmannschaft wie viele andere wieder mit elastischen Bändern, weil so die für den Fußball wichtigen Muskelgruppen zielgerichtet angesprochen werden können.",20.52638053894043,"Heute trainiere die Deutsche Nationalmannschaft wie viele andere wieder mit elastischen Bändern, weil so die für den Fußball wichtigen Muskelgruppen zielgerichtet angesprochen werden können.",22.592050552368164,1
Mit seinem Erfolg verändert sich auch seine Persönlichkeit -- er wird zu einem arroganten Machtmenschen und verspielt so seine Sympathien in der Öffentlichkeit und bei der ehrgeizigen Journalistin Amy Archer.,17.111392974853516,Mit seinem Erfolg veränder sich auch seine Persönlichkeit -- er wird zu einem arroganten Machtmenschen und verspielt so seine Sympathien in der Öffentlichkeit und bei der ehrgeizigen Journalistin Amy Archer.,22.13418197631836,1
In diesem Buch findet sich auch eine Abbildung Lipperheys.,161.39637756347656,In diesem Buch finde sich auch eine Abbildung Lipperheys.,249.5444793701172,1
Dort herrscht jedoch ein erbitterter Kampf zwischen den Rebellen von Wotan und den eingeborenen Stämmen.,21.448049545288086,Dort herrsche jedoch ein erbitterter Kampf zwischen den Rebellen von Wotan und den eingeborenen Stämmen.,25.140459060668945,1
"Mit der Auflösung der LPGs droht in Ostdeutschland eine dramatische Flächenzersplitterung, denn viele der zwangskollektivierten Kleinbauern besaßen nur wenige Hektar.",16.546979904174805,"Mit der Auflösung der LPGs drohe in Ostdeutschland eine dramatische Flächenzersplitterung, denn viele der zwangskollektivierten Kleinbauern besaßen nur wenige Hektar.",18.020092010498047,1
"Mit der Einführung des ICD - 10 in dem Jahre 1992, einem weltweit standardisierten Klassifizierungssystem, wandelt sich das Krankheitsverständnis der Psychiatrie erneut.",8.073124885559082,"Mit der Einführung des ICD - 10 in dem Jahre 1992, einem weltweit standardisierten Klassifizierungssystem, wandele sich das Krankheitsverständnis der Psychiatrie erneut.",8.999316215515137,1
In der Hälfte bis zwei Drittel der Fälle heilt die Erkrankung spontan ab und es bleiben keine Symptome zurück.,11.065126419067383,In der Hälfte bis zwei Drittel der Fälle heile die Erkrankung spontan ab und es bleiben keine Symptome zurück.,12.303173065185547,1
Bei dem Betreten des Ladens würdigt der Inhaber dem Kunden keines Blickes.,55.75406265258789,Bei dem Betreten des Ladens würdige der Inhaber dem Kunden keines Blickes.,71.91793060302734,1
"Ihm obliegt die taktisch - operative Führung für alle, in dem Katastrophengebiet eingesetzten Kräfte.",46.39561462402344,"Ihm obliege die taktisch - operative Führung für alle, in dem Katastrophengebiet eingesetzten Kräfte.",51.58715057373047,1
Hier erwartet einen ein immer freundliches Serviceteam.,119.5352554321289,Hier erwarte einen ein immer freundliches Serviceteam.,278.28863525390625,1
Dabei entfällt die körperlich schwere und aufwändige Arbeit mit Fäustel und Meißel.,22.31675148010254,Dabei entfalle die körperlich schwere und aufwändige Arbeit mit Fäustel und Meißel.,29.92244529724121,1
Seit 2011 finanziert die Stiftung an dem Historischen Institut der Universität Stuttgart die Stiftungsprofessur Wirkungsgeschichte der Technik.,12.520560264587402,Seit 2011 finanziere die Stiftung an dem Historischen Institut der Universität Stuttgart die Stiftungsprofessur Wirkungsgeschichte der Technik.,15.41690444946289,1
In Istanbul läuft an diesem Nachmittag eine Großfahndung.,53.952449798583984,In Istanbul laufe an diesem Nachmittag eine Großfahndung.,78.75469207763672,1
"Lernt das erwachsene ""Ich"" der Patienten durch das an - erkennende Spiegeln den achtungsvollen Umgang mit sich selbst, dann wird sich das ""Ich"" auch zunehmend seiner selbst bewusst.",27.7197208404541,"Lernt das erwachsene ""Ich"" der Patienten durch das an - erkennende Spiegeln den achtungsvollen Umgang mit sich selbst, dann werde sich das ""Ich"" auch zunehmend seiner selbst bewusst.",29.793222427368164,1
Weniger Grund für Optimismus bietet die innenpolitische Situation.,74.51652526855469,Weniger Grund für Optimismus biete die innenpolitische Situation.,67.45068359375,0
In Gefiederfärbung und Zeichnung gleicht die Graukopfnonne der Weißkopfnonne.,37.747859954833984,In Gefiederfärbung und Zeichnung gleiche die Graukopfnonne der Weißkopfnonne.,54.423465728759766,1
"Der wiederholten Exposition folgt die durchsichtige Durchführung -- streng in der Sonatensatzform der Wiener Klassik gebunden, doch charmant und voller Witz, wie es eben nur Beethoven vermochte.",39.409088134765625,"Der wiederholten Exposition folge die durchsichtige Durchführung -- streng in der Sonatensatzform der Wiener Klassik gebunden, doch charmant und voller Witz, wie es eben nur Beethoven vermochte.",45.84218215942383,1
"Natürlich hängt der taktile Trend eng zusammen mit unserer wachsenden Leidenschaft, Dinge herzustellen.",24.389625549316406,"Natürlich hänge der taktile Trend eng zusammen mit unserer wachsenden Leidenschaft, Dinge herzustellen.",34.29042053222656,1
"Hierbei stützt diese Mehrheit sich auf den Wortlaut des (StGB), wonach die formelle Vollendung der Tat entscheidend sei.",34.04574966430664,"Hierbei stütze diese Mehrheit sich auf den Wortlaut des (StGB), wonach die formelle Vollendung der Tat entscheidend sei.",39.298561096191406,1
"Der württembergischen Tradition folgend, dominiert auch in Stuttgart der Rotwein.",35.007850646972656,"Der württembergischen Tradition folgend, dominiere auch in Stuttgart der Rotwein.",45.8491096496582,1
"In dem unregelmäßigen Zeichenstil der ab 1986 entstandenen letzten Gaston - Seiten spiegelt sich der wechselnde Gemütszustand Franquins wider: in einigen Gags ruhige, geradezu vorsichtig gezeichnete Linien, die die Dynamik früherer Zeiten vermissen lassen, in anderen Gags ein augenscheinlich von Depressionen und Krankheitsanfällen herrührender zittriger, ""klecksiger"" Stil.",23.19312858581543,"In dem unregelmäßigen Zeichenstil der ab 1986 entstandenen letzten Gaston - Seiten spiegel sich der wechselnde Gemütszustand Franquins wider: in einigen Gags ruhige, geradezu vorsichtig gezeichnete Linien, die die Dynamik früherer Zeiten vermissen lassen, in anderen Gags ein augenscheinlich von Depressionen und Krankheitsanfällen herrührender zittriger, ""klecksiger"" Stil.",26.046737670898438,1
Von ihm aus führt der letzte noch begehbare Teil des Ellinger Wehrganges bis zu den Resten des in dem Zweiten Weltkrieg zerstörten Weißenburger Tores.,22.225093841552734,Von ihm aus führe der letzte noch begehbare Teil des Ellinger Wehrganges bis zu den Resten des in dem Zweiten Weltkrieg zerstörten Weißenburger Tores.,26.278589248657227,1
Dazu kommt auch noch ein Fahrkostenpauschale die bei jeder Lieferung erhoben wird.,30.44247055053711,Dazu komme auch noch ein Fahrkostenpauschale die bei jeder Lieferung erhoben wird.,31.387033462524414,1
"Da die meisten ungarischen Herrscher aber auch in ihrem Stammland dem Adel weit entgegenkommen mussten, galt dies auch für Kroatien.",33.052059173583984,"Da die meisten ungarischen Herrscher aber auch in ihrem Stammland dem Adel weit entgegenkommen mußten, galt dies auch für Kroatien.",33.3292350769043,1
"Das Schild des Ost -- West -- Konfliktes, unter dem das deutsche Zweiblockland bequemen Schutz vor unangenehmen internationalen Verpflichtungen gefunden hatte, ist zerbrochen.",44.628883361816406,"Das Schild des Ost -- West -- Konfliktes, unter dem das deutsche Zweiblockland bequemen Schutz vor unangenehmen internationalen Verpflichtungen gefunden hatte, bin zerbrochen.",57.14971160888672,1
"Ankündigung von Bundeswirtschaftsminister Jürgen Möllemann (FDP,) er wolle die Möglichkeit zu der untertariflichen Bezahlung von Beschäftigten schaffen, hat in den fünf neuen Ländern bereits zu Nachteilen für Arbeitnehmer geführt.",19.089628219604492,"Ankündigung von Bundeswirtschaftsminister Jürgen Möllemann (FDP,) er wolle die Möglichkeit zu der untertariflichen Bezahlung von Beschäftigten schaffen, habe in den fünf neuen Ländern bereits zu Nachteilen für Arbeitnehmer geführt.",20.043689727783203,1
"Das letzte Mal war ich vor ein paar Wochen dort und muss sagen, dass es mir sehr gut gefallen hat.",10.85704517364502,"Das letzte Mal war ich vor ein paar Wochen dort und muss sagen, dass es mir sehr gut gefallen habe.",14.039694786071777,1
"Gegner waren die von Greasy Neale betreuten Philadelphia Eagles, die sich mit 28:21 den Cardinals geschlagen geben mussten.",45.49321746826172,"Gegner waren die von Greasy Neale betreuten Philadelphia Eagles, die sich mit 28:21 den Cardinals geschlagen geben mußten.",47.55876541137695,1
"Die Strandperle, die direkt an dem schönen Elbstrand in Hamburg Altona liegt, ist wunderschön gelegen und macht ihrem Namen alle Ehre.",17.463457107543945,"Die Strandperle, die direkt an dem schönen Elbstrand in Hamburg Altona liegt, bin wunderschön gelegen und macht ihrem Namen alle Ehre.",25.090089797973633,1
Allein der Deutsche Reisepreis-Sicherungsverein in München hat nach Angaben von Vorstandsmitglied Rudolf Wendorff in den vergangenen Monaten 25 Unternehmen wegen ihrer wirtschaftlichen Schieflage den Versicherungsvertrag gekündigt.,17.27109146118164,Allein der Deutsche Reisepreis-Sicherungsverein in München habe nach Angaben von Vorstandsmitglied Rudolf Wendorff in den vergangenen Monaten 25 Unternehmen wegen ihrer wirtschaftlichen Schieflage den Versicherungsvertrag gekündigt.,18.275192260742188,1
"Kaufleute, die aufgrund ihrer Handelsbeziehungen die Verhältnisse in Britannien gut kennen mussten, konnten oder wollten aber keine tauglichen Auskünfte über die Lebensweise und Kriegsstrategien der Insulaner oder geeignete Landungsplätze geben.",18.615209579467773,"Kaufleute, die aufgrund ihrer Handelsbeziehungen die Verhältnisse in Britannien gut kennen mußten, konnten oder wollten aber keine tauglichen Auskünfte über die Lebensweise und Kriegsstrategien der Insulaner oder geeignete Landungsplätze geben.",18.85631561279297,1
Der Druck auf den Shell-Konzern wegen seiner Unternehmenspolitik in Nigeria hat an dem Dienstag zugenommen.,31.042701721191406,Der Druck auf den Shell-Konzern wegen seiner Unternehmenspolitik in Nigeria habe an dem Dienstag zugenommen.,39.12544631958008,1
"Der heute sichtbare Gebäudetrakt, der zu der Mühlenstraße weist, ist ab etwa 1710 entstanden.",18.01434898376465,"Der heute sichtbare Gebäudetrakt, der zu der Mühlenstraße weist, bin ab etwa 1710 entstanden.",29.73301124572754,1
"Die Regierung von Hong Kong, die von Pro-Peking-Abgeordneten geleitet wird, hat sich dafür ausgesprochen, dass die beiden ihr Amt nicht antreten sollten.",13.687125205993652,"Die Regierung von Hong Kong, die von Pro-Peking-Abgeordneten geleitet wird, habe sich dafür ausgesprochen, dass die beiden ihr Amt nicht antreten sollten.",15.425912857055664,1
"Nicht versäumen möchte ich zu erwähnen, dass die Putzkolonne sehr gute Arbeit geleistet hat.",22.7926025390625,"Nicht versäumen möchte ich zu erwähnen, dass die Putzkolonne sehr gute Arbeit geleistet habe.",27.503753662109375,1
"Der Jassak, der Tribut an Pelzwerk der indigenen Bevölkerung Sibiriens, hat für lange Zeit eine bedeutende Rolle in den Finanzen der russischen Krone gespielt.",22.182458877563477,"Der Jassak, der Tribut an Pelzwerk der indigenen Bevölkerung Sibiriens, habe für lange Zeit eine bedeutende Rolle in den Finanzen der russischen Krone gespielt.",23.83428192138672,1
Die Debatte über die Teilnahme Deutschlands an militärischen Aktionen außerhalb des eigenen Bündnisgebietes ist in eine Sackgasse geraten.,9.329304695129395,Die Debatte über die Teilnahme Deutschlands an militärischen Aktionen außerhalb des eigenen Bündnisgebietes bin in eine Sackgasse geraten.,11.870649337768555,1
"Bei diesen Daten wird leicht übersehen, daß die ökonomische Stabilisierung sich bislang kaum auf den Arbeitsmärkten niedergeschlagen hat.",23.469039916992188,"Bei diesen Daten wird leicht übersehen, daß die ökonomische Stabilisierung sich bislang kaum auf den Arbeitsmärkten niedergeschlagen habe.",27.325204849243164,1
"Der US-Bürger Milan Panic, 62 Jahre alt, bis vorige Woche noch Chef der kalifornischen ICN Pharmaceuticals Inc, ist in dem Laufe seiner sprichwörtlichen Schuhputzerkarriere mehrfach mit ``Wachhunden'' der Wall Street, Aktionären, Buchprüfern und Wissenschaftlern in Konflikt gekommen.",35.31707763671875,"Der US-Bürger Milan Panic, 62 Jahre alt, bis vorige Woche noch Chef der kalifornischen ICN Pharmaceuticals Inc, bin in dem Laufe seiner sprichwörtlichen Schuhputzerkarriere mehrfach mit ``Wachhunden'' der Wall Street, Aktionären, Buchprüfern und Wissenschaftlern in Konflikt gekommen.",37.64811325073242,1
"Die Entscheidung der nigerianischen Militärregierung, die Todesurteile gegen neun Menschenrechtler zu bestätigen, ist international und bei Nigerias Opposition auf scharfe Kritik gestoßen.",14.117944717407227,"Die Entscheidung der nigerianischen Militärregierung, die Todesurteile gegen neun Menschenrechtler zu bestätigen, bin international und bei Nigerias Opposition auf scharfe Kritik gestoßen.",18.870662689208984,1
"Der Französische Digitale Rat, der zu Gesetzen bezüglich Fragen digitaler Techonologien berät, wird es auch eingehend prüfen.",48.87206268310547,"Der Französische Digitale Rat, der zu Gesetzen bezüglich Fragen digitaler Techonologien berät, werde es auch eingehend prüfen.",53.205101013183594,1
"Dann lieben wir richtig, wenn wir ihm ähnlich werden, der uns alle zuerst geliebt hat.",34.69477081298828,"Dann lieben wir richtig, wenn wir ihm ähnlich werden, der uns alle zuerst geliebt habe.",42.77095031738281,1
"Da die Dame mir dort allerdings extrem mürrisch zu verstehen gegeben hat, dass ich offensichtlich nicht erwünscht bin (was übrigens schon das zweite Mal war), habe ich mir dies anders überlegt.",28.659008026123047,"Da die Dame mir dort allerdings extrem mürrisch zu verstehen gegeben habe, dass ich offensichtlich nicht erwünscht bin (was übrigens schon das zweite Mal war), habe ich mir dies anders überlegt.",30.797962188720703,1
"Die Preise sind moderat, die Lieferzeiten wurden exakt eingehalten, die Küchenmonteure waren freundlich und haben auch nicht gemurrt, dass der Aufbau etwas länger als geplant gedauert hat.",16.60256576538086,"Die Preise sind moderat, die Lieferzeiten wurden exakt eingehalten, die Küchenmonteure waren freundlich und haben auch nicht gemurrt, dass der Aufbau etwas länger als geplant gedauert habe.",17.405485153198242,1
"Die ""Schutzjuden"" mussten hohe Schutzgelder und Abgaben errichten, waren also eine lukrative Einnahmequelle der Grundherren.",30.6380558013916,"Die ""Schutzjuden"" mußten hohe Schutzgelder und Abgaben errichten, waren also eine lukrative Einnahmequelle der Grundherren.",29.564294815063477,0
"``Es ist vielmehr so, daß der Markt uns richten wird, wenn wir nicht höllisch aufpassen.''",76.59902954101562,"``Es ist vielmehr so, daß der Markt uns richten werd, wenn wir nicht höllisch aufpassen.''",101.41313171386719,1
"``Während die Regierung sich und das Land von der Apartheid befreit hat'', hieß es in dem Dokument, ``hat der ANC sich noch immer nicht dem demokratischen politischen Wettbewerb angepaßt.''",18.709810256958008,"``Während die Regierung sich und das Land von der Apartheid befreit habe'', hieß es in dem Dokument, ``hat der ANC sich noch immer nicht dem demokratischen politischen Wettbewerb angepaßt.''",19.188934326171875,1
"Der Französische Digitale Rat, der zu Gesetzen bezüglich Fragen digitaler Techonologien berät, wird es auch eingehend prüfen.",48.87206268310547,"Der Französische Digitale Rat, der zu Gesetzen bezüglich Fragen digitaler Techonologien berät, werd' es auch eingehend prüfen.",62.89418411254883,1
"Hill demonstriere, so der selbst als Regisseur tätige Dominik Graf, ""ein vielschichtiges Mainstreamprodukt"", das genau wegen seiner ""teuren, sehr komplexen Art [...] zu allen Zeiten kommerziell durchfallen wird und somit dem ewig wiederkehrenden Heldentod an der Kinokasse geweiht ist.""",38.1884651184082,"Hill demonstriere, so der selbst als Regisseur tätige Dominik Graf, ""ein vielschichtiges Mainstreamprodukt"", das genau wegen seiner ""teuren, sehr komplexen Art [...] zu allen Zeiten kommerziell durchfallen werde und somit dem ewig wiederkehrenden Heldentod an der Kinokasse geweiht ist.""",40.46122360229492,1
"Hill demonstriere, so der selbst als Regisseur tätige Dominik Graf, ""ein vielschichtiges Mainstreamprodukt"", das genau wegen seiner ""teuren, sehr komplexen Art [...] zu allen Zeiten kommerziell durchfallen wird und somit dem ewig wiederkehrenden Heldentod an der Kinokasse geweiht ist.""",38.1884651184082,"Hill demonstriere, so der selbst als Regisseur tätige Dominik Graf, ""ein vielschichtiges Mainstreamprodukt"", das genau wegen seiner ""teuren, sehr komplexen Art [...] zu allen Zeiten kommerziell durchfallen werd und somit dem ewig wiederkehrenden Heldentod an der Kinokasse geweiht ist.""",43.813846588134766,1
"Sie dürfen davon ausgehen, daß die britische Regierung sich mit Shell in Verbindung setzen wird, um diese Pläne zu diskutieren.",18.959056854248047,"Sie dürfen davon ausgehen, daß die britische Regierung sich mit Shell in Verbindung setzen werde, um diese Pläne zu diskutieren.",21.595212936401367,1
"Der Französische Digitale Rat, der zu Gesetzen bezüglich Fragen digitaler Techonologien berät, wird es auch eingehend prüfen.",48.87206268310547,"Der Französische Digitale Rat, der zu Gesetzen bezüglich Fragen digitaler Techonologien berät, werd es auch eingehend prüfen.",58.53659439086914,1
Die Verlagerung von 80 000 Arbeitsplätzen in das Ausland während des ersten Halbjahres 1995 hat vielerorts wie ein Schock gewirkt.,13.162986755371094,Die Verlagerung von 80 000 Arbeitsplätzen in das Ausland während des ersten Halbjahres 1995 habe vielerorts wie ein Schock gewirkt.,14.620558738708496,1
"Nachdem sich abzeichnete, dass das Osmanische Reich durch den Verlust von Mazedonien seine territoriale Verbindung mit Albanien verlieren würde, wurde den Großmächten klar, dass sie ihre Entscheidung revidieren mussten.",11.777383804321289,"Nachdem sich abzeichnete, dass das Osmanische Reich durch den Verlust von Mazedonien seine territoriale Verbindung mit Albanien verlieren würde, wurde den Großmächten klar, dass sie ihre Entscheidung revidieren mußten.",12.231008529663086,1
"Den Schmutz, mit dem man mich betan hat, abwäscht?",198.57186889648438,"Den Schmutz, mit dem man mich betan habe, abwäscht?",233.63180541992188,1
"Sie dürfen davon ausgehen, daß die britische Regierung sich mit Shell in Verbindung setzen wird, um diese Pläne zu diskutieren.",18.959056854248047,"Sie dürfen davon ausgehen, daß die britische Regierung sich mit Shell in Verbindung setzen werd, um diese Pläne zu diskutieren.",27.37799644470215,1
"``Es ist vielmehr so, daß der Markt uns richten wird, wenn wir nicht höllisch aufpassen.''",76.59902954101562,"``Es ist vielmehr so, daß der Markt uns richten werd', wenn wir nicht höllisch aufpassen.''",125.20008850097656,1
"Projektmanager David Dale spricht von dem ``fürchterlichsten technischen Problem, das mir bislang in meiner Laufbahn begegnet ist''.",22.79783058166504,"Projektmanager David Dale spricht von dem ``fürchterlichsten technischen Problem, das mir bislang in meiner Laufbahn begegnet bin''.",29.45174217224121,1
"Der abendliche Disput der IG Metall über die Perspektiven von Arbeitszeitpolitik wird erbittert geführt, nachdem die Gewerkschaft den Kraftakt der 35-Stunden-Woche nach zehn Jahren endlich geschafft hat.",15.613743782043457,"Der abendliche Disput der IG Metall über die Perspektiven von Arbeitszeitpolitik wird erbittert geführt, nachdem die Gewerkschaft den Kraftakt der 35-Stunden-Woche nach zehn Jahren endlich geschafft habe.",16.72674560546875,1
"Der Präsident Boris Jelzin hat an dem Mittwoch die Chefin der Zentralbank, Tatjana Paramonowa, entlassen.",20.64797019958496,"Der Präsident Boris Jelzin habe an dem Mittwoch die Chefin der Zentralbank, Tatjana Paramonowa, entlassen.",26.23069190979004,1
"Und hoffe, dass mein Tier sich dort nicht irgendwelche Keime gefangen hat!",78.52935028076172,"Und hoffe, dass mein Tier sich dort nicht irgendwelche Keime gefangen habe!",101.43766021728516,1
"Diese zu Marktkonditionen umgetauscht, ergaben ein Vielfaches der Beträge, die die angeblichen Empfänger in Landeswährung für die Transferrubel zahlen mussten.",29.71934700012207,"Diese zu Marktkonditionen umgetauscht, ergaben ein Vielfaches der Beträge, die die angeblichen Empfänger in Landeswährung für die Transferrubel zahlen mußten.",30.24708366394043,1
"Sein Vermögen wird auf zehn Milliarden Dollar taxiert -- wenn es stimmt, daß er an seinem Familienkonzern Kokudo nur mit 40 Prozent beteiligt ist.",38.063785552978516,"Sein Vermögen wird auf zehn Milliarden Dollar taxiert -- wenn es stimmt, daß er an seinem Familienkonzern Kokudo nur mit 40 Prozent beteiligt bin.",47.76475143432617,1
"Sie dürfen davon ausgehen, daß die britische Regierung sich mit Shell in Verbindung setzen wird, um diese Pläne zu diskutieren.",18.959056854248047,"Sie dürfen davon ausgehen, daß die britische Regierung sich mit Shell in Verbindung setzen werd', um diese Pläne zu diskutieren.",34.431026458740234,1
"Hill demonstriere, so der selbst als Regisseur tätige Dominik Graf, ""ein vielschichtiges Mainstreamprodukt"", das genau wegen seiner ""teuren, sehr komplexen Art [...] zu allen Zeiten kommerziell durchfallen wird und somit dem ewig wiederkehrenden Heldentod an der Kinokasse geweiht ist.""",38.1884651184082,"Hill demonstriere, so der selbst als Regisseur tätige Dominik Graf, ""ein vielschichtiges Mainstreamprodukt"", das genau wegen seiner ""teuren, sehr komplexen Art [...] zu allen Zeiten kommerziell durchfallen werd' und somit dem ewig wiederkehrenden Heldentod an der Kinokasse geweiht ist.""",44.08413314819336,1
"Er besitzt ebenso die italienische Staatsbürgerschaft, die er sich durch Heirat erworben hat.",11.679871559143066,"Er besitzt ebenso die italienische Staatsbürgerschaft, die er sich durch Heirat erworben habe.",13.848803520202637,1
"Das Restaurant war sehr gut gefüllt, was mich sehr verwundert hat.",20.287458419799805,"Das Restaurant war sehr gut gefüllt, was mich sehr verwundert habe.",26.141542434692383,1
"``Es ist vielmehr so, daß der Markt uns richten wird, wenn wir nicht höllisch aufpassen.''",76.59902954101562,"``Es ist vielmehr so, daß der Markt uns richten werde, wenn wir nicht höllisch aufpassen.''",92.8192367553711,1
"Ein Großteil der Debatte vonseiten der Demokraten hat sich um weiße, männliche Identität gedreht.",23.58509635925293,"Ein Großteil der Debatte vonseiten der Demokraten habe sich um weiße, männliche Identität gedreht.",27.853933334350586,1
"Zu ihrer rechten steht Hermes, der ihr offenbar die Botschaft von der anstehenden göttlichen Rettung ihrer beiden Kinder bringen wird.",45.001827239990234,"Zu ihrer rechten steht Hermes, der ihr offenbar die Botschaft von der anstehenden göttlichen Rettung ihrer beiden Kinder bringen werd.",58.80244827270508,1
"Bankkunden mussten mehrere Stunden anstehen, um Geld abzuheben.",25.686811447143555,"Bankkunden mußten mehrere Stunden anstehen, um Geld abzuheben.",25.325620651245117,0
"Mancherlei Abfälliges ist über den Fünfakter geschrieben worden, dessen Zeit vielleicht erst jetzt gekommen ist.",106.0986328125,"Mancherlei Abfälliges ist über den Fünfakter geschrieben worden, dessen Zeit vielleicht erst jetzt gekommen bin.",132.20428466796875,1
Die Zahl der Toten nach dem Taifun auf den Philippinen ist nach offiziellen Angaben auf mehr als 600 angestiegen.,9.76220703125,Die Zahl der Toten nach dem Taifun auf den Philippinen bin nach offiziellen Angaben auf mehr als 600 angestiegen.,15.15137767791748,1
Was sich geändert hat?,112.9717788696289,Was sich geändert habe?,168.31317138671875,1
"Ihm wird gutgeschrieben, dass er sich an der Reduzierung des von den chinesischen Kommunalverwaltungen verursachten Schuldenbergs unterstützend beteiligt hat.",28.39653205871582,"Ihm wird gutgeschrieben, dass er sich an der Reduzierung des von den chinesischen Kommunalverwaltungen verursachten Schuldenbergs unterstützend beteiligt habe.",30.58002471923828,1
"Zu ihrer rechten steht Hermes, der ihr offenbar die Botschaft von der anstehenden göttlichen Rettung ihrer beiden Kinder bringen wird.",45.001827239990234,"Zu ihrer rechten steht Hermes, der ihr offenbar die Botschaft von der anstehenden göttlichen Rettung ihrer beiden Kinder bringen werde.",49.73773193359375,1
"``Wir wissen, daß Aufklärung nicht so schnell zu erreichen ist, wie wir das vor zwanzig Jahren gedacht haben;",26.667150497436523,"``Wir wissen, daß Aufklärung nicht so schnell zu erreichen bin, wie wir das vor zwanzig Jahren gedacht haben;",33.613136291503906,1
"Nachdem an meinem Fahrrad die Kette gerissen ist, habe ich es dahin gebracht und mir wurde versichert, dass es innerhalb von 5 Tagen repariert ist.",15.969245910644531,"Nachdem an meinem Fahrrad die Kette gerissen bin, habe ich es dahin gebracht und mir wurde versichert, dass es innerhalb von 5 Tagen repariert ist.",19.502765655517578,1
"Deshalb wurden Gabionen installiert, dennoch ergaben Messungen, dass der Turm sich zu neigen begonnen hat.",43.36686706542969,"Deshalb wurden Gabionen installiert, dennoch ergaben Messungen, dass der Turm sich zu neigen begonnen habe.",48.384254455566406,1
"Die US-Menschenrechtsorganisation ``Afrika Watch'' hat dem zairischen Präsidenten Mobutu Sese Seko vorgeworfen, den demokratischen Prozeß in seinem Land zu sabotieren.",10.215188026428223,"Die US-Menschenrechtsorganisation ``Afrika Watch'' habe dem zairischen Präsidenten Mobutu Sese Seko vorgeworfen, den demokratischen Prozeß in seinem Land zu sabotieren.",12.048929214477539,1
"Kennt man das DNA - Profil eines Elternteils mit Sicherheit, so lässt sich meist festlegen, welche Merkmale das Kind von diesem geerbt hat.",31.92271614074707,"Kennt man das DNA - Profil eines Elternteils mit Sicherheit, so lässt sich meist festlegen, welche Merkmale das Kind von diesem geerbt habe.",37.122962951660156,1
"Die Innenstadt ist gut zu Fuß zu erreichen, das Frühstück war super...",16.71385383605957,"Die Innenstadt bin gut zu Fuß zu erreichen, das Frühstück war super...",31.11103057861328,1
Der französische Multi-Unternehmer und ehemalige Minister Bernard Tapie hat das Übernahmeangebot einer internationalen Investorengruppe für den Sportartikelhersteller adidas in Herzogenaurach verfallen lassen.,15.962862014770508,Der französische Multi-Unternehmer und ehemalige Minister Bernard Tapie habe das Übernahmeangebot einer internationalen Investorengruppe für den Sportartikelhersteller adidas in Herzogenaurach verfallen lassen.,18.646934509277344,1
"Ob das Kartellamt, das sich bislang mit der komplexen Materie kaum beschäftigt hat, quasi mit der linken Hand die Aufsicht über einen mehr als 100 Milliarden Mark umfassenden Zukunftsmarkt übernehmen kann, erscheint fraglich.",22.433425903320312,"Ob das Kartellamt, das sich bislang mit der komplexen Materie kaum beschäftigt habe, quasi mit der linken Hand die Aufsicht über einen mehr als 100 Milliarden Mark umfassenden Zukunftsmarkt übernehmen kann, erscheint fraglich.",24.88661766052246,1
War Empfehlung von mein Bruder der einen Leuchtkasten seiner Firma neu gebraucht hat.,85.94464111328125,War Empfehlung von mein Bruder der einen Leuchtkasten seiner Firma neu gebraucht habe.,91.50099182128906,1
"Sie ist über einen schmalen Wasserarm hinweg nur mit der Fähre zu erreichen, die in dem Normalfall in dem Abstand von 15 Minuten verkehrt, bei größerem Andrang auch öfter.",19.566478729248047,"Sie bin über einen schmalen Wasserarm hinweg nur mit der Fähre zu erreichen, die in dem Normalfall in dem Abstand von 15 Minuten verkehrt, bei größerem Andrang auch öfter.",25.106054306030273,1
"Parlamentarische Staatssekretär in dem Bundesarbeitsministerium, Horst Günther (CDU,) hat ein Urteil des Europäischen Gerichtshofs (EuGH) scharf kritisiert, das Arbeitgeber zu der Lohnfortzahlung auch bei berechtigten Zweifeln an der Arbeitsunfähigkeitsbescheinigung verpflichtet.",8.999934196472168,"Parlamentarische Staatssekretär in dem Bundesarbeitsministerium, Horst Günther (CDU,) habe ein Urteil des Europäischen Gerichtshofs (EuGH) scharf kritisiert, das Arbeitgeber zu der Lohnfortzahlung auch bei berechtigten Zweifeln an der Arbeitsunfähigkeitsbescheinigung verpflichtet.",9.632526397705078,1
Die Weltwirtschaftskrise hat auch vor den Theatern an dem Broadway nicht halt gemacht und Fanny hat Probleme Arbeit zu finden.,72.0406265258789,Die Weltwirtschaftskrise habe auch vor den Theatern an dem Broadway nicht halt gemacht und Fanny hat Probleme Arbeit zu finden.,95.10157012939453,1
"Zu ihrer rechten steht Hermes, der ihr offenbar die Botschaft von der anstehenden göttlichen Rettung ihrer beiden Kinder bringen wird.",45.001827239990234,"Zu ihrer rechten steht Hermes, der ihr offenbar die Botschaft von der anstehenden göttlichen Rettung ihrer beiden Kinder bringen werd'.",70.0525131225586,1
"Die Veröffentlichung wurde 2009 endgültig eingestellt, da der japanische Verlag die Zusammenarbeit mit Tokyopop beendet hat.",9.840130805969238,"Die Veröffentlichung wurde 2009 endgültig eingestellt, da der japanische Verlag die Zusammenarbeit mit Tokyopop beendet habe.",10.90825080871582,1
"Die Band hat das erste Grindcorealbum aufgenommen, allerdings erst später offiziell veröffentlicht.",32.52933120727539,"Die Band habe das erste Grindcorealbum aufgenommen, allerdings erst später offiziell veröffentlicht.",38.058815002441406,1
"„Wir bewegen uns in die richtige Richtung: das Abkommen von Paris wird den Klimawandel verlangsamen, genauso wie das Abkommen von Kigali zu der Reduzierung von FKW“, sagte der Direktor des UN-Umweltprogramms, Erik Solheim.",13.874397277832031,"„Wir bewegen uns in die richtige Richtung: das Abkommen von Paris werd den Klimawandel verlangsamen, genauso wie das Abkommen von Kigali zu der Reduzierung von FKW“, sagte der Direktor des UN-Umweltprogramms, Erik Solheim.",17.528217315673828,1
Die Verkehrspolizei in Shenzhen hat schon zuvor auf unkonventionelle Strafen gesetzt.,26.308095932006836,Die Verkehrspolizei in Shenzhen habe schon zuvor auf unkonventionelle Strafen gesetzt.,34.98193359375,1
"Die Gerichte haben sich in diesem Zusammenhang auf eine Entscheidung des Bundesgerichtshofs gestützt, die gerade aus Anlaß herabsetzender Äußerungen über Soldaten ergangen ist.",13.660658836364746,"Die Gerichte haben sich in diesem Zusammenhang auf eine Entscheidung des Bundesgerichtshofs gestützt, die gerade aus Anlaß herabsetzender Äußerungen über Soldaten ergangen bin.",17.310680389404297,1
"Diese Schauspielagentur ist Filmemachern und Produzenten ebenso zu empfehlen, wie jungen, talentierten Schauspielern.",12.852502822875977,"Diese Schauspielagentur bin Filmemachern und Produzenten ebenso zu empfehlen, wie jungen, talentierten Schauspielern.",17.68368148803711,1
"Colonel Samuel Trautman, Rambos Ausbilder, der ihn auf den Vietnamkrieg vorbereitet hat, will ihn für einen Einsatz in Afghanistan gewinnen.",44.61050033569336,"Colonel Samuel Trautman, Rambos Ausbilder, der ihn auf den Vietnamkrieg vorbereitet habe, will ihn für einen Einsatz in Afghanistan gewinnen.",48.939666748046875,1
Südafrikas Präsident Nelson Mandela hat an dem Mittwoch ein Öl-Embargo gegen Nigeria gefordert.,22.199304580688477,Südafrikas Präsident Nelson Mandela habe an dem Mittwoch ein Öl-Embargo gegen Nigeria gefordert.,27.846773147583008,1
"Glücklich sei, wem das Schicksal diese Leiden erspart hat!",33.30195999145508,"Glücklich sei, wem das Schicksal diese Leiden erspart habe!",40.705467224121094,1
Die Aerospace-Gruppe des Triebwerkherstellers Rolls-Royce hat mit dem amerikanischen EDV-Dienstleister Electronic Data Systems (EDS) einen Zehnjahresvertrag abgeschlossen.,9.650580406188965,Die Aerospace-Gruppe des Triebwerkherstellers Rolls-Royce habe mit dem amerikanischen EDV-Dienstleister Electronic Data Systems (EDS) einen Zehnjahresvertrag abgeschlossen.,10.91880989074707,1
"Dazu muss man sagen, dass besagter ServiceMA gerade alle Stühle in dem geschlossenen Bereich aufgestellt und für spätere Gäste zurecht gerückt hat.",46.449989318847656,"Dazu muss man sagen, dass besagter ServiceMA gerade alle Stühle in dem geschlossenen Bereich aufgestellt und für spätere Gäste zurecht gerückt habe.",50.9504280090332,1
Der Schriftsteller Jose Yglesias ist in dem Alter von 75 Jahren gestorben.,28.422956466674805,Der Schriftsteller Jose Yglesias bin in dem Alter von 75 Jahren gestorben.,34.49477005004883,1
"Der Fogou von Carn Euny ist besonders gut erhalten und besteht aus einem über 20 m langen Gang, einem Seitengang, der zu einer runden steingefassten Kammer führt, deren Decke eingestürzt ist, und einem kleinen Tunnel, der möglicherweise einen Zweitzugang darstellt.",16.870006561279297,"Der Fogou von Carn Euny ist besonders gut erhalten und besteht aus einem über 20 m langen Gang, einem Seitengang, der zu einer runden steingefassten Kammer führt, deren Decke eingestürzt bin, und einem kleinen Tunnel, der möglicherweise einen Zweitzugang darstellt.",20.66676902770996,1
"Da kann man sich sicher vorstellen, wie das Personal mit der Brille umgegangen ist.",40.098304748535156,"Da kann man sich sicher vorstellen, wie das Personal mit der Brille umgegangen bin.",64.00155639648438,1
Der Werkzeugmaschinenbauer Trumpf hat mit dem Betriebsrat ein neues Arbeitszeitmodell vereinbart.,15.986102104187012,Der Werkzeugmaschinenbauer Trumpf habe mit dem Betriebsrat ein neues Arbeitszeitmodell vereinbart.,18.654695510864258,1
Dieser Anteil ist über die Jahre kontinuierlich gestiegen – vor dem Wahltag 1996 wurden laut der US-Statistikbehörde nur 11 Prozent der Gesamtstimmen abgegeben – und dürfte auch dieses Jahr wieder sprunghaft ansteigen.,15.580357551574707,Dieser Anteil bin über die Jahre kontinuierlich gestiegen – vor dem Wahltag 1996 wurden laut der US-Statistikbehörde nur 11 Prozent der Gesamtstimmen abgegeben – und dürfte auch dieses Jahr wieder sprunghaft ansteigen.,19.629945755004883,1
Der israelische Ministerpräsident Yitzhak Rabin ist nach Erkenntnissen der Polizei einer rechtsradikalen Verschwörung zu dem Opfer gefallen.,12.857440948486328,Der israelische Ministerpräsident Yitzhak Rabin bin nach Erkenntnissen der Polizei einer rechtsradikalen Verschwörung zu dem Opfer gefallen.,17.899871826171875,1
"Inzwischen pendeln viele Leute nach Keflavík oder Reykjavík, so dass die Gesamteinwohnerzahl in den letzten Jahren angestiegen ist von 1.065 Einwohnern in dem Jahre 1988 auf 1.452 Einwohner zu Beginn des Jahres 2011.",9.447214126586914,"Inzwischen pendeln viele Leute nach Keflavík oder Reykjavík, so dass die Gesamteinwohnerzahl in den letzten Jahren angestiegen bin von 1.065 Einwohnern in dem Jahre 1988 auf 1.452 Einwohner zu Beginn des Jahres 2011.",10.602291107177734,1
Die Weltgesundheitsorganisation WHO hat 1989 für rekombinante EPO - Varianten eine INN - Nomenklatur eingeführt.,26.332782745361328,Die Weltgesundheitsorganisation WHO habe 1989 für rekombinante EPO - Varianten eine INN - Nomenklatur eingeführt.,33.335426330566406,1
Jemand unfreundlicheres ist mir in meinem ganzen Leben noch nicht begegnet!,24.315961837768555,Jemand unfreundlicheres bin mir in meinem ganzen Leben noch nicht begegnet!,35.04302978515625,1
Anwesende Biologen mussten die Insel verlassen.,94.0423812866211,Anwesende Biologen mußten die Insel verlassen.,83.96422576904297,0
Ein neophytisches Vorkommen in Bayern ist wieder erloschen.,55.82573318481445,Ein neophytisches Vorkommen in Bayern bin wieder erloschen.,118.0940170288086,1
"Ich war einmal Kunde dieser Kette, was auch nicht so schnell wieder passieren wird.",87.79299926757812,"Ich war einmal Kunde dieser Kette, was auch nicht so schnell wieder passieren werde.",107.64299774169922,1
"Jahrhundert, auf dem Gelände einer alten Stadtanlage, die als Balasagun vermutlich ein Hauptort der Sogdier und später für einige Zeit die Hauptstadt der Karachaniden war, von der heute jedoch nur noch ein großer Erdhügel geblieben ist.",15.68173599243164,"Jahrhundert, auf dem Gelände einer alten Stadtanlage, die als Balasagun vermutlich ein Hauptort der Sogdier und später für einige Zeit die Hauptstadt der Karachaniden war, von der heute jedoch nur noch ein großer Erdhügel geblieben bin.",18.77419662475586,1
"Es geht darum, wie der Chef danach gehandelt hat.",43.93727111816406,"Es geht darum, wie der Chef danach gehandelt habe.",59.12702178955078,1
Diese zusätzliche Reparatur hat 6 zusätzliche Tage gedauert und ich dürfte auch noch die Hälfte bezahlen.,29.431928634643555,Diese zusätzliche Reparatur habe 6 zusätzliche Tage gedauert und ich dürfte auch noch die Hälfte bezahlen.,32.066162109375,1
Der Sturm in der Ostsee hat an die Strände Mecklenburg-Vorpommerns scharfe Flak-Granaten und Panzerfäuste gespült.,24.678674697875977,Der Sturm in der Ostsee habe an die Strände Mecklenburg-Vorpommerns scharfe Flak-Granaten und Panzerfäuste gespült.,30.17600440979004,1
Präsident Liamine Zeroual hat es gewagt.,48.471961975097656,Präsident Liamine Zeroual habe es gewagt.,84.3893814086914,1
"Diese Modelle mussten allerdings lange ohne Fernsteuerung auskommen, da diese zu schwer gewesen wäre.",42.56692886352539,"Diese Modelle mußten allerdings lange ohne Fernsteuerung auskommen, da diese zu schwer gewesen wäre.",46.47617721557617,1
"Die weitläufigen Wälder mussten nach und nach der städtebaulichen Entwicklung weichen, zahlreiche Waldreste sind vor allem an den Ufern der Seen erhalten geblieben.",13.064064025878906,"Die weitläufigen Wälder mußten nach und nach der städtebaulichen Entwicklung weichen, zahlreiche Waldreste sind vor allem an den Ufern der Seen erhalten geblieben.",13.309515953063965,1
"Der weltweite Preisanstieg bei Nahrungsmitteln in den Jahren 2007 und 2008 hat zu einer Diskussion geführt, ob und inwieweit die Herstellung nachwachsender Rohstoffe zu der Energieproduktion diesem Anstieg Vorschub geleistet hat.",7.97559118270874,"Der weltweite Preisanstieg bei Nahrungsmitteln in den Jahren 2007 und 2008 hat zu einer Diskussion geführt, ob und inwieweit die Herstellung nachwachsender Rohstoffe zu der Energieproduktion diesem Anstieg Vorschub geleistet habe.",8.215141296386719,1
Der Publizist Johannes Gross hat in einem lesenswerten Buch über die Lage der Nation die Berliner Republik an den Anfang seiner Betrachtungen gestellt.,25.868295669555664,Der Publizist Johannes Gross habe in einem lesenswerten Buch über die Lage der Nation die Berliner Republik an den Anfang seiner Betrachtungen gestellt.,29.543174743652344,1
"Der Standpunkt der RSPB hat sie auch mit vielen führenden Umweltschützern in Konflikt gebracht, von dem Initiator der Petition, Mark Avery, bis zu dem TV-Moderator Chris Packham.",17.709625244140625,"Der Standpunkt der RSPB habe sie auch mit vielen führenden Umweltschützern in Konflikt gebracht, von dem Initiator der Petition, Mark Avery, bis zu dem TV-Moderator Chris Packham.",18.590253829956055,1
Die Einwohnerzahl des Kanton ist zwischen den beiden letzten Volkszählungen um etwa ein Viertel angestiegen.,8.682487487792969,Die Einwohnerzahl des Kanton bin zwischen den beiden letzten Volkszählungen um etwa ein Viertel angestiegen.,12.067333221435547,1
"Wo wart ihr, als unser Haus von den Raubtieren umstellt war?",65.31019592285156,"Wo waren ihr, als unser Haus von den Raubtieren umstellt war?",55.973670959472656,0
"Was machst du, mein Sohn?",53.79806900024414,"Was mache du, mein Sohn?",147.04110717773438,1
"Wohin gehst du, Marcus?",59.1014289855957,"Wohin gehe du, Marcus?",137.1082305908203,1
"Der Anfang ist eine Umdichtung von Psalm 42:5, den Luther übersetzt hatte: ""Was betrübst du dich, meine Seele, und bist so unruhig in mir?",19.131271362304688,"Der Anfang ist eine Umdichtung von Psalm 42:5, den Luther übersetzt hatte: ""Was betrübe du dich, meine Seele, und bist so unruhig in mir?",24.450536727905273,1
"Buch Mose 6,8: ""Du sollst sie als Zeichen um das Handgelenk binden.",31.55551528930664,"Buch Mose 6,8: ""Du soll sie als Zeichen um das Handgelenk binden.",45.75244903564453,1
"Bei seiner Haftentlassung in dem November 1933 führte er ein persönliches Entlassungsgespräch mit Himmler, von dem er zynisch mit auf den Weg bekam: ""Sie haben auf das falsche Pferd gesetzt.""",17.511260986328125,"Bei seiner Haftentlassung in dem November 1933 führte er ein persönliches Entlassungsgespräch mit Himmler, von dem er zynisch mit auf den Weg bekam: ""Sie hat auf das falsche Pferd gesetzt.""",19.046283721923828,1
"Bischof Kohlwage räumte ein, daß in dem vergangenen Jahr politisch Verantwortliche kaum auf den EKD-Bericht reagiert hätten.",33.48885726928711,"Bischof Kohlwage räumte ein, daß in dem vergangenen Jahr politisch Verantwortliche kaum auf den EKD-Bericht reagiert hätte.",45.70472717285156,1
"Dazu wird es in Marokko an dem mittleren Samstag einen Termin geben, an dem Industrieländer sich gegenseitig öffentlich zu ihren Plänen und Ambitionen befragen können.",28.13803482055664,"Dazu wird es in Marokko an dem mittleren Samstag einen Termin geben, an dem Industrieländer sich gegenseitig öffentlich zu ihren Plänen und Ambitionen befragen kann.",31.933944702148438,1
"Die Maschinen, die vor allem auf den florierenden Fernost-Strecken eingesetzt werden, sollen den Airbus A310 ersetzen.",28.92677879333496,"Die Maschinen, die vor allem auf den florierenden Fernost-Strecken eingesetzt werden, soll den Airbus A310 ersetzen.",34.34218978881836,1
"Die Firma teilte der BBC mit, dass die Entscheidung, ob Passagiere eine Zugangsgebühr entrichten müssten, bei der jeweiligen Fluggesellschaft liege.",13.425642967224121,"Die Firma teilte der BBC mit, dass die Entscheidung, ob Passagiere eine Zugangsgebühr entrichten müsste, bei der jeweiligen Fluggesellschaft liege.",15.515146255493164,1
Die Mannschaften auf den Rängen acht und neun sollten über Kreuz eine Play - down - Serie spielen.,52.64757537841797,Die Mannschaften auf den Rängen acht und neun sollte über Kreuz eine Play - down - Serie spielen.,60.099220275878906,1
"In dem Saarländischen Rundfunk sagte er an dem Montag, es sei ``eigentlich ein Witz und nicht zu verstehen'', daß Menschen aus Kroatien, Slowenien und Serbien in Deutschland Aufnahme fänden, Flüchtlinge aus Bosnien-Herzegowina jedoch nur mit Visum einreisen dürften.",15.032008171081543,"In dem Saarländischen Rundfunk sagte er an dem Montag, es sei ``eigentlich ein Witz und nicht zu verstehen'', daß Menschen aus Kroatien, Slowenien und Serbien in Deutschland Aufnahme fänden, Flüchtlinge aus Bosnien-Herzegowina jedoch nur mit Visum einreisen dürfte.",16.42726707458496,1
"Die jährliche Umfrage hat ebenfalls gezeigt, dass die Sorgen darüber, neue finanzielle Lasten auf sich zu nehmen, in die Höhe geschnellt sind.",17.53228759765625,"Die jährliche Umfrage hat ebenfalls gezeigt, dass die Sorgen darüber, neue finanzielle Lasten auf sich zu nehmen, in die Höhe geschnellt ist.",19.266889572143555,1
"Lamarck bestritt weitestgehend, dass Arten aussterben können.",74.83300018310547,"Lamarck bestritt weitestgehend, dass Arten aussterben kann.",85.93788146972656,1
"SPD-Bundesgeschäftsführer Karlheinz Blessing hat als Alternative zu dem Karenztag vorgeschlagen, daß ``Blaumacher'' ihre Fehlzeiten nacharbeiten sollten.",53.45037078857422,"SPD-Bundesgeschäftsführer Karlheinz Blessing hat als Alternative zu dem Karenztag vorgeschlagen, daß ``Blaumacher'' ihre Fehlzeiten nacharbeiten sollte.",52.74227523803711,0
"Jeder Bischof soll aufgefordert worden sein, entsprechende Klöster in seiner Diözese zu überprüfen und festzustellen, ob die jungen Inderinnen wirklich Ordensschwestern werden wollten.",18.478557586669922,"Jeder Bischof soll aufgefordert worden sein, entsprechende Klöster in seiner Diözese zu überprüfen und festzustellen, ob die jungen Inderinnen wirklich Ordensschwestern werden wollte.",22.21373748779297,1
"Vier Studenten von der Universität Roma Tre haben einen Motorradhelm entwickelt, der „Gedanken lesen“ und die Handlungen des Fahrer vorhersehen kann.",21.91534423828125,"Vier Studenten von der Universität Roma Tre hat einen Motorradhelm entwickelt, der „Gedanken lesen“ und die Handlungen des Fahrer vorhersehen kann.",25.785993576049805,1
"Er kommt zu dem Schluss, dass das ""Kunstwerk der Zukunft"" nur durch eine Vereinigung von Tonkunst, Tanzkunst und Drama, in dem Zusammenspiel mit den bildenden Künsten (Bau -, Mal - und Bildhauerkunst) sich zu einer neuen Blüte entfalten könne, und dass die Impulse dazu aus dem Volke kommen müssten.",13.81926155090332,"Er kommt zu dem Schluss, dass das ""Kunstwerk der Zukunft"" nur durch eine Vereinigung von Tonkunst, Tanzkunst und Drama, in dem Zusammenspiel mit den bildenden Künsten (Bau -, Mal - und Bildhauerkunst) sich zu einer neuen Blüte entfalten könne, und dass die Impulse dazu aus dem Volke kommen müsste.",14.497602462768555,1
"Solche Änderungen wurden später von Kopisten als Kopierfehler betrachtet und in korrigierter Form kopiert, so dass auf diese Weise die irischen Feinheiten bei vielen Kopien wieder verloren gegangen sind.",22.187381744384766,"Solche Änderungen wurden später von Kopisten als Kopierfehler betrachtet und in korrigierter Form kopiert, so dass auf diese Weise die irischen Feinheiten bei vielen Kopien wieder verloren gegangen ist.",24.091148376464844,1
"Weinberger gab überraschend zu, dass amerikanische U - Boote ""regelmäßig"" und ""häufig"" in schwedische Gewässer eingedrungen, während sowjetische U - Boote dazu nicht in der Lage gewesen seien.",12.427966117858887,"Weinberger gab überraschend zu, dass amerikanische U - Boote ""regelmäßig"" und ""häufig"" in schwedische Gewässer eingedrungen, während sowjetische U - Boote dazu nicht in der Lage gewesen sei.",14.004374504089355,1
"Die Regierung von Hong Kong, die von Pro-Peking-Abgeordneten geleitet wird, hat sich dafür ausgesprochen, dass die beiden ihr Amt nicht antreten sollten.",13.687125205993652,"Die Regierung von Hong Kong, die von Pro-Peking-Abgeordneten geleitet wird, hat sich dafür ausgesprochen, dass die beiden ihr Amt nicht antreten sollte.",14.237509727478027,1
"Es wurde offenbar, dass die bisherigen Planungen die Lage falsch eingeschätzt hatten.",22.896949768066406,"Es wurde offenbar, dass die bisherigen Planungen die Lage falsch eingeschätzt hatte.",27.542179107666016,1
Fahrzeuge wie PKW oder LKW können direkt von dem Boden aus in den Laderaum fahren.,27.45464324951172,Fahrzeuge wie PKW oder LKW kann direkt von dem Boden aus in den Laderaum fahren.,34.95768737792969,1
"Als Gouverneur setzte er sich für eine staatsweite Krankenversicherung ein, deren Prämien sich nach der individuellen Zahlungsfähigkeit der Bevölkerung richten sollten.",9.061699867248535,"Als Gouverneur setzte er sich für eine staatsweite Krankenversicherung ein, deren Prämien sich nach der individuellen Zahlungsfähigkeit der Bevölkerung richten sollte.",9.957435607910156,1
"Das Gremium hofft, daß sich die zuständigen Behörden weltweit den neuen Mindestanforderungen anschließen werden.",18.190000534057617,"Das Gremium hofft, daß sich die zuständigen Behörden weltweit den neuen Mindestanforderungen anschließen wird.",20.209299087524414,1
"Große Teile der Weinhauser Bevölkerung waren bereits geflohen, die verbliebenen wurden ermordet oder versklavt.",13.147366523742676,"Große Teile der Weinhauser Bevölkerung war bereits geflohen, die verbliebenen wurden ermordet oder versklavt.",13.659968376159668,1
"Die Delegierten des diesjährigen Parteikongresses, der an dem Samstag hinter verschlossenen Türen in dem Beisein von rund hundert Delegierten begonnen hatte, hatten Gorbatschow in Abwesenheit aus der Partei ausgeschlossen.",12.037888526916504,"Die Delegierten des diesjährigen Parteikongresses, der an dem Samstag hinter verschlossenen Türen in dem Beisein von rund hundert Delegierten begonnen hatte, hatte Gorbatschow in Abwesenheit aus der Partei ausgeschlossen.",12.095003128051758,1
Die Zahnärzte an Rhein und Ruhr waren nach Verbandsangaben bereits 1987 an zwei Tagen in Warnstreiks getreten.,44.652374267578125,Die Zahnärzte an Rhein und Ruhr war nach Verbandsangaben bereits 1987 an zwei Tagen in Warnstreiks getreten.,50.99235153198242,1
"Die Führungskräfte von Unternehmen wie Spotify, Tesla, Uber und Snapchat werden zusätzlich zu dem Digital Summit in Mountain View eine private Veranstaltung besuchen.",36.96784591674805,"Die Führungskräfte von Unternehmen wie Spotify, Tesla, Uber und Snapchat wird zusätzlich zu dem Digital Summit in Mountain View eine private Veranstaltung besuchen.",42.635772705078125,1
"Jedoch wird angenommen, dass die Riesenbiber gemeinsam mit den Mammuts, Mastodons und Eiszeitpferden an dem Ende der letzten Eiszeit vor 10.000 Jahren ausgestorben sind.",12.202441215515137,"Jedoch wird angenommen, dass die Riesenbiber gemeinsam mit den Mammuts, Mastodons und Eiszeitpferden an dem Ende der letzten Eiszeit vor 10.000 Jahren ausgestorben ist.",13.129890441894531,1
"Dessen Eltern, Theodor von Brand und Margarethe Brandeis, waren 1933 vor den Nationalsozialisten die in die USA geflohen.",32.49779510498047,"Dessen Eltern, Theodor von Brand und Margarethe Brandeis, war 1933 vor den Nationalsozialisten die in die USA geflohen.",36.410247802734375,1
"Ich fragte sie hinterher, ob sie verstand, warum Leute Trump wählen könnten.",41.28689193725586,"Ich fragte sie hinterher, ob sie verstand, warum Leute Trump wählen könnte.",59.86437225341797,1
"Stephen Jay Gould sieht Indizien dafür, dass Menschen und Schimpansen sich an dem nächsten stehen und sich die Gorillas in der Entwicklungsgeschichte früher abgespalten haben.",46.57429504394531,"Stephen Jay Gould sieht Indizien dafür, dass Menschen und Schimpansen sich an dem nächsten stehen und sich die Gorillas in der Entwicklungsgeschichte früher abgespalten hat.",53.06498718261719,1
"Die Atmosphäre ist ein chaotisches System, sodass kleine Änderungen an einem Teil des Systems beträchtliche Auswirkungen auf das System als Ganzes haben können.",9.26630973815918,"Die Atmosphäre ist ein chaotisches System, sodass kleine Änderungen an einem Teil des Systems beträchtliche Auswirkungen auf das System als Ganzes haben kann.",10.32425308227539,1
Die Verwaltungsräte beider Unternehmen haben der Transaktion bereits zugestimmt.,24.690444946289062,Die Verwaltungsräte beider Unternehmen hat der Transaktion bereits zugestimmt.,35.10798263549805,1
Die neu gegründeten Einheiten der Heimatschutz - Struktur werden das Potential zu dem Durchführen von territorialen militärischen Aufgaben und Unterstützen ziviler Strukturen haben.,30.281797409057617,Die neu gegründeten Einheiten der Heimatschutz - Struktur wird das Potential zu dem Durchführen von territorialen militärischen Aufgaben und Unterstützen ziviler Strukturen haben.,29.238182067871094,0
"Dieser betrieb erstmals für die Archäologie in Mesopotamien Bauaufnahmen, in der die Lage der einzelnen Steine und Mauern erkennbar blieb und nachfolgende Archäologen daraus die Grundrisse in ihrer historischen Abfolge beurteilen können.",17.6603946685791,"Dieser betrieb erstmals für die Archäologie in Mesopotamien Bauaufnahmen, in der die Lage der einzelnen Steine und Mauern erkennbar blieb und nachfolgende Archäologen daraus die Grundrisse in ihrer historischen Abfolge beurteilen kann.",18.853830337524414,1
"Vielmehr fordern wir: Bleibt dem Rauschgold fern, damit die Kinder in Ruhe schlafen können.",66.9339828491211,"Vielmehr fordern wir: Bleibt dem Rauschgold fern, damit die Kinder in Ruhe schlafen kann.",81.06546783447266,1
"Dass Ammoniten jedoch Augen besessen haben müssen, scheint unstrittig.",103.66487121582031,"Dass Ammoniten jedoch Augen besessen habe müssen, scheint unstrittig.",149.60086059570312,1
Teile des Vorgängerbaus haben sich als Mauerwerk in dem Kellergewölbe erhalten.,37.208251953125,Teile des Vorgängerbaus hat sich als Mauerwerk in dem Kellergewölbe erhalten.,36.410301208496094,0
"Zusätzlich gibt es auf der Ostseite des Stadions einen VIP - Bereich, in dem 255 Gäste das Stadiongeschehen in einem exklusiven Rahmen hinter Glas verfolgen können.",20.95206069946289,"Zusätzlich gibt es auf der Ostseite des Stadions einen VIP - Bereich, in dem 255 Gäste das Stadiongeschehen in einem exklusiven Rahmen hinter Glas verfolgen kann.",24.347108840942383,1
Induktive Wegaufnehmer mit einem Anker können auch mit nur einer Spule arbeiten.,59.38423156738281,Induktive Wegaufnehmer mit einem Anker kann auch mit nur einer Spule arbeiten.,63.65337371826172,1
"Die Präsidenten Südkoreas und Chinas, Kim Young Sam und Jiang Zemin, haben an dem Dienstag scharfe Kritik an der japanischen Regierung geübt.",9.774419784545898,"Die Präsidenten Südkoreas und Chinas, Kim Young Sam und Jiang Zemin, hat an dem Dienstag scharfe Kritik an der japanischen Regierung geübt.",11.22130012512207,1
Die äußeren und inneren Mauern der zerstörten Gebäudeteile hatten dem Brand standgehalten.,19.67410659790039,Die äußeren und inneren Mauern der zerstörten Gebäudeteile hatte dem Brand standgehalten.,23.344642639160156,1
"Um 1970 versuchte Wladimir Nasarow, Mitglied des sowjetischen Turnerteams, die Übertragung der Biermannschen Idee in praktikable Trainingsmethoden für welche sich seither die Begriffe biomechanische Stimulation (BMS), biomechanische Oszillation etabliert haben.",26.835458755493164,"Um 1970 versuchte Wladimir Nasarow, Mitglied des sowjetischen Turnerteams, die Übertragung der Biermannschen Idee in praktikable Trainingsmethoden für welche sich seither die Begriffe biomechanische Stimulation (BMS), biomechanische Oszillation etabliert hat.",27.249107360839844,1
"Viele von ihnen, die in Amt und Würde sind, haben inzwischen ein Vermögen zusammengerafft, von dem die Schahminister, deren Habgier sprichwörtlich war, nur träumen konnten.",21.86821746826172,"Viele von ihnen, die in Amt und Würde sind, haben inzwischen ein Vermögen zusammengerafft, von dem die Schahminister, deren Habgier sprichwörtlich war, nur träumen konnte.",25.098417282104492,1
"Dem liegt die Annahme zugrunde, dass jugendliche Lehrpersonen einen größeren Lehrerfolg erzielen können, da Inhalte von Gleichaltrigen anzunehmen Jugendlichen häufig leichter fällt, zumal so eine wesentlich stärkere Orientierung an ihrer eigenen Lebenswelt möglich ist.",22.230016708374023,"Dem liegt die Annahme zugrunde, dass jugendliche Lehrpersonen einen größeren Lehrerfolg erzielen kann, da Inhalte von Gleichaltrigen anzunehmen Jugendlichen häufig leichter fällt, zumal so eine wesentlich stärkere Orientierung an ihrer eigenen Lebenswelt möglich ist.",24.15094566345215,1
Die Aktiven des Bürgerzentrums haben sich in einem Verein 'Initiative Soziokultur e.V.' zusammengeschlossen und sollen auf Hausversammlungen informiert sowie an der Weiterentwicklung des Bürgerzentrums beteiligt werden.,15.732358932495117,Die Aktiven des Bürgerzentrums hat sich in einem Verein 'Initiative Soziokultur e.V.' zusammengeschlossen und sollen auf Hausversammlungen informiert sowie an der Weiterentwicklung des Bürgerzentrums beteiligt werden.,18.65330696105957,1
"Die Ausfuhren der deutschen Land- und Ernährungswirtschaft sind in dem vergangenen Jahr in dem Vergleich zu der Vorperiode um 3,7 Prozent auf knapp 40 Milliarden Mark gestiegen.",13.129549026489258,"Die Ausfuhren der deutschen Land- und Ernährungswirtschaft ist in dem vergangenen Jahr in dem Vergleich zu der Vorperiode um 3,7 Prozent auf knapp 40 Milliarden Mark gestiegen.",14.251426696777344,1
"Herr Dr. Delorme hat mich bzgl. Erziehung und Vorbeugung von Erkrankungen stets intensiv beraten und sich dafür viel Zeit genommen, so dass bis heute keine gesundheitlichen Probleme bei meinem Hund aufgetreten sind.",18.306425094604492,"Herr Dr. Delorme hat mich bzgl. Erziehung und Vorbeugung von Erkrankungen stets intensiv beraten und sich dafür viel Zeit genommen, so dass bis heute keine gesundheitlichen Probleme bei meinem Hund aufgetreten ist.",20.768878936767578,1
"Die EU-Staaten, die USA und Polen hatten Nigerias Präsidenten Sani Abacha schon an dem Donnerstag aufgefordert, das Urteil gegen den Schriftsteller Ken Saro-Wiwa und acht weitere Politiker rückgängig zu machen.",12.785856246948242,"Die EU-Staaten, die USA und Polen hatte Nigerias Präsidenten Sani Abacha schon an dem Donnerstag aufgefordert, das Urteil gegen den Schriftsteller Ken Saro-Wiwa und acht weitere Politiker rückgängig zu machen.",13.197785377502441,1
"Die ""Schutzjuden"" mussten hohe Schutzgelder und Abgaben errichten, waren also eine lukrative Einnahmequelle der Grundherren.",30.6380558013916,"Die ""Schutzjuden"" musste hohe Schutzgelder und Abgaben errichten, waren also eine lukrative Einnahmequelle der Grundherren.",34.01795196533203,1
"Deutsche Agenten des SD hatten sich als hochrangige Armee - Offiziere ausgegeben, die ein Attentat auf Hitler ausüben wollten.",37.31404495239258,"Deutsche Agenten des SD hatte sich als hochrangige Armee - Offiziere ausgegeben, die ein Attentat auf Hitler ausüben wollten.",37.92946243286133,1
"Besonders deutsche jüdische Theologen wie Martin Buber oder Pinchas Lapide haben Jesus als gerechten jüdischen Lehrer der Tora, der viele Menschen aus den Völkern zu dem Glauben an Israels Gott gebracht habe, anerkannt.",18.731918334960938,"Besonders deutsche jüdische Theologen wie Martin Buber oder Pinchas Lapide hat Jesus als gerechten jüdischen Lehrer der Tora, der viele Menschen aus den Völkern zu dem Glauben an Israels Gott gebracht habe, anerkannt.",19.25238037109375,1
"Bereits seit 1897 leisteten sie immer wieder bewaffneten Widerstand, den kleinere britische Expeditionen nicht niederschlagen konnten.",32.89835739135742,"Bereits seit 1897 leisteten sie immer wieder bewaffneten Widerstand, den kleinere britische Expeditionen nicht niederschlagen konnte.",38.57161331176758,1
"Nissan Automobil AG), ist ein japanischer Automobilhersteller, in dem die Marken Datsun und Prince aufgegangen sind.",15.192212104797363,"Nissan Automobil AG), ist ein japanischer Automobilhersteller, in dem die Marken Datsun und Prince aufgegangen ist.",16.790266036987305,1
Die ersten beiden Episoden von ihm waren bei Test - Screenings nicht gut bei dem Publikum angekommen und wurden als zu düster bezeichnet.,46.78399658203125,Die ersten beiden Episoden von ihm war bei Test - Screenings nicht gut bei dem Publikum angekommen und wurden als zu düster bezeichnet.,51.518367767333984,1
"Pizza gibt es dort, auch wenn die Wartezeiten manchmal etwas lang werden können.",39.005008697509766,"Pizza gibt es dort, auch wenn die Wartezeiten manchmal etwas lang werden kann.",46.221885681152344,1
"Und sie räumte ein: „Schauen Sie sich an, wo sie zugibt, dass wir etwas anders machen müssen – wir können es besser – und wo sie Bedauern ausgesprochen hat.“",31.20736312866211,"Und sie räumte ein: „Schauen Sie sich an, wo sie zugibt, dass wir etwas anders machen muss – wir können es besser – und wo sie Bedauern ausgesprochen hat.“",34.70409393310547,1
"Ein wichtiger Faktor ist auch die Liefermenge, so dass Großkraftwerke über 40 % weniger Ausgaben für den Brennstoff haben können als Kleinanlagen.",19.313032150268555,"Ein wichtiger Faktor ist auch die Liefermenge, so dass Großkraftwerke über 40 % weniger Ausgaben für den Brennstoff haben kann als Kleinanlagen.",21.36785125732422,1
"Es wurde betont, dass wir nicht mit denen weiterarbeiten können, die völlig gegen Italien sind.",29.203584671020508,"Es wurde betont, dass wir nicht mit denen weiterarbeiten kann, die völlig gegen Italien sind.",37.9857063293457,1
Investitionen in diesem Bereich sind 2015 um 6 % auf 221 Milliarden Dollar gestiegen.,19.837495803833008,Investitionen in diesem Bereich ist 2015 um 6 % auf 221 Milliarden Dollar gestiegen.,23.387950897216797,1
"Die frühe Stimmabgabe legt die Vermutung nahe, dass dieses Mal die Hispanics in großer Zahl wählen gehen werden, aber es ist noch unklar, ob diese Steigerung Auswirkungen haben wird.",17.5765380859375,"Die frühe Stimmabgabe legt die Vermutung nahe, dass dieses Mal die Hispanics in großer Zahl wählen gehen wird, aber es ist noch unklar, ob diese Steigerung Auswirkungen haben wird.",19.087100982666016,1
"In seiner Ansprache an das Kabinett, kurz nachdem deutsche Truppen die Grenze überschritten hatten, beschuldigte Chamberlain sowohl Deutschland als auch Österreich.",14.851662635803223,"In seiner Ansprache an das Kabinett, kurz nachdem deutsche Truppen die Grenze überschritten hatte, beschuldigte Chamberlain sowohl Deutschland als auch Österreich.",17.293045043945312,1
"Dass diese Gestühle erhalten geblieben sind, dürfte auch der Armut der Gemeinden zuzuschreiben sein, die es verbot, dem verbreiteten Trend der Barockisierung Anfang des siebzehnten Jahrhunderts zu folgen.",18.157779693603516,"Dass diese Gestühle erhalten geblieben ist, dürfte auch der Armut der Gemeinden zuzuschreiben sein, die es verbot, dem verbreiteten Trend der Barockisierung Anfang des siebzehnten Jahrhunderts zu folgen.",19.164533615112305,1
Die Fahrgäste seien auf der Flucht aus den brennenden Waggons in die dunklen Schächte direkt in die offenen Kontakte der elektrischen Leitungen gelaufen.,18.373565673828125,Die Fahrgäste sei auf der Flucht aus den brennenden Waggons in die dunklen Schächte direkt in die offenen Kontakte der elektrischen Leitungen gelaufen.,21.423431396484375,1
"``Wir in der Wirtschaft lernen von eurer Erniedrigung und von euren Skandalen, daß wir noch mehr die Öffentlichkeit meiden müssen.",34.60981369018555,"``Wir in der Wirtschaft lernen von eurer Erniedrigung und von euren Skandalen, daß wir noch mehr die Öffentlichkeit meiden muss.",41.73261642456055,1
"Die Tierversuche hätten ergeben, daß Tiere, deren tägliche Futterrationen um die Hälfte reduziert wurden, eine erhöhte Melatoninkonzentration aufwiesen.",14.528308868408203,"Die Tierversuche hätte ergeben, daß Tiere, deren tägliche Futterrationen um die Hälfte reduziert wurden, eine erhöhte Melatoninkonzentration aufwiesen.",16.530296325683594,1
"Dies führte dazu, dass Missionierungsversuche nicht greifen konnten.",39.470489501953125,"Dies führte dazu, dass Missionierungsversuche nicht greifen konnte.",68.81553649902344,1
Helmut Schmidt hatte als Wehrexperte der SPD in den 1950er Jahren vor exakt dieser Entwicklung gewarnt und die NATO - Entscheidung 1958 in dem Bundestag scharf kritisiert: Landgestützte Atomraketen würden das NATO - Vertragsgebiet zu einem Primärziel sowjetischer Präventivangriffe machen und damit die Sicherheit Westeuropas enorm herabsetzen.,18.441787719726562,Helmut Schmidt hatte als Wehrexperte der SPD in den 1950er Jahren vor exakt dieser Entwicklung gewarnt und die NATO - Entscheidung 1958 in dem Bundestag scharf kritisiert: Landgestützte Atomraketen würde das NATO - Vertragsgebiet zu einem Primärziel sowjetischer Präventivangriffe machen und damit die Sicherheit Westeuropas enorm herabsetzen.,19.315879821777344,1
"In der pharmazeutischen Herstellung spielt die Qualitätssicherung eine zentrale Rolle, da hier Qualitätsabweichungen direkte Auswirkungen auf die Gesundheit der Verbraucher haben können.",6.371289253234863,"In der pharmazeutischen Herstellung spielt die Qualitätssicherung eine zentrale Rolle, da hier Qualitätsabweichungen direkte Auswirkungen auf die Gesundheit der Verbraucher haben kann.",7.044552326202393,1
"Und nach dem die ersten Rechnungen bezahlt waren, wechselte der zuvor äußerst freundliche Ton der Verkäufer und Inhaber leider in das glatte Gegenteil.",22.863346099853516,"Und nach dem die ersten Rechnungen bezahlt war, wechselte der zuvor äußerst freundliche Ton der Verkäufer und Inhaber leider in das glatte Gegenteil.",23.772825241088867,1
"Dass Ammoniten jedoch Augen besessen haben müssen, scheint unstrittig.",103.66487121582031,"Dass Ammoniten jedoch Augen besessen hat müssen, scheint unstrittig.",137.1631622314453,1
"Gefolgt wurde es von den Fonds Aviva Investors Multi Strategy Target Return und Aviva Investors Multi Strategy Target Income, in die Investoren 2 Mrd. GBP bzw. 1,4 Mrd. GBP angelegt hatten.",23.89777183532715,"Gefolgt wurde es von den Fonds Aviva Investors Multi Strategy Target Return und Aviva Investors Multi Strategy Target Income, in die Investoren 2 Mrd. GBP bzw. 1,4 Mrd. GBP angelegt hatte.",25.033706665039062,1
"Für die Zuschauer von heute, von denen die wenigsten Erfahrung mit Fronteinsätzen haben werden, gehören die Heldentaten von Doss in das Reich des Unvorstellbaren.",29.7088623046875,"Für die Zuschauer von heute, von denen die wenigsten Erfahrung mit Fronteinsätzen haben wird, gehören die Heldentaten von Doss in das Reich des Unvorstellbaren.",32.34972381591797,1
"Die Expo-Macher brüsten sich damit, daß für ihre Veranstaltung in dem Jahr 2000 bereits heute 107 Staaten ihr Kommen zugesagt haben -- genauso viele wie bei der Weltausstellung in Sevilla vor fünf Jahren dabei waren.",31.571762084960938,"Die Expo-Macher brüsten sich damit, daß für ihre Veranstaltung in dem Jahr 2000 bereits heute 107 Staaten ihr Kommen zugesagt hat -- genauso viele wie bei der Weltausstellung in Sevilla vor fünf Jahren dabei waren.",33.46519470214844,1
"Eine polynesische Fischfalle ist eine Fläche in dem flachen Meer, die Menschen mit einer wasserdurchlässigen, locker aufgeschichteten Steinmauer umgeben haben.",22.708646774291992,"Eine polynesische Fischfalle ist eine Fläche in dem flachen Meer, die Menschen mit einer wasserdurchlässigen, locker aufgeschichteten Steinmauer umgeben hat.",23.965293884277344,1
Die Emder könnten mit Gewinn rechnen.,122.44087219238281,Die Emder könnte mit Gewinn rechnen.,227.05946350097656,1
"""Aber das Gericht hat dies nicht mit der Eindeutigkeit und der Klarheit getan, die wir uns gewünscht hätten'', sagte er.""",29.10321617126465,"""Aber das Gericht hat dies nicht mit der Eindeutigkeit und der Klarheit getan, die wir uns gewünscht hätte'', sagte er.""",37.60478210449219,1
"Die Ursachen des Golfkrieg-Syndroms, an dem in den USA und Großbritannien Tausende von Soldaten nach ihrem Kriegseinsatz erkrankt sind, sollen erforscht werden.",13.712259292602539,"Die Ursachen des Golfkrieg-Syndroms, an dem in den USA und Großbritannien Tausende von Soldaten nach ihrem Kriegseinsatz erkrankt ist, sollen erforscht werden.",15.011443138122559,1
"Die Gesamtbetriebsratsvorsitzende Ingrid Lüllmann bestätigte, daß sich bei den abschließenden Gesprächen mit dem Vorstand an den wesentlichen Standpunkten beider Seiten nichts geändert habe, ``auch wenn sich hier und dort Spielräume'' ergeben hätten.",13.454568862915039,"Die Gesamtbetriebsratsvorsitzende Ingrid Lüllmann bestätigte, daß sich bei den abschließenden Gesprächen mit dem Vorstand an den wesentlichen Standpunkten beider Seiten nichts geändert habe, ``auch wenn sich hier und dort Spielräume'' ergeben hätte.",15.334997177124023,1
"Es ist anzunehmen, dass diese Koalitionen auch wechseln konnten und dass sie nicht nur zu Kriegszwecken, sondern auch zu dem Bau großer Tempel und infrastruktureller Vorhaben (etwa Kanäle) bestanden haben.",17.89042091369629,"Es ist anzunehmen, dass diese Koalitionen auch wechseln konnte und dass sie nicht nur zu Kriegszwecken, sondern auch zu dem Bau großer Tempel und infrastruktureller Vorhaben (etwa Kanäle) bestanden haben.",19.826204299926758,1
"Die Erfahrung in der Dritten Welt hat gezeigt, daß Schocktherapien nach dem Rezept des Internationalen Währungsfonds die ökonomische und politische Basis zerstören, aus der heraus neue marktwirtschaftliche Triebe sprießen sollen.",23.573144912719727,"Die Erfahrung in der Dritten Welt hat gezeigt, daß Schocktherapien nach dem Rezept des Internationalen Währungsfonds die ökonomische und politische Basis zerstören, aus der heraus neue marktwirtschaftliche Triebe sprießen soll.",25.186800003051758,1
"Da die Zellen des präneoplastischen Focus weitere Mutationen in Tumorsupressorgenen durch karzinogene Einwirkung erfahren haben und zahlreiche Tumorsupressorgene in Onkogene umgewandelt worden sind, findet nun die eigentliche maligne Transformation statt.",30.074567794799805,"Da die Zellen des präneoplastischen Focus weitere Mutationen in Tumorsupressorgenen durch karzinogene Einwirkung erfahren hat und zahlreiche Tumorsupressorgene in Onkogene umgewandelt worden sind, findet nun die eigentliche maligne Transformation statt.",31.96351432800293,1
"Die Bruttoeinkommen sollen um sieben Prozent, die Einnahmen aus unselbständiger Arbeit hingegen nur um 1,5 Prozent steigen.",11.211443901062012,"Die Bruttoeinkommen soll um sieben Prozent, die Einnahmen aus unselbständiger Arbeit hingegen nur um 1,5 Prozent steigen.",12.608445167541504,1
"``Wir in der Wirtschaft lernen von eurer Erniedrigung und von euren Skandalen, daß wir noch mehr die Öffentlichkeit meiden müssen.",34.60981369018555,"``Wir in der Wirtschaft lernen von eurer Erniedrigung und von euren Skandalen, daß wir noch mehr die Öffentlichkeit meiden muss.",41.73261642456055,1
"Menschen mit Kreislaufproblemen sollten sich, wie oben erwähnt auf eine längere Wartezeit in dem Stehen vorbereiten.",21.777103424072266,"Menschen mit Kreislaufproblemen sollte sich, wie oben erwähnt auf eine längere Wartezeit in dem Stehen vorbereiten.",24.64615821838379,1
Jugendherbergen haben mehr zu bieten.,69.36734008789062,Jugendherbergen hat mehr zu bieten.,82.04048156738281,1
"Einige dieser Typen sind vermutlich ausgestorben, schon aus dem Grund, dass die Schafherden viel weniger geworden sind.",25.47464942932129,"Einige dieser Typen sind vermutlich ausgestorben, schon aus dem Grund, dass die Schafherden viel weniger geworden ist.",29.367786407470703,1
Familien die keine 500 Euro Brille kaufen werden hier wohl nicht gerne gesehen.,130.99008178710938,Familien die keine 500 Euro Brille kaufen wird hier wohl nicht gerne gesehen.,167.86631774902344,1
"Die Bäume haben ein durchschnittliches Alter von 200 Jahren und eine Höhe von bis zu 7 m, vereinzelte Bäume sollen ein Alter von 300 Jahren haben, diese sind dann bis 10 m hoch.",9.639930725097656,"Die Bäume haben ein durchschnittliches Alter von 200 Jahren und eine Höhe von bis zu 7 m, vereinzelte Bäume soll ein Alter von 300 Jahren haben, diese sind dann bis 10 m hoch.",10.477702140808105,1
Ihr habt unser Fest zu einem großen Erlebnis werden lassen.,36.298789978027344,Ihr hast unser Fest zu einem großen Erlebnis werden lassen.,62.974971771240234,1
"Die Polizei griff ein, nachdem mehrere hundert Gefangene versucht hatten, durch drei Eingänge zu fliehen.",13.669454574584961,"Die Polizei griff ein, nachdem mehrere hundert Gefangene versucht hatte, durch drei Eingänge zu fliehen.",15.682570457458496,1
"An diesem Ort stahlen sie ein kleines Kanu, das die in der Gegend ansässigen australischen Aborigines zurückgelassen hatten.",26.773937225341797,"An diesem Ort stahlen sie ein kleines Kanu, das die in der Gegend ansässigen australischen Aborigines zurückgelassen hatte.",27.96919822692871,1
"Die Erfahrungen mit Greifswald hätten gezeigt, daß für jedes der 39 besonders gefährdeten Kraftwerke in Osteuropa eine Sicherheits-Nachrüstung mindestens eine Milliarde Mark koste und dennoch unzureichend bleibe.",20.23564338684082,"Die Erfahrungen mit Greifswald hätte gezeigt, daß für jedes der 39 besonders gefährdeten Kraftwerke in Osteuropa eine Sicherheits-Nachrüstung mindestens eine Milliarde Mark koste und dennoch unzureichend bleibe.",23.95244026184082,1
"Leider weigert sich das Rauschgold einen fachmännischen Lärmschutz anzubringen, so dass wir diese Location nicht empfehlen können.",26.346235275268555,"Leider weigert sich das Rauschgold einen fachmännischen Lärmschutz anzubringen, so dass wir diese Location nicht empfehlen kann.",31.864089965820312,1
Die islamischen Konservativen der AKP haben diese Ablehnung als Rechtfertigung für die Verhöre verwendet.,27.967458724975586,Die islamischen Konservativen der AKP hat diese Ablehnung als Rechtfertigung für die Verhöre verwendet.,26.798131942749023,0
"Eltern dürfen ihren Neugeborenen künftig keine ``lustigen, ``'' unanständigen'' oder ``anmaßenden'' Vornamen mehr geben.",30.322818756103516,"Eltern darf ihren Neugeborenen künftig keine ``lustigen, ``'' unanständigen'' oder ``anmaßenden'' Vornamen mehr geben.",37.11820602416992,1
"Menschen mit Foix-Chavany-Marie-Syndrom können Gesichts-, Kiefer-, Zungen- und Pharynxmuskulatur nicht willentlich bewegen.",27.6590633392334,"Menschen mit Foix-Chavany-Marie-Syndrom kann Gesichts-, Kiefer-, Zungen- und Pharynxmuskulatur nicht willentlich bewegen.",31.22858238220215,1
"Es scheint nämlich, daß Melatonin und die Zirbeldrüse die Uhr des Alters kontrollieren und daß wir Melatonin einsetzen können, um den Alterungsprozeß zu verlangsamen.",17.78714370727539,"Es scheint nämlich, daß Melatonin und die Zirbeldrüse die Uhr des Alters kontrollieren und daß wir Melatonin einsetzen kann, um den Alterungsprozeß zu verlangsamen.",20.239831924438477,1
Ich kann es euch nur an das Herz legen -- Ihr werdet es mögen!,64.1351547241211,Ich kann es euch nur an das Herz legen -- Ihr wirst es mögen!,85.50758361816406,1
"Man wisse nicht, auf welche Art und Weise die beiden Dramatiker zusammengearbeitet hätten.",36.17994689941406,"Man wisse nicht, auf welche Art und Weise die beiden Dramatiker zusammengearbeitet hätte.",53.156105041503906,1
"Zu den Instrumenten einer Friedensmission zählen die Einsetzung von Untersuchungskommissionen, Vermittlungen zwischen Konfliktparteien, Anrufung des internationalen Gerichtshofes in Den Haag soweit sich diesem beide Streitparteien unterworfen haben, die Bildung von UN - kontrollierten Pufferzonen, die Entsendung von Wahlbeobachtern wie z.",11.231300354003906,"Zu den Instrumenten einer Friedensmission zählen die Einsetzung von Untersuchungskommissionen, Vermittlungen zwischen Konfliktparteien, Anrufung des internationalen Gerichtshofes in Den Haag soweit sich diesem beide Streitparteien unterworfen hat, die Bildung von UN - kontrollierten Pufferzonen, die Entsendung von Wahlbeobachtern wie z.",11.532105445861816,1
Und hormonhaltige Präparate können unerwünschte Wirkungen haben.,16.283092498779297,Und hormonhaltige Präparate kann unerwünschte Wirkungen haben.,25.199281692504883,1
Denn Medikamente können süchtig machen und DIE EIGENTLICHEN PROBLEME WERDEN DADURCH NICHT GELÖST.,23.018081665039062,Denn Medikamente kann süchtig machen und DIE EIGENTLICHEN PROBLEME WERDEN DADURCH NICHT GELÖST.,25.10270881652832,1
"Die meisten Leute würden WLAN an dem Flughafen nützlicher finden als die Möglichkeit, E-Mails von dem Flugzeug aus zu verschicken.",23.00800323486328,"Die meisten Leute würde WLAN an dem Flughafen nützlicher finden als die Möglichkeit, E-Mails von dem Flugzeug aus zu verschicken.",26.608016967773438,1
"Diese beiden Hallen, die selbst bereits als architektonische Denkmäler angesehen werden können, beherbergen heute Museen: In der südlichen Halle befindet sich das Autoworld Museum mit einer großen Oldtimer - Sammlung.",16.042898178100586,"Diese beiden Hallen, die selbst bereits als architektonische Denkmäler angesehen werden können, beherbergt heute Museen: In der südlichen Halle befindet sich das Autoworld Museum mit einer großen Oldtimer - Sammlung.",17.918983459472656,1
Positive Aussagen des japanischen Verwaltungsministers Takami Eto zu der Kolonialherrschaft in Südkorea belasten die Beziehungen zwischen beiden Staaten.,23.040517807006836,Positive Aussagen des japanischen Verwaltungsministers Takami Eto zu der Kolonialherrschaft in Südkorea belastet die Beziehungen zwischen beiden Staaten.,22.988758087158203,0
"Bei der letzten Volkszählung von 2002 bekannten sich von den damals 129.946 Einwohnern, 89,9 % zu der polnischen Nationalität, 3.279 Personen (2,5 %) bezeichneten sich als Deutsche, 921 (0,7 %) als ""Schlesier"".",10.088054656982422,"Bei der letzten Volkszählung von 2002 bekannten sich von den damals 129.946 Einwohnern, 89,9 % zu der polnischen Nationalität, 3.279 Personen (2,5 %) bezeichnete sich als Deutsche, 921 (0,7 %) als ""Schlesier"".",11.120402336120605,1
"Weitere 7,6 % der Grünfläche entfallen auf Wälder, 7,5 % auf Kleingärten und 7,7 % auf Wiesen.",9.104694366455078,"Weitere 7,6 % der Grünfläche entfällt auf Wälder, 7,5 % auf Kleingärten und 7,7 % auf Wiesen.",9.704500198364258,1
"Die Nachkommen des Jan Hrb auf Studnice nannten sich nach dem Dorf, und sind heute als ""von Studnitz"" eines der ältesten noch existierenden mährischen Adelsfamilien.",40.14426803588867,"Die Nachkommen des Jan Hrb auf Studnice nannte sich nach dem Dorf, und sind heute als ""von Studnitz"" eines der ältesten noch existierenden mährischen Adelsfamilien.",45.534854888916016,1
"Es zeigte sich, dass die Kulturen von Bonu Ighinu und Ozieri, eventuell verbunden über San Ciriaco, Phasen ein und derselben Kultur darstellen.",60.652984619140625,"Es zeigte sich, dass die Kulturen von Bonu Ighinu und Ozieri, eventuell verbunden über San Ciriaco, Phasen ein und derselben Kultur darstellt.",57.94774627685547,0
"Seine guten Kontakte zu den ehemaligen Kollegen in dem Aufsichtsrat, Brandi, Haniel und Reusch, verschafften ihm lukrative Anzeigenaufträge, die für einen reinen Anzeigenverkäufer unerreichbar gewesen wären.",18.716445922851562,"Seine guten Kontakte zu den ehemaligen Kollegen in dem Aufsichtsrat, Brandi, Haniel und Reusch, verschaffte ihm lukrative Anzeigenaufträge, die für einen reinen Anzeigenverkäufer unerreichbar gewesen wären.",18.67996597290039,0
"Die Mobilfunkbetreiber Telekom (D 1), Mannesmann (D 2) und Thyssen / Veba (E-plus) erhalten mittelfristig wahrscheinlich neue Konkurrenz.",26.575773239135742,"Die Mobilfunkbetreiber Telekom (D 1), Mannesmann (D 2) und Thyssen / Veba (E-plus) erhält mittelfristig wahrscheinlich neue Konkurrenz.",26.442913055419922,0
"Die amtierenden Arbeiterratsmitglieder (Sozialdemokraten) erleiden eine schwere Niederlage, die sich ebenfalls zu der Wahl gestellt hatten.",28.44384002685547,"Die amtierenden Arbeiterratsmitglieder (Sozialdemokraten) erleidet eine schwere Niederlage, die sich ebenfalls zu der Wahl gestellt hatten.",27.623516082763672,0
"Inhibitoren, darunter wichtige Medikamente und Gifte, ändern die Eigenschaften von Enzymen und hemmen die enzymatische Reaktion.",14.929926872253418,"Inhibitoren, darunter wichtige Medikamente und Gifte, ändert die Eigenschaften von Enzymen und hemmen die enzymatische Reaktion.",17.776756286621094,1
"Während viele Apotheken heutzutage mit unmotivierten Mitarbeitern den Kunden eher vergraulen, findet man hier in Warendorf motivierte Mitarbeiter die stets freundlich sind.",28.144676208496094,"Während viele Apotheken heutzutage mit unmotivierten Mitarbeitern den Kunden eher vergrault, findet man hier in Warendorf motivierte Mitarbeiter die stets freundlich sind.",31.066692352294922,1
Werke von Bob Davies erscheinen mehrfach in Bibliografien zu dem Themenbereich Religion und Homosexualität.,37.365928649902344,Werke von Bob Davies erscheint mehrfach in Bibliografien zu dem Themenbereich Religion und Homosexualität.,44.49551773071289,1
"Die Einstellregeln für die Verstärkung K_p, die Nachstellzeit T_n und die Vorhaltzeit T_v lauten wie in folgender Tabelle angegeben.",32.32185363769531,"Die Einstellregeln für die Verstärkung K_p, die Nachstellzeit T_n und die Vorhaltzeit T_v lautet wie in folgender Tabelle angegeben.",34.69401550292969,1
Erst die Störungen körperlicher Abläufe konzentrieren unsere Aufmerksamkeit auf bestimmte Organe.,16.17769432067871,Erst die Störungen körperlicher Abläufe konzentriert unsere Aufmerksamkeit auf bestimmte Organe.,18.503509521484375,1
"Die Orte Horní Brusnice, Borovnička und Borovnice lösten sich 1990 los und wurden selbstständig.",28.868066787719727,"Die Orte Horní Brusnice, Borovnička und Borovnice löste sich 1990 los und wurden selbstständig.",36.730674743652344,1
"Viele Gerichte, so die Konsumentenschützer, verpflichteten die Manager schon zu ``Bedingungen in Dur''.",196.20631408691406,"Viele Gerichte, so die Konsumentenschützer, verpflichtete die Manager schon zu ``Bedingungen in Dur''.",229.63650512695312,1
Die Prognosen zu der wirtschaftlichen Entwicklung in dem kommenden Jahr fallen immer düsterer aus.,24.80462074279785,Die Prognosen zu der wirtschaftlichen Entwicklung in dem kommenden Jahr fällt immer düsterer aus.,25.25909423828125,1
"Die Situation veränderte sich ab dem Oktober 1777, als britische Streitkräfte unter dem Kommando von General John Burgoyne in Saratoga in dem Norden des Staates New York kapitulierten.",8.727745056152344,"Die Situation veränderte sich ab dem Oktober 1777, als britische Streitkräfte unter dem Kommando von General John Burgoyne in Saratoga in dem Norden des Staates New York kapitulierte.",9.119596481323242,1
"Die Erfahrung in der Dritten Welt hat gezeigt, daß Schocktherapien nach dem Rezept des Internationalen Währungsfonds die ökonomische und politische Basis zerstören, aus der heraus neue marktwirtschaftliche Triebe sprießen sollen.",23.573144912719727,"Die Erfahrung in der Dritten Welt hat gezeigt, daß Schocktherapien nach dem Rezept des Internationalen Währungsfonds die ökonomische und politische Basis zerstört, aus der heraus neue marktwirtschaftliche Triebe sprießen sollen.",24.804454803466797,1
Weitere Rechte des Betriebsrats ergeben sich aus dem Kündigungsschutzgesetz (Rechte des Betriebsrats bei Entlassungen) oder dem Arbeitsgerichtsgesetz (Parteifähigkeit des Betriebsrates in dem Arbeitsgerichtsprozess).,7.502181053161621,Weitere Rechte des Betriebsrats ergibt sich aus dem Kündigungsschutzgesetz (Rechte des Betriebsrats bei Entlassungen) oder dem Arbeitsgerichtsgesetz (Parteifähigkeit des Betriebsrates in dem Arbeitsgerichtsprozess).,8.004389762878418,1
"30,5 % aller Haushalte bestanden aus Einzelpersonen und 20,4 % waren 65 Jahre oder älter waren.",16.476991653442383,"30,5 % aller Haushalte bestand aus Einzelpersonen und 20,4 % waren 65 Jahre oder älter waren.",17.340177536010742,1
Die Luftwaffe betreibt mit den baltischen Nachbarn das Luftraumüberwachungssystem BaltNet und die Seestreitkräfte der drei Länder kooperieren in dem Minensuchverband Baltic Naval Squadron.,14.790332794189453,Die Luftwaffe betreibt mit den baltischen Nachbarn das Luftraumüberwachungssystem BaltNet und die Seestreitkräfte der drei Länder kooperiert in dem Minensuchverband Baltic Naval Squadron.,15.920353889465332,1
"Nach Angaben der Polizei von dem Montag fand der blutigste Überfall in der Ostprovinz Natal statt, wo Unbekannte an dem Samstag auf ein Minibus-Taxi feuerten und dabei sechs Schwarze erschossen.",24.28939437866211,"Nach Angaben der Polizei von dem Montag fand der blutigste Überfall in der Ostprovinz Natal statt, wo Unbekannte an dem Samstag auf ein Minibus-Taxi feuerte und dabei sechs Schwarze erschossen.",26.499298095703125,1
Die Schatzmeister der beiden Parteien protestierten dagegen und kündigten juristische Schritte an.,16.650169372558594,Die Schatzmeister der beiden Parteien protestierte dagegen und kündigten juristische Schritte an.,24.330373764038086,1
"Die Anlage verfügt über eine Sporthalle (""Alte Turnhalle"") und über eine Mehrzweckhalle (""Neue Turnhalle""), wo regelmässig Veranstaltungen von diversen Vereinen stattfinden.",7.389686584472656,"Die Anlage verfügt über eine Sporthalle (""Alte Turnhalle"") und über eine Mehrzweckhalle (""Neue Turnhalle""), wo regelmässig Veranstaltungen von diversen Vereinen stattfindet.",8.283010482788086,1
"Handwerksähnliche Mischbetriebe (in Teil B2 des Anhangs zu der HwO) gehören prinzipiell nur der IHK an, überwiegt der handwerksähnliche Betriebsteil, liegt eine Doppelmitgliedschaft vor.",22.584827423095703,"Handwerksähnliche Mischbetriebe (in Teil B2 des Anhangs zu der HwO) gehört prinzipiell nur der IHK an, überwiegt der handwerksähnliche Betriebsteil, liegt eine Doppelmitgliedschaft vor.",26.884634017944336,1
"Felszeichnungen aus Kårstad (Nordfjord) deuten darauf hin, dass die Seitenplanken in der Folgezeit direkt an dem Steven befestigt wurden, so dass das Querbrett entfiel.",46.952919006347656,"Felszeichnungen aus Kårstad (Nordfjord) deutet darauf hin, dass die Seitenplanken in der Folgezeit direkt an dem Steven befestigt wurden, so dass das Querbrett entfiel.",45.30006790161133,0
"Gruppen der Nun - Kultur (Vorfahren der heutigen Paiute und Ute) drängten von Kalifornien herbei und Gruppen der Fremont - Kultur (Vorfahren der Diné, Apachen, Yuma) von Nevada und Utah.",28.858362197875977,"Gruppen der Nun - Kultur (Vorfahren der heutigen Paiute und Ute) drängte von Kalifornien herbei und Gruppen der Fremont - Kultur (Vorfahren der Diné, Apachen, Yuma) von Nevada und Utah.",29.696407318115234,1
Durchlasszellen der Endodermis pressen Wasser in den Zentralzylinder -- Wurzeldruck entsteht.,86.40251922607422,Durchlasszellen der Endodermis presst Wasser in den Zentralzylinder -- Wurzeldruck entsteht.,90.59928894042969,1
"Alejandra González Anaya, eine der kreativen Leiterinnen der Parade, erläuterte gegenüber CNN, warum die Mexikaner den Zeitpunkt für diese Art von Veranstaltung gekommen sahen.",32.347225189208984,"Alejandra González Anaya, eine der kreativen Leiterinnen der Parade, erläuterte gegenüber CNN, warum die Mexikaner den Zeitpunkt für diese Art von Veranstaltung gekommen sah.",33.61492919921875,1
"Ihre Überwasserstreitkräfte, Kreuzer und Zerstörer, daneben später einzelne Flugzeugträger, dienten vor allem dem Schutz der Basisregion und der U-Boote.",14.561877250671387,"Ihre Überwasserstreitkräfte, Kreuzer und Zerstörer, daneben später einzelne Flugzeugträger, diente vor allem dem Schutz der Basisregion und der U-Boote.",15.942004203796387,1
"Mitglieder der Delegation von Jörg Schönbohm, Staatssekretär in dem Verteidigungsministerium und ``Pfadfinder'' für Kohl, behaupten, es bestehe ``kein Zusammenhang'' zwischen dem Kanzler-Besuch und der Wiederaufnahme der Militärbeziehungen.",10.826560020446777,"Mitglieder der Delegation von Jörg Schönbohm, Staatssekretär in dem Verteidigungsministerium und ``Pfadfinder'' für Kohl, behauptet, es bestehe ``kein Zusammenhang'' zwischen dem Kanzler-Besuch und der Wiederaufnahme der Militärbeziehungen.",11.262203216552734,1
Die Vermögenswerte der Finanzinstitute schrumpften dadurch stärker als ihre Schulden.,15.571813583374023,Die Vermögenswerte der Finanzinstitute schrumpfte dadurch stärker als ihre Schulden.,19.11086654663086,1
"Die bis zu 200 m tiefen Schluchten auf den Terrassen der Murgia, die sich zu dem Golf hin absenkt, entstanden durch Erosion, da der Karst den Regen nicht speichern kann und Karren bildet, die sich zu Gravinen erweiterten und Höhlen wie die Grotten von Castallana schufen.",31.421714782714844,"Die bis zu 200 m tiefen Schluchten auf den Terrassen der Murgia, die sich zu dem Golf hin absenkt, entstand durch Erosion, da der Karst den Regen nicht speichern kann und Karren bildet, die sich zu Gravinen erweiterten und Höhlen wie die Grotten von Castallana schufen.",33.4794807434082,1
"Insbesondere, wenn Gruppenmitglieder sich stark in dem Temperament und Orientierung (introvertiert, extrovertiert) unterscheiden, könnten Blickwinkel überbetont werden, weil die Rolle überstark repräsentiert wird.",26.574644088745117,"Insbesondere, wenn Gruppenmitglieder sich stark in dem Temperament und Orientierung (introvertiert, extrovertiert) unterscheidet, könnten Blickwinkel überbetont werden, weil die Rolle überstark repräsentiert wird.",26.798471450805664,1
"Die Bemühungen des Vaters, ihr den Doktortitel der Universität Padua in Theologie zu verschaffen, blieben vorerst erfolglos.",12.698454856872559,"Die Bemühungen des Vaters, ihr den Doktortitel der Universität Padua in Theologie zu verschaffen, blieb vorerst erfolglos.",13.803600311279297,1
Die Erfahrungen aus diesen Versuchen flossen später bei dem Bau der Treidelbahn an dem Teltowkanal und auch bei der Schleusentreppe Niederfinow ein.,26.45476722717285,Die Erfahrungen aus diesen Versuchen floss später bei dem Bau der Treidelbahn an dem Teltowkanal und auch bei der Schleusentreppe Niederfinow ein.,34.28620529174805,1
"Studiobesitzer wollte mich zwingen, alle Getränke zu dem Training bei Ihm zu kaufen.",78.07212829589844,"Studiobesitzer wollte mich zwingen, alle Getränke zu dem Training bei Ihm zu kaufe.",91.91252899169922,1
"Zahlreiche dieser Werke spiegelten seine Erfahrungen und Erlebnisse während seines Aufenthalts in der französischen Kolonie Französisch - Nordafrika, zu der das heutige Algerien gehörte, wieder.",8.612793922424316,"Zahlreiche dieser Werke spiegelte seine Erfahrungen und Erlebnisse während seines Aufenthalts in der französischen Kolonie Französisch - Nordafrika, zu der das heutige Algerien gehörte, wieder.",9.396734237670898,1
"Da die Betroffenen meist die entsprechenden Empfindungen kennen, können sie sich mitunter noch rechtzeitig auf den Boden legen oder Anwesenden ein Zeichen geben.",38.99412155151367,"Da die Betroffenen meist die entsprechenden Empfindungen kennt, können sie sich mitunter noch rechtzeitig auf den Boden legen oder Anwesenden ein Zeichen geben.",36.12928771972656,0
"Die Verhöre Rauffs während der Internierung ergaben für den Vernehmungsbeamten folgenden Eindruck: ""Rauff hat seine Organisation des politischen Verbrechertums stromlinienförmig perfektioniert und ist darauf stolz.",30.095088958740234,"Die Verhöre Rauffs während der Internierung ergab für den Vernehmungsbeamten folgenden Eindruck: ""Rauff hat seine Organisation des politischen Verbrechertums stromlinienförmig perfektioniert und ist darauf stolz.",31.905588150024414,1
"Die folgenden Verluste der HMS Triumph bei Anzac Cove und der HMS Majestic bei Cape Helles, die beide von SM U 21 torpediert wurden, bestätigten dies.",34.22789001464844,"Die folgenden Verluste der HMS Triumph bei Anzac Cove und der HMS Majestic bei Cape Helles, die beide von SM U 21 torpediert wurden, bestätigte dies.",37.92798614501953,1
"So gibt es Zuzüge in attraktivere Wohnlagen und neue Baugebiete, während die Bevölkerungszahlen in den Plattenbaugebieten des Großen Dreeschs, Neu Zippendorfs und des Mueßer Holzes überdurchschnittlich stark sinken.",30.838050842285156,"So gibt es Zuzüge in attraktivere Wohnlagen und neue Baugebiete, während die Bevölkerungszahlen in den Plattenbaugebieten des Großen Dreeschs, Neu Zippendorfs und des Mueßer Holzes überdurchschnittlich stark sinkt.",32.70550537109375,1
"``Die Einrichtungen der evangelischen Kirche benötigen Wärme und Energie in der Größenordnung einer Stadt wie Hannover'', sagt Uwe Ilgemann von dem Öko-Institut Freiburg.",30.066967010498047,"``Die Einrichtungen der evangelischen Kirche benötigt Wärme und Energie in der Größenordnung einer Stadt wie Hannover'', sagt Uwe Ilgemann von dem Öko-Institut Freiburg.",33.965721130371094,1
"Viele Rodenbacher, die keinen eigenen Landwirtschaftsbetrieb besaßen, fuhren zu der Arbeit in neu entstandene Industriebetriebe nach Haiger, auch die 1915 eingeweihte Bahnlinie Haiger - Siegen ermöglichte eine bessere Verbindung zu den industriellen Standorten in dem Siegerland mit seinen Bergwerken und Hüttenbetrieben.",12.985947608947754,"Viele Rodenbacher, die keinen eigenen Landwirtschaftsbetrieb besaßen, fuhr zu der Arbeit in neu entstandene Industriebetriebe nach Haiger, auch die 1915 eingeweihte Bahnlinie Haiger - Siegen ermöglichte eine bessere Verbindung zu den industriellen Standorten in dem Siegerland mit seinen Bergwerken und Hüttenbetrieben.",13.391242027282715,1
"Die Polen, Ruthenen und Juden machten den größten Anteil aus, wobei erstere weitgehend den westlichen Landesteil, die Ruthenen dagegen in dem überwiegenden Maße den östlichen Landesteil (Ruthenien) bewohnten.",13.20981502532959,"Die Polen, Ruthenen und Juden machten den größten Anteil aus, wobei erstere weitgehend den westlichen Landesteil, die Ruthenen dagegen in dem überwiegenden Maße den östlichen Landesteil (Ruthenien) bewohnte.",14.165836334228516,1
"Mischlinge, die bisher gegen die ``Schwarzen'' in dem ANC stimmten, entscheiden jetzt eher anhand von Sachfragen.",99.92664337158203,"Mischlinge, die bisher gegen die ``Schwarzen'' in dem ANC stimmten, entscheidet jetzt eher anhand von Sachfragen.",106.54380798339844,1
Die Chefs der Industrie -- und Unternehmerverbände akzeptieren den KCTU nicht.,121.38275146484375,Die Chefs der Industrie -- und Unternehmerverbände akzeptiert den KCTU nicht.,145.77423095703125,1
"Die von der Bundesregierung unabhängigen obersten Verfassungsorgane Bundespräsident, Bundestag, Bundesrat und Bundesverfassungsgericht regeln in dem Rahmen ihrer Organisationshoheit ihre Beflaggung eigenständig, orientieren sich hierbei jedoch zu dem Teil an dem Erlass der Bundesregierung.",14.632923126220703,"Die von der Bundesregierung unabhängigen obersten Verfassungsorgane Bundespräsident, Bundestag, Bundesrat und Bundesverfassungsgericht regelt in dem Rahmen ihrer Organisationshoheit ihre Beflaggung eigenständig, orientieren sich hierbei jedoch zu dem Teil an dem Erlass der Bundesregierung.",15.5872802734375,1
"Kunden der Bank of Scotland erhalten 3 % Zinsen auf Guthaben von 3.000 bis 5.000 Pfund, wenn sie die kostenlose Option Vantage wählen.",17.468244552612305,"Kunden der Bank of Scotland erhält 3 % Zinsen auf Guthaben von 3.000 bis 5.000 Pfund, wenn sie die kostenlose Option Vantage wählen.",17.178190231323242,0
"In dem Zusammenwirken mit anderen stilistischen Eigenheiten: sperrigen Parenthesen, überflüssigen Reihungen, Parallelismen, mehrfachen Attribuierungen, führt die Tendenz zu der Metaphorisierung zu einer 'Poetisierung' des Themas, wodurch sich die Texte fast zwangsläufig von ihrem meist erfreulich klar definierten Ausgangspunkt entfernen.",21.296911239624023,"In dem Zusammenwirken mit anderen stilistischen Eigenheiten: sperrigen Parenthesen, überflüssigen Reihungen, Parallelismen, mehrfachen Attribuierungen, führt die Tendenz zu der Metaphorisierung zu einer 'Poetisierung' des Themas, wodurch sich die Texte fast zwangsläufig von ihrem meist erfreulich klar definierten Ausgangspunkt entferne.",23.431306838989258,1
"Erklärungen zu dem Ursprung von Musik hängen davon ab, wie Musik definiert wird.",20.668188095092773,"Erklärungen zu dem Ursprung von Musik hängt davon ab, wie Musik definiert wird.",20.597148895263672,0
"Indianer unter der Führung von Joseph Brant kamen aus Kanada an; sie unterstützten die Briten, weil die Kolonisten immer mehr von ihrem Land für sich in Anspruch nahmen.",24.205276489257812,"Indianer unter der Führung von Joseph Brant kamen aus Kanada an; sie unterstützten die Briten, weil die Kolonisten immer mehr von ihrem Land für sich in Anspruch nahm.",27.776546478271484,1
Die Nachrichten über den Betrug der Firma – der jahrelang vor sich ging – senkten den Wert von VW um mehrere zehn Milliarden Euro und kosteten den Vorstandsvorsitzenden Martin Winterkorn seinen Job.,18.02246856689453,Die Nachrichten über den Betrug der Firma – der jahrelang vor sich ging – senkte den Wert von VW um mehrere zehn Milliarden Euro und kosteten den Vorstandsvorsitzenden Martin Winterkorn seinen Job.,20.584524154663086,1
Die Entschädigungen für die Familienangehörigen belaufen sich auf umgerechnet zwischen etwa 150 000 und 225 000 Mark.,12.372882843017578,Die Entschädigungen für die Familienangehörigen beläuft sich auf umgerechnet zwischen etwa 150 000 und 225 000 Mark.,12.553682327270508,1
Kirchliche Lobbyisten wie Heidrun Tempel verhinderten die Regelung.,141.874755859375,Kirchliche Lobbyisten wie Heidrun Tempel verhinderte die Regelung.,158.26080322265625,1
"Die Auswertungen der Unfallursachen zeigen in der Regel eine Verkettung von Ereignissen, die auch die Analyse der Unfallursachen in der Regel schwierig gestalten.",12.867827415466309,"Die Auswertungen der Unfallursachen zeigt in der Regel eine Verkettung von Ereignissen, die auch die Analyse der Unfallursachen in der Regel schwierig gestalten.",14.280146598815918,1
``Die Diskussionen über eine ganze oder teilweise Abschaffung der geschlossenen Ferien laufen.,59.804683685302734,``Die Diskussionen über eine ganze oder teilweise Abschaffung der geschlossenen Ferien läuft.,59.969024658203125,1
"Trieb - und Steuerwagen stimmten wagenbaulich überein, während die ab 1930 beschafften Beiwagen dann an beiden Enden gerade Stirnwände hatten.",54.256103515625,"Trieb - und Steuerwagen stimmten wagenbaulich überein, während die ab 1930 beschafften Beiwagen dann an beiden Enden gerade Stirnwände hatte.",57.82265853881836,1
"Gotische Elemente wie Fiale, Krabbe und Kreuzblume finden Verwendung.",77.21482849121094,"Gotische Elemente wie Fiale, Krabbe und Kreuzblume findet Verwendung.",96.57101440429688,1
"Es unterscheidet sich von dem westlichen Teil des Landes insofern, dass seine bedeutenden topographischen Besonderheiten nicht parallel zu der Küste verlaufen.",18.57107162475586,"Es unterscheidet sich von dem westlichen Teil des Landes insofern, dass seine bedeutenden topographischen Besonderheiten nicht parallel zu der Küste verläuft.",20.476696014404297,1
"Sie hatten 13 Kinder, von denen sieben die Eltern überlebten.",32.50728988647461,"Sie hatten 13 Kinder, von denen sieben die Eltern überlebte.",38.486045837402344,1
Beide Studenten von Goffredo Petrassi - Ennio Morricone und Bruno Nicolai - trafen sich in dem Hl. Cäcilien-Konservatorium.,33.71267318725586,Beide Studenten von Goffredo Petrassi - Ennio Morricone und Bruno Nicolai - traf sich in dem Hl. Cäcilien-Konservatorium.,43.293766021728516,1
"Theatermaschinen in dem ursprünglichen Sinn dienten dazu, um durch Laufwerke, Trommeln und Seilwinden Versatzstücke aus der Versenkung emporsteigen oder in diese verschwinden zu lassen (aus den sog.",27.990686416625977,"Theatermaschinen in dem ursprünglichen Sinn diente dazu, um durch Laufwerke, Trommeln und Seilwinden Versatzstücke aus der Versenkung emporsteigen oder in diese verschwinden zu lassen (aus den sog.",29.68149185180664,1
"Da die ersten Motorwagen mit Verbrennungsmotor um 1900 keine positiven Betriebsergebnisse brachten, wurden auf schwach ausgelasteten Strecken, wie der Lokalbahn Laun - Libochowitz, um diese Zeit auch Dampftriebwagen verwendet.",21.543853759765625,"Da die ersten Motorwagen mit Verbrennungsmotor um 1900 keine positiven Betriebsergebnisse brachte, wurden auf schwach ausgelasteten Strecken, wie der Lokalbahn Laun - Libochowitz, um diese Zeit auch Dampftriebwagen verwendet.",23.081390380859375,1
"Diese Regelung soll verhindern, dass die Blauhelme zwischen die Fronten geraten und Teil des Konflikts werden.",25.146568298339844,"Diese Regelung soll verhindern, dass die Blauhelme zwischen die Fronten gerät und Teil des Konflikts werden.",28.64116668701172,1
"Der Eid beinhaltet, dass Abgeordnete Hong Kong als Teil der Volksrepublik China ihre Treue schwören.",32.43657684326172,"Der Eid beinhaltet, dass Abgeordnete Hong Kong als Teil der Volksrepublik China ihre Treue schwört.",39.38431930541992,1
Andere Einflüsse wie Komik und Zweikampf erschienen dann in der Han - Zeit.,73.65069580078125,Andere Einflüsse wie Komik und Zweikampf erschien dann in der Han - Zeit.,83.65267944335938,1
"Als die Verhaftungen in dem Herbst 1943 einsetzten, war er bei der Wehrmacht in Italien eingesetzt.",13.616792678833008,"Als die Verhaftungen in dem Herbst 1943 einsetzte, war er bei der Wehrmacht in Italien eingesetzt.",17.605607986450195,1
[[Datei: A8palmbach.jpg | miniatur | Zahlreiche Möglichkeiten zu der Mitgestaltung an dem Gesetz boten sich dem Hauptverband der Deutschen Bauindustrie.,76.09772491455078,[[Datei: A8palmbach.jpg | miniatur | Zahlreiche Möglichkeiten zu der Mitgestaltung an dem Gesetz bot sich dem Hauptverband der Deutschen Bauindustrie.,81.70376586914062,1
Zwei U - Boote der United States Navy trugen den Namen USS Parche:,90.91776275634766,Zwei U - Boote der United States Navy trug den Namen USS Parche:,106.06468963623047,1
So unterbinden beispielsweise die darin enthaltenen Konservierungsmittel ein Schimmeln der Creme und andere Zusatzstoffe verstärken die Kälteresistenz (wichtig für den Transport) etc.,27.757740020751953,So unterbinden beispielsweise die darin enthaltenen Konservierungsmittel ein Schimmeln der Creme und andere Zusatzstoffe verstärkt die Kälteresistenz (wichtig für den Transport) etc.,29.36347770690918,1
"Eine schwedische Studie zeigt, dass die Tiere jenseits der zweimonatigen Brutzeit nur selten landen, wenn überhaupt.",25.206335067749023,"Eine schwedische Studie zeigt, dass die Tiere jenseits der zweimonatigen Brutzeit nur selten landet, wenn überhaupt.",26.2525577545166,1
"Die Auseinandersetzungen zwischen den ehemaligen Partnern, die von McTavish zusätzlich geschürt worden waren, gipfelten in der Erschießung des Handelspostenleiters an dem Großen Bärensee durch einen Angestellten der XY Company.",18.371231079101562,"Die Auseinandersetzungen zwischen den ehemaligen Partnern, die von McTavish zusätzlich geschürt worden waren, gipfelte in der Erschießung des Handelspostenleiters an dem Großen Bärensee durch einen Angestellten der XY Company.",18.798307418823242,1
"Türpfeiler, von denen einer eine Rille zu der Aufnahme der Tür aufweist, bilden den Zugang zu der Hauptkammer.",43.92979431152344,"Türpfeiler, von denen einer eine Rille zu der Aufnahme der Tür aufweist, bildet den Zugang zu der Hauptkammer.",50.55624008178711,1
"Dieser musste wegen Überschuldung 1552 Velké Meziříčí verkaufen und 1560 konnte er auch seine Křižanover Güter, zu denen neben Křižanov die Dörfer Jívoví, Kundratice, Sviny, Radenice, Sklené, Horní Bory und Suky gehörten, nicht mehr halten.",31.81235122680664,"Dieser musste wegen Überschuldung 1552 Velké Meziříčí verkaufen und 1560 konnte er auch seine Křižanover Güter, zu denen neben Křižanov die Dörfer Jívoví, Kundratice, Sviny, Radenice, Sklené, Horní Bory und Suky gehörte, nicht mehr halten.",33.64549255371094,1
Die Bebauungen der beiden Orte gehen ineinander über.,52.902862548828125,Die Bebauungen der beiden Orte geht ineinander über.,76.33097076416016,1
Die 1925 als Jedermann-Festspiele gegründeten Freilichtspiele auf der großen Treppe vor St. Michael ziehen bis heute ein überregionales Publikum an.,21.303314208984375,Die 1925 als Jedermann-Festspiele gegründeten Freilichtspiele auf der großen Treppe vor St. Michael zieht bis heute ein überregionales Publikum an.,22.328407287597656,1
"Die Delegationen aus Bosnien, Serbien und Kroatien setzten sich jetzt mit Vorschlägen auseinander, die Meinungsunterschiede in den Schlüsselfragen einer Friedenslösung zu überbrücken.",10.797632217407227,"Die Delegationen aus Bosnien, Serbien und Kroatien setzte sich jetzt mit Vorschlägen auseinander, die Meinungsunterschiede in den Schlüsselfragen einer Friedenslösung zu überbrücken.",11.752741813659668,1
"Zwei Themen, die Perot immer wieder anspricht, Rezession und Bürokratie, machen ihnen besonders zu schaffen.",41.836021423339844,"Zwei Themen, die Perot immer wieder anspricht, Rezession und Bürokratie, macht ihnen besonders zu schaffen.",46.1190299987793,1
"Die Distrikte Viguier und La Conte beherbergen den Großteil des sozialen Wohnungsbaus der Stadt, wo die Bevölkerung überwiegend aus Einwanderern und deren Nachfahren besteht.",14.624591827392578,"Die Distrikte Viguier und La Conte beherbergt den Großteil des sozialen Wohnungsbaus der Stadt, wo die Bevölkerung überwiegend aus Einwanderern und deren Nachfahren besteht.",16.369522094726562,1
"Wahrscheinlich war die Gegend um Rodenbach bereits vor 2000 Jahren besiedelt, wie einige Funde z.B. auf der nahegelegenen Kalteiche beweisen.",16.708662033081055,"Wahrscheinlich war die Gegend um Rodenbach bereits vor 2000 Jahren besiedelt, wie einige Funde z.B. auf der nahegelegenen Kalteiche beweist.",18.911527633666992,1
"Der Manager weist in dem übrigen darauf hin, daß solche Auseinandersetzungen innerhalb der Geldbranche letztlich dem Ansehen des Finanzplatzes Deutschland schadeten.",24.22579002380371,"Der Manager weist in dem übrigen darauf hin, daß solche Auseinandersetzungen innerhalb der Geldbranche letztlich dem Ansehen des Finanzplatzes Deutschland schadete.",26.315279006958008,1
"Erschwerend kam für deutschsprachige phantastische Literatur hinzu, dass die meisten Autoren, die zu dem Teil bereits seit Jahrzehnten für Büchernachschub sorgten, nunmehr ihre Geschichten in die Wirklichkeit verlagerten und kaum noch phantastische Elemente verwendeten.",18.214632034301758,"Erschwerend kam für deutschsprachige phantastische Literatur hinzu, dass die meisten Autoren, die zu dem Teil bereits seit Jahrzehnten für Büchernachschub sorgten, nunmehr ihre Geschichten in die Wirklichkeit verlagerte und kaum noch phantastische Elemente verwendeten.",18.79598617553711,1
Die SPD-Abgeordneten Otto Schily und Friedhelm Julius Beucher nannten die Antworten ``lückenhaft und ausweichend''.,51.9634895324707,Die SPD-Abgeordneten Otto Schily und Friedhelm Julius Beucher nannte die Antworten ``lückenhaft und ausweichend''.,57.92652893066406,1
"Selbst Objekte, die nur entfernt eine Ähnlichkeit mit Augen haben, erregen Os Aufmerksamkeit, zu dem Beispiel die Schnitzerei an einem Schaukelstuhl.",37.31764602661133,"Selbst Objekte, die nur entfernt eine Ähnlichkeit mit Augen haben, erregt Os Aufmerksamkeit, zu dem Beispiel die Schnitzerei an einem Schaukelstuhl.",41.447139739990234,1
"Ein Versuch, der letztlich scheiterte, weil die Lizenzforderungen von Rechteinhaber Fox das Budget überstiegen, und der Produzent trotz vermutlich vorhandender Ausnahmerechte in dem Urheberrechtsgesetz keinen langwierigen Streit vor Gericht provozieren wollte.",25.778087615966797,"Ein Versuch, der letztlich scheiterte, weil die Lizenzforderungen von Rechteinhaber Fox das Budget überstieg, und der Produzent trotz vermutlich vorhandender Ausnahmerechte in dem Urheberrechtsgesetz keinen langwierigen Streit vor Gericht provozieren wollte.",28.159442901611328,1
"Die Strukturen, die sich in den Daten aus der Petén-Region und aus Uaxactun finden, lassen diese Stätten als Teil der kulturellen Entwicklung der Maya-Tiefebene erscheinen.",18.702434539794922,"Die Strukturen, die sich in den Daten aus der Petén-Region und aus Uaxactun finden, lässt diese Stätten als Teil der kulturellen Entwicklung der Maya-Tiefebene erscheinen.",21.794645309448242,1
"Die Negativerfahrungen des älteren Paares schaffen Einsicht, Orientierung und materielle Bedingungen als Voraussetzung für das gelingende Leben der Jüngeren.",20.32662582397461,"Die Negativerfahrungen des älteren Paares schafft Einsicht, Orientierung und materielle Bedingungen als Voraussetzung für das gelingende Leben der Jüngeren.",20.723432540893555,1
"Die Sedimente der Caturrita - Formation gehören zu der zweiten Einheit der Santa - Maria - Supersequenz und überlagern das Alemoa - Member der Santa - Maria - Formation, wobei ein allmählicher fazieller Übergang von den tonigen Sedimenten des Alemoa - Members zu den sandigeren Sedimenten der Caturrita - Formation stattfindet.",16.488597869873047,"Die Sedimente der Caturrita - Formation gehört zu der zweiten Einheit der Santa - Maria - Supersequenz und überlagern das Alemoa - Member der Santa - Maria - Formation, wobei ein allmählicher fazieller Übergang von den tonigen Sedimenten des Alemoa - Members zu den sandigeren Sedimenten der Caturrita - Formation stattfindet.",17.41878318786621,1
"Die Bahnhöfe in Meisdof, Ermsleben und Reinstedt liegen an der ehemaligen Bahnstrecke Frose - Quedlinburg.",17.078176498413086,"Die Bahnhöfe in Meisdof, Ermsleben und Reinstedt liegt an der ehemaligen Bahnstrecke Frose - Quedlinburg.",20.094863891601562,1
Die Agrarbetriebe zwischen Elbe und Oder aber stecken tief in der Krise.,38.55406951904297,Die Agrarbetriebe zwischen Elbe und Oder aber steckt tief in der Krise.,42.29589080810547,1
"Die zwei anderen Kandidaten, darunter Louis Riel, der Anführer der Red - River - Rebellion, zogen sich zurück.",30.2908935546875,"Die zwei anderen Kandidaten, darunter Louis Riel, der Anführer der Red - River - Rebellion, zog sich zurück.",32.33139419555664,1
Ebenfalls die überwiegend guten Bewertungen hier überraschen mich.,62.69354248046875,Ebenfalls die überwiegend guten Bewertungen hier überrascht mich.,55.82876968383789,0
"Über zehn Kilometer markierte Wanderwege, darunter die Zeugenbergrunde, laden zu dem Wandern, Joggen und Mountainbiken ein.",21.483625411987305,"Über zehn Kilometer markierte Wanderwege, darunter die Zeugenbergrunde, lädt zu dem Wandern, Joggen und Mountainbiken ein.",20.776325225830078,0
Die Bestimmungen des TNW gelten bis zu der Haltestelle Grün 99.,79.17913055419922,Die Bestimmungen des TNW gilt bis zu der Haltestelle Grün 99.,105.07657623291016,1
"Die zahlreichen Fledermausknochen, die in Spalten und auf Felsvorsprüngen in der Höhle gefunden wurden zeigen, dass die Höhle seit undenklichen Zeiten besonders in dem Winter von Fledermäusen aufgesucht wird.",15.644057273864746,"Die zahlreichen Fledermausknochen, die in Spalten und auf Felsvorsprüngen in der Höhle gefunden wurden zeige, dass die Höhle seit undenklichen Zeiten besonders in dem Winter von Fledermäusen aufgesucht wird.",17.56596565246582,1
Christliche Kirchen in Nordwesteuropa und der Ukraine verwendeten häufig Weidenzweige anstatt Palmen für die Zeremonien an dem Palmsonntag.,26.423999786376953,Christliche Kirchen in Nordwesteuropa und der Ukraine verwendete häufig Weidenzweige anstatt Palmen für die Zeremonien an dem Palmsonntag.,28.845430374145508,1
"Ein Jahr später ging ein Beschwerdebrief an den Englischen König, als die Quäker wegen ihrer Eidesverweigerung stark in Bedrängnis gerieten.",24.216867446899414,"Ein Jahr später ging ein Beschwerdebrief an den Englischen König, als die Quäker wegen ihrer Eidesverweigerung stark in Bedrängnis geriet.",26.165668487548828,1
"Bildung bestand während der Renaissance hauptsächlich aus antiker Literatur und Geschichte, und es herrschte die Auffassung vor, dass die Klassiker moralische Handlungsanweisungen und ein ausgeprägtes Verständnis für menschliches Verhalten enthielten.",9.938036918640137,"Bildung bestand während der Renaissance hauptsächlich aus antiker Literatur und Geschichte, und es herrschte die Auffassung vor, dass die Klassiker moralische Handlungsanweisungen und ein ausgeprägtes Verständnis für menschliches Verhalten enthielt.",11.139104843139648,1
"Du kommst, gehst und kommst dauernd wieder.",55.946533203125,"Du komme, gehst und kommst dauernd wieder.",100.99786376953125,1
"Du machst Deinen Knicks und versuchst irgendwie, nett auszusehen.",77.69695281982422,"Du mache Deinen Knicks und versuchst irgendwie, nett auszusehen.",107.61065673828125,1
"Du weißt noch gar nicht, wo du bist und was noch alles auf dich wartet!''",40.33155059814453,"Du weißt noch gar nicht, wo du bin und was noch alles auf dich wartet!''",53.113704681396484,1
"Fr. Dr. Berndt hat mich in das Behandlungszimmer gerufen und vor meiner kleinen Tochter (2 Jahre) die Tür vor der Nase zugemacht und gesagt ""Du wartest draussen!""",34.501068115234375,"Fr. Dr. Berndt hat mich in das Behandlungszimmer gerufen und vor meiner kleinen Tochter (2 Jahre) die Tür vor der Nase zugemacht und gesagt ""Du warte draussen!""",35.5869255065918,1
"Du weißt noch gar nicht, wo du bist und was noch alles auf dich wartet!''",40.33155059814453,"Du weiße noch gar nicht, wo du bist und was noch alles auf dich wartet!''",123.04740142822266,1
"Dennoch ist hier eine durchaus originelle und einmalige Chorlösung entstanden, die sich von dem Heilig - Kreuz - Münster in Schwäbisch Gmünd und von dem Veitsdom in Prag deutlich abhebt.",21.248641967773438,"Dennoch bin hier eine durchaus originelle und einmalige Chorlösung entstanden, die sich von dem Heilig - Kreuz - Münster in Schwäbisch Gmünd und von dem Veitsdom in Prag deutlich abhebt.",28.887964248657227,1
Leider hat mich diese Arztin bitter enttäuscht.,48.406341552734375,Leider habe mich diese Arztin bitter enttäuscht.,59.842281341552734,1
In den letzten Jahrzehnten hat sich an dem nördlichen Dorfrand ein neues Wohnquartier gebildet.,11.325472831726074,In den letzten Jahrzehnten habe sich an dem nördlichen Dorfrand ein neues Wohnquartier gebildet.,14.178735733032227,1
Besonders gut hat uns die Leckerei mit der Tonkabohne geschmeckt.,68.65150451660156,Besonders gut habe uns die Leckerei mit der Tonkabohne geschmeckt.,78.72611236572266,1
"Mit ihm zusammengewachsen ist der in dem Mittelalter bedeutendste Ortsteil Adelwil (1,8 km nordöstlich des Dorfs;)",42.525691986083984,"Mit ihm zusammengewachsen bin der in dem Mittelalter bedeutendste Ortsteil Adelwil (1,8 km nordöstlich des Dorfs;)",67.49990844726562,1
In dieser Zeit hat sich das Unternehmen als zuverlässiger Partner herausgestellt.,17.839845657348633,In dieser Zeit habe sich das Unternehmen als zuverlässiger Partner herausgestellt.,25.533252716064453,1
"Die verspielte Kunstfertigkeit der damaligen Arbeiten erreichen sie wohl alle nicht, das kommerzielle Interesse steht in dem Vordergrund, auch hat sich der Zeitgeschmack verändert.",28.744977951049805,"Die verspielte Kunstfertigkeit der damaligen Arbeiten erreichen sie wohl alle nicht, das kommerzielle Interesse steht in dem Vordergrund, auch habe sich der Zeitgeschmack verändert.",32.60710525512695,1
Mit deren Fertigstellung hat sich die Lage jedoch merklich entspannt.,32.76972961425781,Mit deren Fertigstellung habe sich die Lage jedoch merklich entspannt.,37.790687561035156,1
In dem April 09 hat mir meine Frau zu dem Geburtstag ein Seminar in dem Hotel Sonnenstrahl geschenkt.,84.42314147949219,In dem April 09 habe mir meine Frau zu dem Geburtstag ein Seminar in dem Hotel Sonnenstrahl geschenkt.,92.9100112915039,1
Durch die Fusionierung hat sich ihre Zahl zudem in den vergangenen Jahren von 323 auf 157 verringert.,42.383148193359375,Durch die Fusionierung habe sich ihre Zahl zudem in den vergangenen Jahren von 323 auf 157 verringert.,51.672306060791016,1
"In diesen Fällen sind die textilen Materialien meist ebenfalls vollständig vergangen, jedoch hat sich ihr plastisches Abbild als Metallsalzauflage wie Rost oder Grünspan auf der Metalloberfläche erhalten.",41.76237487792969,"In diesen Fällen sind die textilen Materialien meist ebenfalls vollständig vergangen, jedoch habe sich ihr plastisches Abbild als Metallsalzauflage wie Rost oder Grünspan auf der Metalloberfläche erhalten.",48.46297073364258,1
Durch Aufsedimentation hat sich das Wasser dort inzwischen jedoch zurückgezogen.,80.36717224121094,Durch Aufsedimentation habe sich das Wasser dort inzwischen jedoch zurückgezogen.,106.72049713134766,1
Insgesamt ist das Klima eher maritim als kontinental geprägt und es zeigen sich typische klimatische Merkmale besonders dicht besiedelter Räume.,14.666821479797363,Insgesamt bin das Klima eher maritim als kontinental geprägt und es zeigen sich typische klimatische Merkmale besonders dicht besiedelter Räume.,21.467424392700195,1
Seither hat sich die Einwohnerzahl verdoppelt.,21.734933853149414,Seither habe sich die Einwohnerzahl verdoppelt.,33.05777359008789,1
"Von der klassischen Liegenschaftsverwaltung hat sich der Trend drastisch in Richtung eines eigenständigen Unternehmensgeschäftsfeldes oder zumindest eines ""Profit Centers"" mit marktnahem Management geändert.",20.552946090698242,"Von der klassischen Liegenschaftsverwaltung habe sich der Trend drastisch in Richtung eines eigenständigen Unternehmensgeschäftsfeldes oder zumindest eines ""Profit Centers"" mit marktnahem Management geändert.",23.39702033996582,1
"Zu dem ersten Mal seit sechs Jahren ist die Arbeitslosigkeit wieder auf unter 20 % gesunken, und es sind jetzt schon 600.000 Menschen mehr in Arbeit als noch vor einem Jahr.",15.807774543762207,"Zu dem ersten Mal seit sechs Jahren bin die Arbeitslosigkeit wieder auf unter 20 % gesunken, und es sind jetzt schon 600.000 Menschen mehr in Arbeit als noch vor einem Jahr.",21.188804626464844,1
"So wie die Proteste zunahmen, hat sich die Haltung der Regierung verhärtet.",20.5936279296875,"So wie die Proteste zunahmen, habe sich die Haltung der Regierung verhärtet.",26.682401657104492,1
Bis an sein Lebensende wird ihn die Konstruktion jenes Bildapparates beschäftigen.,146.935546875,Bis an sein Lebensende werd' ihn die Konstruktion jenes Bildapparates beschäftigen.,204.66371154785156,1
Uns ist das Essen in dem Halse stecken geblieben.,78.62913513183594,Uns bin das Essen in dem Halse stecken geblieben.,145.5597381591797,1
Außerdem wird sich für einen Zeit genommen und man bekommt Erfrischungen angeboten.,74.28382873535156,Außerdem werd sich für einen Zeit genommen und man bekommt Erfrischungen angeboten.,99.10954284667969,1
Inzwischen hat die getrennt lebende Ehefrau eines Parlamentarischen Geschäftsführers ihre Kampagne um den Sitz gestartet.,17.501394271850586,Inzwischen habe die getrennt lebende Ehefrau eines Parlamentarischen Geschäftsführers ihre Kampagne um den Sitz gestartet.,20.028846740722656,1
"Detaillierte empirische Studien, die Golemans Vermutungen bestätigen, hat in den 1990er Jahren der Psychologe John Gottman durchgeführt.",14.065351486206055,"Detaillierte empirische Studien, die Golemans Vermutungen bestätigen, habe in den 1990er Jahren der Psychologe John Gottman durchgeführt.",16.040830612182617,1
"Zeitgleich damit hat sich die Erwartung etabliert, dass schöner Fußball auch automatisch erfolgreich sein müsse.",43.63429260253906,"Zeitgleich damit habe sich die Erwartung etabliert, dass schöner Fußball auch automatisch erfolgreich sein müsse.",46.46845626831055,1
Leider hat sich mein Eindruck jetzt total umgekehrt.,48.6983528137207,Leider habe sich mein Eindruck jetzt total umgekehrt.,69.66400909423828,1
"Immer wenn es Druck gab, hat das Theater auch Gegendruck entwickelt und ist zu sich selbst gekommen.",42.43967819213867,"Immer wenn es Druck gab, habe das Theater auch Gegendruck entwickelt und ist zu sich selbst gekommen.",52.51292419433594,1
In den letzten Jahrzehnten hat sich das Dorf zu einer Wohngemeinde gewandelt.,10.792930603027344,In den letzten Jahrzehnten habe sich das Dorf zu einer Wohngemeinde gewandelt.,14.272260665893555,1
"Während Evidenz auf idealtypischem Verstehen ohne ausreichendem Tatsachenmaterial basieren kann, ist die Realität eines verständlichen Zusammenhangs nur in dem Maße zu behaupten, als ausreichende objektive Daten gegeben sind.",17.6241397857666,"Während Evidenz auf idealtypischem Verstehen ohne ausreichendem Tatsachenmaterial basieren kann, bin die Realität eines verständlichen Zusammenhangs nur in dem Maße zu behaupten, als ausreichende objektive Daten gegeben sind.",21.314851760864258,1
Glücklicherweise mussten die Wiener dennoch nicht absteigen.,40.25369644165039,Glücklicherweise mußten die Wiener dennoch nicht absteigen.,43.30556106567383,1
"Aufgetreten ist dieses räumliche Migrationsphänomen in (West) - Deutschland während der 1960er - und 1970er - Jahren, als viele Menschen sich mit dem Geld des Wirtschaftswunders ein Eigenheim außerhalb der großen Städte bauten (Vgl. Suburbanisierung).",18.507427215576172,"Aufgetreten bin dieses räumliche Migrationsphänomen in (West) - Deutschland während der 1960er - und 1970er - Jahren, als viele Menschen sich mit dem Geld des Wirtschaftswunders ein Eigenheim außerhalb der großen Städte bauten (Vgl. Suburbanisierung).",22.970199584960938,1
Bis 1929 ist keine Schrift Bachtins unter seinem eigenen Namen erschienen.,69.09973907470703,Bis 1929 bin keine Schrift Bachtins unter seinem eigenen Namen erschienen.,116.77234649658203,1
Bis an sein Lebensende wird ihn die Konstruktion jenes Bildapparates beschäftigen.,146.935546875,Bis an sein Lebensende werde ihn die Konstruktion jenes Bildapparates beschäftigen.,161.00535583496094,1
"Währenddessen ist seine Tochter Annette, die Dr. Martel geheiratet hat, schwanger geworden und steht kurz vor der Niederkunft.",15.55910587310791,"Währenddessen bin seine Tochter Annette, die Dr. Martel geheiratet hat, schwanger geworden und steht kurz vor der Niederkunft.",22.233530044555664,1
Außerdem wird sich für einen Zeit genommen und man bekommt Erfrischungen angeboten.,74.28382873535156,Außerdem werd' sich für einen Zeit genommen und man bekommt Erfrischungen angeboten.,100.54752349853516,1
Damit ist Code von GNU Classpath in die offizielle Implementierung der Java - Plattform eingeflossen.,52.954071044921875,Damit bin Code von GNU Classpath in die offizielle Implementierung der Java - Plattform eingeflossen.,80.09890747070312,1
An dem meisten in Erinnerung bleiben wird Noman Bates 'Mitgliedschaft in den frühen Formationen von Dave Brubeck von 1948 / 49;,96.71833801269531,An dem meisten in Erinnerung bleiben werde Noman Bates 'Mitgliedschaft in den frühen Formationen von Dave Brubeck von 1948 / 49;,107.74781036376953,1
Knapp 20 Euro hat je ein Teil gekostet.,337.64361572265625,Knapp 20 Euro habe je ein Teil gekostet.,338.1219787597656,1
Bis an sein Lebensende wird ihn die Konstruktion jenes Bildapparates beschäftigen.,146.935546875,Bis an sein Lebensende werd ihn die Konstruktion jenes Bildapparates beschäftigen.,182.6048583984375,1
Bis heute ist der Ort der Kunst verbunden geblieben.,67.85317993164062,Bis heute bin der Ort der Kunst verbunden geblieben.,96.1343994140625,1
"Gottlob ist unsere Werkstatt gut ausgelastet, sodass diese Wartezeiten entstehen.",35.151885986328125,"Gottlob bin unsere Werkstatt gut ausgelastet, sodass diese Wartezeiten entstehen.",58.62947463989258,1
"Wie in der Vorsaison mussten die Sieger der Nord - und der Nordost - Staffel zwei Entscheidungsspiele um den Aufstieg austragen, während die Sieger der West/Südwest- und der Süd - Staffel direkt aufstiegen.",10.708675384521484,"Wie in der Vorsaison mußten die Sieger der Nord - und der Nordost - Staffel zwei Entscheidungsspiele um den Aufstieg austragen, während die Sieger der West/Südwest- und der Süd - Staffel direkt aufstiegen.",11.231559753417969,1
""" Aber als dies politisch zweckdienlich wurde, hat mich jemand vor den Bus gestoßen.""",76.18283081054688,""" Aber als dies politisch zweckdienlich wurde, habe mich jemand vor den Bus gestoßen.""",91.898681640625,1
Leider verspricht die Firma die Ware in ca. 7 Tagen zu liefern aber nach 8 Tagen ist immer noch keine Ware angekommen.,18.09561538696289,Leider verspricht die Firma die Ware in ca. 7 Tagen zu liefern aber nach 8 Tagen bin immer noch keine Ware angekommen.,21.247760772705078,1
"Weiterhin negativ aufgefallen ist der schlechte Service dadurch, dass beispielsweise nicht darauf geachtet wurde, ob noch ausreichend Munition vorhanden ist.",14.103679656982422,"Weiterhin negativ aufgefallen bin der schlechte Service dadurch, dass beispielsweise nicht darauf geachtet wurde, ob noch ausreichend Munition vorhanden ist.",18.325408935546875,1
In den letzten Jahrzehnten hat sich das Dorf zu einer Wohngemeinde entwickelt.,10.105565071105957,In den letzten Jahrzehnten habe sich das Dorf zu einer Wohngemeinde entwickelt.,13.660567283630371,1
Außerdem wird sich für einen Zeit genommen und man bekommt Erfrischungen angeboten.,74.28382873535156,Außerdem werde sich für einen Zeit genommen und man bekommt Erfrischungen angeboten.,96.8365707397461,1
An dem meisten in Erinnerung bleiben wird Noman Bates 'Mitgliedschaft in den frühen Formationen von Dave Brubeck von 1948 / 49;,96.71833801269531,An dem meisten in Erinnerung bleiben werd Noman Bates 'Mitgliedschaft in den frühen Formationen von Dave Brubeck von 1948 / 49;,130.9049835205078,1
Direkt neben dem großen neuen REWE in Bornheim hat vor Kurzem der Shop von Styleon aufgemacht.,101.95652770996094,Direkt neben dem großen neuen REWE in Bornheim habe vor Kurzem der Shop von Styleon aufgemacht.,132.67161560058594,1
Laut Programm wird sie um 23.45 Uhr sprechen.,109.455078125,Laut Programm werd' sie um 23.45 Uhr sprechen.,313.5581970214844,1
"Seit den 1960ern ist die südkoreanische Wirtschaft stark angewachsen, und die Wirtschaftsstruktur hat sich radikal verändert.",7.0792341232299805,"Seit den 1960ern bin die südkoreanische Wirtschaft stark angewachsen, und die Wirtschaftsstruktur hat sich radikal verändert.",10.713678359985352,1
"Nach Meinung der ÖDP wird das bisherige marktwirtschaftliche Wirtschaftssystem scheitern, da es ""auf einseitigen materiellen Verbrauch"" ausgerichtet sei.",18.899227142333984,"Nach Meinung der ÖDP werde das bisherige marktwirtschaftliche Wirtschaftssystem scheitern, da es ""auf einseitigen materiellen Verbrauch"" ausgerichtet sei.",19.494964599609375,1
"Allerdings ist auch ""Ferntransport"" von Flussmützenschnecken bekannt geworden, speziell durch das zufällige Festheften an Füßen von Wasservögeln oder auch an dem Körper größerer flugfähiger Wasserkäfer.",29.395082473754883,"Allerdings bin auch ""Ferntransport"" von Flussmützenschnecken bekannt geworden, speziell durch das zufällige Festheften an Füßen von Wasservögeln oder auch an dem Körper größerer flugfähiger Wasserkäfer.",33.237823486328125,1
Den ersten Winter mussten die Schüler wegen der schlechten Heizung in den Unterkünften der Hofmusikergruppe verbringen.,29.402597427368164,Den ersten Winter mußten die Schüler wegen der schlechten Heizung in den Unterkünften der Hofmusikergruppe verbringen.,31.731903076171875,1
Mit der Webakte wird den Mandanten eine super Service geboten.,306.06976318359375,Mit der Webakte werd den Mandanten eine super Service geboten.,403.2712707519531,1
"Um in das Domkapitel aufgenommen zu werden, mussten sie 16 regierende adlige Vorfahren väterlicher - und mütterlicherseits aufweisen und die Subdiakonenweihe empfangen haben.",20.11626625061035,"Um in das Domkapitel aufgenommen zu werden, mußten sie 16 regierende adlige Vorfahren väterlicher - und mütterlicherseits aufweisen und die Subdiakonenweihe empfangen haben.",19.708984375,0
"Dagegen hat das Mitentscheidungsverfahren an Bedeutung gewonnen, wodurch das Europäische Parlament dem Rat als Gesetzgeber in immer mehr Politikbereichen gleichgestellt wurde.",19.66829490661621,"Dagegen habe das Mitentscheidungsverfahren an Bedeutung gewonnen, wodurch das Europäische Parlament dem Rat als Gesetzgeber in immer mehr Politikbereichen gleichgestellt wurde.",22.236074447631836,1
Nach einem halben Jahr in dem Oktober 2007 hat das Buch in vorerst 15 Sprachausgaben die Auflagenhöhe von zwei Millionen Exemplaren erreicht.,17.638378143310547,Nach einem halben Jahr in dem Oktober 2007 habe das Buch in vorerst 15 Sprachausgaben die Auflagenhöhe von zwei Millionen Exemplaren erreicht.,20.498626708984375,1
1000 Jahren wird das Sternsystem in das benachbarte Sternbild Tukan hinüberwechseln.,43.74146270751953,1000 Jahren werde das Sternsystem in das benachbarte Sternbild Tukan hinüberwechseln.,54.714622497558594,1
"In dem Jahr 2008 hat der Kongress eine neue Städtecharta, die Europäische Städtecharta II - Manifest für eine neue Urbanität, vorgelegt.",21.41765022277832,"In dem Jahr 2008 habe der Kongress eine neue Städtecharta, die Europäische Städtecharta II - Manifest für eine neue Urbanität, vorgelegt.",23.13316535949707,1
"Zunächst mussten die Reisenden in Kraslice noch umsteigen, heute verkehren durchgehende Züge in der Relation Zwickau Zentrum - Sokolov in einem Einstundentakt.",36.670650482177734,"Zunächst mußten die Reisenden in Kraslice noch umsteigen, heute verkehren durchgehende Züge in der Relation Zwickau Zentrum - Sokolov in einem Einstundentakt.",39.85239791870117,1
"Auf ihrem langen Weg des Zusammenwachsens hat die Gemeinschaft gelernt, auch größere Stolpersteine beiseite zu räumen.",18.36503028869629,"Auf ihrem langen Weg des Zusammenwachsens habe die Gemeinschaft gelernt, auch größere Stolpersteine beiseite zu räumen.",19.859724044799805,1
"Ich habe nichts von meiner Schulter erzählt, das hat die Masseurin sofort selbst gemerkt und mich entsprechend behandelt.",37.66239547729492,"Ich habe nichts von meiner Schulter erzählt, das habe die Masseurin sofort selbst gemerkt und mich entsprechend behandelt.",40.53678894042969,1
"Nach Meinung der ÖDP wird das bisherige marktwirtschaftliche Wirtschaftssystem scheitern, da es ""auf einseitigen materiellen Verbrauch"" ausgerichtet sei.",18.899227142333984,"Nach Meinung der ÖDP werd das bisherige marktwirtschaftliche Wirtschaftssystem scheitern, da es ""auf einseitigen materiellen Verbrauch"" ausgerichtet sei.",23.626310348510742,1
"Andererseits wird ein gesundes Ökosystem mit guten Managementpraktiken die Wahrscheinlichkeit, dass diese Ereignisse auftreten, verringern oder zumindest nachteilige Auswirkungen mildern.",15.298653602600098,"Andererseits werd' ein gesundes Ökosystem mit guten Managementpraktiken die Wahrscheinlichkeit, dass diese Ereignisse auftreten, verringern oder zumindest nachteilige Auswirkungen mildern.",25.951828002929688,1
"Dan und damaliger Technischer Direktor in dem DJJV, hat eine Arbeitsgruppe das Programm grundsätzlich überarbeitet.",105.166748046875,"Dan und damaliger Technischer Direktor in dem DJJV, habe eine Arbeitsgruppe das Programm grundsätzlich überarbeitet.",122.68492126464844,1
Daher ist die Neurowissenschaft von der Vorstellung eines festen Schwellenpotentials abgekommen.,45.627872467041016,Daher bin die Neurowissenschaft von der Vorstellung eines festen Schwellenpotentials abgekommen.,101.97889709472656,1
"Nach Angaben von Bundesgeschäftsführer Franz Müntefering wird das Parteipräsidium unmittelbar nach der Abstimmung entscheiden, ``ob es Konsequenzen aus dieser Wahl geben muß''.",14.260420799255371,"Nach Angaben von Bundesgeschäftsführer Franz Müntefering werde das Parteipräsidium unmittelbar nach der Abstimmung entscheiden, ``ob es Konsequenzen aus dieser Wahl geben muß''.",14.433344841003418,1
Mit der Webakte wird den Mandanten eine super Service geboten.,306.06976318359375,Mit der Webakte werd' den Mandanten eine super Service geboten.,460.9593505859375,1
"Andererseits wird ein gesundes Ökosystem mit guten Managementpraktiken die Wahrscheinlichkeit, dass diese Ereignisse auftreten, verringern oder zumindest nachteilige Auswirkungen mildern.",15.298653602600098,"Andererseits werd ein gesundes Ökosystem mit guten Managementpraktiken die Wahrscheinlichkeit, dass diese Ereignisse auftreten, verringern oder zumindest nachteilige Auswirkungen mildern.",20.600759506225586,1
Bei der 1968 durchgeführten Renovierung hat man an dem Altarbogen die ursprünglich aufgebrachten Fresken von zwei Heiligen wieder freigelegt und restauriert.,15.969439506530762,Bei der 1968 durchgeführten Renovierung habe man an dem Altarbogen die ursprünglich aufgebrachten Fresken von zwei Heiligen wieder freigelegt und restauriert.,17.330171585083008,1
"Da Quarterbacks auch nach der Ballübergabe getackelt werden durften, mussten sie große läuferische Fähigkeiten besitzen, um den gegnerischen Abwehrspielern ausweichen zu können.",23.51995277404785,"Da Quarterbacks auch nach der Ballübergabe getackelt werden durften, mußten sie große läuferische Fähigkeiten besitzen, um den gegnerischen Abwehrspielern ausweichen zu können.",23.97707748413086,1
Fünf Tage nach dem Mordanschlag auf Israels Ministerpräsidenten Yitzhak Rabin hat die Polizei zwei weitere Verdächtige festgenommen.,6.402346134185791,Fünf Tage nach dem Mordanschlag auf Israels Ministerpräsidenten Yitzhak Rabin habe die Polizei zwei weitere Verdächtige festgenommen.,6.891529083251953,1
Diese Erkenntnis stürzt ihn in eine doppelte Identitätskrise: Wen genau hat er geliebt?,20.043067932128906,Diese Erkenntnis stürzt ihn in eine doppelte Identitätskrise: Wen genau habe er geliebt?,24.725324630737305,1
1000 Jahren wird das Sternsystem in das benachbarte Sternbild Tukan hinüberwechseln.,43.74146270751953,1000 Jahren werd' das Sternsystem in das benachbarte Sternbild Tukan hinüberwechseln.,82.932373046875,1
An dem meisten in Erinnerung bleiben wird Noman Bates 'Mitgliedschaft in den frühen Formationen von Dave Brubeck von 1948 / 49;,96.71833801269531,An dem meisten in Erinnerung bleiben werd' Noman Bates 'Mitgliedschaft in den frühen Formationen von Dave Brubeck von 1948 / 49;,111.51472473144531,1
Mit der Webakte wird den Mandanten eine super Service geboten.,306.06976318359375,Mit der Webakte werde den Mandanten eine super Service geboten.,444.3067626953125,1
"Für ausländische Touristen ist der Ort in den letzten Jahren attraktiv geworden durch die entspannte Atmosphäre, die Strände und die Surfmöglichkeiten an dem Strand.",14.389110565185547,"Für ausländische Touristen bin der Ort in den letzten Jahren attraktiv geworden durch die entspannte Atmosphäre, die Strände und die Surfmöglichkeiten an dem Strand.",19.53188133239746,1
"Sie werden sich fragen warum hat es sechs Jahre und drei Hundeschulen gedauert bis unser Hund verstand, was wir von Ihm wollten.",50.323612213134766,"Sie werden sich fragen warum habe es sechs Jahre und drei Hundeschulen gedauert bis unser Hund verstand, was wir von Ihm wollten.",62.67835998535156,1
"Als Obmann der Reichsarbeitsgemeinschaft Gartenbau hat er 1943 die Schrift ""Gartenbauforschung in dem Dienst der Kriegsernährung"" herausgegeben.",15.726991653442383,"Als Obmann der Reichsarbeitsgemeinschaft Gartenbau habe er 1943 die Schrift ""Gartenbauforschung in dem Dienst der Kriegsernährung"" herausgegeben.",17.548892974853516,1
"Vor allem wird die Urbanisation auch touristisch attraktive Landschaften und mehr Landschaftsparkfläche anbieten, als London und New York zusammen aufweisen.",49.1261100769043,"Vor allem werde die Urbanisation auch touristisch attraktive Landschaften und mehr Landschaftsparkfläche anbieten, als London und New York zusammen aufweisen.",54.24427032470703,1
Nach persönlicher Zählung des Regisseurs hat er bisher acht Spielfilme produziert.,31.01070213317871,Nach persönlicher Zählung des Regisseurs habe er bisher acht Spielfilme produziert.,36.11380386352539,1
Einige Tage nach dem Mordanschlag auf Israels Ministerpräsidenten Yitzhak Rabin hat die Polizei zwei weitere Verdächtige festgenommen.,6.790434837341309,Einige Tage nach dem Mordanschlag auf Israels Ministerpräsidenten Yitzhak Rabin habe die Polizei zwei weitere Verdächtige festgenommen.,7.185723781585693,1
"``Diese Platte war Freddies letzter Wille, danach wird es Queen nicht mehr geben'', versichert Brian May, ``Freddie wollte damals, daß wir jedesmal in das Studio gingen, wenn er sich einigermaßen gut fühlte.",34.818519592285156,"``Diese Platte war Freddies letzter Wille, danach werde es Queen nicht mehr geben'', versichert Brian May, ``Freddie wollte damals, daß wir jedesmal in das Studio gingen, wenn er sich einigermaßen gut fühlte.",37.88719940185547,1
1000 Jahren wird das Sternsystem in das benachbarte Sternbild Tukan hinüberwechseln.,43.74146270751953,1000 Jahren werd das Sternsystem in das benachbarte Sternbild Tukan hinüberwechseln.,68.7315902709961,1
"Einen ihrer Bände hat sie in ""gute"", ""mittelmäßige"" und ""schlechte Gedichte"" gegliedert, dabei die erste Rubrik jedoch leer gelassen.",29.73893928527832,"Einen ihrer Bände habe sie in ""gute"", ""mittelmäßige"" und ""schlechte Gedichte"" gegliedert, dabei die erste Rubrik jedoch leer gelassen.",34.27471923828125,1
Aufgrund seiner Bedeutung für die Kunst in dem Nationalsozialismus ist er bis heute eine umstrittene Person geblieben.,18.9091739654541,Aufgrund seiner Bedeutung für die Kunst in dem Nationalsozialismus bin er bis heute eine umstrittene Person geblieben.,27.581562042236328,1
"Vor allem wird die Urbanisation auch touristisch attraktive Landschaften und mehr Landschaftsparkfläche anbieten, als London und New York zusammen aufweisen.",49.1261100769043,"Vor allem werd die Urbanisation auch touristisch attraktive Landschaften und mehr Landschaftsparkfläche anbieten, als London und New York zusammen aufweisen.",70.73194122314453,1
Nach der Akteneinsicht hat er mit mir zusammen eine Stellungnahme erarbeitet.,32.28633117675781,Nach der Akteneinsicht habe er mit mir zusammen eine Stellungnahme erarbeitet.,40.4367561340332,1
"Jahrhundert hat man erstmals versucht Karzinome mittels Bepinselung von Teer auf die Haut in dem Tiermodell entstehen zu lassen, was jedoch nicht gelungen ist, da die Einwirkzeit zu kurz war.",25.762346267700195,"Jahrhundert habe man erstmals versucht Karzinome mittels Bepinselung von Teer auf die Haut in dem Tiermodell entstehen zu lassen, was jedoch nicht gelungen ist, da die Einwirkzeit zu kurz war.",25.603717803955078,0
"Leider hat man vergessen, entsprechend viel Personal einzusetzen, daß der Abfertigung der Besuchermengen auch gerecht wird.",37.8492431640625,"Leider habe man vergessen, entsprechend viel Personal einzusetzen, daß der Abfertigung der Besuchermengen auch gerecht wird.",43.82081604003906,1
"Zwei Tage lang hat man der Öffentlichkeit erzählt, es habe sich um einen Unfall gehandelt.",11.314261436462402,"Zwei Tage lang habe man der Öffentlichkeit erzählt, es habe sich um einen Unfall gehandelt.",12.91438102722168,1
Seit 2011 ist sie in der Deutschen Gesellschaft für Internationale Zusammenarbeit (GIZ) aufgegangen.,9.803669929504395,Seit 2011 bin sie in der Deutschen Gesellschaft für Internationale Zusammenarbeit (GIZ) aufgegangen.,16.982933044433594,1
"Nach Meinung der ÖDP wird das bisherige marktwirtschaftliche Wirtschaftssystem scheitern, da es ""auf einseitigen materiellen Verbrauch"" ausgerichtet sei.",18.899227142333984,"Nach Meinung der ÖDP werd' das bisherige marktwirtschaftliche Wirtschaftssystem scheitern, da es ""auf einseitigen materiellen Verbrauch"" ausgerichtet sei.",23.74602508544922,1
Durch die Dezimierung seiner Lebensräume ist es recht selten gewordenen und zunehmend bedroht.,43.57082748413086,Durch die Dezimierung seiner Lebensräume bin es recht selten gewordenen und zunehmend bedroht.,65.03768157958984,1
Laut Programm wird sie um 23.45 Uhr sprechen.,109.455078125,Laut Programm werde sie um 23.45 Uhr sprechen.,148.12344360351562,1
"Vor allem wird die Urbanisation auch touristisch attraktive Landschaften und mehr Landschaftsparkfläche anbieten, als London und New York zusammen aufweisen.",49.1261100769043,"Vor allem werd' die Urbanisation auch touristisch attraktive Landschaften und mehr Landschaftsparkfläche anbieten, als London und New York zusammen aufweisen.",86.70992279052734,1
Seit einiger Zeit hat man hier sogar eine Onlineapotheke eingerichtet.,33.835208892822266,Seit einiger Zeit habe man hier sogar eine Onlineapotheke eingerichtet.,37.780643463134766,1
"Über das Grödner Joch in dem Norden der Sella ist es mit dem Grödner Tal verbunden, das nach Westen zu dem Eisacktal führt.",28.017927169799805,"Über das Grödner Joch in dem Norden der Sella bin es mit dem Grödner Tal verbunden, das nach Westen zu dem Eisacktal führt.",35.046268463134766,1
"Nach Angaben von Bundesgeschäftsführer Franz Müntefering wird das Parteipräsidium unmittelbar nach der Abstimmung entscheiden, ``ob es Konsequenzen aus dieser Wahl geben muß''.",14.260420799255371,"Nach Angaben von Bundesgeschäftsführer Franz Müntefering werd das Parteipräsidium unmittelbar nach der Abstimmung entscheiden, ``ob es Konsequenzen aus dieser Wahl geben muß''.",17.8853702545166,1
Die Unterbringung in dem Doppelzimmer hat sie mir gleich mit dazugeschenkt -- als Überraschung.,50.6704216003418,Die Unterbringung in dem Doppelzimmer habe sie mir gleich mit dazugeschenkt -- als Überraschung.,52.21324157714844,1
Mit den fertigen Konzepten wird man nicht bis an das Ende des Jahrhunderts kommen.,30.099061965942383,Mit den fertigen Konzepten werd' man nicht bis an das Ende des Jahrhunderts kommen.,46.04397201538086,1
