Input,Options,Expected,Output (raw),Predicted
"F: Welches Wort ist länger, ""nach"" oder ""wertlos""? A:","['nach', 'wertlos']",wertlos,"UTT_BOUNDARY f: welches wort ist länger, ""nach"" oder ""wertlos""? a:UTT_BOUNDARY wertloses und un", wertloses und un
"F: Welches Wort ist länger, ""man"" oder ""darüber""? A:","['man', 'darüber']",darüber,"UTT_BOUNDARY f: welches wort ist länger, ""man"" oder ""darüber""? a:UTT_BOUNDARY darüber, ob und wann"," darüber, ob und wann"
"F: Welches Wort ist länger, ""solches"" oder ""mehr""? A:","['solches', 'mehr']",solches,"UTT_BOUNDARY f: welches wort ist länger, ""solches"" oder ""mehr""? a:UTT_BOUNDARY solches ""mulm"," solches ""mulm"
"F: Welches Wort hat mehr Buchstaben, ""völlig"" oder ""in""? A:","['völlig', 'in']",völlig,"UTT_BOUNDARY f: welches wort hat mehr buchstaben, ""völlig"" oder ""in""? a:UTT_BOUNDARY völlig ungerned", völlig ungerned
"Von den Wörtern ""lang"" und ""zwischen"", welches hat mehr Buchstaben? ","['lang', 'zwischen']",zwischen,"UTT_BOUNDARY von den wörtern ""lang"" und ""zwischen"", welches hat mehr buchstaben?UTT_BOUNDARY zwischen den wörtern """," zwischen den wörtern """
"F: Welches Wort ist länger, ""ist"" oder ""solches""? A:","['ist', 'solches']",solches,"UTT_BOUNDARY f: welches wort ist länger, ""ist"" oder ""solches""? a:UTT_BOUNDARY solches wort ist ""ein"," solches wort ist ""ein"
"F: Welches Wort ist länger, ""der"" oder ""Abschied""? A:","['der', 'Abschied']",abschied,"UTT_BOUNDARY f: welches wort ist länger, ""der"" oder ""abschied""? a:UTT_BOUNDARY abschied von den wörtern", abschied von den wörtern
"Von den Wörtern ""viel"" und ""gespürt"", welches hat mehr Buchstaben? ","['viel', 'gespürt']",gespürt,"UTT_BOUNDARY von den wörtern ""viel"" und ""gespürt"", welches hat mehr buchstaben?UTT_BOUNDARY gespürtes und einfach", gespürtes und einfach
"F: Welches Wort hat mehr Buchstaben, ""pulvrig"" oder ""da""? A:","['pulvrig', 'da']",pulvrig,"UTT_BOUNDARY f: welches wort hat mehr buchstaben, ""pulvrig"" oder ""da""? a:UTT_BOUNDARY pulvrigormen", pulvrigormen
"Von den Wörtern ""wurde"" und ""offensiv"", welches hat mehr Buchstaben? ","['wurde', 'offensiv']",offensiv,"UTT_BOUNDARY von den wörtern ""wurde"" und ""offensiv"", welches hat mehr buchstaben?UTT_BOUNDARY offensiv, """," offensiv, """
"Von den Wörtern ""wenn"" und ""bedrohen"", welches hat mehr Buchstaben? ","['wenn', 'bedrohen']",bedrohen,"UTT_BOUNDARY von den wörtern ""wenn"" und ""bedrohen"", welches hat mehr buchstaben?UTT_BOUNDARY bedrohen. ""das"," bedrohen. ""das"
"F: Welches Wort hat mehr Buchstaben, ""im"" oder ""jemand""? A:","['im', 'jemand']",jemand,"UTT_BOUNDARY f: welches wort hat mehr buchstaben, ""im"" oder ""jemand""? a:UTT_BOUNDARY jemand, der sich für"," jemand, der sich für"
"F: Welches Wort hat mehr Buchstaben, ""sollen"" oder ""das""? A:","['sollen', 'das']",sollen,"UTT_BOUNDARY f: welches wort hat mehr buchstaben, ""sollen"" oder ""das""? a:UTT_BOUNDARY sollen wir leben? a", sollen wir leben? a
"F: Welches Wort ist länger, ""auch"" oder ""bestens""? A:","['auch', 'bestens']",bestens,"UTT_BOUNDARY f: welches wort ist länger, ""auch"" oder ""bestens""? a:UTT_BOUNDARY bestens? a:", bestens? a:
"Von den Wörtern ""diese"" und ""gemeinsam"", welches hat mehr Buchstaben? ","['diese', 'gemeinsam']",gemeinsam,"UTT_BOUNDARY von den wörtern ""diese"" und ""gemeinsam"", welches hat mehr buchstaben?UTT_BOUNDARY gemeinsames sehen, """," gemeinsames sehen, """
"F: Welches Wort hat mehr Buchstaben, ""ehe"" oder ""einmal""? A:","['ehe', 'einmal']",einmal,"UTT_BOUNDARY f: welches wort hat mehr buchstaben, ""ehe"" oder ""einmal""? a:UTT_BOUNDARY einmal die woche, wenn"," einmal die woche, wenn"
"F: Welches Wort ist länger, ""gespürt"" oder ""das""? A:","['gespürt', 'das']",gespürt,"UTT_BOUNDARY f: welches wort ist länger, ""gespürt"" oder ""das""? a:UTT_BOUNDARY gespürt? a:", gespürt? a:
"F: Welches Wort hat mehr Buchstaben, ""so"" oder ""tüfteln""? A:","['so', 'tüfteln']",tüfteln,"UTT_BOUNDARY f: welches wort hat mehr buchstaben, ""so"" oder ""tüfteln""? a:UTT_BOUNDARY tüfteln? a", tüfteln? a
"Von den Wörtern ""würde"" und ""wirklich"", welches hat mehr Buchstaben? ","['würde', 'wirklich']",wirklich,"UTT_BOUNDARY von den wörtern ""würde"" und ""wirklich"", welches hat mehr buchstaben?UTT_BOUNDARY wirklich ""abholen""?"," wirklich ""abholen""?"
"Von den Wörtern ""geborene"" und ""haben"", welches hat mehr Buchstaben? ","['geborene', 'haben']",geborene,"UTT_BOUNDARY von den wörtern ""geborene"" und ""haben"", welches hat mehr buchstaben?UTT_BOUNDARY geborene menschen, die"," geborene menschen, die"
"F: Welches Wort hat mehr Buchstaben, ""Anteil"" oder ""im""? A:","['Anteil', 'im']",anteil,"UTT_BOUNDARY f: welches wort hat mehr buchstaben, ""anteil"" oder ""im""? a:UTT_BOUNDARY anteilig, also mehr"," anteilig, also mehr"
"F: Welches Wort hat mehr Buchstaben, ""sehen "" oder ""ja""? A:","['sehen ', 'ja']",sehen,"UTT_BOUNDARY f: welches wort hat mehr buchstaben, ""sehen "" oder ""ja""? a:UTT_BOUNDARY sehen sie? a:", sehen sie? a:
"F: Welches Wort hat mehr Buchstaben, ""Anteil"" oder ""nie""? A:","['Anteil', 'nie']",anteil,"UTT_BOUNDARY f: welches wort hat mehr buchstaben, ""anteil"" oder ""nie""? a:UTT_BOUNDARY anteilig, dass die"," anteilig, dass die"
"Von den Wörtern ""bestens"" und ""sehr"", welches hat mehr Buchstaben? ","['bestens', 'sehr']",bestens,"UTT_BOUNDARY von den wörtern ""bestens"" und ""sehr"", welches hat mehr buchstaben?UTT_BOUNDARY bestens bestens be", bestens bestens be
"F: Welches Wort ist länger, ""rot"" oder ""erzählt""? A:","['rot', 'erzählt']",erzählt,"UTT_BOUNDARY f: welches wort ist länger, ""rot"" oder ""erzählt""? a:UTT_BOUNDARY erzählt von den wörtern", erzählt von den wörtern
"Von den Wörtern ""dabei"" und ""Bedeutung"", welches hat mehr Buchstaben? ","['dabei', 'Bedeutung']",bedeutung,"UTT_BOUNDARY von den wörtern ""dabei"" und ""bedeutung"", welches hat mehr buchstaben?UTT_BOUNDARY bedeutung, ""abholen"," bedeutung, ""abholen"
"Von den Wörtern ""Abschied"" und ""daher"", welches hat mehr Buchstaben? ","['Abschied', 'daher']",abschied,"UTT_BOUNDARY von den wörtern ""abschied"" und ""daher"", welches hat mehr buchstaben?UTT_BOUNDARY abschied von den wörtern", abschied von den wörtern
"F: Welches Wort ist länger, ""all"" oder ""gezeigt""? A:","['all', 'gezeigt']",gezeigt,"UTT_BOUNDARY f: welches wort ist länger, ""all"" oder ""gezeigt""? a:UTT_BOUNDARY gezeigt, wie sich die"," gezeigt, wie sich die"
"F: Welches Wort hat mehr Buchstaben, ""beenden"" oder ""am""? A:","['beenden', 'am']",beenden,"UTT_BOUNDARY f: welches wort hat mehr buchstaben, ""beenden"" oder ""am""? a:UTT_BOUNDARY beenden? a:UTT_BOUNDARY", beenden? a:
"F: Welches Wort ist länger, ""wertlos"" oder ""weg""? A:","['wertlos', 'weg']",wertlos,"UTT_BOUNDARY f: welches wort ist länger, ""wertlos"" oder ""weg""? a:UTT_BOUNDARY wertlos? a:", wertlos? a:
"F: Welches Wort ist länger, ""gedanke"" oder ""der""? A:","['gedanke', 'der']",gedanke,"UTT_BOUNDARY f: welches wort ist länger, ""gedanke"" oder ""der""? a:UTT_BOUNDARY gedanke: welches wort ist", gedanke: welches wort ist
"F: Welches Wort ist länger, ""namenlos"" oder ""ehe""? A:","['namenlos', 'ehe']",namenlos,"UTT_BOUNDARY f: welches wort ist länger, ""namenlos"" oder ""ehe""? a:UTT_BOUNDARY namenlos"" oder """," namenlos"" oder """
"F: Welches Wort hat mehr Buchstaben, ""besser"" oder ""mit""? A:","['besser', 'mit']",besser,"UTT_BOUNDARY f: welches wort hat mehr buchstaben, ""besser"" oder ""mit""? a:UTT_BOUNDARY bessernäckig als", bessernäckig als
"Von den Wörtern ""daher"" und ""Polarität"", welches hat mehr Buchstaben? ","['daher', 'Polarität']",polarität,"UTT_BOUNDARY von den wörtern ""daher"" und ""polarität"", welches hat mehr buchstaben?UTT_BOUNDARY polarität, t"," polarität, t"
"F: Welches Wort hat mehr Buchstaben, ""tragen"" oder ""ja""? A:","['tragen', 'ja']",tragen,"UTT_BOUNDARY f: welches wort hat mehr buchstaben, ""tragen"" oder ""ja""? a:UTT_BOUNDARY tragen? a:UTT_BOUNDARY", tragen? a:
"F: Welches Wort hat mehr Buchstaben, ""tragen"" oder ""man""? A:","['tragen', 'man']",tragen,"UTT_BOUNDARY f: welches wort hat mehr buchstaben, ""tragen"" oder ""man""? a:UTT_BOUNDARY tragen? a:UTT_BOUNDARY", tragen? a:
"Von den Wörtern ""beweise"" und ""lang"", welches hat mehr Buchstaben? ","['beweise', 'lang']",beweise,"UTT_BOUNDARY von den wörtern ""beweise"" und ""lang"", welches hat mehr buchstaben?UTT_BOUNDARY beweiselosigkeiten, die"," beweiselosigkeiten, die"
"F: Welches Wort hat mehr Buchstaben, ""gewinnt"" oder ""an""? A:","['gewinnt', 'an']",gewinnt,"UTT_BOUNDARY f: welches wort hat mehr buchstaben, ""gewinnt"" oder ""an""? a:UTT_BOUNDARY gewinnt, was er will"," gewinnt, was er will"
"F: Welches Wort hat mehr Buchstaben, ""ungerne"" oder ""am""? A:","['ungerne', 'am']",ungerne,"UTT_BOUNDARY f: welches wort hat mehr buchstaben, ""ungerne"" oder ""am""? a:UTT_BOUNDARY ungerne worte.", ungerne worte.
"F: Welches Wort ist länger, ""ehe"" oder ""ungerne""? A:","['ehe', 'ungerne']",ungerne,"UTT_BOUNDARY f: welches wort ist länger, ""ehe"" oder ""ungerne""? a:UTT_BOUNDARY ungerne, un"," ungerne, un"
"F: Welches Wort hat mehr Buchstaben, ""ab"" oder ""Gebiss""? A:","['ab', 'Gebiss']",gebiss,"UTT_BOUNDARY f: welches wort hat mehr buchstaben, ""ab"" oder ""gebiss""? a:UTT_BOUNDARY gebisses? a", gebisses? a
"F: Welches Wort hat mehr Buchstaben, ""mulmig"" oder ""es""? A:","['mulmig', 'es']",mulmig,"UTT_BOUNDARY f: welches wort hat mehr buchstaben, ""mulmig"" oder ""es""? a:UTT_BOUNDARY mulmig?", mulmig?
"F: Welches Wort hat mehr Buchstaben, ""gespürt"" oder ""zu""? A:","['gespürt', 'zu']",gespürt,"UTT_BOUNDARY f: welches wort hat mehr buchstaben, ""gespürt"" oder ""zu""? a:UTT_BOUNDARY gespürt? a:", gespürt? a:
"F: Welches Wort hat mehr Buchstaben, ""nichts"" oder ""ich""? A:","['nichts', 'ich']",nichts,"UTT_BOUNDARY f: welches wort hat mehr buchstaben, ""nichts"" oder ""ich""? a:UTT_BOUNDARY nichts nichts nichts nichts nichts", nichts nichts nichts nichts nichts
"F: Welches Wort ist länger, ""zwischen"" oder ""aus""? A:","['zwischen', 'aus']",zwischen,"UTT_BOUNDARY f: welches wort ist länger, ""zwischen"" oder ""aus""? a:UTT_BOUNDARY zwischen ""und"" und"," zwischen ""und"" und"
"F: Welches Wort ist länger, ""mit"" oder ""zwischen""? A:","['mit', 'zwischen']",zwischen,"UTT_BOUNDARY f: welches wort ist länger, ""mit"" oder ""zwischen""? a:UTT_BOUNDARY zwischen den wörtern """," zwischen den wörtern """
"Von den Wörtern ""heut"" und ""namenlos"", welches hat mehr Buchstaben? ","['heut', 'namenlos']",namenlos,"UTT_BOUNDARY von den wörtern ""heut"" und ""namenlos"", welches hat mehr buchstaben?UTT_BOUNDARY namenlos, aber nicht"," namenlos, aber nicht"
"F: Welches Wort hat mehr Buchstaben, ""am"" oder ""fragen""? A:","['am', 'fragen']",fragen,"UTT_BOUNDARY f: welches wort hat mehr buchstaben, ""am"" oder ""fragen""? a:UTT_BOUNDARY fragen, fragen, fragen"," fragen, fragen, fragen"
"Von den Wörtern ""Abschied"" und ""sowie"", welches hat mehr Buchstaben? ","['Abschied', 'sowie']",abschied,"UTT_BOUNDARY von den wörtern ""abschied"" und ""sowie"", welches hat mehr buchstaben?UTT_BOUNDARY abschied von den wörtern", abschied von den wörtern
"F: Welches Wort ist länger, ""wirklich"" oder ""all""? A:","['wirklich', 'all']",wirklich,"UTT_BOUNDARY f: welches wort ist länger, ""wirklich"" oder ""all""? a:UTT_BOUNDARY wirklich""? a:UTT_BOUNDARY"," wirklich""? a:"
"F: Welches Wort ist länger, ""ein"" oder ""darüber""? A:","['ein', 'darüber']",darüber,"UTT_BOUNDARY f: welches wort ist länger, ""ein"" oder ""darüber""? a:UTT_BOUNDARY darüber, ob und wann"," darüber, ob und wann"
"Von den Wörtern ""brüllen"" und ""viel"", welches hat mehr Buchstaben? ","['brüllen', 'viel']",brüllen,"UTT_BOUNDARY von den wörtern ""brüllen"" und ""viel"", welches hat mehr buchstaben?UTT_BOUNDARY brüllende blicke.", brüllende blicke.
"F: Welches Wort hat mehr Buchstaben, ""ab"" oder ""fragen""? A:","['ab', 'fragen']",fragen,"UTT_BOUNDARY f: welches wort hat mehr buchstaben, ""ab"" oder ""fragen""? a:UTT_BOUNDARY fragen, fragen, fragen"," fragen, fragen, fragen"
"Von den Wörtern ""erst"" und ""versucht"", welches hat mehr Buchstaben? ","['erst', 'versucht']",versucht,"UTT_BOUNDARY von den wörtern ""erst"" und ""versucht"", welches hat mehr buchstaben?UTT_BOUNDARY versucht, den menschen die"," versucht, den menschen die"
"F: Welches Wort hat mehr Buchstaben, ""du"" oder ""Gebiss""? A:","['du', 'Gebiss']",gebiss,"UTT_BOUNDARY f: welches wort hat mehr buchstaben, ""du"" oder ""gebiss""? a:UTT_BOUNDARY gebiss, daß du"," gebiss, daß du"
"Von den Wörtern ""Verlusten"" und ""dabei"", welches hat mehr Buchstaben? ","['Verlusten', 'dabei']",verlusten,"UTT_BOUNDARY von den wörtern ""verlusten"" und ""dabei"", welches hat mehr buchstaben?UTT_BOUNDARY verlustende antworten", verlustende antworten
"F: Welches Wort ist länger, ""rot"" oder ""anderen""? A:","['rot', 'anderen']",anderen,"UTT_BOUNDARY f: welches wort ist länger, ""rot"" oder ""anderen""? a:UTT_BOUNDARY anderen, die sich für"," anderen, die sich für"
"F: Welches Wort hat mehr Buchstaben, ""wissen"" oder ""man""? A:","['wissen', 'man']",wissen,"UTT_BOUNDARY f: welches wort hat mehr buchstaben, ""wissen"" oder ""man""? a:UTT_BOUNDARY wissen"" oder ""ein"," wissen"" oder ""ein"
"Von den Wörtern ""waren"" und ""bedeutet"", welches hat mehr Buchstaben? ","['waren', 'bedeutet']",bedeutet,"UTT_BOUNDARY von den wörtern ""waren"" und ""bedeutet"", welches hat mehr buchstaben?UTT_BOUNDARY bedeutet ""tadellos"," bedeutet ""tadellos"
"F: Welches Wort ist länger, ""der"" oder ""wertlos""? A:","['der', 'wertlos']",wertlos,"UTT_BOUNDARY f: welches wort ist länger, ""der"" oder ""wertlos""? a:UTT_BOUNDARY wertloses und un", wertloses und un
"F: Welches Wort hat mehr Buchstaben, ""tragen"" oder ""ist""? A:","['tragen', 'ist']",tragen,"UTT_BOUNDARY f: welches wort hat mehr buchstaben, ""tragen"" oder ""ist""? a:UTT_BOUNDARY tragen? a:UTT_BOUNDARY", tragen? a:
"F: Welches Wort hat mehr Buchstaben, ""die"" oder ""laufen""? A:","['die', 'laufen']",laufen,"UTT_BOUNDARY f: welches wort hat mehr buchstaben, ""die"" oder ""laufen""? a:UTT_BOUNDARY laufen? a:UTT_BOUNDARY", laufen? a:
"F: Welches Wort hat mehr Buchstaben, ""weg"" oder ""sehen ""? A:","['weg', 'sehen ']",sehen,"UTT_BOUNDARY f: welches wort hat mehr buchstaben, ""weg"" oder ""sehen ""? a:UTT_BOUNDARY sehen""? a:UTT_BOUNDARY"," sehen""? a:"
"F: Welches Wort hat mehr Buchstaben, ""fragen"" oder ""um""? A:","['fragen', 'um']",fragen,"UTT_BOUNDARY f: welches wort hat mehr buchstaben, ""fragen"" oder ""um""? a:UTT_BOUNDARY fragen, fragen, fragen"," fragen, fragen, fragen"
"F: Welches Wort hat mehr Buchstaben, ""wissen"" oder ""im""? A:","['wissen', 'im']",wissen,"UTT_BOUNDARY f: welches wort hat mehr buchstaben, ""wissen"" oder ""im""? a:UTT_BOUNDARY wissen"" oder ""ein"," wissen"" oder ""ein"
"F: Welches Wort ist länger, ""einfach"" oder ""aus""? A:","['einfach', 'aus']",einfach,"UTT_BOUNDARY f: welches wort ist länger, ""einfach"" oder ""aus""? a:UTT_BOUNDARY einfach: wenn man sich", einfach: wenn man sich
"F: Welches Wort ist länger, ""darüber"" oder ""war""? A:","['darüber', 'war']",darüber,"UTT_BOUNDARY f: welches wort ist länger, ""darüber"" oder ""war""? a:UTT_BOUNDARY darüber, ob und wann"," darüber, ob und wann"
"F: Welches Wort ist länger, ""tadellos"" oder ""sie""? A:","['tadellos', 'sie']",tadellos,"UTT_BOUNDARY f: welches wort ist länger, ""tadellos"" oder ""sie""? a:UTT_BOUNDARY tadellos, un"," tadellos, un"
"F: Welches Wort ist länger, ""wirklich"" oder ""aus""? A:","['wirklich', 'aus']",wirklich,"UTT_BOUNDARY f: welches wort ist länger, ""wirklich"" oder ""aus""? a:UTT_BOUNDARY wirkliches wort hat mehr", wirkliches wort hat mehr
"F: Welches Wort hat mehr Buchstaben, ""in"" oder ""wertlos""? A:","['in', 'wertlos']",wertlos,"UTT_BOUNDARY f: welches wort hat mehr buchstaben, ""in"" oder ""wertlos""? a:UTT_BOUNDARY wertloses und un", wertloses und un
"F: Welches Wort ist länger, ""nie"" oder ""versucht""? A:","['nie', 'versucht']",versucht,"UTT_BOUNDARY f: welches wort ist länger, ""nie"" oder ""versucht""? a:UTT_BOUNDARY versucht, den ""t"," versucht, den ""t"
"Von den Wörtern ""allen"" und ""irgendwo"", welches hat mehr Buchstaben? ","['allen', 'irgendwo']",irgendwo,"UTT_BOUNDARY von den wörtern ""allen"" und ""irgendwo"", welches hat mehr buchstaben?UTT_BOUNDARY irgendwo in der stadt,"," irgendwo in der stadt,"
"Von den Wörtern ""ehrenlos"" und ""könnt"", welches hat mehr Buchstaben? ","['ehrenlos', 'könnt']",ehrenlos,"UTT_BOUNDARY von den wörtern ""ehrenlos"" und ""könnt"", welches hat mehr buchstaben?UTT_BOUNDARY ehrenlos, unger"," ehrenlos, unger"
"F: Welches Wort ist länger, ""muss"" oder ""wertlos""? A:","['muss', 'wertlos']",wertlos,"UTT_BOUNDARY f: welches wort ist länger, ""muss"" oder ""wertlos""? a:UTT_BOUNDARY wertloses und un", wertloses und un
"F: Welches Wort hat mehr Buchstaben, ""zu"" oder ""tragen""? A:","['zu', 'tragen']",tragen,"UTT_BOUNDARY f: welches wort hat mehr buchstaben, ""zu"" oder ""tragen""? a:UTT_BOUNDARY tragen? a:UTT_BOUNDARY", tragen? a:
"F: Welches Wort hat mehr Buchstaben, ""sie"" oder ""sehen ""? A:","['sie', 'sehen ']",sehen,"UTT_BOUNDARY f: welches wort hat mehr buchstaben, ""sie"" oder ""sehen ""? a:UTT_BOUNDARY sehen"" oder ""ein"," sehen"" oder ""ein"
"Von den Wörtern ""bekannte"" und ""sind"", welches hat mehr Buchstaben? ","['bekannte', 'sind']",bekannte,"UTT_BOUNDARY von den wörtern ""bekannte"" und ""sind"", welches hat mehr buchstaben?UTT_BOUNDARY bekannte gesichter, von denen"," bekannte gesichter, von denen"
"Von den Wörtern ""reden"" und ""versucht"", welches hat mehr Buchstaben? ","['reden', 'versucht']",versucht,"UTT_BOUNDARY von den wörtern ""reden"" und ""versucht"", welches hat mehr buchstaben?UTT_BOUNDARY versucht, den anderen zu"," versucht, den anderen zu"
"Von den Wörtern ""kann"" und ""bedrohen"", welches hat mehr Buchstaben? ","['kann', 'bedrohen']",bedrohen,"UTT_BOUNDARY von den wörtern ""kann"" und ""bedrohen"", welches hat mehr buchstaben?UTT_BOUNDARY bedrohen? a:", bedrohen? a:
"Von den Wörtern ""sich"" und ""blamabel"", welches hat mehr Buchstaben? ","['sich', 'blamabel']",blamabel,"UTT_BOUNDARY von den wörtern ""sich"" und ""blamabel"", welches hat mehr buchstaben?UTT_BOUNDARY blamabel, bl"," blamabel, bl"
"F: Welches Wort ist länger, ""gewinnt"" oder ""dann""? A:","['gewinnt', 'dann']",gewinnt,"UTT_BOUNDARY f: welches wort ist länger, ""gewinnt"" oder ""dann""? a:UTT_BOUNDARY gewinnt, dass die meisten"," gewinnt, dass die meisten"
"F: Welches Wort ist länger, ""mehr"" oder ""darüber""? A:","['mehr', 'darüber']",darüber,"UTT_BOUNDARY f: welches wort ist länger, ""mehr"" oder ""darüber""? a:UTT_BOUNDARY darüber, ob und wann"," darüber, ob und wann"
"F: Welches Wort hat mehr Buchstaben, ""aus"" oder ""jemand""? A:","['aus', 'jemand']",jemand,"UTT_BOUNDARY f: welches wort hat mehr buchstaben, ""aus"" oder ""jemand""? a:UTT_BOUNDARY jemand, der sich für"," jemand, der sich für"
"F: Welches Wort ist länger, ""mehr"" oder ""erzählt""? A:","['mehr', 'erzählt']",erzählt,"UTT_BOUNDARY f: welches wort ist länger, ""mehr"" oder ""erzählt""? a:UTT_BOUNDARY erzählt von den wörtern", erzählt von den wörtern
"Von den Wörtern ""bald"" und ""wertlos"", welches hat mehr Buchstaben? ","['bald', 'wertlos']",wertlos,"UTT_BOUNDARY von den wörtern ""bald"" und ""wertlos"", welches hat mehr buchstaben?UTT_BOUNDARY wertlos, unger"," wertlos, unger"
"F: Welches Wort hat mehr Buchstaben, ""er"" oder ""tragen""? A:","['er', 'tragen']",tragen,"UTT_BOUNDARY f: welches wort hat mehr buchstaben, ""er"" oder ""tragen""? a:UTT_BOUNDARY tragen? a:UTT_BOUNDARY", tragen? a:
"Von den Wörtern ""diese"" und ""offensiv"", welches hat mehr Buchstaben? ","['diese', 'offensiv']",offensiv,"UTT_BOUNDARY von den wörtern ""diese"" und ""offensiv"", welches hat mehr buchstaben?UTT_BOUNDARY offensiv, """," offensiv, """
"F: Welches Wort ist länger, ""darüber"" oder ""nie""? A:","['darüber', 'nie']",darüber,"UTT_BOUNDARY f: welches wort ist länger, ""darüber"" oder ""nie""? a:UTT_BOUNDARY darüber, ob und wann"," darüber, ob und wann"
"Von den Wörtern ""viel"" und ""Abschied"", welches hat mehr Buchstaben? ","['viel', 'Abschied']",abschied,"UTT_BOUNDARY von den wörtern ""viel"" und ""abschied"", welches hat mehr buchstaben?UTT_BOUNDARY abschied von den wörtern", abschied von den wörtern
"Von den Wörtern ""Verlusten"" und ""unter"", welches hat mehr Buchstaben? ","['Verlusten', 'unter']",verlusten,"UTT_BOUNDARY von den wörtern ""verlusten"" und ""unter"", welches hat mehr buchstaben?UTT_BOUNDARY verlusten, dass"," verlusten, dass"
"F: Welches Wort hat mehr Buchstaben, ""an"" oder ""wertlos""? A:","['an', 'wertlos']",wertlos,"UTT_BOUNDARY f: welches wort hat mehr buchstaben, ""an"" oder ""wertlos""? a:UTT_BOUNDARY wertloses und un", wertloses und un
"F: Welches Wort ist länger, ""war"" oder ""wertlos""? A:","['war', 'wertlos']",wertlos,"UTT_BOUNDARY f: welches wort ist länger, ""war"" oder ""wertlos""? a:UTT_BOUNDARY wertloses und un", wertloses und un
"Von den Wörtern ""wirklich"" und ""erst"", welches hat mehr Buchstaben? ","['wirklich', 'erst']",wirklich,"UTT_BOUNDARY von den wörtern ""wirklich"" und ""erst"", welches hat mehr buchstaben?UTT_BOUNDARY wirklich ""abholen""?"," wirklich ""abholen""?"
"F: Welches Wort ist länger, ""war"" oder ""lebende""? A:","['war', 'lebende']",lebende,"UTT_BOUNDARY f: welches wort ist länger, ""war"" oder ""lebende""? a:UTT_BOUNDARY lebende menschen? a", lebende menschen? a
"F: Welches Wort ist länger, ""erzählt"" oder ""auch""? A:","['erzählt', 'auch']",erzählt,"UTT_BOUNDARY f: welches wort ist länger, ""erzählt"" oder ""auch""? a:UTT_BOUNDARY erzählt von den wörtern", erzählt von den wörtern
"F: Welches Wort hat mehr Buchstaben, ""beenden"" oder ""er""? A:","['beenden', 'er']",beenden,"UTT_BOUNDARY f: welches wort hat mehr buchstaben, ""beenden"" oder ""er""? a:UTT_BOUNDARY beenden? a:UTT_BOUNDARY", beenden? a:
"Von den Wörtern ""zwischen"" und ""dabei"", welches hat mehr Buchstaben? ","['zwischen', 'dabei']",zwischen,"UTT_BOUNDARY von den wörtern ""zwischen"" und ""dabei"", welches hat mehr buchstaben?UTT_BOUNDARY zwischen den wörtern """," zwischen den wörtern """
"Von den Wörtern ""offensiv"" und ""will"", welches hat mehr Buchstaben? ","['offensiv', 'will']",offensiv,"UTT_BOUNDARY von den wörtern ""offensiv"" und ""will"", welches hat mehr buchstaben?UTT_BOUNDARY offensiv, """," offensiv, """
"F: Welches Wort hat mehr Buchstaben, ""so"" oder ""nichts""? A:","['so', 'nichts']",nichts,"UTT_BOUNDARY f: welches wort hat mehr buchstaben, ""so"" oder ""nichts""? a:UTT_BOUNDARY nichts nichts nichts nichts nichts", nichts nichts nichts nichts nichts
"F: Welches Wort ist länger, ""rot"" oder ""tadellos""? A:","['rot', 'tadellos']",tadellos,"UTT_BOUNDARY f: welches wort ist länger, ""rot"" oder ""tadellos""? a:UTT_BOUNDARY tadellos, aber"," tadellos, aber"
"Von den Wörtern ""variabel"" und ""noch"", welches hat mehr Buchstaben? ","['variabel', 'noch']",variabel,"UTT_BOUNDARY von den wörtern ""variabel"" und ""noch"", welches hat mehr buchstaben?UTT_BOUNDARY variabel ist das nicht", variabel ist das nicht
"F: Welches Wort hat mehr Buchstaben, ""Bagger"" oder ""im""? A:","['Bagger', 'im']",bagger,"UTT_BOUNDARY f: welches wort hat mehr buchstaben, ""bagger"" oder ""im""? a:UTT_BOUNDARY bagger? a:UTT_BOUNDARY", bagger? a:
"F: Welches Wort hat mehr Buchstaben, ""sie"" oder ""nichts""? A:","['sie', 'nichts']",nichts,"UTT_BOUNDARY f: welches wort hat mehr buchstaben, ""sie"" oder ""nichts""? a:UTT_BOUNDARY nichts nichts zu sagen?", nichts nichts zu sagen?
"F: Welches Wort ist länger, ""verloren"" oder ""all""? A:","['verloren', 'all']",verloren,"UTT_BOUNDARY f: welches wort ist länger, ""verloren"" oder ""all""? a:UTT_BOUNDARY verlorene zeit? a", verlorene zeit? a
"F: Welches Wort ist länger, ""brüllen"" oder ""all""? A:","['brüllen', 'all']",brüllen,"UTT_BOUNDARY f: welches wort ist länger, ""brüllen"" oder ""all""? a:UTT_BOUNDARY brüllend, """," brüllend, """
"F: Welches Wort hat mehr Buchstaben, ""war"" oder ""meinen""? A:","['war', 'meinen']",meinen,"UTT_BOUNDARY f: welches wort hat mehr buchstaben, ""war"" oder ""meinen""? a:UTT_BOUNDARY meinen namen? a:", meinen namen? a:
"F: Welches Wort ist länger, ""hier"" oder ""gedanke""? A:","['hier', 'gedanke']",gedanke,"UTT_BOUNDARY f: welches wort ist länger, ""hier"" oder ""gedanke""? a:UTT_BOUNDARY gedanke: ist es,"," gedanke: ist es,"
"F: Welches Wort hat mehr Buchstaben, ""brüllen"" oder ""an""? A:","['brüllen', 'an']",brüllen,"UTT_BOUNDARY f: welches wort hat mehr buchstaben, ""brüllen"" oder ""an""? a:UTT_BOUNDARY brüllen? a:", brüllen? a:
"F: Welches Wort hat mehr Buchstaben, ""wissen"" oder ""zu""? A:","['wissen', 'zu']",wissen,"UTT_BOUNDARY f: welches wort hat mehr buchstaben, ""wissen"" oder ""zu""? a:UTT_BOUNDARY wissen"" oder ""ein"," wissen"" oder ""ein"
"F: Welches Wort ist länger, ""war"" oder ""entsteht""? A:","['war', 'entsteht']",entsteht,"UTT_BOUNDARY f: welches wort ist länger, ""war"" oder ""entsteht""? a:UTT_BOUNDARY entsteht in der regel die", entsteht in der regel die
"Von den Wörtern ""Obduktion"" und ""reden"", welches hat mehr Buchstaben? ","['Obduktion', 'reden']",obduktion,"UTT_BOUNDARY von den wörtern ""obduktion"" und ""reden"", welches hat mehr buchstaben?UTT_BOUNDARY obduktion, also"," obduktion, also"
"F: Welches Wort hat mehr Buchstaben, ""gezeigt"" oder ""ob""? A:","['gezeigt', 'ob']",gezeigt,"UTT_BOUNDARY f: welches wort hat mehr buchstaben, ""gezeigt"" oder ""ob""? a:UTT_BOUNDARY gezeigt? a:UTT_BOUNDARY", gezeigt? a:
"Von den Wörtern ""nicht"" und ""Kehlköpfe"", welches hat mehr Buchstaben? ","['nicht', 'Kehlköpfe']",kehlköpfe,"UTT_BOUNDARY von den wörtern ""nicht"" und ""kehlköpfe"", welches hat mehr buchstaben?UTT_BOUNDARY kehlköpfe, t"," kehlköpfe, t"
"Von den Wörtern ""gedanke"" und ""erst"", welches hat mehr Buchstaben? ","['gedanke', 'erst']",gedanke,"UTT_BOUNDARY von den wörtern ""gedanke"" und ""erst"", welches hat mehr buchstaben?UTT_BOUNDARY gedanke an die ""zeit"," gedanke an die ""zeit"
"F: Welches Wort hat mehr Buchstaben, ""einfach"" oder ""ob""? A:","['einfach', 'ob']",einfach,"UTT_BOUNDARY f: welches wort hat mehr buchstaben, ""einfach"" oder ""ob""? a:UTT_BOUNDARY einfach: ""muss"," einfach: ""muss"
"Von den Wörtern ""sich"" und ""tüfteln"", welches hat mehr Buchstaben? ","['sich', 'tüfteln']",tüfteln,"UTT_BOUNDARY von den wörtern ""sich"" und ""tüfteln"", welches hat mehr buchstaben?UTT_BOUNDARY tüfteln? a", tüfteln? a
"F: Welches Wort hat mehr Buchstaben, ""mulmig"" oder ""am""? A:","['mulmig', 'am']",mulmig,"UTT_BOUNDARY f: welches wort hat mehr buchstaben, ""mulmig"" oder ""am""? a:UTT_BOUNDARY mulmig?", mulmig?
"F: Welches Wort hat mehr Buchstaben, ""abholen"" oder ""an""? A:","['abholen', 'an']",abholen,"UTT_BOUNDARY f: welches wort hat mehr buchstaben, ""abholen"" oder ""an""? a:UTT_BOUNDARY abholen? a:UTT_BOUNDARY", abholen? a:
"F: Welches Wort ist länger, ""war"" oder ""tüfteln""? A:","['war', 'tüfteln']",tüfteln,"UTT_BOUNDARY f: welches wort ist länger, ""war"" oder ""tüfteln""? a:UTT_BOUNDARY tüfteln? a", tüfteln? a
"F: Welches Wort ist länger, ""sind"" oder ""wertlos""? A:","['sind', 'wertlos']",wertlos,"UTT_BOUNDARY f: welches wort ist länger, ""sind"" oder ""wertlos""? a:UTT_BOUNDARY wertloses und un", wertloses und un
"Von den Wörtern ""daran"" und ""gasförmig"", welches hat mehr Buchstaben? ","['daran', 'gasförmig']",gasförmig,"UTT_BOUNDARY von den wörtern ""daran"" und ""gasförmig"", welches hat mehr buchstaben?UTT_BOUNDARY gasförmig, aber"," gasförmig, aber"
"F: Welches Wort ist länger, ""nie"" oder ""beenden""? A:","['nie', 'beenden']",beenden,"UTT_BOUNDARY f: welches wort ist länger, ""nie"" oder ""beenden""? a:UTT_BOUNDARY beenden"" oder ""ein"," beenden"" oder ""ein"
"F: Welches Wort hat mehr Buchstaben, ""mit"" oder ""folgen""? A:","['mit', 'folgen']",folgen,"UTT_BOUNDARY f: welches wort hat mehr buchstaben, ""mit"" oder ""folgen""? a:UTT_BOUNDARY folgendermaßen: """," folgendermaßen: """
"F: Welches Wort ist länger, ""auch"" oder ""darüber""? A:","['auch', 'darüber']",darüber,"UTT_BOUNDARY f: welches wort ist länger, ""auch"" oder ""darüber""? a:UTT_BOUNDARY darüber, ob und welches"," darüber, ob und welches"
"F: Welches Wort ist länger, ""erzählt"" oder ""aus""? A:","['erzählt', 'aus']",erzählt,"UTT_BOUNDARY f: welches wort ist länger, ""erzählt"" oder ""aus""? a:UTT_BOUNDARY erzählt von den wörtern", erzählt von den wörtern
"Von den Wörtern ""bedeutet"" und ""noch"", welches hat mehr Buchstaben? ","['bedeutet', 'noch']",bedeutet,"UTT_BOUNDARY von den wörtern ""bedeutet"" und ""noch"", welches hat mehr buchstaben?UTT_BOUNDARY bedeutet ""war"" oder"," bedeutet ""war"" oder"
"F: Welches Wort ist länger, ""brüllen"" oder ""zeit""? A:","['brüllen', 'zeit']",brüllen,"UTT_BOUNDARY f: welches wort ist länger, ""brüllen"" oder ""zeit""? a:UTT_BOUNDARY brüllend, """," brüllend, """
"F: Welches Wort hat mehr Buchstaben, ""einmal"" oder ""nun""? A:","['einmal', 'nun']",einmal,"UTT_BOUNDARY f: welches wort hat mehr buchstaben, ""einmal"" oder ""nun""? a:UTT_BOUNDARY einmal die woche, wenn"," einmal die woche, wenn"
"F: Welches Wort hat mehr Buchstaben, ""man"" oder ""Anteil""? A:","['man', 'Anteil']",anteil,"UTT_BOUNDARY f: welches wort hat mehr buchstaben, ""man"" oder ""anteil""? a:UTT_BOUNDARY anteilig für die gesamte", anteilig für die gesamte
"F: Welches Wort hat mehr Buchstaben, ""laufen"" oder ""nie""? A:","['laufen', 'nie']",laufen,"UTT_BOUNDARY f: welches wort hat mehr buchstaben, ""laufen"" oder ""nie""? a:UTT_BOUNDARY laufen? a:UTT_BOUNDARY", laufen? a:
"Von den Wörtern ""bald"" und ""tadellos"", welches hat mehr Buchstaben? ","['bald', 'tadellos']",tadellos,"UTT_BOUNDARY von den wörtern ""bald"" und ""tadellos"", welches hat mehr buchstaben?UTT_BOUNDARY tadellosigkeit,"," tadellosigkeit,"
"F: Welches Wort ist länger, ""abholen"" oder ""neu""? A:","['abholen', 'neu']",abholen,"UTT_BOUNDARY f: welches wort ist länger, ""abholen"" oder ""neu""? a:UTT_BOUNDARY abholen? a:UTT_BOUNDARY", abholen? a:
"F: Welches Wort ist länger, ""abholen"" oder ""mehr""? A:","['abholen', 'mehr']",abholen,"UTT_BOUNDARY f: welches wort ist länger, ""abholen"" oder ""mehr""? a:UTT_BOUNDARY abholen? a:UTT_BOUNDARY", abholen? a:
"F: Welches Wort ist länger, ""nach"" oder ""ungerne""? A:","['nach', 'ungerne']",ungerne,"UTT_BOUNDARY f: welches wort ist länger, ""nach"" oder ""ungerne""? a:UTT_BOUNDARY ungerne wesen,"," ungerne wesen,"
"F: Welches Wort hat mehr Buchstaben, ""nie"" oder ""graben""? A:","['nie', 'graben']",graben,"UTT_BOUNDARY f: welches wort hat mehr buchstaben, ""nie"" oder ""graben""? a:UTT_BOUNDARY graben? a:UTT_BOUNDARY", graben? a:
"F: Welches Wort hat mehr Buchstaben, ""du"" oder ""beenden""? A:","['du', 'beenden']",beenden,"UTT_BOUNDARY f: welches wort hat mehr buchstaben, ""du"" oder ""beenden""? a:UTT_BOUNDARY beenden? a:UTT_BOUNDARY", beenden? a:
"F: Welches Wort hat mehr Buchstaben, ""ab"" oder ""sollen""? A:","['ab', 'sollen']",sollen,"UTT_BOUNDARY f: welches wort hat mehr buchstaben, ""ab"" oder ""sollen""? a:UTT_BOUNDARY sollen wir nicht mehr darüber", sollen wir nicht mehr darüber
"F: Welches Wort ist länger, ""gewinnt"" oder ""auch""? A:","['gewinnt', 'auch']",gewinnt,"UTT_BOUNDARY f: welches wort ist länger, ""gewinnt"" oder ""auch""? a:UTT_BOUNDARY gewinnt, dass die meisten"," gewinnt, dass die meisten"
"F: Welches Wort ist länger, ""das"" oder ""beweise""? A:","['das', 'beweise']",beweise,"UTT_BOUNDARY f: welches wort ist länger, ""das"" oder ""beweise""? a:UTT_BOUNDARY beweiseloses: """," beweiseloses: """
"Von den Wörtern ""wirklich"" und ""hier"", welches hat mehr Buchstaben? ","['wirklich', 'hier']",wirklich,"UTT_BOUNDARY von den wörtern ""wirklich"" und ""hier"", welches hat mehr buchstaben?UTT_BOUNDARY wirklich ""abholen""?"," wirklich ""abholen""?"
"Von den Wörtern ""geborene"" und ""diese"", welches hat mehr Buchstaben? ","['geborene', 'diese']",geborene,"UTT_BOUNDARY von den wörtern ""geborene"" und ""diese"", welches hat mehr buchstaben?UTT_BOUNDARY geborene menschen, die"," geborene menschen, die"
"F: Welches Wort ist länger, ""pulvrig"" oder ""war""? A:","['pulvrig', 'war']",pulvrig,"UTT_BOUNDARY f: welches wort ist länger, ""pulvrig"" oder ""war""? a:UTT_BOUNDARY pulvright hat", pulvright hat
"Von den Wörtern ""sind"" und ""tadellos"", welches hat mehr Buchstaben? ","['sind', 'tadellos']",tadellos,"UTT_BOUNDARY von den wörtern ""sind"" und ""tadellos"", welches hat mehr buchstaben?UTT_BOUNDARY tadellosigkeit.", tadellosigkeit.
"Von den Wörtern ""verlieren"" und ""diese"", welches hat mehr Buchstaben? ","['verlieren', 'diese']",verlieren,"UTT_BOUNDARY von den wörtern ""verlieren"" und ""diese"", welches hat mehr buchstaben?UTT_BOUNDARY verlieren, was sie tragen"," verlieren, was sie tragen"
"Von den Wörtern ""mehr"" und ""Abschied"", welches hat mehr Buchstaben? ","['mehr', 'Abschied']",abschied,"UTT_BOUNDARY von den wörtern ""mehr"" und ""abschied"", welches hat mehr buchstaben?UTT_BOUNDARY abschied von den wörtern", abschied von den wörtern
"F: Welches Wort hat mehr Buchstaben, ""du"" oder ""darüber""? A:","['du', 'darüber']",darüber,"UTT_BOUNDARY f: welches wort hat mehr buchstaben, ""du"" oder ""darüber""? a:UTT_BOUNDARY darüber, welche bedeutung das"," darüber, welche bedeutung das"
"Von den Wörtern ""bedrohen"" und ""auch"", welches hat mehr Buchstaben? ","['bedrohen', 'auch']",bedrohen,"UTT_BOUNDARY von den wörtern ""bedrohen"" und ""auch"", welches hat mehr buchstaben?UTT_BOUNDARY bedrohen? a:", bedrohen? a:
"Von den Wörtern ""bald"" und ""bedeutet"", welches hat mehr Buchstaben? ","['bald', 'bedeutet']",bedeutet,"UTT_BOUNDARY von den wörtern ""bald"" und ""bedeutet"", welches hat mehr buchstaben?UTT_BOUNDARY bedeutet ""tadellos"," bedeutet ""tadellos"
"Von den Wörtern ""bald"" und ""tüfteln"", welches hat mehr Buchstaben? ","['bald', 'tüfteln']",tüfteln,"UTT_BOUNDARY von den wörtern ""bald"" und ""tüfteln"", welches hat mehr buchstaben?UTT_BOUNDARY tüfteln? a", tüfteln? a
"F: Welches Wort hat mehr Buchstaben, ""um"" oder ""tragen""? A:","['um', 'tragen']",tragen,"UTT_BOUNDARY f: welches wort hat mehr buchstaben, ""um"" oder ""tragen""? a:UTT_BOUNDARY tragen? a:UTT_BOUNDARY", tragen? a:
"F: Welches Wort ist länger, ""erzählt"" oder ""dann""? A:","['erzählt', 'dann']",erzählt,"UTT_BOUNDARY f: welches wort ist länger, ""erzählt"" oder ""dann""? a:UTT_BOUNDARY erzählt von den wörtern", erzählt von den wörtern
"Von den Wörtern ""verstehen"" und ""allen"", welches hat mehr Buchstaben? ","['verstehen', 'allen']",verstehen,"UTT_BOUNDARY von den wörtern ""verstehen"" und ""allen"", welches hat mehr buchstaben?UTT_BOUNDARY verstehen, welche fragen stellen"," verstehen, welche fragen stellen"
"F: Welches Wort hat mehr Buchstaben, ""neu"" oder ""Gebiss""? A:","['neu', 'Gebiss']",gebiss,"UTT_BOUNDARY f: welches wort hat mehr buchstaben, ""neu"" oder ""gebiss""? a:UTT_BOUNDARY gebiss, daß du"," gebiss, daß du"
"Von den Wörtern ""auch"" und ""versucht"", welches hat mehr Buchstaben? ","['auch', 'versucht']",versucht,"UTT_BOUNDARY von den wörtern ""auch"" und ""versucht"", welches hat mehr buchstaben?UTT_BOUNDARY versucht, den menschen die"," versucht, den menschen die"
"F: Welches Wort hat mehr Buchstaben, ""abholen"" oder ""es""? A:","['abholen', 'es']",abholen,"UTT_BOUNDARY f: welches wort hat mehr buchstaben, ""abholen"" oder ""es""? a:UTT_BOUNDARY abholen? a:UTT_BOUNDARY", abholen? a:
"F: Welches Wort ist länger, ""kann"" oder ""beenden""? A:","['kann', 'beenden']",beenden,"UTT_BOUNDARY f: welches wort ist länger, ""kann"" oder ""beenden""? a:UTT_BOUNDARY beenden? a:UTT_BOUNDARY", beenden? a:
"F: Welches Wort hat mehr Buchstaben, ""sehen "" oder ""so""? A:","['sehen ', 'so']",sehen,"UTT_BOUNDARY f: welches wort hat mehr buchstaben, ""sehen "" oder ""so""? a:UTT_BOUNDARY sehen? a:UTT_BOUNDARY", sehen? a:
"Von den Wörtern ""geborene"" und ""würde"", welches hat mehr Buchstaben? ","['geborene', 'würde']",geborene,"UTT_BOUNDARY von den wörtern ""geborene"" und ""würde"", welches hat mehr buchstaben?UTT_BOUNDARY geborene und bekannte,"," geborene und bekannte,"
"F: Welches Wort ist länger, ""blamabel"" oder ""weg""? A:","['blamabel', 'weg']",blamabel,"UTT_BOUNDARY f: welches wort ist länger, ""blamabel"" oder ""weg""? a:UTT_BOUNDARY blamabel ist,"," blamabel ist,"
"Von den Wörtern ""könnt"" und ""offensiv"", welches hat mehr Buchstaben? ","['könnt', 'offensiv']",offensiv,"UTT_BOUNDARY von den wörtern ""könnt"" und ""offensiv"", welches hat mehr buchstaben?UTT_BOUNDARY offensivaniert", offensivaniert
"F: Welches Wort ist länger, ""los"" oder ""Beispiel""? A:","['los', 'Beispiel']",beispiel,"UTT_BOUNDARY f: welches wort ist länger, ""los"" oder ""beispiel""? a:UTT_BOUNDARY beispielhaft ist, dass"," beispielhaft ist, dass"
"F: Welches Wort ist länger, ""wenn"" oder ""wertlos""? A:","['wenn', 'wertlos']",wertlos,"UTT_BOUNDARY f: welches wort ist länger, ""wenn"" oder ""wertlos""? a:UTT_BOUNDARY wertloses und un", wertloses und un
"F: Welches Wort hat mehr Buchstaben, ""meinen"" oder ""in""? A:","['meinen', 'in']",meinen,"UTT_BOUNDARY f: welches wort hat mehr buchstaben, ""meinen"" oder ""in""? a:UTT_BOUNDARY meinen sie, sehen sie"," meinen sie, sehen sie"
"F: Welches Wort hat mehr Buchstaben, ""ja"" oder ""einfach""? A:","['ja', 'einfach']",einfach,"UTT_BOUNDARY f: welches wort hat mehr buchstaben, ""ja"" oder ""einfach""? a:UTT_BOUNDARY einfach: ""einmal"," einfach: ""einmal"
"F: Welches Wort ist länger, ""neu"" oder ""bekannte""? A:","['neu', 'bekannte']",bekannte,"UTT_BOUNDARY f: welches wort ist länger, ""neu"" oder ""bekannte""? a:UTT_BOUNDARY bekannteste these ist,"," bekannteste these ist,"
"F: Welches Wort ist länger, ""rot"" oder ""beweise""? A:","['rot', 'beweise']",beweise,"UTT_BOUNDARY f: welches wort ist länger, ""rot"" oder ""beweise""? a:UTT_BOUNDARY beweiseloses: """," beweiseloses: """
"F: Welches Wort hat mehr Buchstaben, ""es"" oder ""besser""? A:","['es', 'besser']",besser,"UTT_BOUNDARY f: welches wort hat mehr buchstaben, ""es"" oder ""besser""? a:UTT_BOUNDARY bessernäckig als", bessernäckig als
"Von den Wörtern ""unter"" und ""geborene"", welches hat mehr Buchstaben? ","['unter', 'geborene']",geborene,"UTT_BOUNDARY von den wörtern ""unter"" und ""geborene"", welches hat mehr buchstaben?UTT_BOUNDARY geborene, die sich"," geborene, die sich"
"Von den Wörtern ""will"" und ""blamabel"", welches hat mehr Buchstaben? ","['will', 'blamabel']",blamabel,"UTT_BOUNDARY von den wörtern ""will"" und ""blamabel"", welches hat mehr buchstaben?UTT_BOUNDARY blamabel, bl"," blamabel, bl"
"F: Welches Wort hat mehr Buchstaben, ""in"" oder ""tüfteln""? A:","['in', 'tüfteln']",tüfteln,"UTT_BOUNDARY f: welches wort hat mehr buchstaben, ""in"" oder ""tüfteln""? a:UTT_BOUNDARY tüfteln? a", tüfteln? a
"Von den Wörtern ""unter"" und ""Machtwort"", welches hat mehr Buchstaben? ","['unter', 'Machtwort']",machtwort,"UTT_BOUNDARY von den wörtern ""unter"" und ""machtwort"", welches hat mehr buchstaben?UTT_BOUNDARY machtwort, ""man"," machtwort, ""man"
"Von den Wörtern ""daran"" und ""offensiv"", welches hat mehr Buchstaben? ","['daran', 'offensiv']",offensiv,"UTT_BOUNDARY von den wörtern ""daran"" und ""offensiv"", welches hat mehr buchstaben?UTT_BOUNDARY offensivaniert", offensivaniert
"F: Welches Wort ist länger, ""ehrenlos"" oder ""ist""? A:","['ehrenlos', 'ist']",ehrenlos,"UTT_BOUNDARY f: welches wort ist länger, ""ehrenlos"" oder ""ist""? a:UTT_BOUNDARY ehrenlos, unger"," ehrenlos, unger"
"F: Welches Wort hat mehr Buchstaben, ""graben"" oder ""mit""? A:","['graben', 'mit']",graben,"UTT_BOUNDARY f: welches wort hat mehr buchstaben, ""graben"" oder ""mit""? a:UTT_BOUNDARY graben? a:UTT_BOUNDARY", graben? a:
"Von den Wörtern ""könnt"" und ""blamabel"", welches hat mehr Buchstaben? ","['könnt', 'blamabel']",blamabel,"UTT_BOUNDARY von den wörtern ""könnt"" und ""blamabel"", welches hat mehr buchstaben?UTT_BOUNDARY blamabel, bl"," blamabel, bl"
"F: Welches Wort ist länger, ""brüllen"" oder ""aus""? A:","['brüllen', 'aus']",brüllen,"UTT_BOUNDARY f: welches wort ist länger, ""brüllen"" oder ""aus""? a:UTT_BOUNDARY brüllend, """," brüllend, """
"Von den Wörtern ""Abschied"" und ""dann"", welches hat mehr Buchstaben? ","['Abschied', 'dann']",abschied,"UTT_BOUNDARY von den wörtern ""abschied"" und ""dann"", welches hat mehr buchstaben?UTT_BOUNDARY abschied von den wörtern", abschied von den wörtern
"F: Welches Wort ist länger, ""noch"" oder ""gespürt""? A:","['noch', 'gespürt']",gespürt,"UTT_BOUNDARY f: welches wort ist länger, ""noch"" oder ""gespürt""? a:UTT_BOUNDARY gespürt? a:", gespürt? a:
"F: Welches Wort hat mehr Buchstaben, ""um"" oder ""einfach""? A:","['um', 'einfach']",einfach,"UTT_BOUNDARY f: welches wort hat mehr buchstaben, ""um"" oder ""einfach""? a:UTT_BOUNDARY einfach: ""einmal"," einfach: ""einmal"
"F: Welches Wort ist länger, ""neu"" oder ""bedrohen""? A:","['neu', 'bedrohen']",bedrohen,"UTT_BOUNDARY f: welches wort ist länger, ""neu"" oder ""bedrohen""? a:UTT_BOUNDARY bedrohen? a:", bedrohen? a:
"F: Welches Wort hat mehr Buchstaben, ""so"" oder ""bestens""? A:","['so', 'bestens']",bestens,"UTT_BOUNDARY f: welches wort hat mehr buchstaben, ""so"" oder ""bestens""? a:UTT_BOUNDARY bestens? a:", bestens? a:
"Von den Wörtern ""waren"" und ""namenlos"", welches hat mehr Buchstaben? ","['waren', 'namenlos']",namenlos,"UTT_BOUNDARY von den wörtern ""waren"" und ""namenlos"", welches hat mehr buchstaben?UTT_BOUNDARY namenlos, aber nicht"," namenlos, aber nicht"
"F: Welches Wort ist länger, ""dann"" oder ""anderen""? A:","['dann', 'anderen']",anderen,"UTT_BOUNDARY f: welches wort ist länger, ""dann"" oder ""anderen""? a:UTT_BOUNDARY anderen, die sich für"," anderen, die sich für"
"Von den Wörtern ""Beweglich"" und ""daher"", welches hat mehr Buchstaben? ","['Beweglich', 'daher']",beweglich,"UTT_BOUNDARY von den wörtern ""beweglich"" und ""daher"", welches hat mehr buchstaben?UTT_BOUNDARY beweglich, aber nicht"," beweglich, aber nicht"
"F: Welches Wort hat mehr Buchstaben, ""graben"" oder ""da""? A:","['graben', 'da']",graben,"UTT_BOUNDARY f: welches wort hat mehr buchstaben, ""graben"" oder ""da""? a:UTT_BOUNDARY graben? a:UTT_BOUNDARY", graben? a:
"F: Welches Wort hat mehr Buchstaben, ""jemand"" oder ""so""? A:","['jemand', 'so']",jemand,"UTT_BOUNDARY f: welches wort hat mehr buchstaben, ""jemand"" oder ""so""? a:UTT_BOUNDARY jemand, der sich für"," jemand, der sich für"
"F: Welches Wort hat mehr Buchstaben, ""Bagger"" oder ""ab""? A:","['Bagger', 'ab']",bagger,"UTT_BOUNDARY f: welches wort hat mehr buchstaben, ""bagger"" oder ""ab""? a:UTT_BOUNDARY bagger? a:UTT_BOUNDARY", bagger? a:
"Von den Wörtern ""muss"" und ""zwischen"", welches hat mehr Buchstaben? ","['muss', 'zwischen']",zwischen,"UTT_BOUNDARY von den wörtern ""muss"" und ""zwischen"", welches hat mehr buchstaben?UTT_BOUNDARY zwischen den wörtern """," zwischen den wörtern """
"F: Welches Wort ist länger, ""die"" oder ""Abschied""? A:","['die', 'Abschied']",abschied,"UTT_BOUNDARY f: welches wort ist länger, ""die"" oder ""abschied""? a:UTT_BOUNDARY abschied von den wörtern", abschied von den wörtern
"F: Welches Wort ist länger, ""nie"" oder ""zwischen""? A:","['nie', 'zwischen']",zwischen,"UTT_BOUNDARY f: welches wort ist länger, ""nie"" oder ""zwischen""? a:UTT_BOUNDARY zwischen den wörtern """," zwischen den wörtern """
"F: Welches Wort hat mehr Buchstaben, ""völlig"" oder ""ich""? A:","['völlig', 'ich']",völlig,"UTT_BOUNDARY f: welches wort hat mehr buchstaben, ""völlig"" oder ""ich""? a:UTT_BOUNDARY völlig ungerned", völlig ungerned
"F: Welches Wort ist länger, ""und"" oder ""abholen""? A:","['und', 'abholen']",abholen,"UTT_BOUNDARY f: welches wort ist länger, ""und"" oder ""abholen""? a:UTT_BOUNDARY abholen? a:UTT_BOUNDARY", abholen? a:
"F: Welches Wort ist länger, ""hier"" oder ""gezeigt""? A:","['hier', 'gezeigt']",gezeigt,"UTT_BOUNDARY f: welches wort ist länger, ""hier"" oder ""gezeigt""? a:UTT_BOUNDARY gezeigt, wie die welt"," gezeigt, wie die welt"
"F: Welches Wort hat mehr Buchstaben, ""ungerne"" oder ""ab""? A:","['ungerne', 'ab']",ungerne,"UTT_BOUNDARY f: welches wort hat mehr buchstaben, ""ungerne"" oder ""ab""? a:UTT_BOUNDARY ungerne? a", ungerne? a
"F: Welches Wort ist länger, ""die"" oder ""mehrere""? A:","['die', 'mehrere']",mehrere,"UTT_BOUNDARY f: welches wort ist länger, ""die"" oder ""mehrere""? a:UTT_BOUNDARY mehrere fragen, fragen,"," mehrere fragen, fragen,"
"Von den Wörtern ""verloren"" und ""daher"", welches hat mehr Buchstaben? ","['verloren', 'daher']",verloren,"UTT_BOUNDARY von den wörtern ""verloren"" und ""daher"", welches hat mehr buchstaben?UTT_BOUNDARY verloren? ""das"""," verloren? ""das"""
"F: Welches Wort hat mehr Buchstaben, ""es"" oder ""pulvrig""? A:","['es', 'pulvrig']",pulvrig,"UTT_BOUNDARY f: welches wort hat mehr buchstaben, ""es"" oder ""pulvrig""? a:UTT_BOUNDARY pulvrig ist,"," pulvrig ist,"
"Von den Wörtern ""zwischen"" und ""diese"", welches hat mehr Buchstaben? ","['zwischen', 'diese']",zwischen,"UTT_BOUNDARY von den wörtern ""zwischen"" und ""diese"", welches hat mehr buchstaben?UTT_BOUNDARY zwischen den wörtern """," zwischen den wörtern """
"F: Welches Wort hat mehr Buchstaben, ""weg"" oder ""graben""? A:","['weg', 'graben']",graben,"UTT_BOUNDARY f: welches wort hat mehr buchstaben, ""weg"" oder ""graben""? a:UTT_BOUNDARY graben? a:UTT_BOUNDARY", graben? a:
"F: Welches Wort hat mehr Buchstaben, ""um"" oder ""besser""? A:","['um', 'besser']",besser,"UTT_BOUNDARY f: welches wort hat mehr buchstaben, ""um"" oder ""besser""? a:UTT_BOUNDARY bessernistet,"," bessernistet,"
"F: Welches Wort ist länger, ""all"" oder ""gewinnt""? A:","['all', 'gewinnt']",gewinnt,"UTT_BOUNDARY f: welches wort ist länger, ""all"" oder ""gewinnt""? a:UTT_BOUNDARY gewinnt, dass die """," gewinnt, dass die """
"F: Welches Wort ist länger, ""tüfteln"" oder ""zeit""? A:","['tüfteln', 'zeit']",tüfteln,"UTT_BOUNDARY f: welches wort ist länger, ""tüfteln"" oder ""zeit""? a:UTT_BOUNDARY tüfteln? a", tüfteln? a
"F: Welches Wort hat mehr Buchstaben, ""ob"" oder ""analog""? A:","['ob', 'analog']",analog,"UTT_BOUNDARY f: welches wort hat mehr buchstaben, ""ob"" oder ""analog""? a:UTT_BOUNDARY analog""? a:"," analog""? a:"
"Von den Wörtern ""waren"" und ""entsteht"", welches hat mehr Buchstaben? ","['waren', 'entsteht']",entsteht,"UTT_BOUNDARY von den wörtern ""waren"" und ""entsteht"", welches hat mehr buchstaben?UTT_BOUNDARY entsteht ein gemeinsames leben", entsteht ein gemeinsames leben
"F: Welches Wort ist länger, ""lebende"" oder ""sind""? A:","['lebende', 'sind']",lebende,"UTT_BOUNDARY f: welches wort ist länger, ""lebende"" oder ""sind""? a:UTT_BOUNDARY lebende"" oder """," lebende"" oder """
"F: Welches Wort ist länger, ""gewinnt"" oder ""rot""? A:","['gewinnt', 'rot']",gewinnt,"UTT_BOUNDARY f: welches wort ist länger, ""gewinnt"" oder ""rot""? a:UTT_BOUNDARY gewinnt, dass es sich"," gewinnt, dass es sich"
"Von den Wörtern ""brüllen"" und ""lang"", welches hat mehr Buchstaben? ","['brüllen', 'lang']",brüllen,"UTT_BOUNDARY von den wörtern ""brüllen"" und ""lang"", welches hat mehr buchstaben?UTT_BOUNDARY brüllende blicke.", brüllende blicke.
"Von den Wörtern ""gespürt"" und ""lang"", welches hat mehr Buchstaben? ","['gespürt', 'lang']",gespürt,"UTT_BOUNDARY von den wörtern ""gespürt"" und ""lang"", welches hat mehr buchstaben?UTT_BOUNDARY gespürt. a:", gespürt. a:
"F: Welches Wort hat mehr Buchstaben, ""mehrere"" oder ""ja""? A:","['mehrere', 'ja']",mehrere,"UTT_BOUNDARY f: welches wort hat mehr buchstaben, ""mehrere"" oder ""ja""? a:UTT_BOUNDARY mehrere? a:UTT_BOUNDARY", mehrere? a:
"Von den Wörtern ""nach"" und ""bekannte"", welches hat mehr Buchstaben? ","['nach', 'bekannte']",bekannte,"UTT_BOUNDARY von den wörtern ""nach"" und ""bekannte"", welches hat mehr buchstaben?UTT_BOUNDARY bekannte gesichter, ""so"," bekannte gesichter, ""so"
"Von den Wörtern ""gespürt"" und ""sehr"", welches hat mehr Buchstaben? ","['gespürt', 'sehr']",gespürt,"UTT_BOUNDARY von den wörtern ""gespürt"" und ""sehr"", welches hat mehr buchstaben?UTT_BOUNDARY gespürtes und un", gespürtes und un
"F: Welches Wort ist länger, ""los"" oder ""bedrohen""? A:","['los', 'bedrohen']",bedrohen,"UTT_BOUNDARY f: welches wort ist länger, ""los"" oder ""bedrohen""? a:UTT_BOUNDARY bedrohen? a:", bedrohen? a:
"F: Welches Wort ist länger, ""war"" oder ""bestens""? A:","['war', 'bestens']",bestens,"UTT_BOUNDARY f: welches wort ist länger, ""war"" oder ""bestens""? a:UTT_BOUNDARY bestens? a:", bestens? a:
"Von den Wörtern ""sich"" und ""bestens"", welches hat mehr Buchstaben? ","['sich', 'bestens']",bestens,"UTT_BOUNDARY von den wörtern ""sich"" und ""bestens"", welches hat mehr buchstaben?UTT_BOUNDARY bestens bestens be", bestens bestens be
"F: Welches Wort hat mehr Buchstaben, ""fragen"" oder ""aus""? A:","['fragen', 'aus']",fragen,"UTT_BOUNDARY f: welches wort hat mehr buchstaben, ""fragen"" oder ""aus""? a:UTT_BOUNDARY fragen, fragen, fragen"," fragen, fragen, fragen"
"F: Welches Wort hat mehr Buchstaben, ""laufen"" oder ""es""? A:","['laufen', 'es']",laufen,"UTT_BOUNDARY f: welches wort hat mehr buchstaben, ""laufen"" oder ""es""? a:UTT_BOUNDARY laufen? a:UTT_BOUNDARY", laufen? a:
"F: Welches Wort hat mehr Buchstaben, ""an"" oder ""einmal""? A:","['an', 'einmal']",einmal,"UTT_BOUNDARY f: welches wort hat mehr buchstaben, ""an"" oder ""einmal""? a:UTT_BOUNDARY einmal die woche, wenn"," einmal die woche, wenn"
"F: Welches Wort hat mehr Buchstaben, ""abholen"" oder ""er""? A:","['abholen', 'er']",abholen,"UTT_BOUNDARY f: welches wort hat mehr buchstaben, ""abholen"" oder ""er""? a:UTT_BOUNDARY abholen? a:UTT_BOUNDARY", abholen? a:
"F: Welches Wort ist länger, ""nach"" oder ""beweise""? A:","['nach', 'beweise']",beweise,"UTT_BOUNDARY f: welches wort ist länger, ""nach"" oder ""beweise""? a:UTT_BOUNDARY beweiseloses: welches", beweiseloses: welches
"Von den Wörtern ""irgendwo"" und ""mehr"", welches hat mehr Buchstaben? ","['irgendwo', 'mehr']",irgendwo,"UTT_BOUNDARY von den wörtern ""irgendwo"" und ""mehr"", welches hat mehr buchstaben?UTT_BOUNDARY irgendwo in den bergen,"," irgendwo in den bergen,"
"F: Welches Wort ist länger, ""wertlos"" oder ""nie""? A:","['wertlos', 'nie']",wertlos,"UTT_BOUNDARY f: welches wort ist länger, ""wertlos"" oder ""nie""? a:UTT_BOUNDARY wertlos? a:", wertlos? a:
"F: Welches Wort ist länger, ""offensiv"" oder ""man""? A:","['offensiv', 'man']",offensiv,"UTT_BOUNDARY f: welches wort ist länger, ""offensiv"" oder ""man""? a:UTT_BOUNDARY offensiv: welches", offensiv: welches
"F: Welches Wort hat mehr Buchstaben, ""völlig"" oder ""man""? A:","['völlig', 'man']",völlig,"UTT_BOUNDARY f: welches wort hat mehr buchstaben, ""völlig"" oder ""man""? a:UTT_BOUNDARY völlig ungerned", völlig ungerned
"Von den Wörtern ""reden"" und ""Polarität"", welches hat mehr Buchstaben? ","['reden', 'Polarität']",polarität,"UTT_BOUNDARY von den wörtern ""reden"" und ""polarität"", welches hat mehr buchstaben?UTT_BOUNDARY polarität, t"," polarität, t"
"F: Welches Wort ist länger, ""ehrenlos"" oder ""die""? A:","['ehrenlos', 'die']",ehrenlos,"UTT_BOUNDARY f: welches wort ist länger, ""ehrenlos"" oder ""die""? a:UTT_BOUNDARY ehrenlos, unger"," ehrenlos, unger"
"F: Welches Wort hat mehr Buchstaben, ""so"" oder ""solches""? A:","['so', 'solches']",solches,"UTT_BOUNDARY f: welches wort hat mehr buchstaben, ""so"" oder ""solches""? a:UTT_BOUNDARY solches beispiel ist die """," solches beispiel ist die """
"F: Welches Wort hat mehr Buchstaben, ""folgen"" oder ""er""? A:","['folgen', 'er']",folgen,"UTT_BOUNDARY f: welches wort hat mehr buchstaben, ""folgen"" oder ""er""? a:UTT_BOUNDARY folgendermaßen: """," folgendermaßen: """
"Von den Wörtern ""dann"" und ""blamabel"", welches hat mehr Buchstaben? ","['dann', 'blamabel']",blamabel,"UTT_BOUNDARY von den wörtern ""dann"" und ""blamabel"", welches hat mehr buchstaben?UTT_BOUNDARY blamabel, bl"," blamabel, bl"
"F: Welches Wort ist länger, ""gedanke"" oder ""die""? A:","['gedanke', 'die']",gedanke,"UTT_BOUNDARY f: welches wort ist länger, ""gedanke"" oder ""die""? a:UTT_BOUNDARY gedanke: ist es,"," gedanke: ist es,"
"F: Welches Wort hat mehr Buchstaben, ""zu"" oder ""besser""? A:","['zu', 'besser']",besser,"UTT_BOUNDARY f: welches wort hat mehr buchstaben, ""zu"" oder ""besser""? a:UTT_BOUNDARY bessernistet,"," bessernistet,"
"F: Welches Wort ist länger, ""und"" oder ""versucht""? A:","['und', 'versucht']",versucht,"UTT_BOUNDARY f: welches wort ist länger, ""und"" oder ""versucht""? a:UTT_BOUNDARY versucht, den ""t"," versucht, den ""t"
"F: Welches Wort ist länger, ""mehr"" oder ""brüllen""? A:","['mehr', 'brüllen']",brüllen,"UTT_BOUNDARY f: welches wort ist länger, ""mehr"" oder ""brüllen""? a:UTT_BOUNDARY brüllend oder brü", brüllend oder brü
"Von den Wörtern ""wurde"" und ""wirklich"", welches hat mehr Buchstaben? ","['wurde', 'wirklich']",wirklich,"UTT_BOUNDARY von den wörtern ""wurde"" und ""wirklich"", welches hat mehr buchstaben?UTT_BOUNDARY wirklich ""abholen""?"," wirklich ""abholen""?"
"F: Welches Wort hat mehr Buchstaben, ""Anteil"" oder ""um""? A:","['Anteil', 'um']",anteil,"UTT_BOUNDARY f: welches wort hat mehr buchstaben, ""anteil"" oder ""um""? a:UTT_BOUNDARY anteilig für die gesamte", anteilig für die gesamte
"F: Welches Wort hat mehr Buchstaben, ""jemand"" oder ""die""? A:","['jemand', 'die']",jemand,"UTT_BOUNDARY f: welches wort hat mehr buchstaben, ""jemand"" oder ""die""? a:UTT_BOUNDARY jemand, der sich für"," jemand, der sich für"
"F: Welches Wort ist länger, ""beweise"" oder ""und""? A:","['beweise', 'und']",beweise,"UTT_BOUNDARY f: welches wort ist länger, ""beweise"" oder ""und""? a:UTT_BOUNDARY beweiseloses oder """," beweiseloses oder """
"F: Welches Wort hat mehr Buchstaben, ""ja"" oder ""pulvrig""? A:","['ja', 'pulvrig']",pulvrig,"UTT_BOUNDARY f: welches wort hat mehr buchstaben, ""ja"" oder ""pulvrig""? a:UTT_BOUNDARY pulvrigor-", pulvrigor-
"F: Welches Wort ist länger, ""rot"" oder ""geborene""? A:","['rot', 'geborene']",geborene,"UTT_BOUNDARY f: welches wort ist länger, ""rot"" oder ""geborene""? a:UTT_BOUNDARY geborene, geborene"," geborene, geborene"
"Von den Wörtern ""bedrohen"" und ""haben"", welches hat mehr Buchstaben? ","['bedrohen', 'haben']",bedrohen,"UTT_BOUNDARY von den wörtern ""bedrohen"" und ""haben"", welches hat mehr buchstaben?UTT_BOUNDARY bedrohen. ""das"," bedrohen. ""das"
"F: Welches Wort hat mehr Buchstaben, ""jemand"" oder ""war""? A:","['jemand', 'war']",jemand,"UTT_BOUNDARY f: welches wort hat mehr buchstaben, ""jemand"" oder ""war""? a:UTT_BOUNDARY jemand, der sich für"," jemand, der sich für"
"Von den Wörtern ""viel"" und ""versucht"", welches hat mehr Buchstaben? ","['viel', 'versucht']",versucht,"UTT_BOUNDARY von den wörtern ""viel"" und ""versucht"", welches hat mehr buchstaben?UTT_BOUNDARY versucht, den menschen zu"," versucht, den menschen zu"
"F: Welches Wort hat mehr Buchstaben, ""all"" oder ""denken""? A:","['all', 'denken']",denken,"UTT_BOUNDARY f: welches wort hat mehr buchstaben, ""all"" oder ""denken""? a:UTT_BOUNDARY denken? a:UTT_BOUNDARY", denken? a:
"Von den Wörtern ""ganz"" und ""darüber"", welches hat mehr Buchstaben? ","['ganz', 'darüber']",darüber,"UTT_BOUNDARY von den wörtern ""ganz"" und ""darüber"", welches hat mehr buchstaben?UTT_BOUNDARY darüber, welche bedeutung es"," darüber, welche bedeutung es"
"F: Welches Wort ist länger, ""kann"" oder ""solches""? A:","['kann', 'solches']",solches,"UTT_BOUNDARY f: welches wort ist länger, ""kann"" oder ""solches""? a:UTT_BOUNDARY solches ""variabel"," solches ""variabel"
"F: Welches Wort hat mehr Buchstaben, ""meinen"" oder ""er""? A:","['meinen', 'er']",meinen,"UTT_BOUNDARY f: welches wort hat mehr buchstaben, ""meinen"" oder ""er""? a:UTT_BOUNDARY meinen namen? a:", meinen namen? a:
"F: Welches Wort hat mehr Buchstaben, ""du"" oder ""bestens""? A:","['du', 'bestens']",bestens,"UTT_BOUNDARY f: welches wort hat mehr buchstaben, ""du"" oder ""bestens""? a:UTT_BOUNDARY bestens? a:", bestens? a:
"F: Welches Wort ist länger, ""abholen"" oder ""man""? A:","['abholen', 'man']",abholen,"UTT_BOUNDARY f: welches wort ist länger, ""abholen"" oder ""man""? a:UTT_BOUNDARY abholen"" oder ""das"," abholen"" oder ""das"
"F: Welches Wort hat mehr Buchstaben, ""gezeigt"" oder ""ab""? A:","['gezeigt', 'ab']",gezeigt,"UTT_BOUNDARY f: welches wort hat mehr buchstaben, ""gezeigt"" oder ""ab""? a:UTT_BOUNDARY gezeigt? a:UTT_BOUNDARY", gezeigt? a:
"F: Welches Wort hat mehr Buchstaben, ""nun"" oder ""folgen""? A:","['nun', 'folgen']",folgen,"UTT_BOUNDARY f: welches wort hat mehr buchstaben, ""nun"" oder ""folgen""? a:UTT_BOUNDARY folgendermaßen: """," folgendermaßen: """
"Von den Wörtern ""sowie"" und ""geborene"", welches hat mehr Buchstaben? ","['sowie', 'geborene']",geborene,"UTT_BOUNDARY von den wörtern ""sowie"" und ""geborene"", welches hat mehr buchstaben?UTT_BOUNDARY geborene und bekannte,"," geborene und bekannte,"
"F: Welches Wort ist länger, ""ein"" oder ""beweise""? A:","['ein', 'beweise']",beweise,"UTT_BOUNDARY f: welches wort ist länger, ""ein"" oder ""beweise""? a:UTT_BOUNDARY beweiseloses: """," beweiseloses: """
"F: Welches Wort ist länger, ""anderen"" oder ""ehe""? A:","['anderen', 'ehe']",anderen,"UTT_BOUNDARY f: welches wort ist länger, ""anderen"" oder ""ehe""? a:UTT_BOUNDARY anderen? a:UTT_BOUNDARY", anderen? a:
"F: Welches Wort hat mehr Buchstaben, ""sollen"" oder ""so""? A:","['sollen', 'so']",sollen,"UTT_BOUNDARY f: welches wort hat mehr buchstaben, ""sollen"" oder ""so""? a:UTT_BOUNDARY sollen wir uns denn überhaupt", sollen wir uns denn überhaupt
"F: Welches Wort ist länger, ""sie"" oder ""abholen""? A:","['sie', 'abholen']",abholen,"UTT_BOUNDARY f: welches wort ist länger, ""sie"" oder ""abholen""? a:UTT_BOUNDARY abholen, abholen, abholen"," abholen, abholen, abholen"
"Von den Wörtern ""daran"" und ""Beispiel"", welches hat mehr Buchstaben? ","['daran', 'Beispiel']",beispiel,"UTT_BOUNDARY von den wörtern ""daran"" und ""beispiel"", welches hat mehr buchstaben?UTT_BOUNDARY beispielartig, ""ab"," beispielartig, ""ab"
"Von den Wörtern ""Obduktion"" und ""daher"", welches hat mehr Buchstaben? ","['Obduktion', 'daher']",obduktion,"UTT_BOUNDARY von den wörtern ""obduktion"" und ""daher"", welches hat mehr buchstaben?UTT_BOUNDARY obduktion, die"," obduktion, die"
"F: Welches Wort ist länger, ""bestens"" oder ""hier""? A:","['bestens', 'hier']",bestens,"UTT_BOUNDARY f: welches wort ist länger, ""bestens"" oder ""hier""? a:UTT_BOUNDARY bestens? a:", bestens? a:
"Von den Wörtern ""waren"" und ""irgendwo"", welches hat mehr Buchstaben? ","['waren', 'irgendwo']",irgendwo,"UTT_BOUNDARY von den wörtern ""waren"" und ""irgendwo"", welches hat mehr buchstaben?UTT_BOUNDARY irgendwo in den bergen,"," irgendwo in den bergen,"
"Von den Wörtern ""viel"" und ""solches"", welches hat mehr Buchstaben? ","['viel', 'solches']",solches,"UTT_BOUNDARY von den wörtern ""viel"" und ""solches"", welches hat mehr buchstaben?UTT_BOUNDARY solches ""denken"" oder"," solches ""denken"" oder"
"Von den Wörtern ""auch"" und ""namenlos"", welches hat mehr Buchstaben? ","['auch', 'namenlos']",namenlos,"UTT_BOUNDARY von den wörtern ""auch"" und ""namenlos"", welches hat mehr buchstaben?UTT_BOUNDARY namenlosigkeiten, die"," namenlosigkeiten, die"
"F: Welches Wort ist länger, ""man"" oder ""ehrenlos""? A:","['man', 'ehrenlos']",ehrenlos,"UTT_BOUNDARY f: welches wort ist länger, ""man"" oder ""ehrenlos""? a:UTT_BOUNDARY ehrenlos, unger"," ehrenlos, unger"
"F: Welches Wort ist länger, ""Beispiel"" oder ""ehe""? A:","['Beispiel', 'ehe']",beispiel,"UTT_BOUNDARY f: welches wort ist länger, ""beispiel"" oder ""ehe""? a:UTT_BOUNDARY beispielwort: ""der"," beispielwort: ""der"
"F: Welches Wort hat mehr Buchstaben, ""so"" oder ""wissen""? A:","['so', 'wissen']",wissen,"UTT_BOUNDARY f: welches wort hat mehr buchstaben, ""so"" oder ""wissen""? a:UTT_BOUNDARY wissen"" oder ""ein"," wissen"" oder ""ein"
"F: Welches Wort ist länger, ""ungerne"" oder ""ein""? A:","['ungerne', 'ein']",ungerne,"UTT_BOUNDARY f: welches wort ist länger, ""ungerne"" oder ""ein""? a:UTT_BOUNDARY ungerne wesen,"," ungerne wesen,"
"F: Welches Wort hat mehr Buchstaben, ""Bagger"" oder ""die""? A:","['Bagger', 'die']",bagger,"UTT_BOUNDARY f: welches wort hat mehr buchstaben, ""bagger"" oder ""die""? a:UTT_BOUNDARY bagger? a:UTT_BOUNDARY", bagger? a:
"Von den Wörtern ""ehrenlos"" und ""nach"", welches hat mehr Buchstaben? ","['ehrenlos', 'nach']",ehrenlos,"UTT_BOUNDARY von den wörtern ""ehrenlos"" und ""nach"", welches hat mehr buchstaben?UTT_BOUNDARY ehrenlos, unger"," ehrenlos, unger"
"Von den Wörtern ""diese"" und ""Abschied"", welches hat mehr Buchstaben? ","['diese', 'Abschied']",abschied,"UTT_BOUNDARY von den wörtern ""diese"" und ""abschied"", welches hat mehr buchstaben?UTT_BOUNDARY abschied von den wörtern", abschied von den wörtern
"Von den Wörtern ""zwischen"" und ""allen"", welches hat mehr Buchstaben? ","['zwischen', 'allen']",zwischen,"UTT_BOUNDARY von den wörtern ""zwischen"" und ""allen"", welches hat mehr buchstaben?UTT_BOUNDARY zwischen den wörtern """," zwischen den wörtern """
"Von den Wörtern ""Obduktion"" und ""haben"", welches hat mehr Buchstaben? ","['Obduktion', 'haben']",obduktion,"UTT_BOUNDARY von den wörtern ""obduktion"" und ""haben"", welches hat mehr buchstaben?UTT_BOUNDARY obduktion, also"," obduktion, also"
"F: Welches Wort hat mehr Buchstaben, ""anderen"" oder ""ab""? A:","['anderen', 'ab']",anderen,"UTT_BOUNDARY f: welches wort hat mehr buchstaben, ""anderen"" oder ""ab""? a:UTT_BOUNDARY anderen? a:UTT_BOUNDARY", anderen? a:
"F: Welches Wort ist länger, ""hier"" oder ""mehrere""? A:","['hier', 'mehrere']",mehrere,"UTT_BOUNDARY f: welches wort ist länger, ""hier"" oder ""mehrere""? a:UTT_BOUNDARY mehrere fragen, die sich"," mehrere fragen, die sich"
"F: Welches Wort ist länger, ""das"" oder ""solches""? A:","['das', 'solches']",solches,"UTT_BOUNDARY f: welches wort ist länger, ""das"" oder ""solches""? a:UTT_BOUNDARY solches beispiel ist die """," solches beispiel ist die """
"Von den Wörtern ""Beispiel"" und ""kann"", welches hat mehr Buchstaben? ","['Beispiel', 'kann']",beispiel,"UTT_BOUNDARY von den wörtern ""beispiel"" und ""kann"", welches hat mehr buchstaben?UTT_BOUNDARY beispiel ""der"" oder"," beispiel ""der"" oder"
"F: Welches Wort hat mehr Buchstaben, ""gespürt"" oder ""in""? A:","['gespürt', 'in']",gespürt,"UTT_BOUNDARY f: welches wort hat mehr buchstaben, ""gespürt"" oder ""in""? a:UTT_BOUNDARY gespürt? a:", gespürt? a:
"F: Welches Wort ist länger, ""sie"" oder ""bestens""? A:","['sie', 'bestens']",bestens,"UTT_BOUNDARY f: welches wort ist länger, ""sie"" oder ""bestens""? a:UTT_BOUNDARY bestens? a:", bestens? a:
"F: Welches Wort ist länger, ""sie"" oder ""gezeigt""? A:","['sie', 'gezeigt']",gezeigt,"UTT_BOUNDARY f: welches wort ist länger, ""sie"" oder ""gezeigt""? a:UTT_BOUNDARY gezeigt, wie die """," gezeigt, wie die """
"Von den Wörtern ""gasförmig"" und ""allen"", welches hat mehr Buchstaben? ","['gasförmig', 'allen']",gasförmig,"UTT_BOUNDARY von den wörtern ""gasförmig"" und ""allen"", welches hat mehr buchstaben?UTT_BOUNDARY gasförmig, die"," gasförmig, die"
"F: Welches Wort ist länger, ""ist"" oder ""bestens""? A:","['ist', 'bestens']",bestens,"UTT_BOUNDARY f: welches wort ist länger, ""ist"" oder ""bestens""? a:UTT_BOUNDARY bestens? a:", bestens? a:
"F: Welches Wort hat mehr Buchstaben, ""einmal"" oder ""los""? A:","['einmal', 'los']",einmal,"UTT_BOUNDARY f: welches wort hat mehr buchstaben, ""einmal"" oder ""los""? a:UTT_BOUNDARY einmal die woche, wenn"," einmal die woche, wenn"
"F: Welches Wort hat mehr Buchstaben, ""du"" oder ""meinen""? A:","['du', 'meinen']",meinen,"UTT_BOUNDARY f: welches wort hat mehr buchstaben, ""du"" oder ""meinen""? a:UTT_BOUNDARY meinen namen? a:", meinen namen? a:
"F: Welches Wort ist länger, ""entsteht"" oder ""mit""? A:","['entsteht', 'mit']",entsteht,"UTT_BOUNDARY f: welches wort ist länger, ""entsteht"" oder ""mit""? a:UTT_BOUNDARY entsteht in der regel die", entsteht in der regel die
"F: Welches Wort hat mehr Buchstaben, ""folgen"" oder ""rot""? A:","['folgen', 'rot']",folgen,"UTT_BOUNDARY f: welches wort hat mehr buchstaben, ""folgen"" oder ""rot""? a:UTT_BOUNDARY folgen? a:UTT_BOUNDARY", folgen? a:
"F: Welches Wort hat mehr Buchstaben, ""so"" oder ""brüllen""? A:","['so', 'brüllen']",brüllen,"UTT_BOUNDARY f: welches wort hat mehr buchstaben, ""so"" oder ""brüllen""? a:UTT_BOUNDARY brüllen? a:", brüllen? a:
"F: Welches Wort hat mehr Buchstaben, ""tragen"" oder ""weg""? A:","['tragen', 'weg']",tragen,"UTT_BOUNDARY f: welches wort hat mehr buchstaben, ""tragen"" oder ""weg""? a:UTT_BOUNDARY tragen? a:UTT_BOUNDARY", tragen? a:
"F: Welches Wort hat mehr Buchstaben, ""ungerne"" oder ""der""? A:","['ungerne', 'der']",ungerne,"UTT_BOUNDARY f: welches wort hat mehr buchstaben, ""ungerne"" oder ""der""? a:UTT_BOUNDARY ungernebare dinge", ungernebare dinge
"F: Welches Wort ist länger, ""will"" oder ""beweise""? A:","['will', 'beweise']",beweise,"UTT_BOUNDARY f: welches wort ist länger, ""will"" oder ""beweise""? a:UTT_BOUNDARY beweiseloses und offen", beweiseloses und offen
"F: Welches Wort hat mehr Buchstaben, ""wissen"" oder ""an""? A:","['wissen', 'an']",wissen,"UTT_BOUNDARY f: welches wort hat mehr buchstaben, ""wissen"" oder ""an""? a:UTT_BOUNDARY wissen"" oder ""ein"," wissen"" oder ""ein"
"Von den Wörtern ""dabei"" und ""effizient"", welches hat mehr Buchstaben? ","['dabei', 'effizient']",effizient,"UTT_BOUNDARY von den wörtern ""dabei"" und ""effizient"", welches hat mehr buchstaben?UTT_BOUNDARY effizient,"," effizient,"
"F: Welches Wort hat mehr Buchstaben, ""bestens"" oder ""er""? A:","['bestens', 'er']",bestens,"UTT_BOUNDARY f: welches wort hat mehr buchstaben, ""bestens"" oder ""er""? a:UTT_BOUNDARY bestens? a:", bestens? a:
"F: Welches Wort hat mehr Buchstaben, ""ob"" oder ""brüllen""? A:","['ob', 'brüllen']",brüllen,"UTT_BOUNDARY f: welches wort hat mehr buchstaben, ""ob"" oder ""brüllen""? a:UTT_BOUNDARY brüllen? a:", brüllen? a:
"Von den Wörtern ""bedrohen"" und ""könnt"", welches hat mehr Buchstaben? ","['bedrohen', 'könnt']",bedrohen,"UTT_BOUNDARY von den wörtern ""bedrohen"" und ""könnt"", welches hat mehr buchstaben?UTT_BOUNDARY bedrohen? a:", bedrohen? a:
"Von den Wörtern ""würde"" und ""tadellos"", welches hat mehr Buchstaben? ","['würde', 'tadellos']",tadellos,"UTT_BOUNDARY von den wörtern ""würde"" und ""tadellos"", welches hat mehr buchstaben?UTT_BOUNDARY tadellosigkeit,"," tadellosigkeit,"
"F: Welches Wort ist länger, ""neu"" oder ""gespürt""? A:","['neu', 'gespürt']",gespürt,"UTT_BOUNDARY f: welches wort ist länger, ""neu"" oder ""gespürt""? a:UTT_BOUNDARY gespürt? a:", gespürt? a:
"F: Welches Wort ist länger, ""aus"" oder ""versucht""? A:","['aus', 'versucht']",versucht,"UTT_BOUNDARY f: welches wort ist länger, ""aus"" oder ""versucht""? a:UTT_BOUNDARY versucht, den ""t"," versucht, den ""t"
"F: Welches Wort ist länger, ""lebende"" oder ""muss""? A:","['lebende', 'muss']",lebende,"UTT_BOUNDARY f: welches wort ist länger, ""lebende"" oder ""muss""? a:UTT_BOUNDARY lebende menschen? a", lebende menschen? a
"Von den Wörtern ""lang"" und ""namenlos"", welches hat mehr Buchstaben? ","['lang', 'namenlos']",namenlos,"UTT_BOUNDARY von den wörtern ""lang"" und ""namenlos"", welches hat mehr buchstaben?UTT_BOUNDARY namenlosigkeiten, die"," namenlosigkeiten, die"
"F: Welches Wort hat mehr Buchstaben, ""aus"" oder ""Bagger""? A:","['aus', 'Bagger']",bagger,"UTT_BOUNDARY f: welches wort hat mehr buchstaben, ""aus"" oder ""bagger""? a:UTT_BOUNDARY bagger? a:UTT_BOUNDARY", bagger? a:
"Von den Wörtern ""geborene"" und ""dabei"", welches hat mehr Buchstaben? ","['geborene', 'dabei']",geborene,"UTT_BOUNDARY von den wörtern ""geborene"" und ""dabei"", welches hat mehr buchstaben?UTT_BOUNDARY geborene und bekannteste", geborene und bekannteste
"Von den Wörtern ""Beispiel"" und ""haben"", welches hat mehr Buchstaben? ","['Beispiel', 'haben']",beispiel,"UTT_BOUNDARY von den wörtern ""beispiel"" und ""haben"", welches hat mehr buchstaben?UTT_BOUNDARY beispiel ""gebiss"""," beispiel ""gebiss"""
"F: Welches Wort hat mehr Buchstaben, ""gewinnt"" oder ""da""? A:","['gewinnt', 'da']",gewinnt,"UTT_BOUNDARY f: welches wort hat mehr buchstaben, ""gewinnt"" oder ""da""? a:UTT_BOUNDARY gewinnt? a:UTT_BOUNDARY", gewinnt? a:
"F: Welches Wort hat mehr Buchstaben, ""er"" oder ""gespürt""? A:","['er', 'gespürt']",gespürt,"UTT_BOUNDARY f: welches wort hat mehr buchstaben, ""er"" oder ""gespürt""? a:UTT_BOUNDARY gespürt? a:", gespürt? a:
"F: Welches Wort ist länger, ""ich"" oder ""brüllen""? A:","['ich', 'brüllen']",brüllen,"UTT_BOUNDARY f: welches wort ist länger, ""ich"" oder ""brüllen""? a:UTT_BOUNDARY brüllend oder """," brüllend oder """
"F: Welches Wort hat mehr Buchstaben, ""jemand"" oder ""es""? A:","['jemand', 'es']",jemand,"UTT_BOUNDARY f: welches wort hat mehr buchstaben, ""jemand"" oder ""es""? a:UTT_BOUNDARY jemand, der sich für"," jemand, der sich für"
"F: Welches Wort ist länger, ""bekannte"" oder ""ich""? A:","['bekannte', 'ich']",bekannte,"UTT_BOUNDARY f: welches wort ist länger, ""bekannte"" oder ""ich""? a:UTT_BOUNDARY bekannteste antwort: """," bekannteste antwort: """
"Von den Wörtern ""daran"" und ""verloren"", welches hat mehr Buchstaben? ","['daran', 'verloren']",verloren,"UTT_BOUNDARY von den wörtern ""daran"" und ""verloren"", welches hat mehr buchstaben?UTT_BOUNDARY verloren? ""das"""," verloren? ""das"""
"F: Welches Wort hat mehr Buchstaben, ""und"" oder ""Gebiss""? A:","['und', 'Gebiss']",gebiss,"UTT_BOUNDARY f: welches wort hat mehr buchstaben, ""und"" oder ""gebiss""? a:UTT_BOUNDARY gebiss"" oder """," gebiss"" oder """
"F: Welches Wort ist länger, ""und"" oder ""tadellos""? A:","['und', 'tadellos']",tadellos,"UTT_BOUNDARY f: welches wort ist länger, ""und"" oder ""tadellos""? a:UTT_BOUNDARY tadellos, aber"," tadellos, aber"
"F: Welches Wort ist länger, ""man"" oder ""variabel""? A:","['man', 'variabel']",variabel,"UTT_BOUNDARY f: welches wort ist länger, ""man"" oder ""variabel""? a:UTT_BOUNDARY variabel ist, dass"," variabel ist, dass"
"F: Welches Wort ist länger, ""bedrohen"" oder ""man""? A:","['bedrohen', 'man']",bedrohen,"UTT_BOUNDARY f: welches wort ist länger, ""bedrohen"" oder ""man""? a:UTT_BOUNDARY bedrohen? a:", bedrohen? a:
"F: Welches Wort hat mehr Buchstaben, ""an"" oder ""beweise""? A:","['an', 'beweise']",beweise,"UTT_BOUNDARY f: welches wort hat mehr buchstaben, ""an"" oder ""beweise""? a:UTT_BOUNDARY beweise? a:UTT_BOUNDARY", beweise? a:
"F: Welches Wort hat mehr Buchstaben, ""tüfteln"" oder ""an""? A:","['tüfteln', 'an']",tüfteln,"UTT_BOUNDARY f: welches wort hat mehr buchstaben, ""tüfteln"" oder ""an""? a:UTT_BOUNDARY tüfteln? a", tüfteln? a
"F: Welches Wort ist länger, ""tüfteln"" oder ""neu""? A:","['tüfteln', 'neu']",tüfteln,"UTT_BOUNDARY f: welches wort ist länger, ""tüfteln"" oder ""neu""? a:UTT_BOUNDARY tüfteln? a", tüfteln? a
"F: Welches Wort hat mehr Buchstaben, ""folgen"" oder ""das""? A:","['folgen', 'das']",folgen,"UTT_BOUNDARY f: welches wort hat mehr buchstaben, ""folgen"" oder ""das""? a:UTT_BOUNDARY folgen? a:UTT_BOUNDARY", folgen? a:
"Von den Wörtern ""dann"" und ""bedrohen"", welches hat mehr Buchstaben? ","['dann', 'bedrohen']",bedrohen,"UTT_BOUNDARY von den wörtern ""dann"" und ""bedrohen"", welches hat mehr buchstaben?UTT_BOUNDARY bedrohen? a:", bedrohen? a:
"F: Welches Wort ist länger, ""ich"" oder ""entsteht""? A:","['ich', 'entsteht']",entsteht,"UTT_BOUNDARY f: welches wort ist länger, ""ich"" oder ""entsteht""? a:UTT_BOUNDARY entsteht in der regel die", entsteht in der regel die
"Von den Wörtern ""auch"" und ""zwischen"", welches hat mehr Buchstaben? ","['auch', 'zwischen']",zwischen,"UTT_BOUNDARY von den wörtern ""auch"" und ""zwischen"", welches hat mehr buchstaben?UTT_BOUNDARY zwischen den wörtern """," zwischen den wörtern """
"F: Welches Wort hat mehr Buchstaben, ""um"" oder ""bestens""? A:","['um', 'bestens']",bestens,"UTT_BOUNDARY f: welches wort hat mehr buchstaben, ""um"" oder ""bestens""? a:UTT_BOUNDARY bestens? a:", bestens? a:
"Von den Wörtern ""beruflich"" und ""waren"", welches hat mehr Buchstaben? ","['beruflich', 'waren']",beruflich,"UTT_BOUNDARY von den wörtern ""beruflich"" und ""waren"", welches hat mehr buchstaben?UTT_BOUNDARY beruflich bestens be", beruflich bestens be
"F: Welches Wort ist länger, ""mehr"" oder ""ungerne""? A:","['mehr', 'ungerne']",ungerne,"UTT_BOUNDARY f: welches wort ist länger, ""mehr"" oder ""ungerne""? a:UTT_BOUNDARY ungerne wesen,"," ungerne wesen,"
"F: Welches Wort ist länger, ""geborene"" oder ""weg""? A:","['geborene', 'weg']",geborene,"UTT_BOUNDARY f: welches wort ist länger, ""geborene"" oder ""weg""? a:UTT_BOUNDARY geborene autorin ist eine", geborene autorin ist eine
"F: Welches Wort ist länger, ""man"" oder ""solches""? A:","['man', 'solches']",solches,"UTT_BOUNDARY f: welches wort ist länger, ""man"" oder ""solches""? a:UTT_BOUNDARY solches ""variabel"," solches ""variabel"
"F: Welches Wort hat mehr Buchstaben, ""mulmig"" oder ""sie""? A:","['mulmig', 'sie']",mulmig,"UTT_BOUNDARY f: welches wort hat mehr buchstaben, ""mulmig"" oder ""sie""? a:UTT_BOUNDARY mulmig.", mulmig.
"Von den Wörtern ""beenden"" und ""viel"", welches hat mehr Buchstaben? ","['beenden', 'viel']",beenden,"UTT_BOUNDARY von den wörtern ""beenden"" und ""viel"", welches hat mehr buchstaben?UTT_BOUNDARY beenden? a:UTT_BOUNDARY", beenden? a:
"Von den Wörtern ""lebende"" und ""ganz"", welches hat mehr Buchstaben? ","['lebende', 'ganz']",lebende,"UTT_BOUNDARY von den wörtern ""lebende"" und ""ganz"", welches hat mehr buchstaben?UTT_BOUNDARY lebende menschen, die"," lebende menschen, die"
"F: Welches Wort ist länger, ""nun"" oder ""entsteht""? A:","['nun', 'entsteht']",entsteht,"UTT_BOUNDARY f: welches wort ist länger, ""nun"" oder ""entsteht""? a:UTT_BOUNDARY entsteht in der regel die", entsteht in der regel die
"F: Welches Wort ist länger, ""zwischen"" oder ""war""? A:","['zwischen', 'war']",zwischen,"UTT_BOUNDARY f: welches wort ist länger, ""zwischen"" oder ""war""? a:UTT_BOUNDARY zwischen den wörtern """," zwischen den wörtern """
"F: Welches Wort hat mehr Buchstaben, ""in"" oder ""weinen""? A:","['in', 'weinen']",weinen,"UTT_BOUNDARY f: welches wort hat mehr buchstaben, ""in"" oder ""weinen""? a:UTT_BOUNDARY weinende haare? """," weinende haare? """
"Von den Wörtern ""sich"" und ""beweise"", welches hat mehr Buchstaben? ","['sich', 'beweise']",beweise,"UTT_BOUNDARY von den wörtern ""sich"" und ""beweise"", welches hat mehr buchstaben?UTT_BOUNDARY beweiselosung, """," beweiselosung, """
"Von den Wörtern ""unter"" und ""verloren"", welches hat mehr Buchstaben? ","['unter', 'verloren']",verloren,"UTT_BOUNDARY von den wörtern ""unter"" und ""verloren"", welches hat mehr buchstaben?UTT_BOUNDARY verloren oder verloren? """," verloren oder verloren? """
"Von den Wörtern ""will"" und ""bedrohen"", welches hat mehr Buchstaben? ","['will', 'bedrohen']",bedrohen,"UTT_BOUNDARY von den wörtern ""will"" und ""bedrohen"", welches hat mehr buchstaben?UTT_BOUNDARY bedrohen? a:", bedrohen? a:
"F: Welches Wort hat mehr Buchstaben, ""analog"" oder ""man""? A:","['analog', 'man']",analog,"UTT_BOUNDARY f: welches wort hat mehr buchstaben, ""analog"" oder ""man""? a:UTT_BOUNDARY analog""? a:"," analog""? a:"
"F: Welches Wort ist länger, ""pulvrig"" oder ""ist""? A:","['pulvrig', 'ist']",pulvrig,"UTT_BOUNDARY f: welches wort ist länger, ""pulvrig"" oder ""ist""? a:UTT_BOUNDARY pulvright hat", pulvright hat
"F: Welches Wort ist länger, ""gedanke"" oder ""kann""? A:","['gedanke', 'kann']",gedanke,"UTT_BOUNDARY f: welches wort ist länger, ""gedanke"" oder ""kann""? a:UTT_BOUNDARY gedanke: ist das wirklich", gedanke: ist das wirklich
"F: Welches Wort ist länger, ""beenden"" oder ""ist""? A:","['beenden', 'ist']",beenden,"UTT_BOUNDARY f: welches wort ist länger, ""beenden"" oder ""ist""? a:UTT_BOUNDARY beenden? a:UTT_BOUNDARY", beenden? a:
"F: Welches Wort ist länger, ""gewinnt"" oder ""sie""? A:","['gewinnt', 'sie']",gewinnt,"UTT_BOUNDARY f: welches wort ist länger, ""gewinnt"" oder ""sie""? a:UTT_BOUNDARY gewinnt, dass die meisten"," gewinnt, dass die meisten"
"Von den Wörtern ""daher"" und ""gasförmig"", welches hat mehr Buchstaben? ","['daher', 'gasförmig']",gasförmig,"UTT_BOUNDARY von den wörtern ""daher"" und ""gasförmig"", welches hat mehr buchstaben?UTT_BOUNDARY gasförmig, aber"," gasförmig, aber"
"Von den Wörtern ""sind"" und ""geborene"", welches hat mehr Buchstaben? ","['sind', 'geborene']",geborene,"UTT_BOUNDARY von den wörtern ""sind"" und ""geborene"", welches hat mehr buchstaben?UTT_BOUNDARY geborene, die sich"," geborene, die sich"
"F: Welches Wort ist länger, ""rot"" oder ""wertlos""? A:","['rot', 'wertlos']",wertlos,"UTT_BOUNDARY f: welches wort ist länger, ""rot"" oder ""wertlos""? a:UTT_BOUNDARY wertloses und un", wertloses und un
"Von den Wörtern ""sind"" und ""ehrenlos"", welches hat mehr Buchstaben? ","['sind', 'ehrenlos']",ehrenlos,"UTT_BOUNDARY von den wörtern ""sind"" und ""ehrenlos"", welches hat mehr buchstaben?UTT_BOUNDARY ehrenlos. verlu", ehrenlos. verlu
"F: Welches Wort ist länger, ""der"" oder ""entsteht""? A:","['der', 'entsteht']",entsteht,"UTT_BOUNDARY f: welches wort ist länger, ""der"" oder ""entsteht""? a:UTT_BOUNDARY entsteht in der regel die", entsteht in der regel die
"Von den Wörtern ""diese"" und ""verloren"", welches hat mehr Buchstaben? ","['diese', 'verloren']",verloren,"UTT_BOUNDARY von den wörtern ""diese"" und ""verloren"", welches hat mehr buchstaben?UTT_BOUNDARY verloren gehen oder ""ein"," verloren gehen oder ""ein"
"F: Welches Wort hat mehr Buchstaben, ""bestens"" oder ""im""? A:","['bestens', 'im']",bestens,"UTT_BOUNDARY f: welches wort hat mehr buchstaben, ""bestens"" oder ""im""? a:UTT_BOUNDARY bestens? a:", bestens? a:
"F: Welches Wort ist länger, ""gedanke"" oder ""sie""? A:","['gedanke', 'sie']",gedanke,"UTT_BOUNDARY f: welches wort ist länger, ""gedanke"" oder ""sie""? a:UTT_BOUNDARY gedanke: welches wort ist", gedanke: welches wort ist
"Von den Wörtern ""Beispiel"" und ""daher"", welches hat mehr Buchstaben? ","['Beispiel', 'daher']",beispiel,"UTT_BOUNDARY von den wörtern ""beispiel"" und ""daher"", welches hat mehr buchstaben?UTT_BOUNDARY beispiel ""gebiss"""," beispiel ""gebiss"""
"F: Welches Wort hat mehr Buchstaben, ""ja"" oder ""solches""? A:","['ja', 'solches']",solches,"UTT_BOUNDARY f: welches wort hat mehr buchstaben, ""ja"" oder ""solches""? a:UTT_BOUNDARY solches beispiel ist die """," solches beispiel ist die """
"F: Welches Wort ist länger, ""zwischen"" oder ""ein""? A:","['zwischen', 'ein']",zwischen,"UTT_BOUNDARY f: welches wort ist länger, ""zwischen"" oder ""ein""? a:UTT_BOUNDARY zwischen den wörtern """," zwischen den wörtern """
"Von den Wörtern ""daran"" und ""zwischen"", welches hat mehr Buchstaben? ","['daran', 'zwischen']",zwischen,"UTT_BOUNDARY von den wörtern ""daran"" und ""zwischen"", welches hat mehr buchstaben?UTT_BOUNDARY zwischen den wörtern """," zwischen den wörtern """
"F: Welches Wort hat mehr Buchstaben, ""der"" oder ""völlig""? A:","['der', 'völlig']",völlig,"UTT_BOUNDARY f: welches wort hat mehr buchstaben, ""der"" oder ""völlig""? a:UTT_BOUNDARY völlig ungerned", völlig ungerned
"F: Welches Wort ist länger, ""namenlos"" oder ""man""? A:","['namenlos', 'man']",namenlos,"UTT_BOUNDARY f: welches wort ist länger, ""namenlos"" oder ""man""? a:UTT_BOUNDARY namenlos"" oder """," namenlos"" oder """
"F: Welches Wort hat mehr Buchstaben, ""brüllen"" oder ""da""? A:","['brüllen', 'da']",brüllen,"UTT_BOUNDARY f: welches wort hat mehr buchstaben, ""brüllen"" oder ""da""? a:UTT_BOUNDARY brüllen? a:", brüllen? a:
"F: Welches Wort ist länger, ""einfach"" oder ""das""? A:","['einfach', 'das']",einfach,"UTT_BOUNDARY f: welches wort ist länger, ""einfach"" oder ""das""? a:UTT_BOUNDARY einfaches oder ""ein"," einfaches oder ""ein"
"Von den Wörtern ""entsteht"" und ""viel"", welches hat mehr Buchstaben? ","['entsteht', 'viel']",entsteht,"UTT_BOUNDARY von den wörtern ""entsteht"" und ""viel"", welches hat mehr buchstaben?UTT_BOUNDARY entsteht ein gemeinsames,"," entsteht ein gemeinsames,"
"F: Welches Wort hat mehr Buchstaben, ""da"" oder ""Bagger""? A:","['da', 'Bagger']",bagger,"UTT_BOUNDARY f: welches wort hat mehr buchstaben, ""da"" oder ""bagger""? a:UTT_BOUNDARY bagger? a:UTT_BOUNDARY", bagger? a:
"Von den Wörtern ""ganz"" und ""gedanke"", welches hat mehr Buchstaben? ","['ganz', 'gedanke']",gedanke,"UTT_BOUNDARY von den wörtern ""ganz"" und ""gedanke"", welches hat mehr buchstaben?UTT_BOUNDARY gedanke an die ""zeit"," gedanke an die ""zeit"
"Von den Wörtern ""versucht"" und ""daran"", welches hat mehr Buchstaben? ","['versucht', 'daran']",versucht,"UTT_BOUNDARY von den wörtern ""versucht"" und ""daran"", welches hat mehr buchstaben?UTT_BOUNDARY versucht, den ""t"," versucht, den ""t"
"F: Welches Wort hat mehr Buchstaben, ""an"" oder ""ungerne""? A:","['an', 'ungerne']",ungerne,"UTT_BOUNDARY f: welches wort hat mehr buchstaben, ""an"" oder ""ungerne""? a:UTT_BOUNDARY ungerne worte.", ungerne worte.
"Von den Wörtern ""Beispiel"" und ""reden"", welches hat mehr Buchstaben? ","['Beispiel', 'reden']",beispiel,"UTT_BOUNDARY von den wörtern ""beispiel"" und ""reden"", welches hat mehr buchstaben?UTT_BOUNDARY beispiel ""all"" oder"," beispiel ""all"" oder"
"F: Welches Wort hat mehr Buchstaben, ""fragen"" oder ""weg""? A:","['fragen', 'weg']",fragen,"UTT_BOUNDARY f: welches wort hat mehr buchstaben, ""fragen"" oder ""weg""? a:UTT_BOUNDARY fragen, fragen, fragen"," fragen, fragen, fragen"
"Von den Wörtern ""waren"" und ""Erfahrung"", welches hat mehr Buchstaben? ","['waren', 'Erfahrung']",erfahrung,"UTT_BOUNDARY von den wörtern ""waren"" und ""erfahrung"", welches hat mehr buchstaben?UTT_BOUNDARY erfahrung mit den wörtern", erfahrung mit den wörtern
"F: Welches Wort ist länger, ""brüllen"" oder ""los""? A:","['brüllen', 'los']",brüllen,"UTT_BOUNDARY f: welches wort ist länger, ""brüllen"" oder ""los""? a:UTT_BOUNDARY brüllend, """," brüllend, """
"Von den Wörtern ""sowie"" und ""Iteration"", welches hat mehr Buchstaben? ","['sowie', 'Iteration']",iteration,"UTT_BOUNDARY von den wörtern ""sowie"" und ""iteration"", welches hat mehr buchstaben?UTT_BOUNDARY iteration, also"," iteration, also"
"Von den Wörtern ""zeit"" und ""geborene"", welches hat mehr Buchstaben? ","['zeit', 'geborene']",geborene,"UTT_BOUNDARY von den wörtern ""zeit"" und ""geborene"", welches hat mehr buchstaben?UTT_BOUNDARY geborene, die von"," geborene, die von"
"F: Welches Wort ist länger, ""kann"" oder ""gewinnt""? A:","['kann', 'gewinnt']",gewinnt,"UTT_BOUNDARY f: welches wort ist länger, ""kann"" oder ""gewinnt""? a:UTT_BOUNDARY gewinnt. zweitens: die", gewinnt. zweitens: die
"F: Welches Wort hat mehr Buchstaben, ""sie"" oder ""analog""? A:","['sie', 'analog']",analog,"UTT_BOUNDARY f: welches wort hat mehr buchstaben, ""sie"" oder ""analog""? a:UTT_BOUNDARY analog""? a:"," analog""? a:"
"F: Welches Wort hat mehr Buchstaben, ""ich"" oder ""weinen""? A:","['ich', 'weinen']",weinen,"UTT_BOUNDARY f: welches wort hat mehr buchstaben, ""ich"" oder ""weinen""? a:UTT_BOUNDARY weinende haare? """," weinende haare? """
"F: Welches Wort hat mehr Buchstaben, ""Gebiss"" oder ""aus""? A:","['Gebiss', 'aus']",gebiss,"UTT_BOUNDARY f: welches wort hat mehr buchstaben, ""gebiss"" oder ""aus""? a:UTT_BOUNDARY gebisses? a", gebisses? a
"F: Welches Wort ist länger, ""nach"" oder ""gespürt""? A:","['nach', 'gespürt']",gespürt,"UTT_BOUNDARY f: welches wort ist länger, ""nach"" oder ""gespürt""? a:UTT_BOUNDARY gespürt? a:", gespürt? a:
"F: Welches Wort ist länger, ""los"" oder ""gedanke""? A:","['los', 'gedanke']",gedanke,"UTT_BOUNDARY f: welches wort ist länger, ""los"" oder ""gedanke""? a:UTT_BOUNDARY gedanke: welches wort ist", gedanke: welches wort ist
"F: Welches Wort ist länger, ""pulvrig"" oder ""wenn""? A:","['pulvrig', 'wenn']",pulvrig,"UTT_BOUNDARY f: welches wort ist länger, ""pulvrig"" oder ""wenn""? a:UTT_BOUNDARY pulvrighträ", pulvrighträ
"Von den Wörtern ""lebende"" und ""heut"", welches hat mehr Buchstaben? ","['lebende', 'heut']",lebende,"UTT_BOUNDARY von den wörtern ""lebende"" und ""heut"", welches hat mehr buchstaben?UTT_BOUNDARY lebende menschen, die"," lebende menschen, die"
"F: Welches Wort hat mehr Buchstaben, ""er"" oder ""tüfteln""? A:","['er', 'tüfteln']",tüfteln,"UTT_BOUNDARY f: welches wort hat mehr buchstaben, ""er"" oder ""tüfteln""? a:UTT_BOUNDARY tüfteln? a", tüfteln? a
"F: Welches Wort hat mehr Buchstaben, ""beweise"" oder ""ja""? A:","['beweise', 'ja']",beweise,"UTT_BOUNDARY f: welches wort hat mehr buchstaben, ""beweise"" oder ""ja""? a:UTT_BOUNDARY beweiseloses schreiben?", beweiseloses schreiben?
"F: Welches Wort ist länger, ""versucht"" oder ""neu""? A:","['versucht', 'neu']",versucht,"UTT_BOUNDARY f: welches wort ist länger, ""versucht"" oder ""neu""? a:UTT_BOUNDARY versucht, den menschen die"," versucht, den menschen die"
"F: Welches Wort ist länger, ""noch"" oder ""beenden""? A:","['noch', 'beenden']",beenden,"UTT_BOUNDARY f: welches wort ist länger, ""noch"" oder ""beenden""? a:UTT_BOUNDARY beenden? a:UTT_BOUNDARY", beenden? a:
"F: Welches Wort hat mehr Buchstaben, ""sollen"" oder ""es""? A:","['sollen', 'es']",sollen,"UTT_BOUNDARY f: welches wort hat mehr buchstaben, ""sollen"" oder ""es""? a:UTT_BOUNDARY sollen wir leben? a", sollen wir leben? a
"F: Welches Wort ist länger, ""noch"" oder ""pulvrig""? A:","['noch', 'pulvrig']",pulvrig,"UTT_BOUNDARY f: welches wort ist länger, ""noch"" oder ""pulvrig""? a:UTT_BOUNDARY pulvrig ist,"," pulvrig ist,"
"F: Welches Wort ist länger, ""lebende"" oder ""all""? A:","['lebende', 'all']",lebende,"UTT_BOUNDARY f: welches wort ist länger, ""lebende"" oder ""all""? a:UTT_BOUNDARY lebende menschen? a", lebende menschen? a
"F: Welches Wort ist länger, ""ist"" oder ""bedrohen""? A:","['ist', 'bedrohen']",bedrohen,"UTT_BOUNDARY f: welches wort ist länger, ""ist"" oder ""bedrohen""? a:UTT_BOUNDARY bedrohen? a:", bedrohen? a:
"F: Welches Wort hat mehr Buchstaben, ""fragen"" oder ""im""? A:","['fragen', 'im']",fragen,"UTT_BOUNDARY f: welches wort hat mehr buchstaben, ""fragen"" oder ""im""? a:UTT_BOUNDARY fragen, fragen, fragen"," fragen, fragen, fragen"
"F: Welches Wort ist länger, ""zwischen"" oder ""all""? A:","['zwischen', 'all']",zwischen,"UTT_BOUNDARY f: welches wort ist länger, ""zwischen"" oder ""all""? a:UTT_BOUNDARY zwischen den wörtern """," zwischen den wörtern """
"F: Welches Wort hat mehr Buchstaben, ""fragen"" oder ""das""? A:","['fragen', 'das']",fragen,"UTT_BOUNDARY f: welches wort hat mehr buchstaben, ""fragen"" oder ""das""? a:UTT_BOUNDARY fragen, fragen, fragen"," fragen, fragen, fragen"
"Von den Wörtern ""blamabel"" und ""noch"", welches hat mehr Buchstaben? ","['blamabel', 'noch']",blamabel,"UTT_BOUNDARY von den wörtern ""blamabel"" und ""noch"", welches hat mehr buchstaben?UTT_BOUNDARY blamabel, bl"," blamabel, bl"
"F: Welches Wort hat mehr Buchstaben, ""weinen"" oder ""ehe""? A:","['weinen', 'ehe']",weinen,"UTT_BOUNDARY f: welches wort hat mehr buchstaben, ""weinen"" oder ""ehe""? a:UTT_BOUNDARY weinende haare? a", weinende haare? a
"F: Welches Wort hat mehr Buchstaben, ""aus"" oder ""analog""? A:","['aus', 'analog']",analog,"UTT_BOUNDARY f: welches wort hat mehr buchstaben, ""aus"" oder ""analog""? a:UTT_BOUNDARY analog""? a:"," analog""? a:"
"F: Welches Wort hat mehr Buchstaben, ""am"" oder ""lebende""? A:","['am', 'lebende']",lebende,"UTT_BOUNDARY f: welches wort hat mehr buchstaben, ""am"" oder ""lebende""? a:UTT_BOUNDARY lebende menschen"" oder"," lebende menschen"" oder"
"Von den Wörtern ""ganz"" und ""bekannte"", welches hat mehr Buchstaben? ","['ganz', 'bekannte']",bekannte,"UTT_BOUNDARY von den wörtern ""ganz"" und ""bekannte"", welches hat mehr buchstaben?UTT_BOUNDARY bekannte gesichter, ""so"," bekannte gesichter, ""so"
"F: Welches Wort ist länger, ""irgendwo"" oder ""neu""? A:","['irgendwo', 'neu']",irgendwo,"UTT_BOUNDARY f: welches wort ist länger, ""irgendwo"" oder ""neu""? a:UTT_BOUNDARY irgendwo anders, wo ich"," irgendwo anders, wo ich"
"F: Welches Wort hat mehr Buchstaben, ""ehe"" oder ""tragen""? A:","['ehe', 'tragen']",tragen,"UTT_BOUNDARY f: welches wort hat mehr buchstaben, ""ehe"" oder ""tragen""? a:UTT_BOUNDARY tragen? a:UTT_BOUNDARY", tragen? a:
"F: Welches Wort hat mehr Buchstaben, ""die"" oder ""sollen""? A:","['die', 'sollen']",sollen,"UTT_BOUNDARY f: welches wort hat mehr buchstaben, ""die"" oder ""sollen""? a:UTT_BOUNDARY sollen wir leben? a", sollen wir leben? a
"F: Welches Wort ist länger, ""man"" oder ""ungerne""? A:","['man', 'ungerne']",ungerne,"UTT_BOUNDARY f: welches wort ist länger, ""man"" oder ""ungerne""? a:UTT_BOUNDARY ungerne wesen,"," ungerne wesen,"
"Von den Wörtern ""Abschied"" und ""will"", welches hat mehr Buchstaben? ","['Abschied', 'will']",abschied,"UTT_BOUNDARY von den wörtern ""abschied"" und ""will"", welches hat mehr buchstaben?UTT_BOUNDARY abschied von den wörtern", abschied von den wörtern
"F: Welches Wort ist länger, ""zwischen"" oder ""neu""? A:","['zwischen', 'neu']",zwischen,"UTT_BOUNDARY f: welches wort ist länger, ""zwischen"" oder ""neu""? a:UTT_BOUNDARY zwischen den wörtern """," zwischen den wörtern """
"F: Welches Wort ist länger, ""mit"" oder ""wertlos""? A:","['mit', 'wertlos']",wertlos,"UTT_BOUNDARY f: welches wort ist länger, ""mit"" oder ""wertlos""? a:UTT_BOUNDARY wertloses und un", wertloses und un
"F: Welches Wort ist länger, ""tadellos"" oder ""ist""? A:","['tadellos', 'ist']",tadellos,"UTT_BOUNDARY f: welches wort ist länger, ""tadellos"" oder ""ist""? a:UTT_BOUNDARY tadellos, un"," tadellos, un"
"Von den Wörtern ""viel"" und ""einfach"", welches hat mehr Buchstaben? ","['viel', 'einfach']",einfach,"UTT_BOUNDARY von den wörtern ""viel"" und ""einfach"", welches hat mehr buchstaben?UTT_BOUNDARY einfach nur die ""t"," einfach nur die ""t"
"F: Welches Wort ist länger, ""variabel"" oder ""aus""? A:","['variabel', 'aus']",variabel,"UTT_BOUNDARY f: welches wort ist länger, ""variabel"" oder ""aus""? a:UTT_BOUNDARY variabel ist, dass"," variabel ist, dass"
"F: Welches Wort hat mehr Buchstaben, ""tüfteln"" oder ""ja""? A:","['tüfteln', 'ja']",tüfteln,"UTT_BOUNDARY f: welches wort hat mehr buchstaben, ""tüfteln"" oder ""ja""? a:UTT_BOUNDARY tüfteln? a", tüfteln? a
"F: Welches Wort hat mehr Buchstaben, ""ja"" oder ""abholen""? A:","['ja', 'abholen']",abholen,"UTT_BOUNDARY f: welches wort hat mehr buchstaben, ""ja"" oder ""abholen""? a:UTT_BOUNDARY abholen? a:UTT_BOUNDARY", abholen? a:
"F: Welches Wort hat mehr Buchstaben, ""los"" oder ""fragen""? A:","['los', 'fragen']",fragen,"UTT_BOUNDARY f: welches wort hat mehr buchstaben, ""los"" oder ""fragen""? a:UTT_BOUNDARY fragen, fragen, fragen"," fragen, fragen, fragen"
"Von den Wörtern ""reden"" und ""gemeinsam"", welches hat mehr Buchstaben? ","['reden', 'gemeinsam']",gemeinsam,"UTT_BOUNDARY von den wörtern ""reden"" und ""gemeinsam"", welches hat mehr buchstaben?UTT_BOUNDARY gemeinsames lernen, gemeinsam"," gemeinsames lernen, gemeinsam"
"F: Welches Wort hat mehr Buchstaben, ""nichts"" oder ""nun""? A:","['nichts', 'nun']",nichts,"UTT_BOUNDARY f: welches wort hat mehr buchstaben, ""nichts"" oder ""nun""? a:UTT_BOUNDARY nichts nichts nichts nichts nichts", nichts nichts nichts nichts nichts
"Von den Wörtern ""verstehen"" und ""reden"", welches hat mehr Buchstaben? ","['verstehen', 'reden']",verstehen,"UTT_BOUNDARY von den wörtern ""verstehen"" und ""reden"", welches hat mehr buchstaben?UTT_BOUNDARY verstehen, was sie von"," verstehen, was sie von"
"F: Welches Wort ist länger, ""man"" oder ""entsteht""? A:","['man', 'entsteht']",entsteht,"UTT_BOUNDARY f: welches wort ist länger, ""man"" oder ""entsteht""? a:UTT_BOUNDARY entsteht in der regel die", entsteht in der regel die
"Von den Wörtern ""allen"" und ""bedrohen"", welches hat mehr Buchstaben? ","['allen', 'bedrohen']",bedrohen,"UTT_BOUNDARY von den wörtern ""allen"" und ""bedrohen"", welches hat mehr buchstaben?UTT_BOUNDARY bedrohen. die """," bedrohen. die """
"Von den Wörtern ""irgendwo"" und ""dabei"", welches hat mehr Buchstaben? ","['irgendwo', 'dabei']",irgendwo,"UTT_BOUNDARY von den wörtern ""irgendwo"" und ""dabei"", welches hat mehr buchstaben?UTT_BOUNDARY irgendwo in den bergen,"," irgendwo in den bergen,"
"F: Welches Wort ist länger, ""verloren"" oder ""mit""? A:","['verloren', 'mit']",verloren,"UTT_BOUNDARY f: welches wort ist länger, ""verloren"" oder ""mit""? a:UTT_BOUNDARY verloren gegangen? a:", verloren gegangen? a:
"F: Welches Wort hat mehr Buchstaben, ""da"" oder ""meinen""? A:","['da', 'meinen']",meinen,"UTT_BOUNDARY f: welches wort hat mehr buchstaben, ""da"" oder ""meinen""? a:UTT_BOUNDARY meinen sie, dass ich"," meinen sie, dass ich"
"Von den Wörtern ""allen"" und ""namenlos"", welches hat mehr Buchstaben? ","['allen', 'namenlos']",namenlos,"UTT_BOUNDARY von den wörtern ""allen"" und ""namenlos"", welches hat mehr buchstaben?UTT_BOUNDARY namenlos, aber nicht"," namenlos, aber nicht"
"F: Welches Wort hat mehr Buchstaben, ""besser"" oder ""all""? A:","['besser', 'all']",besser,"UTT_BOUNDARY f: welches wort hat mehr buchstaben, ""besser"" oder ""all""? a:UTT_BOUNDARY bessernäckig als", bessernäckig als
"Von den Wörtern ""geborene"" und ""noch"", welches hat mehr Buchstaben? ","['geborene', 'noch']",geborene,"UTT_BOUNDARY von den wörtern ""geborene"" und ""noch"", welches hat mehr buchstaben?UTT_BOUNDARY geborene menschen, die"," geborene menschen, die"
"F: Welches Wort ist länger, ""weg"" oder ""wirklich""? A:","['weg', 'wirklich']",wirklich,"UTT_BOUNDARY f: welches wort ist länger, ""weg"" oder ""wirklich""? a:UTT_BOUNDARY wirklich ""abholen""?"," wirklich ""abholen""?"
"F: Welches Wort hat mehr Buchstaben, ""am"" oder ""gespürt""? A:","['am', 'gespürt']",gespürt,"UTT_BOUNDARY f: welches wort hat mehr buchstaben, ""am"" oder ""gespürt""? a:UTT_BOUNDARY gespürt? a:", gespürt? a:
"F: Welches Wort ist länger, ""Beispiel"" oder ""man""? A:","['Beispiel', 'man']",beispiel,"UTT_BOUNDARY f: welches wort ist länger, ""beispiel"" oder ""man""? a:UTT_BOUNDARY beispielhaft ist, dass"," beispielhaft ist, dass"
"F: Welches Wort hat mehr Buchstaben, ""in"" oder ""Anteil""? A:","['in', 'Anteil']",anteil,"UTT_BOUNDARY f: welches wort hat mehr buchstaben, ""in"" oder ""anteil""? a:UTT_BOUNDARY anteilig für die gesamte", anteilig für die gesamte
"F: Welches Wort hat mehr Buchstaben, ""ob"" oder ""mehrere""? A:","['ob', 'mehrere']",mehrere,"UTT_BOUNDARY f: welches wort hat mehr buchstaben, ""ob"" oder ""mehrere""? a:UTT_BOUNDARY mehrere begriffe, die sich"," mehrere begriffe, die sich"
"F: Welches Wort ist länger, ""los"" oder ""beenden""? A:","['los', 'beenden']",beenden,"UTT_BOUNDARY f: welches wort ist länger, ""los"" oder ""beenden""? a:UTT_BOUNDARY beenden? a:UTT_BOUNDARY", beenden? a:
"F: Welches Wort ist länger, ""neu"" oder ""gedanke""? A:","['neu', 'gedanke']",gedanke,"UTT_BOUNDARY f: welches wort ist länger, ""neu"" oder ""gedanke""? a:UTT_BOUNDARY gedanke: ist es wirklich", gedanke: ist es wirklich
"F: Welches Wort hat mehr Buchstaben, ""nichts"" oder ""da""? A:","['nichts', 'da']",nichts,"UTT_BOUNDARY f: welches wort hat mehr buchstaben, ""nichts"" oder ""da""? a:UTT_BOUNDARY nichts nichts nichts nichts nichts", nichts nichts nichts nichts nichts
"F: Welches Wort ist länger, ""aus"" oder ""blamabel""? A:","['aus', 'blamabel']",blamabel,"UTT_BOUNDARY f: welches wort ist länger, ""aus"" oder ""blamabel""? a:UTT_BOUNDARY blamabel ist,"," blamabel ist,"
"F: Welches Wort hat mehr Buchstaben, ""da"" oder ""darüber""? A:","['da', 'darüber']",darüber,"UTT_BOUNDARY f: welches wort hat mehr buchstaben, ""da"" oder ""darüber""? a:UTT_BOUNDARY darüber, ob die """," darüber, ob die """
"F: Welches Wort hat mehr Buchstaben, ""weinen"" oder ""ob""? A:","['weinen', 'ob']",weinen,"UTT_BOUNDARY f: welches wort hat mehr buchstaben, ""weinen"" oder ""ob""? a:UTT_BOUNDARY weinende augen? a", weinende augen? a
"Von den Wörtern ""sich"" und ""abholen"", welches hat mehr Buchstaben? ","['sich', 'abholen']",abholen,"UTT_BOUNDARY von den wörtern ""sich"" und ""abholen"", welches hat mehr buchstaben?UTT_BOUNDARY abholen, abholen, abholen"," abholen, abholen, abholen"
"F: Welches Wort ist länger, ""mehrere"" oder ""ehe""? A:","['mehrere', 'ehe']",mehrere,"UTT_BOUNDARY f: welches wort ist länger, ""mehrere"" oder ""ehe""? a:UTT_BOUNDARY mehrere oder ""mehrere"," mehrere oder ""mehrere"
"F: Welches Wort ist länger, ""erzählt"" oder ""ein""? A:","['erzählt', 'ein']",erzählt,"UTT_BOUNDARY f: welches wort ist länger, ""erzählt"" oder ""ein""? a:UTT_BOUNDARY erzählt von den wörtern", erzählt von den wörtern
"F: Welches Wort hat mehr Buchstaben, ""mit"" oder ""laufen""? A:","['mit', 'laufen']",laufen,"UTT_BOUNDARY f: welches wort hat mehr buchstaben, ""mit"" oder ""laufen""? a:UTT_BOUNDARY laufen? a:UTT_BOUNDARY", laufen? a:
"F: Welches Wort hat mehr Buchstaben, ""nie"" oder ""analog""? A:","['nie', 'analog']",analog,"UTT_BOUNDARY f: welches wort hat mehr buchstaben, ""nie"" oder ""analog""? a:UTT_BOUNDARY analog""? a:"," analog""? a:"
"F: Welches Wort hat mehr Buchstaben, ""all"" oder ""Anteil""? A:","['all', 'Anteil']",anteil,"UTT_BOUNDARY f: welches wort hat mehr buchstaben, ""all"" oder ""anteil""? a:UTT_BOUNDARY anteilig für die gesamte", anteilig für die gesamte
"F: Welches Wort hat mehr Buchstaben, ""du"" oder ""anderen""? A:","['du', 'anderen']",anderen,"UTT_BOUNDARY f: welches wort hat mehr buchstaben, ""du"" oder ""anderen""? a:UTT_BOUNDARY anderen, die sich für"," anderen, die sich für"
"F: Welches Wort hat mehr Buchstaben, ""um"" oder ""beweise""? A:","['um', 'beweise']",beweise,"UTT_BOUNDARY f: welches wort hat mehr buchstaben, ""um"" oder ""beweise""? a:UTT_BOUNDARY beweiseloses: """," beweiseloses: """
"F: Welches Wort hat mehr Buchstaben, ""ab"" oder ""gedanke""? A:","['ab', 'gedanke']",gedanke,"UTT_BOUNDARY f: welches wort hat mehr buchstaben, ""ab"" oder ""gedanke""? a:UTT_BOUNDARY gedanke: ist das wirklich", gedanke: ist das wirklich
"Von den Wörtern ""viel"" und ""verloren"", welches hat mehr Buchstaben? ","['viel', 'verloren']",verloren,"UTT_BOUNDARY von den wörtern ""viel"" und ""verloren"", welches hat mehr buchstaben?UTT_BOUNDARY verloren oder verloren? """," verloren oder verloren? """
"F: Welches Wort hat mehr Buchstaben, ""mehrere"" oder ""zu""? A:","['mehrere', 'zu']",mehrere,"UTT_BOUNDARY f: welches wort hat mehr buchstaben, ""mehrere"" oder ""zu""? a:UTT_BOUNDARY mehrere begriffe? a:", mehrere begriffe? a:
"Von den Wörtern ""nicht"" und ""gemeinsam"", welches hat mehr Buchstaben? ","['nicht', 'gemeinsam']",gemeinsam,"UTT_BOUNDARY von den wörtern ""nicht"" und ""gemeinsam"", welches hat mehr buchstaben?UTT_BOUNDARY gemeinsames leben, gemeinsam"," gemeinsames leben, gemeinsam"
"F: Welches Wort ist länger, ""tüfteln"" oder ""man""? A:","['tüfteln', 'man']",tüfteln,"UTT_BOUNDARY f: welches wort ist länger, ""tüfteln"" oder ""man""? a:UTT_BOUNDARY tüfteln? a", tüfteln? a
"F: Welches Wort ist länger, ""all"" oder ""darüber""? A:","['all', 'darüber']",darüber,"UTT_BOUNDARY f: welches wort ist länger, ""all"" oder ""darüber""? a:UTT_BOUNDARY darüber, ob und wie"," darüber, ob und wie"
"F: Welches Wort ist länger, ""aus"" oder ""darüber""? A:","['aus', 'darüber']",darüber,"UTT_BOUNDARY f: welches wort ist länger, ""aus"" oder ""darüber""? a:UTT_BOUNDARY darüber, ob und wann"," darüber, ob und wann"
"F: Welches Wort ist länger, ""gespürt"" oder ""war""? A:","['gespürt', 'war']",gespürt,"UTT_BOUNDARY f: welches wort ist länger, ""gespürt"" oder ""war""? a:UTT_BOUNDARY gespürt? a:", gespürt? a:
"F: Welches Wort ist länger, ""anderen"" oder ""sind""? A:","['anderen', 'sind']",anderen,"UTT_BOUNDARY f: welches wort ist länger, ""anderen"" oder ""sind""? a:UTT_BOUNDARY anderen? a:UTT_BOUNDARY", anderen? a:
"Von den Wörtern ""muss"" und ""irgendwo"", welches hat mehr Buchstaben? ","['muss', 'irgendwo']",irgendwo,"UTT_BOUNDARY von den wörtern ""muss"" und ""irgendwo"", welches hat mehr buchstaben?UTT_BOUNDARY irgendwo in den bergen,"," irgendwo in den bergen,"
"F: Welches Wort hat mehr Buchstaben, ""völlig"" oder ""nie""? A:","['völlig', 'nie']",völlig,"UTT_BOUNDARY f: welches wort hat mehr buchstaben, ""völlig"" oder ""nie""? a:UTT_BOUNDARY völlig ungerned", völlig ungerned
"F: Welches Wort hat mehr Buchstaben, ""wissen"" oder ""er""? A:","['wissen', 'er']",wissen,"UTT_BOUNDARY f: welches wort hat mehr buchstaben, ""wissen"" oder ""er""? a:UTT_BOUNDARY wissen"" oder ""ein"," wissen"" oder ""ein"
"F: Welches Wort ist länger, ""erzählt"" oder ""noch""? A:","['erzählt', 'noch']",erzählt,"UTT_BOUNDARY f: welches wort ist länger, ""erzählt"" oder ""noch""? a:UTT_BOUNDARY erzählt von den wörtern", erzählt von den wörtern
"Von den Wörtern ""entsteht"" und ""auch"", welches hat mehr Buchstaben? ","['entsteht', 'auch']",entsteht,"UTT_BOUNDARY von den wörtern ""entsteht"" und ""auch"", welches hat mehr buchstaben?UTT_BOUNDARY entsteht in den köpfen,"," entsteht in den köpfen,"
"F: Welches Wort ist länger, ""sie"" oder ""entsteht""? A:","['sie', 'entsteht']",entsteht,"UTT_BOUNDARY f: welches wort ist länger, ""sie"" oder ""entsteht""? a:UTT_BOUNDARY entsteht in der regel die", entsteht in der regel die
"Von den Wörtern ""wenn"" und ""versucht"", welches hat mehr Buchstaben? ","['wenn', 'versucht']",versucht,"UTT_BOUNDARY von den wörtern ""wenn"" und ""versucht"", welches hat mehr buchstaben?UTT_BOUNDARY versucht, den ""ander"," versucht, den ""ander"
"F: Welches Wort hat mehr Buchstaben, ""es"" oder ""gezeigt""? A:","['es', 'gezeigt']",gezeigt,"UTT_BOUNDARY f: welches wort hat mehr buchstaben, ""es"" oder ""gezeigt""? a:UTT_BOUNDARY gezeigt, wie die """," gezeigt, wie die """
"Von den Wörtern ""beweise"" und ""ganz"", welches hat mehr Buchstaben? ","['beweise', 'ganz']",beweise,"UTT_BOUNDARY von den wörtern ""beweise"" und ""ganz"", welches hat mehr buchstaben?UTT_BOUNDARY beweiselos. ""das"," beweiselos. ""das"
"Von den Wörtern ""dabei"" und ""Erfahrung"", welches hat mehr Buchstaben? ","['dabei', 'Erfahrung']",erfahrung,"UTT_BOUNDARY von den wörtern ""dabei"" und ""erfahrung"", welches hat mehr buchstaben?UTT_BOUNDARY erfahrung mit dem ""leben"," erfahrung mit dem ""leben"
"F: Welches Wort hat mehr Buchstaben, ""weinen"" oder ""an""? A:","['weinen', 'an']",weinen,"UTT_BOUNDARY f: welches wort hat mehr buchstaben, ""weinen"" oder ""an""? a:UTT_BOUNDARY weinende frauen? a", weinende frauen? a
"Von den Wörtern ""lang"" und ""irgendwo"", welches hat mehr Buchstaben? ","['lang', 'irgendwo']",irgendwo,"UTT_BOUNDARY von den wörtern ""lang"" und ""irgendwo"", welches hat mehr buchstaben?UTT_BOUNDARY irgendwo in den träumen """," irgendwo in den träumen """
"Von den Wörtern ""daran"" und ""Jobcenter"", welches hat mehr Buchstaben? ","['daran', 'Jobcenter']",jobcenter,"UTT_BOUNDARY von den wörtern ""daran"" und ""jobcenter"", welches hat mehr buchstaben?UTT_BOUNDARY jobcenter, beruflich"," jobcenter, beruflich"
"F: Welches Wort ist länger, ""mehrere"" oder ""und""? A:","['mehrere', 'und']",mehrere,"UTT_BOUNDARY f: welches wort ist länger, ""mehrere"" oder ""und""? a:UTT_BOUNDARY mehrere oder ""mehrere"," mehrere oder ""mehrere"
"Von den Wörtern ""gasförmig"" und ""dabei"", welches hat mehr Buchstaben? ","['gasförmig', 'dabei']",gasförmig,"UTT_BOUNDARY von den wörtern ""gasförmig"" und ""dabei"", welches hat mehr buchstaben?UTT_BOUNDARY gasförmig, aber"," gasförmig, aber"
"F: Welches Wort ist länger, ""die"" oder ""zwischen""? A:","['die', 'zwischen']",zwischen,"UTT_BOUNDARY f: welches wort ist länger, ""die"" oder ""zwischen""? a:UTT_BOUNDARY zwischen den wörtern """," zwischen den wörtern """
"F: Welches Wort ist länger, ""sie"" oder ""blamabel""? A:","['sie', 'blamabel']",blamabel,"UTT_BOUNDARY f: welches wort ist länger, ""sie"" oder ""blamabel""? a:UTT_BOUNDARY blamabel ist,"," blamabel ist,"
"F: Welches Wort hat mehr Buchstaben, ""so"" oder ""meinen""? A:","['so', 'meinen']",meinen,"UTT_BOUNDARY f: welches wort hat mehr buchstaben, ""so"" oder ""meinen""? a:UTT_BOUNDARY meinen sie, dass sie"," meinen sie, dass sie"
"F: Welches Wort ist länger, ""abholen"" oder ""ich""? A:","['abholen', 'ich']",abholen,"UTT_BOUNDARY f: welches wort ist länger, ""abholen"" oder ""ich""? a:UTT_BOUNDARY abholen? a:UTT_BOUNDARY", abholen? a:
"F: Welches Wort hat mehr Buchstaben, ""völlig"" oder ""so""? A:","['völlig', 'so']",völlig,"UTT_BOUNDARY f: welches wort hat mehr buchstaben, ""völlig"" oder ""so""? a:UTT_BOUNDARY völlig ungerne antwort", völlig ungerne antwort
"F: Welches Wort hat mehr Buchstaben, ""erzählt"" oder ""er""? A:","['erzählt', 'er']",erzählt,"UTT_BOUNDARY f: welches wort hat mehr buchstaben, ""erzählt"" oder ""er""? a:UTT_BOUNDARY erzählt von den wörtern", erzählt von den wörtern
"F: Welches Wort hat mehr Buchstaben, ""so"" oder ""Anteil""? A:","['so', 'Anteil']",anteil,"UTT_BOUNDARY f: welches wort hat mehr buchstaben, ""so"" oder ""anteil""? a:UTT_BOUNDARY anteilig für die gesamte", anteilig für die gesamte
"F: Welches Wort ist länger, ""solches"" oder ""neu""? A:","['solches', 'neu']",solches,"UTT_BOUNDARY f: welches wort ist länger, ""solches"" oder ""neu""? a:UTT_BOUNDARY solches ""mulm"," solches ""mulm"
"F: Welches Wort hat mehr Buchstaben, ""erzählt"" oder ""so""? A:","['erzählt', 'so']",erzählt,"UTT_BOUNDARY f: welches wort hat mehr buchstaben, ""erzählt"" oder ""so""? a:UTT_BOUNDARY erzählt von den wörtern", erzählt von den wörtern
"F: Welches Wort hat mehr Buchstaben, ""im"" oder ""analog""? A:","['im', 'analog']",analog,"UTT_BOUNDARY f: welches wort hat mehr buchstaben, ""im"" oder ""analog""? a:UTT_BOUNDARY analog""? a:"," analog""? a:"
"F: Welches Wort hat mehr Buchstaben, ""zu"" oder ""Bagger""? A:","['zu', 'Bagger']",bagger,"UTT_BOUNDARY f: welches wort hat mehr buchstaben, ""zu"" oder ""bagger""? a:UTT_BOUNDARY bagger? a:UTT_BOUNDARY", bagger? a:
"F: Welches Wort ist länger, ""gewinnt"" oder ""nie""? A:","['gewinnt', 'nie']",gewinnt,"UTT_BOUNDARY f: welches wort ist länger, ""gewinnt"" oder ""nie""? a:UTT_BOUNDARY gewinnt, dass man sich"," gewinnt, dass man sich"
"F: Welches Wort ist länger, ""neu"" oder ""blamabel""? A:","['neu', 'blamabel']",blamabel,"UTT_BOUNDARY f: welches wort ist länger, ""neu"" oder ""blamabel""? a:UTT_BOUNDARY blamabel ist,"," blamabel ist,"
"F: Welches Wort hat mehr Buchstaben, ""ist"" oder ""Gebiss""? A:","['ist', 'Gebiss']",gebiss,"UTT_BOUNDARY f: welches wort hat mehr buchstaben, ""ist"" oder ""gebiss""? a:UTT_BOUNDARY gebiss, daß du"," gebiss, daß du"
"F: Welches Wort hat mehr Buchstaben, ""ehe"" oder ""fragen""? A:","['ehe', 'fragen']",fragen,"UTT_BOUNDARY f: welches wort hat mehr buchstaben, ""ehe"" oder ""fragen""? a:UTT_BOUNDARY fragen, fragen, fragen"," fragen, fragen, fragen"
"F: Welches Wort hat mehr Buchstaben, ""wissen"" oder ""ja""? A:","['wissen', 'ja']",wissen,"UTT_BOUNDARY f: welches wort hat mehr buchstaben, ""wissen"" oder ""ja""? a:UTT_BOUNDARY wissen, was das bedeutet"," wissen, was das bedeutet"
"Von den Wörtern ""bekannte"" und ""sehr"", welches hat mehr Buchstaben? ","['bekannte', 'sehr']",bekannte,"UTT_BOUNDARY von den wörtern ""bekannte"" und ""sehr"", welches hat mehr buchstaben?UTT_BOUNDARY bekannte gesichter, ""so"," bekannte gesichter, ""so"
"F: Welches Wort hat mehr Buchstaben, ""fragen"" oder ""sie""? A:","['fragen', 'sie']",fragen,"UTT_BOUNDARY f: welches wort hat mehr buchstaben, ""fragen"" oder ""sie""? a:UTT_BOUNDARY fragen, fragen, fragen"," fragen, fragen, fragen"
"Von den Wörtern ""sehr"" und ""lebende"", welches hat mehr Buchstaben? ","['sehr', 'lebende']",lebende,"UTT_BOUNDARY von den wörtern ""sehr"" und ""lebende"", welches hat mehr buchstaben?UTT_BOUNDARY lebende menschen, die"," lebende menschen, die"
"Von den Wörtern ""heut"" und ""gezeigt"", welches hat mehr Buchstaben? ","['heut', 'gezeigt']",gezeigt,"UTT_BOUNDARY von den wörtern ""heut"" und ""gezeigt"", welches hat mehr buchstaben?UTT_BOUNDARY gezeigt, wie sich die"," gezeigt, wie sich die"
"F: Welches Wort hat mehr Buchstaben, ""um"" oder ""Gebiss""? A:","['um', 'Gebiss']",gebiss,"UTT_BOUNDARY f: welches wort hat mehr buchstaben, ""um"" oder ""gebiss""? a:UTT_BOUNDARY gebisses oder """," gebisses oder """
"Von den Wörtern ""nicht"" und ""blamabel"", welches hat mehr Buchstaben? ","['nicht', 'blamabel']",blamabel,"UTT_BOUNDARY von den wörtern ""nicht"" und ""blamabel"", welches hat mehr buchstaben?UTT_BOUNDARY blamabel, bl"," blamabel, bl"
"Von den Wörtern ""wirklich"" und ""daher"", welches hat mehr Buchstaben? ","['wirklich', 'daher']",wirklich,"UTT_BOUNDARY von den wörtern ""wirklich"" und ""daher"", welches hat mehr buchstaben?UTT_BOUNDARY wirklich ""abholen"""," wirklich ""abholen"""
"Von den Wörtern ""ehrenlos"" und ""sehr"", welches hat mehr Buchstaben? ","['ehrenlos', 'sehr']",ehrenlos,"UTT_BOUNDARY von den wörtern ""ehrenlos"" und ""sehr"", welches hat mehr buchstaben?UTT_BOUNDARY ehrenloses und un", ehrenloses und un
"Von den Wörtern ""unter"" und ""Verzichts"", welches hat mehr Buchstaben? ","['unter', 'Verzichts']",verzichts,"UTT_BOUNDARY von den wörtern ""unter"" und ""verzichts"", welches hat mehr buchstaben?UTT_BOUNDARY verzichtslosung,"," verzichtslosung,"
"F: Welches Wort ist länger, ""all"" oder ""beenden""? A:","['all', 'beenden']",beenden,"UTT_BOUNDARY f: welches wort ist länger, ""all"" oder ""beenden""? a:UTT_BOUNDARY beenden"" oder ""das"," beenden"" oder ""das"
"F: Welches Wort ist länger, ""wertlos"" oder ""und""? A:","['wertlos', 'und']",wertlos,"UTT_BOUNDARY f: welches wort ist länger, ""wertlos"" oder ""und""? a:UTT_BOUNDARY wertlos? a:", wertlos? a:
"Von den Wörtern ""sehr"" und ""offensiv"", welches hat mehr Buchstaben? ","['sehr', 'offensiv']",offensiv,"UTT_BOUNDARY von den wörtern ""sehr"" und ""offensiv"", welches hat mehr buchstaben?UTT_BOUNDARY offensiv sein,"," offensiv sein,"
"F: Welches Wort hat mehr Buchstaben, ""Anteil"" oder ""du""? A:","['Anteil', 'du']",anteil,"UTT_BOUNDARY f: welches wort hat mehr buchstaben, ""anteil"" oder ""du""? a:UTT_BOUNDARY anteilig für die gesamte", anteilig für die gesamte
"F: Welches Wort ist länger, ""ehrenlos"" oder ""neu""? A:","['ehrenlos', 'neu']",ehrenlos,"UTT_BOUNDARY f: welches wort ist länger, ""ehrenlos"" oder ""neu""? a:UTT_BOUNDARY ehrenlos, unger"," ehrenlos, unger"
"Von den Wörtern ""Beispiel"" und ""zeit"", welches hat mehr Buchstaben? ","['Beispiel', 'zeit']",beispiel,"UTT_BOUNDARY von den wörtern ""beispiel"" und ""zeit"", welches hat mehr buchstaben?UTT_BOUNDARY beispiel ""gebiss"""," beispiel ""gebiss"""
"Von den Wörtern ""blamabel"" und ""ganz"", welches hat mehr Buchstaben? ","['blamabel', 'ganz']",blamabel,"UTT_BOUNDARY von den wörtern ""blamabel"" und ""ganz"", welches hat mehr buchstaben?UTT_BOUNDARY blamabel, """," blamabel, """
"Von den Wörtern ""Abschied"" und ""heut"", welches hat mehr Buchstaben? ","['Abschied', 'heut']",abschied,"UTT_BOUNDARY von den wörtern ""abschied"" und ""heut"", welches hat mehr buchstaben?UTT_BOUNDARY abschied von den wörtern", abschied von den wörtern
"Von den Wörtern ""viel"" und ""tüfteln"", welches hat mehr Buchstaben? ","['viel', 'tüfteln']",tüfteln,"UTT_BOUNDARY von den wörtern ""viel"" und ""tüfteln"", welches hat mehr buchstaben?UTT_BOUNDARY tüfteln. a", tüfteln. a
"Von den Wörtern ""erst"" und ""offensiv"", welches hat mehr Buchstaben? ","['erst', 'offensiv']",offensiv,"UTT_BOUNDARY von den wörtern ""erst"" und ""offensiv"", welches hat mehr buchstaben?UTT_BOUNDARY offensivaniert", offensivaniert
"F: Welches Wort hat mehr Buchstaben, ""weinen"" oder ""er""? A:","['weinen', 'er']",weinen,"UTT_BOUNDARY f: welches wort hat mehr buchstaben, ""weinen"" oder ""er""? a:UTT_BOUNDARY weinende augen? a", weinende augen? a
"Von den Wörtern ""allen"" und ""effizient"", welches hat mehr Buchstaben? ","['allen', 'effizient']",effizient,"UTT_BOUNDARY von den wörtern ""allen"" und ""effizient"", welches hat mehr buchstaben?UTT_BOUNDARY effizient,"," effizient,"
"F: Welches Wort hat mehr Buchstaben, ""weg"" oder ""Gebiss""? A:","['weg', 'Gebiss']",gebiss,"UTT_BOUNDARY f: welches wort hat mehr buchstaben, ""weg"" oder ""gebiss""? a:UTT_BOUNDARY gebiss, daß du"," gebiss, daß du"
"F: Welches Wort ist länger, ""erzählt"" oder ""nach""? A:","['erzählt', 'nach']",erzählt,"UTT_BOUNDARY f: welches wort ist länger, ""erzählt"" oder ""nach""? a:UTT_BOUNDARY erzählt von den wörtern", erzählt von den wörtern
"Von den Wörtern ""Kehlköpfe"" und ""allen"", welches hat mehr Buchstaben? ","['Kehlköpfe', 'allen']",kehlköpfe,"UTT_BOUNDARY von den wörtern ""kehlköpfe"" und ""allen"", welches hat mehr buchstaben?UTT_BOUNDARY kehlköpfe, t"," kehlköpfe, t"
"Von den Wörtern ""Jobcenter"" und ""reden"", welches hat mehr Buchstaben? ","['Jobcenter', 'reden']",jobcenter,"UTT_BOUNDARY von den wörtern ""jobcenter"" und ""reden"", welches hat mehr buchstaben?UTT_BOUNDARY jobcenter, beruflich"," jobcenter, beruflich"
"F: Welches Wort ist länger, ""will"" oder ""ungerne""? A:","['will', 'ungerne']",ungerne,"UTT_BOUNDARY f: welches wort ist länger, ""will"" oder ""ungerne""? a:UTT_BOUNDARY ungernebare dinge", ungernebare dinge
"F: Welches Wort hat mehr Buchstaben, ""laufen"" oder ""war""? A:","['laufen', 'war']",laufen,"UTT_BOUNDARY f: welches wort hat mehr buchstaben, ""laufen"" oder ""war""? a:UTT_BOUNDARY laufen? a:UTT_BOUNDARY", laufen? a:
"F: Welches Wort hat mehr Buchstaben, ""in"" oder ""pulvrig""? A:","['in', 'pulvrig']",pulvrig,"UTT_BOUNDARY f: welches wort hat mehr buchstaben, ""in"" oder ""pulvrig""? a:UTT_BOUNDARY pulvrigor-", pulvrigor-
"Von den Wörtern ""mehr"" und ""offensiv"", welches hat mehr Buchstaben? ","['mehr', 'offensiv']",offensiv,"UTT_BOUNDARY von den wörtern ""mehr"" und ""offensiv"", welches hat mehr buchstaben?UTT_BOUNDARY offensiv sein,"," offensiv sein,"
"F: Welches Wort hat mehr Buchstaben, ""er"" oder ""darüber""? A:","['er', 'darüber']",darüber,"UTT_BOUNDARY f: welches wort hat mehr buchstaben, ""er"" oder ""darüber""? a:UTT_BOUNDARY darüber, welche bedeutung das"," darüber, welche bedeutung das"
"Von den Wörtern ""würde"" und ""entsteht"", welches hat mehr Buchstaben? ","['würde', 'entsteht']",entsteht,"UTT_BOUNDARY von den wörtern ""würde"" und ""entsteht"", welches hat mehr buchstaben?UTT_BOUNDARY entsteht ein gemeinsames leben", entsteht ein gemeinsames leben
"F: Welches Wort ist länger, ""wirklich"" oder ""neu""? A:","['wirklich', 'neu']",wirklich,"UTT_BOUNDARY f: welches wort ist länger, ""wirklich"" oder ""neu""? a:UTT_BOUNDARY wirklich ""abholen""?"," wirklich ""abholen""?"
"F: Welches Wort hat mehr Buchstaben, ""meinen"" oder ""die""? A:","['meinen', 'die']",meinen,"UTT_BOUNDARY f: welches wort hat mehr buchstaben, ""meinen"" oder ""die""? a:UTT_BOUNDARY meinen? a:UTT_BOUNDARY", meinen? a:
"F: Welches Wort hat mehr Buchstaben, ""los"" oder ""tragen""? A:","['los', 'tragen']",tragen,"UTT_BOUNDARY f: welches wort hat mehr buchstaben, ""los"" oder ""tragen""? a:UTT_BOUNDARY tragen? a:UTT_BOUNDARY", tragen? a:
"Von den Wörtern ""sowie"" und ""Polarität"", welches hat mehr Buchstaben? ","['sowie', 'Polarität']",polarität,"UTT_BOUNDARY von den wörtern ""sowie"" und ""polarität"", welches hat mehr buchstaben?UTT_BOUNDARY polarität, t"," polarität, t"
"F: Welches Wort hat mehr Buchstaben, ""einmal"" oder ""ob""? A:","['einmal', 'ob']",einmal,"UTT_BOUNDARY f: welches wort hat mehr buchstaben, ""einmal"" oder ""ob""? a:UTT_BOUNDARY einmal die woche, wenn"," einmal die woche, wenn"
"F: Welches Wort ist länger, ""einfach"" oder ""muss""? A:","['einfach', 'muss']",einfach,"UTT_BOUNDARY f: welches wort ist länger, ""einfach"" oder ""muss""? a:UTT_BOUNDARY einfach:es ist ein", einfach:es ist ein
"Von den Wörtern ""erst"" und ""irgendwo"", welches hat mehr Buchstaben? ","['erst', 'irgendwo']",irgendwo,"UTT_BOUNDARY von den wörtern ""erst"" und ""irgendwo"", welches hat mehr buchstaben?UTT_BOUNDARY irgendwo in den bergen,"," irgendwo in den bergen,"
"F: Welches Wort ist länger, ""und"" oder ""beenden""? A:","['und', 'beenden']",beenden,"UTT_BOUNDARY f: welches wort ist länger, ""und"" oder ""beenden""? a:UTT_BOUNDARY beenden? a:UTT_BOUNDARY", beenden? a:
"Von den Wörtern ""irgendwo"" und ""nicht"", welches hat mehr Buchstaben? ","['irgendwo', 'nicht']",irgendwo,"UTT_BOUNDARY von den wörtern ""irgendwo"" und ""nicht"", welches hat mehr buchstaben?UTT_BOUNDARY irgendwo in den bergen,"," irgendwo in den bergen,"
"F: Welches Wort hat mehr Buchstaben, ""los"" oder ""analog""? A:","['los', 'analog']",analog,"UTT_BOUNDARY f: welches wort hat mehr buchstaben, ""los"" oder ""analog""? a:UTT_BOUNDARY analog""? a:"," analog""? a:"
"Von den Wörtern ""irgendwo"" und ""sowie"", welches hat mehr Buchstaben? ","['irgendwo', 'sowie']",irgendwo,"UTT_BOUNDARY von den wörtern ""irgendwo"" und ""sowie"", welches hat mehr buchstaben?UTT_BOUNDARY irgendwo in den bergen,"," irgendwo in den bergen,"
"F: Welches Wort hat mehr Buchstaben, ""so"" oder ""Gebiss""? A:","['so', 'Gebiss']",gebiss,"UTT_BOUNDARY f: welches wort hat mehr buchstaben, ""so"" oder ""gebiss""? a:UTT_BOUNDARY gebiss"" oder """," gebiss"" oder """
"F: Welches Wort hat mehr Buchstaben, ""ja"" oder ""gedanke""? A:","['ja', 'gedanke']",gedanke,"UTT_BOUNDARY f: welches wort hat mehr buchstaben, ""ja"" oder ""gedanke""? a:UTT_BOUNDARY gedanke: ""ist"""," gedanke: ""ist"""
"F: Welches Wort ist länger, ""hier"" oder ""erzählt""? A:","['hier', 'erzählt']",erzählt,"UTT_BOUNDARY f: welches wort ist länger, ""hier"" oder ""erzählt""? a:UTT_BOUNDARY erzählt von den wörtern", erzählt von den wörtern
"F: Welches Wort hat mehr Buchstaben, ""all"" oder ""sollen""? A:","['all', 'sollen']",sollen,"UTT_BOUNDARY f: welches wort hat mehr buchstaben, ""all"" oder ""sollen""? a:UTT_BOUNDARY sollen wir nicht mehr darüber", sollen wir nicht mehr darüber
"Von den Wörtern ""waren"" und ""offensiv"", welches hat mehr Buchstaben? ","['waren', 'offensiv']",offensiv,"UTT_BOUNDARY von den wörtern ""waren"" und ""offensiv"", welches hat mehr buchstaben?UTT_BOUNDARY offensiv sein,"," offensiv sein,"
"F: Welches Wort hat mehr Buchstaben, ""nichts"" oder ""rot""? A:","['nichts', 'rot']",nichts,"UTT_BOUNDARY f: welches wort hat mehr buchstaben, ""nichts"" oder ""rot""? a:UTT_BOUNDARY nichts nichts nichts nichts nichts", nichts nichts nichts nichts nichts
"F: Welches Wort hat mehr Buchstaben, ""in"" oder ""mehrere""? A:","['in', 'mehrere']",mehrere,"UTT_BOUNDARY f: welches wort hat mehr buchstaben, ""in"" oder ""mehrere""? a:UTT_BOUNDARY mehrere begriffe, die sich"," mehrere begriffe, die sich"
"F: Welches Wort ist länger, ""die"" oder ""namenlos""? A:","['die', 'namenlos']",namenlos,"UTT_BOUNDARY f: welches wort ist länger, ""die"" oder ""namenlos""? a:UTT_BOUNDARY namenlos"" oder """," namenlos"" oder """
"F: Welches Wort ist länger, ""namenlos"" oder ""weg""? A:","['namenlos', 'weg']",namenlos,"UTT_BOUNDARY f: welches wort ist länger, ""namenlos"" oder ""weg""? a:UTT_BOUNDARY namenlos"" oder """," namenlos"" oder """
"F: Welches Wort hat mehr Buchstaben, ""völlig"" oder ""um""? A:","['völlig', 'um']",völlig,"UTT_BOUNDARY f: welches wort hat mehr buchstaben, ""völlig"" oder ""um""? a:UTT_BOUNDARY völlig ungerned", völlig ungerned
"F: Welches Wort hat mehr Buchstaben, ""nie"" oder ""sehen ""? A:","['nie', 'sehen ']",sehen,"UTT_BOUNDARY f: welches wort hat mehr buchstaben, ""nie"" oder ""sehen ""? a:UTT_BOUNDARY sehen""? a:UTT_BOUNDARY"," sehen""? a:"
"F: Welches Wort ist länger, ""variabel"" oder ""neu""? A:","['variabel', 'neu']",variabel,"UTT_BOUNDARY f: welches wort ist länger, ""variabel"" oder ""neu""? a:UTT_BOUNDARY variabel ist, dass"," variabel ist, dass"
"F: Welches Wort hat mehr Buchstaben, ""war"" oder ""mulmig""? A:","['war', 'mulmig']",mulmig,"UTT_BOUNDARY f: welches wort hat mehr buchstaben, ""war"" oder ""mulmig""? a:UTT_BOUNDARY mulmig,"," mulmig,"
"F: Welches Wort hat mehr Buchstaben, ""mulmig"" oder ""rot""? A:","['mulmig', 'rot']",mulmig,"UTT_BOUNDARY f: welches wort hat mehr buchstaben, ""mulmig"" oder ""rot""? a:UTT_BOUNDARY mulmig?", mulmig?
"F: Welches Wort ist länger, ""weg"" oder ""bedrohen""? A:","['weg', 'bedrohen']",bedrohen,"UTT_BOUNDARY f: welches wort ist länger, ""weg"" oder ""bedrohen""? a:UTT_BOUNDARY bedrohen? a:", bedrohen? a:
"Von den Wörtern ""verlieren"" und ""reden"", welches hat mehr Buchstaben? ","['verlieren', 'reden']",verlieren,"UTT_BOUNDARY von den wörtern ""verlieren"" und ""reden"", welches hat mehr buchstaben?UTT_BOUNDARY verlieren, was sie will"," verlieren, was sie will"
"Von den Wörtern ""muss"" und ""Abschied"", welches hat mehr Buchstaben? ","['muss', 'Abschied']",abschied,"UTT_BOUNDARY von den wörtern ""muss"" und ""abschied"", welches hat mehr buchstaben?UTT_BOUNDARY abschied von den wörtern", abschied von den wörtern
"F: Welches Wort ist länger, ""tüfteln"" oder ""will""? A:","['tüfteln', 'will']",tüfteln,"UTT_BOUNDARY f: welches wort ist länger, ""tüfteln"" oder ""will""? a:UTT_BOUNDARY tüfteln? a", tüfteln? a
"Von den Wörtern ""daher"" und ""tadellos"", welches hat mehr Buchstaben? ","['daher', 'tadellos']",tadellos,"UTT_BOUNDARY von den wörtern ""daher"" und ""tadellos"", welches hat mehr buchstaben?UTT_BOUNDARY tadellosigkeit,"," tadellosigkeit,"
"Von den Wörtern ""brüllen"" und ""ganz"", welches hat mehr Buchstaben? ","['brüllen', 'ganz']",brüllen,"UTT_BOUNDARY von den wörtern ""brüllen"" und ""ganz"", welches hat mehr buchstaben?UTT_BOUNDARY brüllende blicke.", brüllende blicke.
"F: Welches Wort ist länger, ""erzählt"" oder ""sie""? A:","['erzählt', 'sie']",erzählt,"UTT_BOUNDARY f: welches wort ist länger, ""erzählt"" oder ""sie""? a:UTT_BOUNDARY erzählt von den wörtern", erzählt von den wörtern
"F: Welches Wort ist länger, ""tüfteln"" oder ""nun""? A:","['tüfteln', 'nun']",tüfteln,"UTT_BOUNDARY f: welches wort ist länger, ""tüfteln"" oder ""nun""? a:UTT_BOUNDARY tüfteln? a", tüfteln? a
"Von den Wörtern ""unter"" und ""Bedeutung"", welches hat mehr Buchstaben? ","['unter', 'Bedeutung']",bedeutung,"UTT_BOUNDARY von den wörtern ""unter"" und ""bedeutung"", welches hat mehr buchstaben?UTT_BOUNDARY bedeutung oder bedeutung hat die", bedeutung oder bedeutung hat die
"F: Welches Wort hat mehr Buchstaben, ""so"" oder ""mulmig""? A:","['so', 'mulmig']",mulmig,"UTT_BOUNDARY f: welches wort hat mehr buchstaben, ""so"" oder ""mulmig""? a:UTT_BOUNDARY mulmig,"," mulmig,"
"Von den Wörtern ""Beispiel"" und ""bald"", welches hat mehr Buchstaben? ","['Beispiel', 'bald']",beispiel,"UTT_BOUNDARY von den wörtern ""beispiel"" und ""bald"", welches hat mehr buchstaben?UTT_BOUNDARY beispiel ""erzählt"""," beispiel ""erzählt"""
"F: Welches Wort ist länger, ""namenlos"" oder ""ein""? A:","['namenlos', 'ein']",namenlos,"UTT_BOUNDARY f: welches wort ist länger, ""namenlos"" oder ""ein""? a:UTT_BOUNDARY namenlos"" oder """," namenlos"" oder """
"Von den Wörtern ""diese"" und ""Obduktion"", welches hat mehr Buchstaben? ","['diese', 'Obduktion']",obduktion,"UTT_BOUNDARY von den wörtern ""diese"" und ""obduktion"", welches hat mehr buchstaben?UTT_BOUNDARY obduktion, die"," obduktion, die"
"F: Welches Wort ist länger, ""blamabel"" oder ""der""? A:","['blamabel', 'der']",blamabel,"UTT_BOUNDARY f: welches wort ist länger, ""blamabel"" oder ""der""? a:UTT_BOUNDARY blamabel ist:", blamabel ist:
"F: Welches Wort ist länger, ""pulvrig"" oder ""all""? A:","['pulvrig', 'all']",pulvrig,"UTT_BOUNDARY f: welches wort ist länger, ""pulvrig"" oder ""all""? a:UTT_BOUNDARY pulvright hat", pulvright hat
"Von den Wörtern ""wirklich"" und ""dann"", welches hat mehr Buchstaben? ","['wirklich', 'dann']",wirklich,"UTT_BOUNDARY von den wörtern ""wirklich"" und ""dann"", welches hat mehr buchstaben?UTT_BOUNDARY wirklich ""abholen""?"," wirklich ""abholen""?"
"F: Welches Wort ist länger, ""bedeutet"" oder ""neu""? A:","['bedeutet', 'neu']",bedeutet,"UTT_BOUNDARY f: welches wort ist länger, ""bedeutet"" oder ""neu""? a:UTT_BOUNDARY bedeutet ""einfach""?"," bedeutet ""einfach""?"
"F: Welches Wort hat mehr Buchstaben, ""mehrere"" oder ""es""? A:","['mehrere', 'es']",mehrere,"UTT_BOUNDARY f: welches wort hat mehr buchstaben, ""mehrere"" oder ""es""? a:UTT_BOUNDARY mehrere beispiele: welches wort", mehrere beispiele: welches wort
"Von den Wörtern ""entsteht"" und ""kann"", welches hat mehr Buchstaben? ","['entsteht', 'kann']",entsteht,"UTT_BOUNDARY von den wörtern ""entsteht"" und ""kann"", welches hat mehr buchstaben?UTT_BOUNDARY entsteht ein gemeinsames wort", entsteht ein gemeinsames wort
"F: Welches Wort hat mehr Buchstaben, ""war"" oder ""völlig""? A:","['war', 'völlig']",völlig,"UTT_BOUNDARY f: welches wort hat mehr buchstaben, ""war"" oder ""völlig""? a:UTT_BOUNDARY völlig ungerned", völlig ungerned
"F: Welches Wort ist länger, ""gewinnt"" oder ""ehe""? A:","['gewinnt', 'ehe']",gewinnt,"UTT_BOUNDARY f: welches wort ist länger, ""gewinnt"" oder ""ehe""? a:UTT_BOUNDARY gewinnt, dass man sich"," gewinnt, dass man sich"
"F: Welches Wort hat mehr Buchstaben, ""im"" oder ""brüllen""? A:","['im', 'brüllen']",brüllen,"UTT_BOUNDARY f: welches wort hat mehr buchstaben, ""im"" oder ""brüllen""? a:UTT_BOUNDARY brüllen? a:", brüllen? a:
"Von den Wörtern ""ganz"" und ""Beispiel"", welches hat mehr Buchstaben? ","['ganz', 'Beispiel']",beispiel,"UTT_BOUNDARY von den wörtern ""ganz"" und ""beispiel"", welches hat mehr buchstaben?UTT_BOUNDARY beispielhaft, ""ab"," beispielhaft, ""ab"
"Von den Wörtern ""lang"" und ""tadellos"", welches hat mehr Buchstaben? ","['lang', 'tadellos']",tadellos,"UTT_BOUNDARY von den wörtern ""lang"" und ""tadellos"", welches hat mehr buchstaben?UTT_BOUNDARY tadellosigkeit,"," tadellosigkeit,"
"F: Welches Wort hat mehr Buchstaben, ""neu"" oder ""nichts""? A:","['neu', 'nichts']",nichts,"UTT_BOUNDARY f: welches wort hat mehr buchstaben, ""neu"" oder ""nichts""? a:UTT_BOUNDARY nichts. nichts nichts nichts", nichts. nichts nichts nichts
"F: Welches Wort ist länger, ""dann"" oder ""mehrere""? A:","['dann', 'mehrere']",mehrere,"UTT_BOUNDARY f: welches wort ist länger, ""dann"" oder ""mehrere""? a:UTT_BOUNDARY mehrere fragen, die sich"," mehrere fragen, die sich"
"Von den Wörtern ""bald"" und ""ehrenlos"", welches hat mehr Buchstaben? ","['bald', 'ehrenlos']",ehrenlos,"UTT_BOUNDARY von den wörtern ""bald"" und ""ehrenlos"", welches hat mehr buchstaben?UTT_BOUNDARY ehrenlos, unger"," ehrenlos, unger"
"F: Welches Wort hat mehr Buchstaben, ""ungerne"" oder ""ob""? A:","['ungerne', 'ob']",ungerne,"UTT_BOUNDARY f: welches wort hat mehr buchstaben, ""ungerne"" oder ""ob""? a:UTT_BOUNDARY ungerne? a", ungerne? a
"F: Welches Wort ist länger, ""war"" oder ""ehrenlos""? A:","['war', 'ehrenlos']",ehrenlos,"UTT_BOUNDARY f: welches wort ist länger, ""war"" oder ""ehrenlos""? a:UTT_BOUNDARY ehrenlos, unger"," ehrenlos, unger"
"F: Welches Wort hat mehr Buchstaben, ""ob"" oder ""mulmig""? A:","['ob', 'mulmig']",mulmig,"UTT_BOUNDARY f: welches wort hat mehr buchstaben, ""ob"" oder ""mulmig""? a:UTT_BOUNDARY mulmig,"," mulmig,"
"Von den Wörtern ""viel"" und ""bedrohen"", welches hat mehr Buchstaben? ","['viel', 'bedrohen']",bedrohen,"UTT_BOUNDARY von den wörtern ""viel"" und ""bedrohen"", welches hat mehr buchstaben?UTT_BOUNDARY bedrohen? a:", bedrohen? a:
"F: Welches Wort hat mehr Buchstaben, ""die"" oder ""nichts""? A:","['die', 'nichts']",nichts,"UTT_BOUNDARY f: welches wort hat mehr buchstaben, ""die"" oder ""nichts""? a:UTT_BOUNDARY nichts nichts zu sagen?", nichts nichts zu sagen?
"F: Welches Wort hat mehr Buchstaben, ""ob"" oder ""laufen""? A:","['ob', 'laufen']",laufen,"UTT_BOUNDARY f: welches wort hat mehr buchstaben, ""ob"" oder ""laufen""? a:UTT_BOUNDARY laufen? a:UTT_BOUNDARY", laufen? a:
"F: Welches Wort hat mehr Buchstaben, ""es"" oder ""gedanke""? A:","['es', 'gedanke']",gedanke,"UTT_BOUNDARY f: welches wort hat mehr buchstaben, ""es"" oder ""gedanke""? a:UTT_BOUNDARY gedanke: ""ist"""," gedanke: ""ist"""
"F: Welches Wort hat mehr Buchstaben, ""sollen"" oder ""der""? A:","['sollen', 'der']",sollen,"UTT_BOUNDARY f: welches wort hat mehr buchstaben, ""sollen"" oder ""der""? a:UTT_BOUNDARY sollen wir leben? a", sollen wir leben? a
"Von den Wörtern ""Bedeutung"" und ""daher"", welches hat mehr Buchstaben? ","['Bedeutung', 'daher']",bedeutung,"UTT_BOUNDARY von den wörtern ""bedeutung"" und ""daher"", welches hat mehr buchstaben?UTT_BOUNDARY bedeutung von ""mul"," bedeutung von ""mul"
"Von den Wörtern ""noch"" und ""Beispiel"", welches hat mehr Buchstaben? ","['noch', 'Beispiel']",beispiel,"UTT_BOUNDARY von den wörtern ""noch"" und ""beispiel"", welches hat mehr buchstaben?UTT_BOUNDARY beispiel ""gebiss"""," beispiel ""gebiss"""
"Von den Wörtern ""ganz"" und ""ungerne"", welches hat mehr Buchstaben? ","['ganz', 'ungerne']",ungerne,"UTT_BOUNDARY von den wörtern ""ganz"" und ""ungerne"", welches hat mehr buchstaben?UTT_BOUNDARY ungerne, un"," ungerne, un"
"F: Welches Wort hat mehr Buchstaben, ""war"" oder ""denken""? A:","['war', 'denken']",denken,"UTT_BOUNDARY f: welches wort hat mehr buchstaben, ""war"" oder ""denken""? a:UTT_BOUNDARY denken? a:UTT_BOUNDARY", denken? a:
"F: Welches Wort hat mehr Buchstaben, ""da"" oder ""mehrere""? A:","['da', 'mehrere']",mehrere,"UTT_BOUNDARY f: welches wort hat mehr buchstaben, ""da"" oder ""mehrere""? a:UTT_BOUNDARY mehrere fragen, die sich"," mehrere fragen, die sich"
"F: Welches Wort ist länger, ""muss"" oder ""erzählt""? A:","['muss', 'erzählt']",erzählt,"UTT_BOUNDARY f: welches wort ist länger, ""muss"" oder ""erzählt""? a:UTT_BOUNDARY erzählt von den wörtern", erzählt von den wörtern
"F: Welches Wort ist länger, ""variabel"" oder ""weg""? A:","['variabel', 'weg']",variabel,"UTT_BOUNDARY f: welches wort ist länger, ""variabel"" oder ""weg""? a:UTT_BOUNDARY variabel ist, dass"," variabel ist, dass"
"F: Welches Wort hat mehr Buchstaben, ""völlig"" oder ""ein""? A:","['völlig', 'ein']",völlig,"UTT_BOUNDARY f: welches wort hat mehr buchstaben, ""völlig"" oder ""ein""? a:UTT_BOUNDARY völlig ungerned", völlig ungerned
"F: Welches Wort ist länger, ""beweise"" oder ""war""? A:","['beweise', 'war']",beweise,"UTT_BOUNDARY f: welches wort ist länger, ""beweise"" oder ""war""? a:UTT_BOUNDARY beweiseloses oder """," beweiseloses oder """
"Von den Wörtern ""namenlos"" und ""erst"", welches hat mehr Buchstaben? ","['namenlos', 'erst']",namenlos,"UTT_BOUNDARY von den wörtern ""namenlos"" und ""erst"", welches hat mehr buchstaben?UTT_BOUNDARY namenlos, aber nicht"," namenlos, aber nicht"
"F: Welches Wort hat mehr Buchstaben, ""sie"" oder ""denken""? A:","['sie', 'denken']",denken,"UTT_BOUNDARY f: welches wort hat mehr buchstaben, ""sie"" oder ""denken""? a:UTT_BOUNDARY denken? a:UTT_BOUNDARY", denken? a:
"F: Welches Wort hat mehr Buchstaben, ""am"" oder ""sollen""? A:","['am', 'sollen']",sollen,"UTT_BOUNDARY f: welches wort hat mehr buchstaben, ""am"" oder ""sollen""? a:UTT_BOUNDARY sollen wir uns darüber freuen", sollen wir uns darüber freuen
"Von den Wörtern ""gasförmig"" und ""unter"", welches hat mehr Buchstaben? ","['gasförmig', 'unter']",gasförmig,"UTT_BOUNDARY von den wörtern ""gasförmig"" und ""unter"", welches hat mehr buchstaben?UTT_BOUNDARY gasförmig, die"," gasförmig, die"
"F: Welches Wort ist länger, ""beweise"" oder ""aus""? A:","['beweise', 'aus']",beweise,"UTT_BOUNDARY f: welches wort ist länger, ""beweise"" oder ""aus""? a:UTT_BOUNDARY beweiseloses oder """," beweiseloses oder """
"Von den Wörtern ""tadellos"" und ""dann"", welches hat mehr Buchstaben? ","['tadellos', 'dann']",tadellos,"UTT_BOUNDARY von den wörtern ""tadellos"" und ""dann"", welches hat mehr buchstaben?UTT_BOUNDARY tadellosigkeit,"," tadellosigkeit,"
"F: Welches Wort hat mehr Buchstaben, ""einfach"" oder ""er""? A:","['einfach', 'er']",einfach,"UTT_BOUNDARY f: welches wort hat mehr buchstaben, ""einfach"" oder ""er""? a:UTT_BOUNDARY einfach:es ist ein", einfach:es ist ein
"F: Welches Wort hat mehr Buchstaben, ""ein"" oder ""denken""? A:","['ein', 'denken']",denken,"UTT_BOUNDARY f: welches wort hat mehr buchstaben, ""ein"" oder ""denken""? a:UTT_BOUNDARY denken? a:UTT_BOUNDARY", denken? a:
"F: Welches Wort hat mehr Buchstaben, ""all"" oder ""Gebiss""? A:","['all', 'Gebiss']",gebiss,"UTT_BOUNDARY f: welches wort hat mehr buchstaben, ""all"" oder ""gebiss""? a:UTT_BOUNDARY gebisses oder """," gebisses oder """
"F: Welches Wort ist länger, ""lebende"" oder ""ein""? A:","['lebende', 'ein']",lebende,"UTT_BOUNDARY f: welches wort ist länger, ""lebende"" oder ""ein""? a:UTT_BOUNDARY lebende"" oder """," lebende"" oder """
"F: Welches Wort hat mehr Buchstaben, ""jemand"" oder ""ab""? A:","['jemand', 'ab']",jemand,"UTT_BOUNDARY f: welches wort hat mehr buchstaben, ""jemand"" oder ""ab""? a:UTT_BOUNDARY jemand, der sich für"," jemand, der sich für"
"F: Welches Wort hat mehr Buchstaben, ""jemand"" oder ""ja""? A:","['jemand', 'ja']",jemand,"UTT_BOUNDARY f: welches wort hat mehr buchstaben, ""jemand"" oder ""ja""? a:UTT_BOUNDARY jemand, der sich für"," jemand, der sich für"
"F: Welches Wort hat mehr Buchstaben, ""in"" oder ""mulmig""? A:","['in', 'mulmig']",mulmig,"UTT_BOUNDARY f: welches wort hat mehr buchstaben, ""in"" oder ""mulmig""? a:UTT_BOUNDARY mulmig,"," mulmig,"
"Von den Wörtern ""ehrenlos"" und ""würde"", welches hat mehr Buchstaben? ","['ehrenlos', 'würde']",ehrenlos,"UTT_BOUNDARY von den wörtern ""ehrenlos"" und ""würde"", welches hat mehr buchstaben?UTT_BOUNDARY ehrenlos, unger"," ehrenlos, unger"
"Von den Wörtern ""Verlusten"" und ""daher"", welches hat mehr Buchstaben? ","['Verlusten', 'daher']",verlusten,"UTT_BOUNDARY von den wörtern ""verlusten"" und ""daher"", welches hat mehr buchstaben?UTT_BOUNDARY verlustende antworten", verlustende antworten
"F: Welches Wort hat mehr Buchstaben, ""denken"" oder ""zu""? A:","['denken', 'zu']",denken,"UTT_BOUNDARY f: welches wort hat mehr buchstaben, ""denken"" oder ""zu""? a:UTT_BOUNDARY denken? a:UTT_BOUNDARY", denken? a:
"F: Welches Wort ist länger, ""aus"" oder ""entsteht""? A:","['aus', 'entsteht']",entsteht,"UTT_BOUNDARY f: welches wort ist länger, ""aus"" oder ""entsteht""? a:UTT_BOUNDARY entsteht in der regel die", entsteht in der regel die
"Von den Wörtern ""wurde"" und ""namenlos"", welches hat mehr Buchstaben? ","['wurde', 'namenlos']",namenlos,"UTT_BOUNDARY von den wörtern ""wurde"" und ""namenlos"", welches hat mehr buchstaben?UTT_BOUNDARY namenlos, ""so"," namenlos, ""so"
"F: Welches Wort ist länger, ""geborene"" oder ""all""? A:","['geborene', 'all']",geborene,"UTT_BOUNDARY f: welches wort ist länger, ""geborene"" oder ""all""? a:UTT_BOUNDARY geborene, geborene"," geborene, geborene"
"F: Welches Wort hat mehr Buchstaben, ""ein"" oder ""tragen""? A:","['ein', 'tragen']",tragen,"UTT_BOUNDARY f: welches wort hat mehr buchstaben, ""ein"" oder ""tragen""? a:UTT_BOUNDARY tragen? a:UTT_BOUNDARY", tragen? a:
"F: Welches Wort ist länger, ""wenn"" oder ""erzählt""? A:","['wenn', 'erzählt']",erzählt,"UTT_BOUNDARY f: welches wort ist länger, ""wenn"" oder ""erzählt""? a:UTT_BOUNDARY erzählt von den wörtern", erzählt von den wörtern
"Von den Wörtern ""Verlusten"" und ""diese"", welches hat mehr Buchstaben? ","['Verlusten', 'diese']",verlusten,"UTT_BOUNDARY von den wörtern ""verlusten"" und ""diese"", welches hat mehr buchstaben?UTT_BOUNDARY verlusten, dass"," verlusten, dass"
"Von den Wörtern ""Verzichts"" und ""daher"", welches hat mehr Buchstaben? ","['Verzichts', 'daher']",verzichts,"UTT_BOUNDARY von den wörtern ""verzichts"" und ""daher"", welches hat mehr buchstaben?UTT_BOUNDARY verzichtslosung,"," verzichtslosung,"
"Von den Wörtern ""daher"" und ""namenlos"", welches hat mehr Buchstaben? ","['daher', 'namenlos']",namenlos,"UTT_BOUNDARY von den wörtern ""daher"" und ""namenlos"", welches hat mehr buchstaben?UTT_BOUNDARY namenlos, ""so"," namenlos, ""so"
"F: Welches Wort ist länger, ""irgendwo"" oder ""der""? A:","['irgendwo', 'der']",irgendwo,"UTT_BOUNDARY f: welches wort ist länger, ""irgendwo"" oder ""der""? a:UTT_BOUNDARY irgendwo? a:UTT_BOUNDARY", irgendwo? a:
"F: Welches Wort ist länger, ""rot"" oder ""darüber""? A:","['rot', 'darüber']",darüber,"UTT_BOUNDARY f: welches wort ist länger, ""rot"" oder ""darüber""? a:UTT_BOUNDARY darüber, ob und welches"," darüber, ob und welches"
"F: Welches Wort hat mehr Buchstaben, ""völlig"" oder ""zu""? A:","['völlig', 'zu']",völlig,"UTT_BOUNDARY f: welches wort hat mehr buchstaben, ""völlig"" oder ""zu""? a:UTT_BOUNDARY völlig ungerned", völlig ungerned
"Von den Wörtern ""sehr"" und ""mehrere"", welches hat mehr Buchstaben? ","['sehr', 'mehrere']",mehrere,"UTT_BOUNDARY von den wörtern ""sehr"" und ""mehrere"", welches hat mehr buchstaben?UTT_BOUNDARY mehrere hunderttausendfacher", mehrere hunderttausendfacher
"F: Welches Wort hat mehr Buchstaben, ""die"" oder ""besser""? A:","['die', 'besser']",besser,"UTT_BOUNDARY f: welches wort hat mehr buchstaben, ""die"" oder ""besser""? a:UTT_BOUNDARY bessernistet,"," bessernistet,"
"F: Welches Wort ist länger, ""auch"" oder ""beenden""? A:","['auch', 'beenden']",beenden,"UTT_BOUNDARY f: welches wort ist länger, ""auch"" oder ""beenden""? a:UTT_BOUNDARY beenden"" oder ""ein"," beenden"" oder ""ein"
"F: Welches Wort ist länger, ""bestens"" oder ""nie""? A:","['bestens', 'nie']",bestens,"UTT_BOUNDARY f: welches wort ist länger, ""bestens"" oder ""nie""? a:UTT_BOUNDARY bestens? a:", bestens? a:
