Input,Options,Expected,Output (raw),Predicted
"F: In dem Satz ""Sie schreibt regelmäßig Briefe an ihre Großeltern auf dem Land."", welches Wort kommt unmittelbar vor dem Wort ""Briefe""? A:","['Sie', 'schreibt', 'regelmäßig', 'Briefe', 'an', 'ihre', 'Großeltern', 'auf', 'dem', 'Land']",regelmäßig,"UTT_BOUNDARY f: in dem satz ""sie schreibt regelmäßig briefe an ihre großeltern auf dem land."", welches wort kommt unmittelbar vor dem wort ""briefe""? a:UTT_BOUNDARY ihre familie und freunde."""," ihre familie und freunde."""
"F: In dem Satz ""Sie trägt eine rote Jacke im Winter und warme Stiefel dazu."", welches Wort kommt unmittelbar vor dem Wort ""Winter""? A:","['Sie', 'trägt', 'eine', 'rote', 'Jacke', 'im', 'Winter', 'und', 'warme', 'Stiefel', 'dazu']",im,"UTT_BOUNDARY f: in dem satz ""sie trägt eine rote jacke im winter und warme stiefel dazu."", welches wort kommt unmittelbar vor dem wort ""winter""? a:UTT_BOUNDARY eine warme jacke und handschuhe", eine warme jacke und handschuhe
"F: In dem Satz ""Wir machen eine Wanderung durch den Wald bei schönem Wetter."", welches Wort kommt unmittelbar vor dem Wort ""durch""? A:","['Wir', 'machen', 'eine', 'Wanderung', 'durch', 'den', 'Wald', 'bei', 'schönem', 'Wetter']",wanderung,"UTT_BOUNDARY f: in dem satz ""wir machen eine wanderung durch den wald bei schönem wetter."", welches wort kommt unmittelbar vor dem wort ""durch""? a:UTT_BOUNDARY machen wir morgen mit dem", machen wir morgen mit dem
"F: In dem Satz ""Der Hund bellt laut, wenn jemand an der Tür klingelt."", welches Wort steht direkt vor dem Wort ""bellt""? A:","['Der', 'Hund', 'bellt', 'laut', 'wenn', 'jemand', 'an', 'der', 'Tür', 'klingelt']",hund,"UTT_BOUNDARY f: in dem satz ""der hund bellt laut, wenn jemand an der tür klingelt."", welches wort steht direkt vor dem wort ""bellt""? a:UTT_BOUNDARY hund und hund im garten", hund und hund im garten
"Welches Wort steht im Satz ""Der Hund kuschelt sich zufrieden in seine warme Decke."" direkt vor ""in""? ","['Der', 'Hund', 'kuschelt', 'sich', 'zufrieden', 'in', 'seine', 'warme', 'Decke']",zufrieden,"UTT_BOUNDARY welches wort steht im satz ""der hund kuschelt sich zufrieden in seine warme decke."" direkt vor ""in""?UTT_BOUNDARY herumzutollen?UTT_BOUNDARY", herumzutollen?
"F: In dem Satz ""Wir besuchen das Schloss im nahegelegenen Ort am Sonntag."", welches Wort kommt unmittelbar vor dem Wort ""im""? A:","['Wir', 'besuchen', 'das', 'Schloss', 'im', 'nahegelegenen', 'Ort', 'am', 'Sonntag']",schloss,"UTT_BOUNDARY f: in dem satz ""wir besuchen das schloss im nahegelegenen ort am sonntag."", welches wort kommt unmittelbar vor dem wort ""im""? a:UTT_BOUNDARY wochenende am wochenende."","," wochenende am wochenende."","
"F: In dem Satz ""Ich höre Musik, während ich meine Hausaufgaben mache zu Hause."", welches Wort kommt unmittelbar vor dem Wort ""zu""? A:","['Ich', 'höre', 'Musik', 'während', 'ich', 'meine', 'Hausaufgaben', 'mache', 'zu', 'Hause']",mache,"UTT_BOUNDARY f: in dem satz ""ich höre musik, während ich meine hausaufgaben mache zu hause."", welches wort kommt unmittelbar vor dem wort ""zu""? a:UTT_BOUNDARY höre ich gerne musik,"," höre ich gerne musik,"
"Welches Wort steht im Satz ""Er fährt jeden Morgen mit dem Fahrrad zur Arbeit in die Stadt."" direkt vor ""mit""? ","['Er', 'fährt', 'jeden', 'Morgen', 'mit', 'dem', 'Fahrrad', 'zur', 'Arbeit', 'in', 'die', 'Stadt']",morgen,"UTT_BOUNDARY welches wort steht im satz ""er fährt jeden morgen mit dem fahrrad zur arbeit in die stadt."" direkt vor ""mit""?UTT_BOUNDARY morgen mit dem fahrrad zur", morgen mit dem fahrrad zur
"F: In dem Satz ""Ich koche heute eine Suppe mit frischem Gemüse."", welches Wort steht direkt vor dem Wort ""frischem""? A:","['Ich', 'koche', 'heute', 'eine', 'Suppe', 'mit', 'frischem', 'Gemüse']",mit,"UTT_BOUNDARY f: in dem satz ""ich koche heute eine suppe mit frischem gemüse."", welches wort steht direkt vor dem wort ""frischem""? a:UTT_BOUNDARY mit dem ballaststoff", mit dem ballaststoff
"Welches Wort steht im Satz ""Die Katze schläft zufrieden auf dem gemütlichen Sofa im Wohnzimmer."" direkt vor ""dem""? ","['Die', 'Katze', 'schläft', 'zufrieden', 'auf', 'dem', 'gemütlichen', 'Sofa', 'im', 'Wohnzimmer']",auf,"UTT_BOUNDARY welches wort steht im satz ""die katze schläft zufrieden auf dem gemütlichen sofa im wohnzimmer."" direkt vor ""dem""?UTT_BOUNDARY auf dem tisch liegt eine", auf dem tisch liegt eine
"Welches Wort steht im Satz ""Das Kind malt ein buntes Bild mit Wasserfarben."" direkt vor ""mit""? ","['Das', 'Kind', 'malt', 'ein', 'buntes', 'Bild', 'mit', 'Wasserfarben']",bild,"UTT_BOUNDARY welches wort steht im satz ""das kind malt ein buntes bild mit wasserfarben."" direkt vor ""mit""?UTT_BOUNDARY buntes blau und rot", buntes blau und rot
"F: In dem Satz ""Der Film war spannend und hat mir gut gefallen."", welches Wort steht direkt vor dem Wort ""war""? A:","['Der', 'Film', 'war', 'spannend', 'und', 'hat', 'mir', 'gut', 'gefallen']",film,"UTT_BOUNDARY f: in dem satz ""der film war spannend und hat mir gut gefallen."", welches wort steht direkt vor dem wort ""war""? a:UTT_BOUNDARY und satzzeichen. es", und satzzeichen. es
"F: In dem Satz ""Der Hund liebt es, im Park mit anderen Hunden zu spielen."", welches Wort steht direkt vor dem Wort ""Hunden""? A:","['Der', 'Hund', 'liebt', 'es', 'im', 'Park', 'mit', 'anderen', 'Hunden', 'zu', 'spielen']",anderen,"UTT_BOUNDARY f: in dem satz ""der hund liebt es, im park mit anderen hunden zu spielen."", welches wort steht direkt vor dem wort ""hunden""? a:UTT_BOUNDARY hund und hund gehen zusammen", hund und hund gehen zusammen
"F: In dem Satz ""Sie liest gern Sachbücher über Geschichte und Naturwissenschaften."", welches Wort kommt unmittelbar vor dem Wort ""gern""? A:","['Sie', 'liest', 'gern', 'Sachbücher', 'über', 'Geschichte', 'und', 'Naturwissenschaften']",liest,"UTT_BOUNDARY f: in dem satz ""sie liest gern sachbücher über geschichte und naturwissenschaften."", welches wort kommt unmittelbar vor dem wort ""gern""? a:UTT_BOUNDARY spannende bücher über geschichte", spannende bücher über geschichte
"Welches Wort steht im Satz ""Der Lehrer erklärt geduldig neue Vokabeln im Deutschunterricht der Klasse."" direkt vor ""neue""? ","['Der', 'Lehrer', 'erklärt', 'geduldig', 'neue', 'Vokabeln', 'im', 'Deutschunterricht', 'der', 'Klasse']",geduldig,"UTT_BOUNDARY welches wort steht im satz ""der lehrer erklärt geduldig neue vokabeln im deutschunterricht der klasse."" direkt vor ""neue""?UTT_BOUNDARY lehrerinnen und lehrerinnen", lehrerinnen und lehrerinnen
"F: In dem Satz ""Ich lese oft Bücher über Geschichte und Kultur."", welches Wort steht direkt vor dem Wort ""Geschichte""? A:","['Ich', 'lese', 'oft', 'Bücher', 'über', 'Geschichte', 'und', 'Kultur']",über,"UTT_BOUNDARY f: in dem satz ""ich lese oft bücher über geschichte und kultur."", welches wort steht direkt vor dem wort ""geschichte""? a:UTT_BOUNDARY ich gern deutsch auf deutsch", ich gern deutsch auf deutsch
"F: In dem Satz ""Bitte öffne das Fenster, es ist warm und stickig im Zimmer."", welches Wort kommt unmittelbar vor dem Wort ""das""? A:","['Bitte', 'öffne', 'das', 'Fenster', 'es', 'ist', 'warm', 'und', 'stickig', 'im', 'Zimmer']",öffne,"UTT_BOUNDARY f: in dem satz ""bitte öffne das fenster, es ist warm und stickig im zimmer."", welches wort kommt unmittelbar vor dem wort ""das""? a:UTT_BOUNDARY fenster zu, fenster zu"," fenster zu, fenster zu"
"F: In dem Satz ""Ich esse morgens oft frisches Obst und Joghurt zum Frühstück."", welches Wort steht direkt vor dem Wort ""oft""? A:","['Ich', 'esse', 'morgens', 'oft', 'frisches', 'Obst', 'und', 'Joghurt', 'zum', 'Frühstück']",morgens,"UTT_BOUNDARY f: in dem satz ""ich esse morgens oft frisches obst und joghurt zum frühstück."", welches wort steht direkt vor dem wort ""oft""? a:UTT_BOUNDARY gern schokolade."" direkt vor"," gern schokolade."" direkt vor"
"Welches Wort steht im Satz ""Sie kocht heute ein neues Rezept mit viel Gemüse und Kräutern."" direkt vor ""ein""? ","['Sie', 'kocht', 'heute', 'ein', 'neues', 'Rezept', 'mit', 'viel', 'Gemüse', 'und', 'Kräutern']",heute,"UTT_BOUNDARY welches wort steht im satz ""sie kocht heute ein neues rezept mit viel gemüse und kräutern."" direkt vor ""ein""?UTT_BOUNDARY heute abend ein neues rezept", heute abend ein neues rezept
"Welches Wort steht im Satz ""Die Kinder spielen draußen im Park mit Freunden und Ball."" direkt vor ""draußen""? ","['Die', 'Kinder', 'spielen', 'draußen', 'im', 'Park', 'mit', 'Freunden', 'und', 'Ball']",spielen,"UTT_BOUNDARY welches wort steht im satz ""die kinder spielen draußen im park mit freunden und ball."" direkt vor ""draußen""?UTT_BOUNDARY spielen im sandkasten spielen spielen", spielen im sandkasten spielen spielen
"F: In dem Satz ""Sie schreibt eine E-Mail an ihre beste Freundin."", welches Wort steht direkt vor dem Wort ""schreibt""? A:","['Sie', 'schreibt', 'eine', 'E-Mail', 'an', 'ihre', 'beste', 'Freundin']",sie,"UTT_BOUNDARY f: in dem satz ""sie schreibt eine e-mail an ihre beste freundin."", welches wort steht direkt vor dem wort ""schreibt""? a:UTT_BOUNDARY sie an ihre freundin und", sie an ihre freundin und
"F: In dem Satz ""Ich mag es, im Herbst durch bunte Blätter zu laufen."", welches Wort steht direkt vor dem Wort ""bunte""? A:","['Ich', 'mag', 'es', 'im', 'Herbst', 'durch', 'bunte', 'Blätter', 'zu', 'laufen']",durch,"UTT_BOUNDARY f: in dem satz ""ich mag es, im herbst durch bunte blätter zu laufen."", welches wort steht direkt vor dem wort ""bunte""? a:UTT_BOUNDARY und schmeckt leckere sachen", und schmeckt leckere sachen
"F: In dem Satz ""Die Blumen blühen bunt und duften angenehm im Frühling."", welches Wort steht direkt vor dem Wort ""und""? A:","['Die', 'Blumen', 'blühen', 'bunt', 'und', 'duften', 'angenehm', 'im', 'Frühling']",bunt,"UTT_BOUNDARY f: in dem satz ""die blumen blühen bunt und duften angenehm im frühling."", welches wort steht direkt vor dem wort ""und""? a:UTT_BOUNDARY blühen in der sonne."""," blühen in der sonne."""
"Welches Wort steht im Satz ""Wir machen eine Fahrradtour entlang des Flusses im Sommer."" direkt vor ""machen""? ","['Wir', 'machen', 'eine', 'Fahrradtour', 'entlang', 'des', 'Flusses', 'im', 'Sommer']",wir,"UTT_BOUNDARY welches wort steht im satz ""wir machen eine fahrradtour entlang des flusses im sommer."" direkt vor ""machen""?UTT_BOUNDARY wir eine wanderung durch", wir eine wanderung durch
"F: In dem Satz ""Sie trinkt abends gerne einen warmen Kräutertee zum Entspannen."", welches Wort kommt unmittelbar vor dem Wort ""Kräutertee""? A:","['Sie', 'trinkt', 'abends', 'gerne', 'einen', 'warmen', 'Kräutertee', 'zum', 'Entspannen']",warmen,"UTT_BOUNDARY f: in dem satz ""sie trinkt abends gerne einen warmen kräutertee zum entspannen."", welches wort kommt unmittelbar vor dem wort ""kräutertee""? a:UTT_BOUNDARY einen satz im satz """," einen satz im satz """
"Welches Wort steht im Satz ""Ich höre beim Joggen motivierende Musik, die mich antreibt."" direkt vor ""Joggen""? ","['Ich', 'höre', 'beim', 'Joggen', 'motivierende', 'Musik', 'die', 'mich', 'antreibt']",beim,"UTT_BOUNDARY welches wort steht im satz ""ich höre beim joggen motivierende musik, die mich antreibt."" direkt vor ""joggen""?UTT_BOUNDARY ich die app?"", fragt"," ich die app?"", fragt"
"Welches Wort steht im Satz ""Sie tanzt voller Freude zu ihrer Lieblingsmusik am Wochenende."" direkt vor ""Freude""? ","['Sie', 'tanzt', 'voller', 'Freude', 'zu', 'ihrer', 'Lieblingsmusik', 'am', 'Wochenende']",voller,"UTT_BOUNDARY welches wort steht im satz ""sie tanzt voller freude zu ihrer lieblingsmusik am wochenende."" direkt vor ""freude""?UTT_BOUNDARY sie fröhlich vor dem wort", sie fröhlich vor dem wort
"F: In dem Satz ""Die Kinder spielen fröhlich im Sandkasten im Garten zusammen."", welches Wort kommt unmittelbar vor dem Wort ""Sandkasten""? A:","['Die', 'Kinder', 'spielen', 'fröhlich', 'im', 'Sandkasten', 'im', 'Garten', 'zusammen']",im,"UTT_BOUNDARY f: in dem satz ""die kinder spielen fröhlich im sandkasten im garten zusammen."", welches wort kommt unmittelbar vor dem wort ""sandkasten""? a:UTT_BOUNDARY im park spielen viele kinder", im park spielen viele kinder
"F: In dem Satz ""Die Katze schläft gerne auf dem warmen Sofa."", welches Wort steht direkt vor dem Wort ""dem""? A:","['Die', 'Katze', 'schläft', 'gerne', 'auf', 'dem', 'warmen', 'Sofa']",auf,"UTT_BOUNDARY f: in dem satz ""die katze schläft gerne auf dem warmen sofa."", welches wort steht direkt vor dem wort ""dem""? a:UTT_BOUNDARY auf dem sofa zu spielen", auf dem sofa zu spielen
"F: In dem Satz ""Wir besuchen das Schloss im nahegelegenen Ort am Sonntag oft."", welches Wort kommt unmittelbar vor dem Wort ""besuchen""? A:","['Wir', 'besuchen', 'das', 'Schloss', 'im', 'nahegelegenen', 'Ort', 'am', 'Sonntag', 'oft']",wir,"UTT_BOUNDARY f: in dem satz ""wir besuchen das schloss im nahegelegenen ort am sonntag oft."", welches wort kommt unmittelbar vor dem wort ""besuchen""? a:UTT_BOUNDARY wir heute abend mit freunden", wir heute abend mit freunden
"F: In dem Satz ""Sie kocht gern italienische Gerichte für ihre Familie am Wochenende."", welches Wort kommt unmittelbar vor dem Wort ""für""? A:","['Sie', 'kocht', 'gern', 'italienische', 'Gerichte', 'für', 'ihre', 'Familie', 'am', 'Wochenende']",gerichte,"UTT_BOUNDARY f: in dem satz ""sie kocht gern italienische gerichte für ihre familie am wochenende."", welches wort kommt unmittelbar vor dem wort ""für""? a:UTT_BOUNDARY italienische gerichte aus dem", italienische gerichte aus dem
"F: In dem Satz ""Sie tanzt begeistert bei der Tanzstunde am Freitagabend in der Halle."", welches Wort kommt unmittelbar vor dem Wort ""Tanzstunde""? A:","['Sie', 'tanzt', 'begeistert', 'bei', 'der', 'Tanzstunde', 'am', 'Freitagabend', 'in', 'der', 'Halle']",der,"UTT_BOUNDARY f: in dem satz ""sie tanzt begeistert bei der tanzstunde am freitagabend in der halle."", welches wort kommt unmittelbar vor dem wort ""tanzstunde""? a:UTT_BOUNDARY tanzt jeden freitagabend in", tanzt jeden freitagabend in
"F: In dem Satz ""Die Katze schläft gerne auf dem warmen Sofa zu Hause."", welches Wort steht direkt vor dem Wort ""zu""? A:","['Die', 'Katze', 'schläft', 'gerne', 'auf', 'dem', 'warmen', 'Sofa', 'zu', 'Hause']",sofa,"UTT_BOUNDARY f: in dem satz ""die katze schläft gerne auf dem warmen sofa zu hause."", welches wort steht direkt vor dem wort ""zu""? a:UTT_BOUNDARY tischtennis im wohnzimmer", tischtennis im wohnzimmer
"Welches Wort steht im Satz ""Sie schreibt liebevolle Briefe an ihre Verwandten im Ausland."" direkt vor ""im""? ","['Sie', 'schreibt', 'liebevolle', 'Briefe', 'an', 'ihre', 'Verwandten', 'im', 'Ausland']",verwandten,"UTT_BOUNDARY welches wort steht im satz ""sie schreibt liebevolle briefe an ihre verwandten im ausland."" direkt vor ""im""?UTT_BOUNDARY freunde aus dem ausland zu", freunde aus dem ausland zu
"F: In dem Satz ""Wir machen einen Ausflug in den Wald am Wochenende."", welches Wort steht direkt vor dem Wort ""den""? A:","['Wir', 'machen', 'einen', 'Ausflug', 'in', 'den', 'Wald', 'am', 'Wochenende']",in,"UTT_BOUNDARY f: in dem satz ""wir machen einen ausflug in den wald am wochenende."", welches wort steht direkt vor dem wort ""den""? a:UTT_BOUNDARY besuchen wir den zoo und", besuchen wir den zoo und
"F: In dem Satz ""Sie tanzt jeden Freitag im Tanzkurs mit großer Freude."", welches Wort steht direkt vor dem Wort ""tanzt""? A:","['Sie', 'tanzt', 'jeden', 'Freitag', 'im', 'Tanzkurs', 'mit', 'großer', 'Freude']",sie,"UTT_BOUNDARY f: in dem satz ""sie tanzt jeden freitag im tanzkurs mit großer freude."", welches wort steht direkt vor dem wort ""tanzt""? a:UTT_BOUNDARY sie heute abend ein wenig", sie heute abend ein wenig
"Welches Wort steht im Satz ""Ich lese abends gern spannende Krimis vor dem Einschlafen."" direkt vor ""spannende""? ","['Ich', 'lese', 'abends', 'gern', 'spannende', 'Krimis', 'vor', 'dem', 'Einschlafen']",gern,"UTT_BOUNDARY welches wort steht im satz ""ich lese abends gern spannende krimis vor dem einschlafen."" direkt vor ""spannende""?UTT_BOUNDARY höre ich gern klassische musik", höre ich gern klassische musik
"F: In dem Satz ""Bitte öffne das Fenster, es ist sehr warm hier."", welches Wort steht direkt vor dem Wort ""Fenster""? A:","['Bitte', 'öffne', 'das', 'Fenster', 'es', 'ist', 'sehr', 'warm', 'hier']",das,"UTT_BOUNDARY f: in dem satz ""bitte öffne das fenster, es ist sehr warm hier."", welches wort steht direkt vor dem wort ""fenster""? a:UTT_BOUNDARY das fenster nicht zu hoch", das fenster nicht zu hoch
"F: In dem Satz ""Ich gehe jeden Sonntag in die Kirche."", welches Wort steht direkt vor dem Wort ""in""? A:","['Ich', 'gehe', 'jeden', 'Sonntag', 'in', 'die', 'Kirche']",sonntag,"UTT_BOUNDARY f: in dem satz ""ich gehe jeden sonntag in die kirche."", welches wort steht direkt vor dem wort ""in""? a:UTT_BOUNDARY tag für tag."","," tag für tag."","
"F: In dem Satz ""Die Kinder spielen draußen im Garten mit Freunden und haben viel Spaß heute."", welches Wort kommt unmittelbar vor dem Wort ""spielen""? A:","['Die', 'Kinder', 'spielen', 'draußen', 'im', 'Garten', 'mit', 'Freunden', 'und', 'haben', 'viel', 'Spaß', 'heute']",kinder,"UTT_BOUNDARY f: in dem satz ""die kinder spielen draußen im garten mit freunden und haben viel spaß heute."", welches wort kommt unmittelbar vor dem wort ""spielen""? a:UTT_BOUNDARY kinder im garten mit bunten", kinder im garten mit bunten
"F: In dem Satz ""Sie macht jeden Morgen Yoga zur Entspannung."", welches Wort steht direkt vor dem Wort ""zur""? A:","['Sie', 'macht', 'jeden', 'Morgen', 'Yoga', 'zur', 'Entspannung']",yoga,"UTT_BOUNDARY f: in dem satz ""sie macht jeden morgen yoga zur entspannung."", welches wort steht direkt vor dem wort ""zur""? a:UTT_BOUNDARY abend für tag."","," abend für tag."","
"F: In dem Satz ""Das Buch ist spannend und sehr gut geschrieben."", welches Wort steht direkt vor dem Wort ""Buch""? A:","['Das', 'Buch', 'ist', 'spannend', 'und', 'sehr', 'gut', 'geschrieben']",das,"UTT_BOUNDARY f: in dem satz ""das buch ist spannend und sehr gut geschrieben."", welches wort steht direkt vor dem wort ""buch""? a:UTT_BOUNDARY das buch mit dem ball", das buch mit dem ball
"F: In dem Satz ""Ich gehe jeden Sonntag in die Kirche."", welches Wort steht direkt vor dem Wort ""jeden""? A:","['Ich', 'gehe', 'jeden', 'Sonntag', 'in', 'die', 'Kirche']",gehe,"UTT_BOUNDARY f: in dem satz ""ich gehe jeden sonntag in die kirche."", welches wort steht direkt vor dem wort ""jeden""? a:UTT_BOUNDARY abends oft mit dem fahrrad", abends oft mit dem fahrrad
"F: In dem Satz ""Der Zug fährt pünktlich um acht Uhr vom Bahnhof ab."", welches Wort steht direkt vor dem Wort ""um""? A:","['Der', 'Zug', 'fährt', 'pünktlich', 'um', 'acht', 'Uhr', 'vom', 'Bahnhof', 'ab']",pünktlich,"UTT_BOUNDARY f: in dem satz ""der zug fährt pünktlich um acht uhr vom bahnhof ab."", welches wort steht direkt vor dem wort ""um""? a:UTT_BOUNDARY zug fährt pünktlich um die", zug fährt pünktlich um die
"F: In dem Satz ""Wir besuchen das Schloss im nahegelegenen Ort am Sonntag."", welches Wort kommt unmittelbar vor dem Wort ""besuchen""? A:","['Wir', 'besuchen', 'das', 'Schloss', 'im', 'nahegelegenen', 'Ort', 'am', 'Sonntag']",wir,"UTT_BOUNDARY f: in dem satz ""wir besuchen das schloss im nahegelegenen ort am sonntag."", welches wort kommt unmittelbar vor dem wort ""besuchen""? a:UTT_BOUNDARY wir heute abend mit dem", wir heute abend mit dem
"F: In dem Satz ""Wir machen eine Radtour am Wochenende entlang des Flusses."", welches Wort kommt unmittelbar vor dem Wort ""des""? A:","['Wir', 'machen', 'eine', 'Radtour', 'am', 'Wochenende', 'entlang', 'des', 'Flusses']",entlang,"UTT_BOUNDARY f: in dem satz ""wir machen eine radtour am wochenende entlang des flusses."", welches wort kommt unmittelbar vor dem wort ""des""? a:UTT_BOUNDARY entlang der waldumsp", entlang der waldumsp
"Welches Wort steht im Satz ""Ich mache jeden Morgen Yoga, um entspannt in den Tag zu starten."" direkt vor ""jeden""? ","['Ich', 'mache', 'jeden', 'Morgen', 'Yoga', 'um', 'entspannt', 'in', 'den', 'Tag', 'zu', 'starten']",mache,"UTT_BOUNDARY welches wort steht im satz ""ich mache jeden morgen yoga, um entspannt in den tag zu starten."" direkt vor ""jeden""?UTT_BOUNDARY in die sonne und genie", in die sonne und genie
"F: In dem Satz ""Am Wochenende machen wir eine lange Wanderung in den Bergen."", welches Wort steht direkt vor dem Wort ""eine""? A:","['Am', 'Wochenende', 'machen', 'wir', 'eine', 'lange', 'Wanderung', 'in', 'den', 'Bergen']",wir,"UTT_BOUNDARY f: in dem satz ""am wochenende machen wir eine lange wanderung in den bergen."", welches wort steht direkt vor dem wort ""eine""? a:UTT_BOUNDARY machen wir heute abend mit", machen wir heute abend mit
"Welches Wort steht im Satz ""Der Vogel zwitschert laut und munter in den frühen Morgenstunden."" direkt vor ""zwitschert""? ","['Der', 'Vogel', 'zwitschert', 'laut', 'und', 'munter', 'in', 'den', 'frühen', 'Morgenstunden']",vogel,"UTT_BOUNDARY welches wort steht im satz ""der vogel zwitschert laut und munter in den frühen morgenstunden."" direkt vor ""zwitschert""?UTT_BOUNDARY der hund und die katze", der hund und die katze
"F: In dem Satz ""Wir feiern Ostern traditionell mit bunten Eiern und der Familie."", welches Wort kommt unmittelbar vor dem Wort ""feiern""? A:","['Wir', 'feiern', 'Ostern', 'traditionell', 'mit', 'bunten', 'Eiern', 'und', 'der', 'Familie']",wir,"UTT_BOUNDARY f: in dem satz ""wir feiern ostern traditionell mit bunten eiern und der familie."", welches wort kommt unmittelbar vor dem wort ""feiern""? a:UTT_BOUNDARY wir heute mit der ganzen", wir heute mit der ganzen
"F: In dem Satz ""Der Hund rennt schnell über die Wiese im Park."", welches Wort kommt unmittelbar vor dem Wort ""Wiese""? A:","['Der', 'Hund', 'rennt', 'schnell', 'über', 'die', 'Wiese', 'im', 'Park']",die,"UTT_BOUNDARY f: in dem satz ""der hund rennt schnell über die wiese im park."", welches wort kommt unmittelbar vor dem wort ""wiese""? a:UTT_BOUNDARY fährt mit dem ball durch", fährt mit dem ball durch
"Welches Wort steht im Satz ""Wir feiern Weihnachten mit der Familie und vielen leckeren Plätzchen."" direkt vor ""feiern""? ","['Wir', 'feiern', 'Weihnachten', 'mit', 'der', 'Familie', 'und', 'vielen', 'leckeren', 'Plätzchen']",wir,"UTT_BOUNDARY welches wort steht im satz ""wir feiern weihnachten mit der familie und vielen leckeren plätzchen."" direkt vor ""feiern""?UTT_BOUNDARY und spaß."" direkt vor"," und spaß."" direkt vor"
"F: In dem Satz ""Die Sonne scheint warm auf die grünen Wiesen."", welches Wort steht direkt vor dem Wort ""scheint""? A:","['Die', 'Sonne', 'scheint', 'warm', 'auf', 'die', 'grünen', 'Wiesen']",sonne,"UTT_BOUNDARY f: in dem satz ""die sonne scheint warm auf die grünen wiesen."", welches wort steht direkt vor dem wort ""scheint""? a:UTT_BOUNDARY sonne scheint sonne scheint warm", sonne scheint sonne scheint warm
"Welches Wort steht im Satz ""Die Kinder sammeln bunte Blätter im Park für ein Projekt."" direkt vor ""Park""? ","['Die', 'Kinder', 'sammeln', 'bunte', 'Blätter', 'im', 'Park', 'für', 'ein', 'Projekt']",im,"UTT_BOUNDARY welches wort steht im satz ""die kinder sammeln bunte blätter im park für ein projekt."" direkt vor ""park""?UTT_BOUNDARY im park mit bunten luftballons", im park mit bunten luftballons
"F: In dem Satz ""Die Katze schläft den ganzen Tag auf dem Sofa."", welches Wort steht direkt vor dem Wort ""dem""? A:","['Die', 'Katze', 'schläft', 'den', 'ganzen', 'Tag', 'auf', 'dem', 'Sofa']",auf,"UTT_BOUNDARY f: in dem satz ""die katze schläft den ganzen tag auf dem sofa."", welches wort steht direkt vor dem wort ""dem""? a:UTT_BOUNDARY auf dem sofa zu sehen", auf dem sofa zu sehen
"Welches Wort steht im Satz ""Die Kinder spielen draußen im Garten Verstecken und haben Spaß."" direkt vor ""Garten""? ","['Die', 'Kinder', 'spielen', 'draußen', 'im', 'Garten', 'Verstecken', 'und', 'haben', 'Spaß']",im,"UTT_BOUNDARY welches wort steht im satz ""die kinder spielen draußen im garten verstecken und haben spaß."" direkt vor ""garten""?UTT_BOUNDARY im park mit bunten luftballons", im park mit bunten luftballons
"F: In dem Satz ""Die Katze jagt spielerisch den kleinen roten Laserpunkt im Wohnzimmer."", welches Wort kommt unmittelbar vor dem Wort ""spielerisch""? A:","['Die', 'Katze', 'jagt', 'spielerisch', 'den', 'kleinen', 'roten', 'Laserpunkt', 'im', 'Wohnzimmer']",jagt,"UTT_BOUNDARY f: in dem satz ""die katze jagt spielerisch den kleinen roten laserpunkt im wohnzimmer."", welches wort kommt unmittelbar vor dem wort ""spielerisch""? a:UTT_BOUNDARY der hund bellt laut,"," der hund bellt laut,"
"F: In dem Satz ""Sie hört gern Musik beim Arbeiten am Computer."", welches Wort steht direkt vor dem Wort ""gern""? A:","['Sie', 'hört', 'gern', 'Musik', 'beim', 'Arbeiten', 'am', 'Computer']",hört,"UTT_BOUNDARY f: in dem satz ""sie hört gern musik beim arbeiten am computer."", welches wort steht direkt vor dem wort ""gern""? a:UTT_BOUNDARY hört sich sehr spannend an", hört sich sehr spannend an
"Welches Wort steht im Satz ""Der Lehrer erklärt geduldig die schwierigen Aufgaben im Unterricht."" direkt vor ""im""? ","['Der', 'Lehrer', 'erklärt', 'geduldig', 'die', 'schwierigen', 'Aufgaben', 'im', 'Unterricht']",aufgaben,"UTT_BOUNDARY welches wort steht im satz ""der lehrer erklärt geduldig die schwierigen aufgaben im unterricht."" direkt vor ""im""?UTT_BOUNDARY grammatikregeln und gedanken", grammatikregeln und gedanken
"F: In dem Satz ""Sie schreibt täglich in ihr Tagebuch über ihre Erlebnisse und Gefühle."", welches Wort kommt unmittelbar vor dem Wort ""täglich""? A:","['Sie', 'schreibt', 'täglich', 'in', 'ihr', 'Tagebuch', 'über', 'ihre', 'Erlebnisse', 'und', 'Gefühle']",schreibt,"UTT_BOUNDARY f: in dem satz ""sie schreibt täglich in ihr tagebuch über ihre erlebnisse und gefühle."", welches wort kommt unmittelbar vor dem wort ""täglich""? a:UTT_BOUNDARY und abenteuer in dem satz", und abenteuer in dem satz
"F: In dem Satz ""Er schreibt eine Postkarte aus dem Urlaub an seine Familie."", welches Wort steht direkt vor dem Wort ""aus""? A:","['Er', 'schreibt', 'eine', 'Postkarte', 'aus', 'dem', 'Urlaub', 'an', 'seine', 'Familie']",postkarte,"UTT_BOUNDARY f: in dem satz ""er schreibt eine postkarte aus dem urlaub an seine familie."", welches wort steht direkt vor dem wort ""aus""? a:UTT_BOUNDARY aus dem urlaub."" direkt"," aus dem urlaub."" direkt"
"F: In dem Satz ""Sie tanzt jeden Samstag im Tanzkurs mit großer Freude."", welches Wort steht direkt vor dem Wort ""mit""? A:","['Sie', 'tanzt', 'jeden', 'Samstag', 'im', 'Tanzkurs', 'mit', 'großer', 'Freude']",tanzkurs,"UTT_BOUNDARY f: in dem satz ""sie tanzt jeden samstag im tanzkurs mit großer freude."", welches wort steht direkt vor dem wort ""mit""? a:UTT_BOUNDARY freitagabend in der tanz", freitagabend in der tanz
"F: In dem Satz ""Ich koche heute eine leckere Suppe mit frischen Zutaten."", welches Wort steht direkt vor dem Wort ""heute""? A:","['Ich', 'koche', 'heute', 'eine', 'leckere', 'Suppe', 'mit', 'frischen', 'Zutaten']",koche,"UTT_BOUNDARY f: in dem satz ""ich koche heute eine leckere suppe mit frischen zutaten."", welches wort steht direkt vor dem wort ""heute""? a:UTT_BOUNDARY koche koche koche koche koche", koche koche koche koche koche
"F: In dem Satz ""Im Park spielen viele Kinder fröhlich und laut."", welches Wort steht direkt vor dem Wort ""spielen""? A:","['Im', 'Park', 'spielen', 'viele', 'Kinder', 'fröhlich', 'und', 'laut']",park,"UTT_BOUNDARY f: in dem satz ""im park spielen viele kinder fröhlich und laut."", welches wort steht direkt vor dem wort ""spielen""? a:UTT_BOUNDARY kinder im park mit bunten", kinder im park mit bunten
"F: In dem Satz ""Ich koche heute eine leckere Suppe mit Gemüse."", welches Wort steht direkt vor dem Wort ""eine""? A:","['Ich', 'koche', 'heute', 'eine', 'leckere', 'Suppe', 'mit', 'Gemüse']",heute,"UTT_BOUNDARY f: in dem satz ""ich koche heute eine leckere suppe mit gemüse."", welches wort steht direkt vor dem wort ""eine""? a:UTT_BOUNDARY heute abend pizza mit käse", heute abend pizza mit käse
"F: In dem Satz ""Im Park spielen viele Kinder laut auf dem großen Spielplatz oft."", welches Wort kommt unmittelbar vor dem Wort ""viele""? A:","['Im', 'Park', 'spielen', 'viele', 'Kinder', 'laut', 'auf', 'dem', 'großen', 'Spielplatz', 'oft']",spielen,"UTT_BOUNDARY f: in dem satz ""im park spielen viele kinder laut auf dem großen spielplatz oft."", welches wort kommt unmittelbar vor dem wort ""viele""? a:UTT_BOUNDARY viele kinder laut, wenn"," viele kinder laut, wenn"
"F: In dem Satz ""Der Hund liebt es, mit anderen Hunden im Park zu spielen viel."", welches Wort kommt unmittelbar vor dem Wort ""im""? A:","['Der', 'Hund', 'liebt', 'es', 'mit', 'anderen', 'Hunden', 'im', 'Park', 'zu', 'spielen', 'viel']",hunden,"UTT_BOUNDARY f: in dem satz ""der hund liebt es, mit anderen hunden im park zu spielen viel."", welches wort kommt unmittelbar vor dem wort ""im""? a:UTT_BOUNDARY liebt es, im park"," liebt es, im park"
"F: In dem Satz ""Wir fahren im Sommer ans Meer zum Schwimmen und Entspannen jedes Jahr."", welches Wort kommt unmittelbar vor dem Wort ""Meer""? A:","['Wir', 'fahren', 'im', 'Sommer', 'ans', 'Meer', 'zum', 'Schwimmen', 'und', 'Entspannen', 'jedes', 'Jahr']",ans,"UTT_BOUNDARY f: in dem satz ""wir fahren im sommer ans meer zum schwimmen und entspannen jedes jahr."", welches wort kommt unmittelbar vor dem wort ""meer""? a:UTT_BOUNDARY im park mit bunten farben", im park mit bunten farben
"F: In dem Satz ""Der Himmel ist klar und die Sonne scheint warm und hell."", welches Wort kommt unmittelbar vor dem Wort ""klar""? A:","['Der', 'Himmel', 'ist', 'klar', 'und', 'die', 'Sonne', 'scheint', 'warm', 'und', 'hell']",ist,"UTT_BOUNDARY f: in dem satz ""der himmel ist klar und die sonne scheint warm und hell."", welches wort kommt unmittelbar vor dem wort ""klar""? a:UTT_BOUNDARY heute abend ist es hell", heute abend ist es hell
"F: In dem Satz ""Das Wetter im Frühling ist oft wechselhaft und mild."", welches Wort steht direkt vor dem Wort ""Frühling""? A:","['Das', 'Wetter', 'im', 'Frühling', 'ist', 'oft', 'wechselhaft', 'und', 'mild']",im,"UTT_BOUNDARY f: in dem satz ""das wetter im frühling ist oft wechselhaft und mild."", welches wort steht direkt vor dem wort ""frühling""? a:UTT_BOUNDARY ist das wichtigste wort für", ist das wichtigste wort für
"F: In dem Satz ""Das Kind läuft schnell durch den Park am Nachmittag."", welches Wort kommt unmittelbar vor dem Wort ""Kind""? A:","['Das', 'Kind', 'läuft', 'schnell', 'durch', 'den', 'Park', 'am', 'Nachmittag']",das,"UTT_BOUNDARY f: in dem satz ""das kind läuft schnell durch den park am nachmittag."", welches wort kommt unmittelbar vor dem wort ""kind""? a:UTT_BOUNDARY im park mit freunden und", im park mit freunden und
"Welches Wort steht im Satz ""Der Hund bellt laut, wenn Besucher an der Tür klingeln."" direkt vor ""Tür""? ","['Der', 'Hund', 'bellt', 'laut', 'wenn', 'Besucher', 'an', 'der', 'Tür', 'klingeln']",der,"UTT_BOUNDARY welches wort steht im satz ""der hund bellt laut, wenn besucher an der tür klingeln."" direkt vor ""tür""?UTT_BOUNDARY der hund bellt laut,"," der hund bellt laut,"
"Welches Wort steht im Satz ""Der Himmel ist klar und die Sterne funkeln hell in der Nacht."" direkt vor ""Himmel""? ","['Der', 'Himmel', 'ist', 'klar', 'und', 'die', 'Sterne', 'funkeln', 'hell', 'in', 'der', 'Nacht']",der,"UTT_BOUNDARY welches wort steht im satz ""der himmel ist klar und die sterne funkeln hell in der nacht."" direkt vor ""himmel""?UTT_BOUNDARY der himmel ist heute klar", der himmel ist heute klar
"F: In dem Satz ""Er fährt jeden Morgen mit dem Fahrrad zur Arbeit in die Stadt."", welches Wort kommt unmittelbar vor dem Wort ""in""? A:","['Er', 'fährt', 'jeden', 'Morgen', 'mit', 'dem', 'Fahrrad', 'zur', 'Arbeit', 'in', 'die', 'Stadt']",arbeit,"UTT_BOUNDARY f: in dem satz ""er fährt jeden morgen mit dem fahrrad zur arbeit in die stadt."", welches wort kommt unmittelbar vor dem wort ""in""? a:UTT_BOUNDARY morgen ist dienstagabend,"," morgen ist dienstagabend,"
"F: In dem Satz ""Das Wetter wird morgen kälter und regnerisch."", welches Wort steht direkt vor dem Wort ""Wetter""? A:","['Das', 'Wetter', 'wird', 'morgen', 'kälter', 'und', 'regnerisch']",das,"UTT_BOUNDARY f: in dem satz ""das wetter wird morgen kälter und regnerisch."", welches wort steht direkt vor dem wort ""wetter""? a:UTT_BOUNDARY das fenster nicht zu,"," das fenster nicht zu,"
"F: In dem Satz ""Der Vogel singt ein schönes Lied am frühen Morgen im Garten."", welches Wort steht direkt vor dem Wort ""schönes""? A:","['Der', 'Vogel', 'singt', 'ein', 'schönes', 'Lied', 'am', 'frühen', 'Morgen', 'im', 'Garten']",ein,"UTT_BOUNDARY f: in dem satz ""der vogel singt ein schönes lied am frühen morgen im garten."", welches wort steht direkt vor dem wort ""schönes""? a:UTT_BOUNDARY der vogel im garten und", der vogel im garten und
"Welches Wort steht im Satz ""Sie liest gerne Romane über Abenteuer und ferne Länder."" direkt vor ""gerne""? ","['Sie', 'liest', 'gerne', 'Romane', 'über', 'Abenteuer', 'und', 'ferne', 'Länder']",liest,"UTT_BOUNDARY welches wort steht im satz ""sie liest gerne romane über abenteuer und ferne länder."" direkt vor ""gerne""?UTT_BOUNDARY über freundschaft und abenteuer in", über freundschaft und abenteuer in
"Welches Wort steht im Satz ""Der Hund apportiert den Stock, den ich ins Wasser werfe."" direkt vor ""Wasser""? ","['Der', 'Hund', 'apportiert', 'den', 'Stock', 'den', 'ich', 'ins', 'Wasser', 'werfe']",ins,"UTT_BOUNDARY welches wort steht im satz ""der hund apportiert den stock, den ich ins wasser werfe."" direkt vor ""wasser""?UTT_BOUNDARY den kopf frei."" direkt"," den kopf frei."" direkt"
"Welches Wort steht im Satz ""Die Kinder basteln bunte Laternen für das Martinsfest in der Schule."" direkt vor ""Kinder""? ","['Die', 'Kinder', 'basteln', 'bunte', 'Laternen', 'für', 'das', 'Martinsfest', 'in', 'der', 'Schule']",die,"UTT_BOUNDARY welches wort steht im satz ""die kinder basteln bunte laternen für das martinsfest in der schule."" direkt vor ""kinder""?UTT_BOUNDARY die gerne mit dem ball", die gerne mit dem ball
"Welches Wort steht im Satz ""Der Vogel singt sein Lied jeden Morgen vor dem Haus."" direkt vor ""Morgen""? ","['Der', 'Vogel', 'singt', 'sein', 'Lied', 'jeden', 'Morgen', 'vor', 'dem', 'Haus']",jeden,"UTT_BOUNDARY welches wort steht im satz ""der vogel singt sein lied jeden morgen vor dem haus."" direkt vor ""morgen""?UTT_BOUNDARY morgen früh um sieben uhr", morgen früh um sieben uhr
"F: In dem Satz ""Wir feiern Ostern traditionell mit bunten Eiern und der Familie."", welches Wort kommt unmittelbar vor dem Wort ""Ostern""? A:","['Wir', 'feiern', 'Ostern', 'traditionell', 'mit', 'bunten', 'Eiern', 'und', 'der', 'Familie']",feiern,"UTT_BOUNDARY f: in dem satz ""wir feiern ostern traditionell mit bunten eiern und der familie."", welches wort kommt unmittelbar vor dem wort ""ostern""? a:UTT_BOUNDARY feiern und feiern ist ein", feiern und feiern ist ein
"F: In dem Satz ""Wir genießen den sonnigen Tag beim Picknick im Park zusammen."", welches Wort kommt unmittelbar vor dem Wort ""den""? A:","['Wir', 'genießen', 'den', 'sonnigen', 'Tag', 'beim', 'Picknick', 'im', 'Park', 'zusammen']",genießen,"UTT_BOUNDARY f: in dem satz ""wir genießen den sonnigen tag beim picknick im park zusammen."", welches wort kommt unmittelbar vor dem wort ""den""? a:UTT_BOUNDARY feiern und liebenswür", feiern und liebenswür
"F: In dem Satz ""Ich koche heute Abend eine Pizza mit Gemüse und Käse."", welches Wort steht direkt vor dem Wort ""heute""? A:","['Ich', 'koche', 'heute', 'Abend', 'eine', 'Pizza', 'mit', 'Gemüse', 'und', 'Käse']",koche,"UTT_BOUNDARY f: in dem satz ""ich koche heute abend eine pizza mit gemüse und käse."", welches wort steht direkt vor dem wort ""heute""? a:UTT_BOUNDARY koche koche koche koche koche", koche koche koche koche koche
"F: In dem Satz ""Ich gehe abends spazieren, um den Kopf frei zu bekommen."", welches Wort kommt unmittelbar vor dem Wort ""gehe""? A:","['Ich', 'gehe', 'abends', 'spazieren', 'um', 'den', 'Kopf', 'frei', 'zu', 'bekommen']",ich,"UTT_BOUNDARY f: in dem satz ""ich gehe abends spazieren, um den kopf frei zu bekommen."", welches wort kommt unmittelbar vor dem wort ""gehe""? a:UTT_BOUNDARY ich nicht zum essen."""," ich nicht zum essen."""
"Welches Wort steht im Satz ""Ich gehe abends spazieren, um den Kopf frei zu bekommen."" direkt vor ""zu""? ","['Ich', 'gehe', 'abends', 'spazieren', 'um', 'den', 'Kopf', 'frei', 'zu', 'bekommen']",frei,"UTT_BOUNDARY welches wort steht im satz ""ich gehe abends spazieren, um den kopf frei zu bekommen."" direkt vor ""zu""?UTT_BOUNDARY kopf unter die decke zu", kopf unter die decke zu
"F: In dem Satz ""Ich esse gern frisches Obst und Gemüse."", welches Wort steht direkt vor dem Wort ""Obst""? A:","['Ich', 'esse', 'gern', 'frisches', 'Obst', 'und', 'Gemüse']",frisches,"UTT_BOUNDARY f: in dem satz ""ich esse gern frisches obst und gemüse."", welches wort steht direkt vor dem wort ""obst""? a:UTT_BOUNDARY gern schokolade."" direkt vor"," gern schokolade."" direkt vor"
"Welches Wort steht im Satz ""Die Kinder spielen fröhlich Verstecken im großen Garten."" direkt vor ""Kinder""? ","['Die', 'Kinder', 'spielen', 'fröhlich', 'Verstecken', 'im', 'großen', 'Garten']",die,"UTT_BOUNDARY welches wort steht im satz ""die kinder spielen fröhlich verstecken im großen garten."" direkt vor ""kinder""?UTT_BOUNDARY die verstecken sich im garten", die verstecken sich im garten
"F: In dem Satz ""Sie tanzt elegant auf der Bühne bei der Aufführung am Wochenende heute."", welches Wort kommt unmittelbar vor dem Wort ""bei""? A:","['Sie', 'tanzt', 'elegant', 'auf', 'der', 'Bühne', 'bei', 'der', 'Aufführung', 'am', 'Wochenende', 'heute']",bühne,"UTT_BOUNDARY f: in dem satz ""sie tanzt elegant auf der bühne bei der aufführung am wochenende heute."", welches wort kommt unmittelbar vor dem wort ""bei""? a:UTT_BOUNDARY bühne im hintergrund des films", bühne im hintergrund des films
"Welches Wort steht im Satz ""Sie trägt einen warmen Schal gegen die kalte Winterluft."" direkt vor ""warmen""? ","['Sie', 'trägt', 'einen', 'warmen', 'Schal', 'gegen', 'die', 'kalte', 'Winterluft']",einen,"UTT_BOUNDARY welches wort steht im satz ""sie trägt einen warmen schal gegen die kalte winterluft."" direkt vor ""warmen""?UTT_BOUNDARY sie sich die haare warm", sie sich die haare warm
"Welches Wort steht im Satz ""Sie liest jeden Abend ein paar Seiten in ihrem Buch."" direkt vor ""ein""? ","['Sie', 'liest', 'jeden', 'Abend', 'ein', 'paar', 'Seiten', 'in', 'ihrem', 'Buch']",abend,"UTT_BOUNDARY welches wort steht im satz ""sie liest jeden abend ein paar seiten in ihrem buch."" direkt vor ""ein""?UTT_BOUNDARY ein satz in dem satz", ein satz in dem satz
"F: In dem Satz ""Der Vogel singt ein schönes Lied am Morgen."", welches Wort steht direkt vor dem Wort ""schönes""? A:","['Der', 'Vogel', 'singt', 'ein', 'schönes', 'Lied', 'am', 'Morgen']",ein,"UTT_BOUNDARY f: in dem satz ""der vogel singt ein schönes lied am morgen."", welches wort steht direkt vor dem wort ""schönes""? a:UTT_BOUNDARY schönes lied im garten mit", schönes lied im garten mit
"F: In dem Satz ""Der Lehrer lobt die Schüler für ihre guten Noten im Test."", welches Wort kommt unmittelbar vor dem Wort ""für""? A:","['Der', 'Lehrer', 'lobt', 'die', 'Schüler', 'für', 'ihre', 'guten', 'Noten', 'im', 'Test']",schüler,"UTT_BOUNDARY f: in dem satz ""der lehrer lobt die schüler für ihre guten noten im test."", welches wort kommt unmittelbar vor dem wort ""für""? a:UTT_BOUNDARY leistungen zu finden sind oft", leistungen zu finden sind oft
"Welches Wort steht im Satz ""Sie trägt eine bunte Jacke bei dem kühlen Wind."" direkt vor ""bei""? ","['Sie', 'trägt', 'eine', 'bunte', 'Jacke', 'bei', 'dem', 'kühlen', 'Wind']",jacke,"UTT_BOUNDARY welches wort steht im satz ""sie trägt eine bunte jacke bei dem kühlen wind."" direkt vor ""bei""?UTT_BOUNDARY bunten farben?UTT_BOUNDARY", bunten farben?
"F: In dem Satz ""Ich trinke morgens Kaffee mit Milch und Zucker zum Wachwerden heute."", welches Wort kommt unmittelbar vor dem Wort ""und""? A:","['Ich', 'trinke', 'morgens', 'Kaffee', 'mit', 'Milch', 'und', 'Zucker', 'zum', 'Wachwerden', 'heute']",milch,"UTT_BOUNDARY f: in dem satz ""ich trinke morgens kaffee mit milch und zucker zum wachwerden heute."", welches wort kommt unmittelbar vor dem wort ""und""? a:UTT_BOUNDARY milch und zucker zum frühstück", milch und zucker zum frühstück
"F: In dem Satz ""Der Himmel ist klar und die Sonne scheint warm und hell."", welches Wort kommt unmittelbar vor dem Wort ""scheint""? A:","['Der', 'Himmel', 'ist', 'klar', 'und', 'die', 'Sonne', 'scheint', 'warm', 'und', 'hell']",sonne,"UTT_BOUNDARY f: in dem satz ""der himmel ist klar und die sonne scheint warm und hell."", welches wort kommt unmittelbar vor dem wort ""scheint""? a:UTT_BOUNDARY sonne scheint sonne scheint warm", sonne scheint sonne scheint warm
"F: In dem Satz ""Die Katze schläft auf dem warmen Fensterbrett."", welches Wort steht direkt vor dem Wort ""dem""? A:","['Die', 'Katze', 'schläft', 'auf', 'dem', 'warmen', 'Fensterbrett']",auf,"UTT_BOUNDARY f: in dem satz ""die katze schläft auf dem warmen fensterbrett."", welches wort steht direkt vor dem wort ""dem""? a:UTT_BOUNDARY auf dem teppichboden."""," auf dem teppichboden."""
"Welches Wort steht im Satz ""Wir besuchen das Museum für moderne Kunst in der Stadt."" direkt vor ""Kunst""? ","['Wir', 'besuchen', 'das', 'Museum', 'für', 'moderne', 'Kunst', 'in', 'der', 'Stadt']",moderne,"UTT_BOUNDARY welches wort steht im satz ""wir besuchen das museum für moderne kunst in der stadt."" direkt vor ""kunst""?UTT_BOUNDARY moderne kunst in der stadt", moderne kunst in der stadt
"Welches Wort steht im Satz ""Wir fahren im Herbst oft mit dem Auto ins Gebirge zum Wandern."" direkt vor ""Herbst""? ","['Wir', 'fahren', 'im', 'Herbst', 'oft', 'mit', 'dem', 'Auto', 'ins', 'Gebirge', 'zum', 'Wandern']",im,"UTT_BOUNDARY welches wort steht im satz ""wir fahren im herbst oft mit dem auto ins gebirge zum wandern."" direkt vor ""herbst""?UTT_BOUNDARY im park mit freunden und", im park mit freunden und
"F: In dem Satz ""Der Zug kommt pünktlich am Bahnhof an."", welches Wort steht direkt vor dem Wort ""kommt""? A:","['Der', 'Zug', 'kommt', 'pünktlich', 'am', 'Bahnhof', 'an']",zug,"UTT_BOUNDARY f: in dem satz ""der zug kommt pünktlich am bahnhof an."", welches wort steht direkt vor dem wort ""kommt""? a:UTT_BOUNDARY zug zug zug zug zug", zug zug zug zug zug
"F: In dem Satz ""Die Kinder malen bunte Bilder für das Kunstprojekt in der Schule."", welches Wort kommt unmittelbar vor dem Wort ""Kunstprojekt""? A:","['Die', 'Kinder', 'malen', 'bunte', 'Bilder', 'für', 'das', 'Kunstprojekt', 'in', 'der', 'Schule']",das,"UTT_BOUNDARY f: in dem satz ""die kinder malen bunte bilder für das kunstprojekt in der schule."", welches wort kommt unmittelbar vor dem wort ""kunstprojekt""? a:UTT_BOUNDARY das grammatikbuch in", das grammatikbuch in
"Welches Wort steht im Satz ""Ich trinke morgens gern Tee mit Honig und frischer Zitrone."" direkt vor ""trinke""? ","['Ich', 'trinke', 'morgens', 'gern', 'Tee', 'mit', 'Honig', 'und', 'frischer', 'Zitrone']",ich,"UTT_BOUNDARY welches wort steht im satz ""ich trinke morgens gern tee mit honig und frischer zitrone."" direkt vor ""trinke""?UTT_BOUNDARY ich gern tee mit honig", ich gern tee mit honig
"F: In dem Satz ""Die Lampe im Wohnzimmer leuchtet hell und gemütlich."", welches Wort steht direkt vor dem Wort ""im""? A:","['Die', 'Lampe', 'im', 'Wohnzimmer', 'leuchtet', 'hell', 'und', 'gemütlich']",lampe,"UTT_BOUNDARY f: in dem satz ""die lampe im wohnzimmer leuchtet hell und gemütlich."", welches wort steht direkt vor dem wort ""im""? a:UTT_BOUNDARY fensterbrett und fenster,"," fensterbrett und fenster,"
"F: In dem Satz ""Der Zug kommt pünktlich am Bahnhof an und fährt weiter nach Berlin."", welches Wort steht direkt vor dem Wort ""an""? A:","['Der', 'Zug', 'kommt', 'pünktlich', 'am', 'Bahnhof', 'an', 'und', 'fährt', 'weiter', 'nach', 'Berlin']",bahnhof,"UTT_BOUNDARY f: in dem satz ""der zug kommt pünktlich am bahnhof an und fährt weiter nach berlin."", welches wort steht direkt vor dem wort ""an""? a:UTT_BOUNDARY zug zug zug zug zug", zug zug zug zug zug
"F: In dem Satz ""Er fährt jeden Morgen mit dem Fahrrad zur Arbeit in die Stadt."", welches Wort kommt unmittelbar vor dem Wort ""mit""? A:","['Er', 'fährt', 'jeden', 'Morgen', 'mit', 'dem', 'Fahrrad', 'zur', 'Arbeit', 'in', 'die', 'Stadt']",morgen,"UTT_BOUNDARY f: in dem satz ""er fährt jeden morgen mit dem fahrrad zur arbeit in die stadt."", welches wort kommt unmittelbar vor dem wort ""mit""? a:UTT_BOUNDARY morgen ist dienstagabend,"," morgen ist dienstagabend,"
"F: In dem Satz ""Sie trägt im Winter eine warme Jacke und Handschuhe bei Frost."", welches Wort kommt unmittelbar vor dem Wort ""und""? A:","['Sie', 'trägt', 'im', 'Winter', 'eine', 'warme', 'Jacke', 'und', 'Handschuhe', 'bei', 'Frost']",jacke,"UTT_BOUNDARY f: in dem satz ""sie trägt im winter eine warme jacke und handschuhe bei frost."", welches wort kommt unmittelbar vor dem wort ""und""? a:UTT_BOUNDARY jacke und jacke ist sehr", jacke und jacke ist sehr
"F: In dem Satz ""Er fährt mit dem Bus zur Arbeit jeden Morgen."", welches Wort steht direkt vor dem Wort ""mit""? A:","['Er', 'fährt', 'mit', 'dem', 'Bus', 'zur', 'Arbeit', 'jeden', 'Morgen']",fährt,"UTT_BOUNDARY f: in dem satz ""er fährt mit dem bus zur arbeit jeden morgen."", welches wort steht direkt vor dem wort ""mit""? a:UTT_BOUNDARY fährt jeden morgen mit dem", fährt jeden morgen mit dem
"F: In dem Satz ""Wir gehen abends spazieren und genießen die frische Luft."", welches Wort kommt unmittelbar vor dem Wort ""und""? A:","['Wir', 'gehen', 'abends', 'spazieren', 'und', 'genießen', 'die', 'frische', 'Luft']",spazieren,"UTT_BOUNDARY f: in dem satz ""wir gehen abends spazieren und genießen die frische luft."", welches wort kommt unmittelbar vor dem wort ""und""? a:UTT_BOUNDARY abendschlaf."" direkt vor"," abendschlaf."" direkt vor"
"F: In dem Satz ""Das Wetter ist heute warm und sonnig."", welches Wort steht direkt vor dem Wort ""warm""? A:","['Das', 'Wetter', 'ist', 'heute', 'warm', 'und', 'sonnig']",heute,"UTT_BOUNDARY f: in dem satz ""das wetter ist heute warm und sonnig."", welches wort steht direkt vor dem wort ""warm""? a:UTT_BOUNDARY ist heute eine der besten", ist heute eine der besten
"F: In dem Satz ""Das Frühstück ist fertig, bitte setzt euch an den Tisch."", welches Wort steht direkt vor dem Wort ""Frühstück""? A:","['Das', 'Frühstück', 'ist', 'fertig', 'bitte', 'setzt', 'euch', 'an', 'den', 'Tisch']",das,"UTT_BOUNDARY f: in dem satz ""das frühstück ist fertig, bitte setzt euch an den tisch."", welches wort steht direkt vor dem wort ""frühstück""? a:UTT_BOUNDARY warm auf dem tisch liegt", warm auf dem tisch liegt
"F: In dem Satz ""Sie trägt im Winter eine dicke Jacke und warme Handschuhe."", welches Wort kommt unmittelbar vor dem Wort ""Jacke""? A:","['Sie', 'trägt', 'im', 'Winter', 'eine', 'dicke', 'Jacke', 'und', 'warme', 'Handschuhe']",dicke,"UTT_BOUNDARY f: in dem satz ""sie trägt im winter eine dicke jacke und warme handschuhe."", welches wort kommt unmittelbar vor dem wort ""jacke""? a:UTT_BOUNDARY jacke und jacke ist sehr", jacke und jacke ist sehr
"Welches Wort steht im Satz ""Der Hund apportiert den Ball, den ich ins Wasser werfe."" direkt vor ""apportiert""? ","['Der', 'Hund', 'apportiert', 'den', 'Ball', 'den', 'ich', 'ins', 'Wasser', 'werfe']",hund,"UTT_BOUNDARY welches wort steht im satz ""der hund apportiert den ball, den ich ins wasser werfe."" direkt vor ""apportiert""?UTT_BOUNDARY ich ihn an den kopf", ich ihn an den kopf
"F: In dem Satz ""Wir essen heute Abend frische Pasta mit Tomatensoße."", welches Wort steht direkt vor dem Wort ""frische""? A:","['Wir', 'essen', 'heute', 'Abend', 'frische', 'Pasta', 'mit', 'Tomatensoße']",abend,"UTT_BOUNDARY f: in dem satz ""wir essen heute abend frische pasta mit tomatensoße."", welches wort steht direkt vor dem wort ""frische""? a:UTT_BOUNDARY pasta mit tomatenso", pasta mit tomatenso
"Welches Wort steht im Satz ""Sie liest im Park unter einem Baum ein spannendes Buch."" direkt vor ""liest""? ","['Sie', 'liest', 'im', 'Park', 'unter', 'einem', 'Baum', 'ein', 'spannendes', 'Buch']",sie,"UTT_BOUNDARY welches wort steht im satz ""sie liest im park unter einem baum ein spannendes buch."" direkt vor ""liest""?UTT_BOUNDARY sie beim kochen im garten", sie beim kochen im garten
"Welches Wort steht im Satz ""Ich gehe abends spazieren, um den Kopf frei zu bekommen."" direkt vor ""spazieren""? ","['Ich', 'gehe', 'abends', 'spazieren', 'um', 'den', 'Kopf', 'frei', 'zu', 'bekommen']",abends,"UTT_BOUNDARY welches wort steht im satz ""ich gehe abends spazieren, um den kopf frei zu bekommen."" direkt vor ""spazieren""?UTT_BOUNDARY abends um um den kopf", abends um um den kopf
"F: In dem Satz ""Das Frühstück ist die wichtigste Mahlzeit des Tages."", welches Wort steht direkt vor dem Wort ""ist""? A:","['Das', 'Frühstück', 'ist', 'die', 'wichtigste', 'Mahlzeit', 'des', 'Tages']",frühstück,"UTT_BOUNDARY f: in dem satz ""das frühstück ist die wichtigste mahlzeit des tages."", welches wort steht direkt vor dem wort ""ist""? a:UTT_BOUNDARY mahlzeit am nachmittag vor", mahlzeit am nachmittag vor
"Welches Wort steht im Satz ""Die Blumen auf dem Balkon blühen schön in der warmen Sonne."" direkt vor ""Blumen""? ","['Die', 'Blumen', 'auf', 'dem', 'Balkon', 'blühen', 'schön', 'in', 'der', 'warmen', 'Sonne']",die,"UTT_BOUNDARY welches wort steht im satz ""die blumen auf dem balkon blühen schön in der warmen sonne."" direkt vor ""blumen""?UTT_BOUNDARY die blumen auf dem balkon", die blumen auf dem balkon
"F: In dem Satz ""Der Hund läuft schnell durch den großen Garten."", welches Wort steht direkt vor dem Wort ""den""? A:","['Der', 'Hund', 'läuft', 'schnell', 'durch', 'den', 'großen', 'Garten']",durch,"UTT_BOUNDARY f: in dem satz ""der hund läuft schnell durch den großen garten."", welches wort steht direkt vor dem wort ""den""? a:UTT_BOUNDARY durch den garten und durch", durch den garten und durch
"F: In dem Satz ""Der Berg ist hoch und bietet eine tolle Aussicht."", welches Wort steht direkt vor dem Wort ""Berg""? A:","['Der', 'Berg', 'ist', 'hoch', 'und', 'bietet', 'eine', 'tolle', 'Aussicht']",der,"UTT_BOUNDARY f: in dem satz ""der berg ist hoch und bietet eine tolle aussicht."", welches wort steht direkt vor dem wort ""berg""? a:UTT_BOUNDARY der strom aus dem blick", der strom aus dem blick
"F: In dem Satz ""Die Kinder spielen fröhlich im Sandkasten im Garten zusammen oft."", welches Wort kommt unmittelbar vor dem Wort ""Sandkasten""? A:","['Die', 'Kinder', 'spielen', 'fröhlich', 'im', 'Sandkasten', 'im', 'Garten', 'zusammen', 'oft']",im,"UTT_BOUNDARY f: in dem satz ""die kinder spielen fröhlich im sandkasten im garten zusammen oft."", welches wort kommt unmittelbar vor dem wort ""sandkasten""? a:UTT_BOUNDARY im park spielen viele kinder", im park spielen viele kinder
"F: In dem Satz ""Sie schreibt eine Karte an ihre Freundin zum Geburtstag."", welches Wort kommt unmittelbar vor dem Wort ""ihre""? A:","['Sie', 'schreibt', 'eine', 'Karte', 'an', 'ihre', 'Freundin', 'zum', 'Geburtstag']",an,"UTT_BOUNDARY f: in dem satz ""sie schreibt eine karte an ihre freundin zum geburtstag."", welches wort kommt unmittelbar vor dem wort ""ihre""? a:UTT_BOUNDARY an ihre freundin und erzählt", an ihre freundin und erzählt
"Welches Wort steht im Satz ""Ich trinke morgens immer eine Tasse starken schwarzen Kaffee."" direkt vor ""trinke""? ","['Ich', 'trinke', 'morgens', 'immer', 'eine', 'Tasse', 'starken', 'schwarzen', 'Kaffee']",ich,"UTT_BOUNDARY welches wort steht im satz ""ich trinke morgens immer eine tasse starken schwarzen kaffee."" direkt vor ""trinke""?UTT_BOUNDARY ich gern eine tasse kaffee", ich gern eine tasse kaffee
"F: In dem Satz ""Der Berg ist hoch und bietet tolle Aussicht auf das Tal heute."", welches Wort kommt unmittelbar vor dem Wort ""und""? A:","['Der', 'Berg', 'ist', 'hoch', 'und', 'bietet', 'tolle', 'Aussicht', 'auf', 'das', 'Tal', 'heute']",hoch,"UTT_BOUNDARY f: in dem satz ""der berg ist hoch und bietet tolle aussicht auf das tal heute."", welches wort kommt unmittelbar vor dem wort ""und""? a:UTT_BOUNDARY hoch über die stadt."""," hoch über die stadt."""
"F: In dem Satz ""Ich höre Musik beim Lernen, das hilft mir sehr."", welches Wort steht direkt vor dem Wort ""das""? A:","['Ich', 'höre', 'Musik', 'beim', 'Lernen', 'das', 'hilft', 'mir', 'sehr']",lernen,"UTT_BOUNDARY f: in dem satz ""ich höre musik beim lernen, das hilft mir sehr."", welches wort steht direkt vor dem wort ""das""? a:UTT_BOUNDARY lernen lernen lernen lernen.", lernen lernen lernen lernen.
"F: In dem Satz ""Sie spielt Geige und übt regelmäßig für das Konzert nächste Woche."", welches Wort kommt unmittelbar vor dem Wort ""spielt""? A:","['Sie', 'spielt', 'Geige', 'und', 'übt', 'regelmäßig', 'für', 'das', 'Konzert', 'nächste', 'Woche']",sie,"UTT_BOUNDARY f: in dem satz ""sie spielt geige und übt regelmäßig für das konzert nächste woche."", welches wort kommt unmittelbar vor dem wort ""spielt""? a:UTT_BOUNDARY sie heute abend mit freunden", sie heute abend mit freunden
"F: In dem Satz ""Ich lerne neue deutsche Wörter und Redewendungen täglich und fleißig."", welches Wort kommt unmittelbar vor dem Wort ""Redewendungen""? A:","['Ich', 'lerne', 'neue', 'deutsche', 'Wörter', 'und', 'Redewendungen', 'täglich', 'und', 'fleißig']",und,"UTT_BOUNDARY f: in dem satz ""ich lerne neue deutsche wörter und redewendungen täglich und fleißig."", welches wort kommt unmittelbar vor dem wort ""redewendungen""? a:UTT_BOUNDARY deutsche wörter lese ich gern", deutsche wörter lese ich gern
"Welches Wort steht im Satz ""Sie spielt Geige und übt fleißig für das Konzert nächste Woche."" direkt vor ""Geige""? ","['Sie', 'spielt', 'Geige', 'und', 'übt', 'fleißig', 'für', 'das', 'Konzert', 'nächste', 'Woche']",spielt,"UTT_BOUNDARY welches wort steht im satz ""sie spielt geige und übt fleißig für das konzert nächste woche."" direkt vor ""geige""?UTT_BOUNDARY und zufriedenheit im unterricht", und zufriedenheit im unterricht
"F: In dem Satz ""Wir genießen den sonnigen Tag beim Picknick im Park zusammen."", welches Wort kommt unmittelbar vor dem Wort ""Park""? A:","['Wir', 'genießen', 'den', 'sonnigen', 'Tag', 'beim', 'Picknick', 'im', 'Park', 'zusammen']",im,"UTT_BOUNDARY f: in dem satz ""wir genießen den sonnigen tag beim picknick im park zusammen."", welches wort kommt unmittelbar vor dem wort ""park""? a:UTT_BOUNDARY den ball im garten und", den ball im garten und
"F: In dem Satz ""Wir essen zum Abendbrot frische Nudeln mit Tomatensoße."", welches Wort steht direkt vor dem Wort ""essen""? A:","['Wir', 'essen', 'zum', 'Abendbrot', 'frische', 'Nudeln', 'mit', 'Tomatensoße']",wir,"UTT_BOUNDARY f: in dem satz ""wir essen zum abendbrot frische nudeln mit tomatensoße."", welches wort steht direkt vor dem wort ""essen""? a:UTT_BOUNDARY wir heute abend mit freunden", wir heute abend mit freunden
"F: In dem Satz ""Der Vogel singt jeden Morgen ein schönes Lied."", welches Wort steht direkt vor dem Wort ""jeden""? A:","['Der', 'Vogel', 'singt', 'jeden', 'Morgen', 'ein', 'schönes', 'Lied']",singt,"UTT_BOUNDARY f: in dem satz ""der vogel singt jeden morgen ein schönes lied."", welches wort steht direkt vor dem wort ""jeden""? a:UTT_BOUNDARY der hund im garten mit", der hund im garten mit
"F: In dem Satz ""Der Lehrer gibt viele Hausaufgaben für das Wochenende auf."", welches Wort steht direkt vor dem Wort ""für""? A:","['Der', 'Lehrer', 'gibt', 'viele', 'Hausaufgaben', 'für', 'das', 'Wochenende', 'auf']",hausaufgaben,"UTT_BOUNDARY f: in dem satz ""der lehrer gibt viele hausaufgaben für das wochenende auf."", welches wort steht direkt vor dem wort ""für""? a:UTT_BOUNDARY hausaufgaben und hausaufgaben für das", hausaufgaben und hausaufgaben für das
"Welches Wort steht im Satz ""Der Lehrer erklärt geduldig die schwierigen Grammatikregeln im Unterricht."" direkt vor ""geduldig""? ","['Der', 'Lehrer', 'erklärt', 'geduldig', 'die', 'schwierigen', 'Grammatikregeln', 'im', 'Unterricht']",erklärt,"UTT_BOUNDARY welches wort steht im satz ""der lehrer erklärt geduldig die schwierigen grammatikregeln im unterricht."" direkt vor ""geduldig""?UTT_BOUNDARY erklärt die grammatik sehr", erklärt die grammatik sehr
"F: In dem Satz ""Er schreibt jeden Tag in sein Tagebuch über Erlebnisse und Gedanken."", welches Wort kommt unmittelbar vor dem Wort ""über""? A:","['Er', 'schreibt', 'jeden', 'Tag', 'in', 'sein', 'Tagebuch', 'über', 'Erlebnisse', 'und', 'Gedanken']",tagebuch,"UTT_BOUNDARY f: in dem satz ""er schreibt jeden tag in sein tagebuch über erlebnisse und gedanken."", welches wort kommt unmittelbar vor dem wort ""über""? a:UTT_BOUNDARY tagelangkeiten und gedanken", tagelangkeiten und gedanken
"F: In dem Satz ""Sie schreibt eine Karte aus dem Urlaub an ihre Familie."", welches Wort kommt unmittelbar vor dem Wort ""eine""? A:","['Sie', 'schreibt', 'eine', 'Karte', 'aus', 'dem', 'Urlaub', 'an', 'ihre', 'Familie']",schreibt,"UTT_BOUNDARY f: in dem satz ""sie schreibt eine karte aus dem urlaub an ihre familie."", welches wort kommt unmittelbar vor dem wort ""eine""? a:UTT_BOUNDARY schreibt eine e-mail", schreibt eine e-mail
"F: In dem Satz ""Der Vogel zwitschert laut im Baum früh am Morgen."", welches Wort kommt unmittelbar vor dem Wort ""zwitschert""? A:","['Der', 'Vogel', 'zwitschert', 'laut', 'im', 'Baum', 'früh', 'am', 'Morgen']",vogel,"UTT_BOUNDARY f: in dem satz ""der vogel zwitschert laut im baum früh am morgen."", welches wort kommt unmittelbar vor dem wort ""zwitschert""? a:UTT_BOUNDARY und sonne scheint warm und", und sonne scheint warm und
"F: In dem Satz ""Die Katze schläft auf dem Fensterbrett und träumt."", welches Wort steht direkt vor dem Wort ""dem""? A:","['Die', 'Katze', 'schläft', 'auf', 'dem', 'Fensterbrett', 'und', 'träumt']",auf,"UTT_BOUNDARY f: in dem satz ""die katze schläft auf dem fensterbrett und träumt."", welches wort steht direkt vor dem wort ""dem""? a:UTT_BOUNDARY auf dem sofa und tisch", auf dem sofa und tisch
"F: In dem Satz ""Der Vogel singt ein schönes Lied am Morgen."", welches Wort steht direkt vor dem Wort ""am""? A:","['Der', 'Vogel', 'singt', 'ein', 'schönes', 'Lied', 'am', 'Morgen']",lied,"UTT_BOUNDARY f: in dem satz ""der vogel singt ein schönes lied am morgen."", welches wort steht direkt vor dem wort ""am""? a:UTT_BOUNDARY schönes lied im garten mit", schönes lied im garten mit
"F: In dem Satz ""Der Hund schläft friedlich auf dem weichen Teppich."", welches Wort steht direkt vor dem Wort ""weichen""? A:","['Der', 'Hund', 'schläft', 'friedlich', 'auf', 'dem', 'weichen', 'Teppich']",dem,"UTT_BOUNDARY f: in dem satz ""der hund schläft friedlich auf dem weichen teppich."", welches wort steht direkt vor dem wort ""weichen""? a:UTT_BOUNDARY der hund schläft friedlich auf", der hund schläft friedlich auf
"F: In dem Satz ""Die Kinder malen Bilder für den Kunstwettbewerb in der Schule."", welches Wort kommt unmittelbar vor dem Wort ""malen""? A:","['Die', 'Kinder', 'malen', 'Bilder', 'für', 'den', 'Kunstwettbewerb', 'in', 'der', 'Schule']",kinder,"UTT_BOUNDARY f: in dem satz ""die kinder malen bilder für den kunstwettbewerb in der schule."", welches wort kommt unmittelbar vor dem wort ""malen""? a:UTT_BOUNDARY kinder im park spielen oft", kinder im park spielen oft
"F: In dem Satz ""Die Blumen blühen bunt im Frühling und Sommer in unserem Garten."", welches Wort kommt unmittelbar vor dem Wort ""Frühling""? A:","['Die', 'Blumen', 'blühen', 'bunt', 'im', 'Frühling', 'und', 'Sommer', 'in', 'unserem', 'Garten']",im,"UTT_BOUNDARY f: in dem satz ""die blumen blühen bunt im frühling und sommer in unserem garten."", welches wort kommt unmittelbar vor dem wort ""frühling""? a:UTT_BOUNDARY im winter und sommer."""," im winter und sommer."""
"Welches Wort steht im Satz ""Wir fahren im Herbst oft mit dem Auto ins Gebirge zum Wandern."" direkt vor ""oft""? ","['Wir', 'fahren', 'im', 'Herbst', 'oft', 'mit', 'dem', 'Auto', 'ins', 'Gebirge', 'zum', 'Wandern']",herbst,"UTT_BOUNDARY welches wort steht im satz ""wir fahren im herbst oft mit dem auto ins gebirge zum wandern."" direkt vor ""oft""?UTT_BOUNDARY fahren wir am wochenende entlang", fahren wir am wochenende entlang
"Welches Wort steht im Satz ""Der Vogel fliegt hoch über die Bäume und singt laut."" direkt vor ""fliegt""? ","['Der', 'Vogel', 'fliegt', 'hoch', 'über', 'die', 'Bäume', 'und', 'singt', 'laut']",vogel,"UTT_BOUNDARY welches wort steht im satz ""der vogel fliegt hoch über die bäume und singt laut."" direkt vor ""fliegt""?UTT_BOUNDARY hundeschen und das", hundeschen und das
"F: In dem Satz ""Sie trägt im Winter eine warme Jacke und Handschuhe bei Frost oft."", welches Wort kommt unmittelbar vor dem Wort ""und""? A:","['Sie', 'trägt', 'im', 'Winter', 'eine', 'warme', 'Jacke', 'und', 'Handschuhe', 'bei', 'Frost', 'oft']",jacke,"UTT_BOUNDARY f: in dem satz ""sie trägt im winter eine warme jacke und handschuhe bei frost oft."", welches wort kommt unmittelbar vor dem wort ""und""? a:UTT_BOUNDARY jacke und jacke ist sehr", jacke und jacke ist sehr
"Welches Wort steht im Satz ""Die Kinder basteln bunte Laternen für das Laternenfest in der Schule."" direkt vor ""das""? ","['Die', 'Kinder', 'basteln', 'bunte', 'Laternen', 'für', 'das', 'Laternenfest', 'in', 'der', 'Schule']",für,"UTT_BOUNDARY welches wort steht im satz ""die kinder basteln bunte laternen für das laternenfest in der schule."" direkt vor ""das""?UTT_BOUNDARY für das nächste jahr neue", für das nächste jahr neue
"Welches Wort steht im Satz ""Er fährt jeden Tag mit dem Fahrrad zur Arbeit in die Stadt."" direkt vor ""dem""? ","['Er', 'fährt', 'jeden', 'Tag', 'mit', 'dem', 'Fahrrad', 'zur', 'Arbeit', 'in', 'die', 'Stadt']",mit,"UTT_BOUNDARY welches wort steht im satz ""er fährt jeden tag mit dem fahrrad zur arbeit in die stadt."" direkt vor ""dem""?UTT_BOUNDARY mit dem fahrrad zur arbeit", mit dem fahrrad zur arbeit
"Welches Wort steht im Satz ""Wir feiern Geburtstag mit Familie, Freunden und leckerem Essen."" direkt vor ""mit""? ","['Wir', 'feiern', 'Geburtstag', 'mit', 'Familie', 'Freunden', 'und', 'leckerem', 'Essen']",geburtstag,"UTT_BOUNDARY welches wort steht im satz ""wir feiern geburtstag mit familie, freunden und leckerem essen."" direkt vor ""mit""?UTT_BOUNDARY familie und lieblingsspielzeug", familie und lieblingsspielzeug
"F: In dem Satz ""Das Wetter im Frühling ist oft wechselhaft."", welches Wort steht direkt vor dem Wort ""im""? A:","['Das', 'Wetter', 'im', 'Frühling', 'ist', 'oft', 'wechselhaft']",wetter,"UTT_BOUNDARY f: in dem satz ""das wetter im frühling ist oft wechselhaft."", welches wort steht direkt vor dem wort ""im""? a:UTT_BOUNDARY sommer am nachmittag mit freunden", sommer am nachmittag mit freunden
"Welches Wort steht im Satz ""Er fährt jeden Morgen mit dem Fahrrad zur Arbeit in der Stadt."" direkt vor ""in""? ","['Er', 'fährt', 'jeden', 'Morgen', 'mit', 'dem', 'Fahrrad', 'zur', 'Arbeit', 'in', 'der', 'Stadt']",arbeit,"UTT_BOUNDARY welches wort steht im satz ""er fährt jeden morgen mit dem fahrrad zur arbeit in der stadt."" direkt vor ""in""?UTT_BOUNDARY arbeitstisch. ""ich"," arbeitstisch. ""ich"
"Welches Wort steht im Satz ""Der Hund liegt faul in der Sonne und genießt das Wetter."" direkt vor ""liegt""? ","['Der', 'Hund', 'liegt', 'faul', 'in', 'der', 'Sonne', 'und', 'genießt', 'das', 'Wetter']",hund,"UTT_BOUNDARY welches wort steht im satz ""der hund liegt faul in der sonne und genießt das wetter."" direkt vor ""liegt""?UTT_BOUNDARY hund und hund fallen auf", hund und hund fallen auf
"Welches Wort steht im Satz ""Das Kind lacht laut beim Spielen im Garten draußen."" direkt vor ""Garten""? ","['Das', 'Kind', 'lacht', 'laut', 'beim', 'Spielen', 'im', 'Garten', 'draußen']",im,"UTT_BOUNDARY welches wort steht im satz ""das kind lacht laut beim spielen im garten draußen."" direkt vor ""garten""?UTT_BOUNDARY im park mit bunten luftballons", im park mit bunten luftballons
"F: In dem Satz ""Die Lampe leuchtet hell im dunklen Zimmer."", welches Wort steht direkt vor dem Wort ""dunklen""? A:","['Die', 'Lampe', 'leuchtet', 'hell', 'im', 'dunklen', 'Zimmer']",im,"UTT_BOUNDARY f: in dem satz ""die lampe leuchtet hell im dunklen zimmer."", welches wort steht direkt vor dem wort ""dunklen""? a:UTT_BOUNDARY die sonne scheint warm und", die sonne scheint warm und
"F: In dem Satz ""Ich gehe abends spazieren, um den Kopf frei zu bekommen."", welches Wort kommt unmittelbar vor dem Wort ""Kopf""? A:","['Ich', 'gehe', 'abends', 'spazieren', 'um', 'den', 'Kopf', 'frei', 'zu', 'bekommen']",den,"UTT_BOUNDARY f: in dem satz ""ich gehe abends spazieren, um den kopf frei zu bekommen."", welches wort kommt unmittelbar vor dem wort ""kopf""? a:UTT_BOUNDARY um den kopf herum und", um den kopf herum und
"Welches Wort steht im Satz ""Die Sonne scheint warm auf die bunten Blätter im Park."" direkt vor ""im""? ","['Die', 'Sonne', 'scheint', 'warm', 'auf', 'die', 'bunten', 'Blätter', 'im', 'Park']",blätter,"UTT_BOUNDARY welches wort steht im satz ""die sonne scheint warm auf die bunten blätter im park."" direkt vor ""im""?UTT_BOUNDARY sonne scheint sonne scheint sonne", sonne scheint sonne scheint sonne
"F: In dem Satz ""Ich gehe jeden Tag mindestens eine Stunde spazieren im Park."", welches Wort steht direkt vor dem Wort ""mindestens""? A:","['Ich', 'gehe', 'jeden', 'Tag', 'mindestens', 'eine', 'Stunde', 'spazieren', 'im', 'Park']",tag,"UTT_BOUNDARY f: in dem satz ""ich gehe jeden tag mindestens eine stunde spazieren im park."", welches wort steht direkt vor dem wort ""mindestens""? a:UTT_BOUNDARY um den kopf herum ist", um den kopf herum ist
"Welches Wort steht im Satz ""Die Kinder spielen draußen im Park mit Freunden und Ball."" direkt vor ""Freunden""? ","['Die', 'Kinder', 'spielen', 'draußen', 'im', 'Park', 'mit', 'Freunden', 'und', 'Ball']",mit,"UTT_BOUNDARY welches wort steht im satz ""die kinder spielen draußen im park mit freunden und ball."" direkt vor ""freunden""?UTT_BOUNDARY mit bunten luftballons und viel", mit bunten luftballons und viel
"F: In dem Satz ""Ich koche heute eine Pizza mit frischem Gemüse."", welches Wort steht direkt vor dem Wort ""Pizza""? A:","['Ich', 'koche', 'heute', 'eine', 'Pizza', 'mit', 'frischem', 'Gemüse']",eine,"UTT_BOUNDARY f: in dem satz ""ich koche heute eine pizza mit frischem gemüse."", welches wort steht direkt vor dem wort ""pizza""? a:UTT_BOUNDARY eine pizza mit käse und", eine pizza mit käse und
"F: In dem Satz ""Wir besuchen im Sommer oft den See zum Schwimmen und Entspannen."", welches Wort kommt unmittelbar vor dem Wort ""oft""? A:","['Wir', 'besuchen', 'im', 'Sommer', 'oft', 'den', 'See', 'zum', 'Schwimmen', 'und', 'Entspannen']",sommer,"UTT_BOUNDARY f: in dem satz ""wir besuchen im sommer oft den see zum schwimmen und entspannen."", welches wort kommt unmittelbar vor dem wort ""oft""? a:UTT_BOUNDARY sommer am morgen mit freunden", sommer am morgen mit freunden
"F: In dem Satz ""Im Park spielen viele Kinder fröhlich und laut."", welches Wort steht direkt vor dem Wort ""und""? A:","['Im', 'Park', 'spielen', 'viele', 'Kinder', 'fröhlich', 'und', 'laut']",fröhlich,"UTT_BOUNDARY f: in dem satz ""im park spielen viele kinder fröhlich und laut."", welches wort steht direkt vor dem wort ""und""? a:UTT_BOUNDARY fröhlich im garten mit freunden", fröhlich im garten mit freunden
"Welches Wort steht im Satz ""Wir besuchen das Museum für moderne Kunst in der Stadt."" direkt vor ""Kunst""? ","['Wir', 'besuchen', 'das', 'Museum', 'für', 'moderne', 'Kunst', 'in', 'der', 'Stadt']",moderne,"UTT_BOUNDARY welches wort steht im satz ""wir besuchen das museum für moderne kunst in der stadt."" direkt vor ""kunst""?UTT_BOUNDARY moderne kunst in der stadt", moderne kunst in der stadt
"F: In dem Satz ""Die Katze klettert geschickt auf den Baum im Garten hoch."", welches Wort kommt unmittelbar vor dem Wort ""geschickt""? A:","['Die', 'Katze', 'klettert', 'geschickt', 'auf', 'den', 'Baum', 'im', 'Garten', 'hoch']",klettert,"UTT_BOUNDARY f: in dem satz ""die katze klettert geschickt auf den baum im garten hoch."", welches wort kommt unmittelbar vor dem wort ""geschickt""? a:UTT_BOUNDARY katze spielt mit ihrem liebling", katze spielt mit ihrem liebling
"Welches Wort steht im Satz ""Ich trinke abends gerne eine Tasse warmen Kräutertee zur Entspannung."" direkt vor ""eine""? ","['Ich', 'trinke', 'abends', 'gerne', 'eine', 'Tasse', 'warmen', 'Kräutertee', 'zur', 'Entspannung']",gerne,"UTT_BOUNDARY welches wort steht im satz ""ich trinke abends gerne eine tasse warmen kräutertee zur entspannung."" direkt vor ""eine""?UTT_BOUNDARY gerne mit kaffee und zucker", gerne mit kaffee und zucker
"F: In dem Satz ""Wir fahren am Wochenende mit dem Fahrrad durch die Stadt."", welches Wort kommt unmittelbar vor dem Wort ""durch""? A:","['Wir', 'fahren', 'am', 'Wochenende', 'mit', 'dem', 'Fahrrad', 'durch', 'die', 'Stadt']",fahrrad,"UTT_BOUNDARY f: in dem satz ""wir fahren am wochenende mit dem fahrrad durch die stadt."", welches wort kommt unmittelbar vor dem wort ""durch""? a:UTT_BOUNDARY fahrradtour durch die stadt", fahrradtour durch die stadt
"F: In dem Satz ""Ich trinke morgens gern schwarzen Kaffee ohne Zucker und Milch."", welches Wort kommt unmittelbar vor dem Wort ""morgens""? A:","['Ich', 'trinke', 'morgens', 'gern', 'schwarzen', 'Kaffee', 'ohne', 'Zucker', 'und', 'Milch']",trinke,"UTT_BOUNDARY f: in dem satz ""ich trinke morgens gern schwarzen kaffee ohne zucker und milch."", welches wort kommt unmittelbar vor dem wort ""morgens""? a:UTT_BOUNDARY trinke ich morgens immer gerne", trinke ich morgens immer gerne
"F: In dem Satz ""Der Lehrer erklärt die Aufgaben sehr verständlich."", welches Wort steht direkt vor dem Wort ""Aufgaben""? A:","['Der', 'Lehrer', 'erklärt', 'die', 'Aufgaben', 'sehr', 'verständlich']",die,"UTT_BOUNDARY f: in dem satz ""der lehrer erklärt die aufgaben sehr verständlich."", welches wort steht direkt vor dem wort ""aufgaben""? a:UTT_BOUNDARY erarbeiten ist sehr wichtig", erarbeiten ist sehr wichtig
"F: In dem Satz ""Die Kinder spielen draußen im Garten mit ihren Freunden und haben Spaß."", welches Wort steht direkt vor dem Wort ""spielen""? A:","['Die', 'Kinder', 'spielen', 'draußen', 'im', 'Garten', 'mit', 'ihren', 'Freunden', 'und', 'haben', 'Spaß']",kinder,"UTT_BOUNDARY f: in dem satz ""die kinder spielen draußen im garten mit ihren freunden und haben spaß."", welches wort steht direkt vor dem wort ""spielen""? a:UTT_BOUNDARY kinder gerne mit bunten luftballons", kinder gerne mit bunten luftballons
"F: In dem Satz ""Ich höre oft Podcasts beim Autofahren zur Unterhaltung."", welches Wort kommt unmittelbar vor dem Wort ""beim""? A:","['Ich', 'höre', 'oft', 'Podcasts', 'beim', 'Autofahren', 'zur', 'Unterhaltung']",podcasts,"UTT_BOUNDARY f: in dem satz ""ich höre oft podcasts beim autofahren zur unterhaltung."", welches wort kommt unmittelbar vor dem wort ""beim""? a:UTT_BOUNDARY podcasts beim autofahren", podcasts beim autofahren
"F: In dem Satz ""Sie trägt im Winter eine dicke Jacke und warme Stiefel."", welches Wort kommt unmittelbar vor dem Wort ""trägt""? A:","['Sie', 'trägt', 'im', 'Winter', 'eine', 'dicke', 'Jacke', 'und', 'warme', 'Stiefel']",sie,"UTT_BOUNDARY f: in dem satz ""sie trägt im winter eine dicke jacke und warme stiefel."", welches wort kommt unmittelbar vor dem wort ""trägt""? a:UTT_BOUNDARY und warme jacke trägt sie", und warme jacke trägt sie
"F: In dem Satz ""Wir feiern Weihnachten mit der ganzen Familie zusammen."", welches Wort steht direkt vor dem Wort ""mit""? A:","['Wir', 'feiern', 'Weihnachten', 'mit', 'der', 'ganzen', 'Familie', 'zusammen']",weihnachten,"UTT_BOUNDARY f: in dem satz ""wir feiern weihnachten mit der ganzen familie zusammen."", welches wort steht direkt vor dem wort ""mit""? a:UTT_BOUNDARY weihnachten mit der familie und", weihnachten mit der familie und
"Welches Wort steht im Satz ""Wir feiern heute ein Fest mit Musik und guter Laune."" direkt vor ""guter""? ","['Wir', 'feiern', 'heute', 'ein', 'Fest', 'mit', 'Musik', 'und', 'guter', 'Laune']",und,"UTT_BOUNDARY welches wort steht im satz ""wir feiern heute ein fest mit musik und guter laune."" direkt vor ""guter""?UTT_BOUNDARY mit dem ball im garten", mit dem ball im garten
"Welches Wort steht im Satz ""Wir genießen den sonnigen Tag beim Picknick im Park zusammen."" direkt vor ""Picknick""? ","['Wir', 'genießen', 'den', 'sonnigen', 'Tag', 'beim', 'Picknick', 'im', 'Park', 'zusammen']",beim,"UTT_BOUNDARY welches wort steht im satz ""wir genießen den sonnigen tag beim picknick im park zusammen."" direkt vor ""picknick""?UTT_BOUNDARY sonnigen tag im park", sonnigen tag im park
"F: In dem Satz ""Der Hund liebt es, im Park zu rennen und zu spielen den ganzen Tag."", welches Wort steht direkt vor dem Wort ""rennen""? A:","['Der', 'Hund', 'liebt', 'es', 'im', 'Park', 'zu', 'rennen', 'und', 'zu', 'spielen', 'den', 'ganzen', 'Tag']",zu,"UTT_BOUNDARY f: in dem satz ""der hund liebt es, im park zu rennen und zu spielen den ganzen tag."", welches wort steht direkt vor dem wort ""rennen""? a:UTT_BOUNDARY im garten und verstecken sich", im garten und verstecken sich
"Welches Wort steht im Satz ""Er fährt mit dem Fahrrad durch den Park jeden Morgen."" direkt vor ""Fahrrad""? ","['Er', 'fährt', 'mit', 'dem', 'Fahrrad', 'durch', 'den', 'Park', 'jeden', 'Morgen']",dem,"UTT_BOUNDARY welches wort steht im satz ""er fährt mit dem fahrrad durch den park jeden morgen."" direkt vor ""fahrrad""?UTT_BOUNDARY dem fahrradfahren in der", dem fahrradfahren in der
"Welches Wort steht im Satz ""Ich koche heute eine bunte Gemüsesuppe mit frischen Kräutern."" direkt vor ""frischen""? ","['Ich', 'koche', 'heute', 'eine', 'bunte', 'Gemüsesuppe', 'mit', 'frischen', 'Kräutern']",mit,"UTT_BOUNDARY welches wort steht im satz ""ich koche heute eine bunte gemüsesuppe mit frischen kräutern."" direkt vor ""frischen""?UTT_BOUNDARY mit viel gemüse und kräu", mit viel gemüse und kräu
"F: In dem Satz ""Wir machen einen Spaziergang am Flussufer im warmen Sonnenschein."", welches Wort kommt unmittelbar vor dem Wort ""am""? A:","['Wir', 'machen', 'einen', 'Spaziergang', 'am', 'Flussufer', 'im', 'warmen', 'Sonnenschein']",spaziergang,"UTT_BOUNDARY f: in dem satz ""wir machen einen spaziergang am flussufer im warmen sonnenschein."", welches wort kommt unmittelbar vor dem wort ""am""? a:UTT_BOUNDARY machen wir morgen eine wander", machen wir morgen eine wander
"F: In dem Satz ""Wir machen einen Spaziergang durch den Park am Abend."", welches Wort steht direkt vor dem Wort ""am""? A:","['Wir', 'machen', 'einen', 'Spaziergang', 'durch', 'den', 'Park', 'am', 'Abend']",park,"UTT_BOUNDARY f: in dem satz ""wir machen einen spaziergang durch den park am abend."", welches wort steht direkt vor dem wort ""am""? a:UTT_BOUNDARY durch den park gelaufen."""," durch den park gelaufen."""
"Welches Wort steht im Satz ""Wir treffen uns am Sonntag zum Frühstück im kleinen Café in der Stadt."" direkt vor ""am""? ","['Wir', 'treffen', 'uns', 'am', 'Sonntag', 'zum', 'Frühstück', 'im', 'kleinen', 'Café', 'in', 'der', 'Stadt']",uns,"UTT_BOUNDARY welches wort steht im satz ""wir treffen uns am sonntag zum frühstück im kleinen café in der stadt."" direkt vor ""am""?UTT_BOUNDARY besuchen wir die stadt und", besuchen wir die stadt und
"F: In dem Satz ""Das Wetter im Frühling ist oft wechselhaft und mild mit Sonne."", welches Wort kommt unmittelbar vor dem Wort ""wechselhaft""? A:","['Das', 'Wetter', 'im', 'Frühling', 'ist', 'oft', 'wechselhaft', 'und', 'mild', 'mit', 'Sonne']",oft,"UTT_BOUNDARY f: in dem satz ""das wetter im frühling ist oft wechselhaft und mild mit sonne."", welches wort kommt unmittelbar vor dem wort ""wechselhaft""? a:UTT_BOUNDARY heute abend ist es kühl", heute abend ist es kühl
"Welches Wort steht im Satz ""Ich gehe abends spazieren, um den Kopf frei zu bekommen."" direkt vor ""Kopf""? ","['Ich', 'gehe', 'abends', 'spazieren', 'um', 'den', 'Kopf', 'frei', 'zu', 'bekommen']",den,"UTT_BOUNDARY welches wort steht im satz ""ich gehe abends spazieren, um den kopf frei zu bekommen."" direkt vor ""kopf""?UTT_BOUNDARY den kopf frei und werfe", den kopf frei und werfe
"F: In dem Satz ""Er spielt jeden Abend Klavier und übt neue Stücke."", welches Wort kommt unmittelbar vor dem Wort ""und""? A:","['Er', 'spielt', 'jeden', 'Abend', 'Klavier', 'und', 'übt', 'neue', 'Stücke']",klavier,"UTT_BOUNDARY f: in dem satz ""er spielt jeden abend klavier und übt neue stücke."", welches wort kommt unmittelbar vor dem wort ""und""? a:UTT_BOUNDARY morgen früh um sieben uhr", morgen früh um sieben uhr
"F: In dem Satz ""Sie malt ein Bild von der schönen Landschaft im Herbst."", welches Wort steht direkt vor dem Wort ""ein""? A:","['Sie', 'malt', 'ein', 'Bild', 'von', 'der', 'schönen', 'Landschaft', 'im', 'Herbst']",malt,"UTT_BOUNDARY f: in dem satz ""sie malt ein bild von der schönen landschaft im herbst."", welches wort steht direkt vor dem wort ""ein""? a:UTT_BOUNDARY bild und bild sind sehr", bild und bild sind sehr
"F: In dem Satz ""Sie kocht gern leckere Gerichte aus verschiedenen Ländern Europas."", welches Wort kommt unmittelbar vor dem Wort ""gern""? A:","['Sie', 'kocht', 'gern', 'leckere', 'Gerichte', 'aus', 'verschiedenen', 'Ländern', 'Europas']",kocht,"UTT_BOUNDARY f: in dem satz ""sie kocht gern leckere gerichte aus verschiedenen ländern europas."", welches wort kommt unmittelbar vor dem wort ""gern""? a:UTT_BOUNDARY und leckere gerichte", und leckere gerichte
"F: In dem Satz ""Wir machen eine Wanderung durch den Wald am Wochenende."", welches Wort steht direkt vor dem Wort ""Wald""? A:","['Wir', 'machen', 'eine', 'Wanderung', 'durch', 'den', 'Wald', 'am', 'Wochenende']",den,"UTT_BOUNDARY f: in dem satz ""wir machen eine wanderung durch den wald am wochenende."", welches wort steht direkt vor dem wort ""wald""? a:UTT_BOUNDARY den wald nicht mehr."""," den wald nicht mehr."""
"Welches Wort steht im Satz ""Ich koche heute Abend eine leckere Gemüsesuppe mit Kräutern."" direkt vor ""leckere""? ","['Ich', 'koche', 'heute', 'Abend', 'eine', 'leckere', 'Gemüsesuppe', 'mit', 'Kräutern']",eine,"UTT_BOUNDARY welches wort steht im satz ""ich koche heute abend eine leckere gemüsesuppe mit kräutern."" direkt vor ""leckere""?UTT_BOUNDARY eine pizza katze mit frisch", eine pizza katze mit frisch
"F: In dem Satz ""Sie kocht gern leckere Gerichte aus verschiedenen Ländern Europas."", welches Wort kommt unmittelbar vor dem Wort ""leckere""? A:","['Sie', 'kocht', 'gern', 'leckere', 'Gerichte', 'aus', 'verschiedenen', 'Ländern', 'Europas']",gern,"UTT_BOUNDARY f: in dem satz ""sie kocht gern leckere gerichte aus verschiedenen ländern europas."", welches wort kommt unmittelbar vor dem wort ""leckere""? a:UTT_BOUNDARY leckere nudeln mit tomaten", leckere nudeln mit tomaten
"Welches Wort steht im Satz ""Sie liest gern spannende Krimis bei Kerzenschein am Abend."" direkt vor ""Kerzenschein""? ","['Sie', 'liest', 'gern', 'spannende', 'Krimis', 'bei', 'Kerzenschein', 'am', 'Abend']",bei,"UTT_BOUNDARY welches wort steht im satz ""sie liest gern spannende krimis bei kerzenschein am abend."" direkt vor ""kerzenschein""?UTT_BOUNDARY der satz ""die katze"," der satz ""die katze"
"F: In dem Satz ""Ich lerne Deutsch, um besser kommunizieren zu können."", welches Wort steht direkt vor dem Wort ""zu""? A:","['Ich', 'lerne', 'Deutsch', 'um', 'besser', 'kommunizieren', 'zu', 'können']",kommunizieren,"UTT_BOUNDARY f: in dem satz ""ich lerne deutsch, um besser kommunizieren zu können."", welches wort steht direkt vor dem wort ""zu""? a:UTT_BOUNDARY deutsches lernen ist sehr", deutsches lernen ist sehr
"F: In dem Satz ""Ich lese oft spannende Bücher über Geschichte und Kultur."", welches Wort steht direkt vor dem Wort ""Geschichte""? A:","['Ich', 'lese', 'oft', 'spannende', 'Bücher', 'über', 'Geschichte', 'und', 'Kultur']",über,"UTT_BOUNDARY f: in dem satz ""ich lese oft spannende bücher über geschichte und kultur."", welches wort steht direkt vor dem wort ""geschichte""? a:UTT_BOUNDARY ich heute abend vor dem", ich heute abend vor dem
"F: In dem Satz ""Ich lese gern spannende Romane und Geschichten."", welches Wort steht direkt vor dem Wort ""spannende""? A:","['Ich', 'lese', 'gern', 'spannende', 'Romane', 'und', 'Geschichten']",gern,"UTT_BOUNDARY f: in dem satz ""ich lese gern spannende romane und geschichten."", welches wort steht direkt vor dem wort ""spannende""? a:UTT_BOUNDARY gern romane über freundschaft", gern romane über freundschaft
"Welches Wort steht im Satz ""Wir besuchen den Wochenmarkt und kaufen frisches Gemüse ein."" direkt vor ""frisches""? ","['Wir', 'besuchen', 'den', 'Wochenmarkt', 'und', 'kaufen', 'frisches', 'Gemüse', 'ein']",kaufen,"UTT_BOUNDARY welches wort steht im satz ""wir besuchen den wochenmarkt und kaufen frisches gemüse ein."" direkt vor ""frisches""?UTT_BOUNDARY mit dem ball im garten", mit dem ball im garten
"F: In dem Satz ""Ich lese oft Bücher über Geschichte und interessante Kulturen weltweit."", welches Wort kommt unmittelbar vor dem Wort ""und""? A:","['Ich', 'lese', 'oft', 'Bücher', 'über', 'Geschichte', 'und', 'interessante', 'Kulturen', 'weltweit']",geschichte,"UTT_BOUNDARY f: in dem satz ""ich lese oft bücher über geschichte und interessante kulturen weltweit."", welches wort kommt unmittelbar vor dem wort ""und""? a:UTT_BOUNDARY geschichte und kultur in der", geschichte und kultur in der
"F: In dem Satz ""Die Katze spielt mit ihrem Lieblingsspielzeug im Wohnzimmer fröhlich."", welches Wort kommt unmittelbar vor dem Wort ""im""? A:","['Die', 'Katze', 'spielt', 'mit', 'ihrem', 'Lieblingsspielzeug', 'im', 'Wohnzimmer', 'fröhlich']",lieblingsspielzeug,"UTT_BOUNDARY f: in dem satz ""die katze spielt mit ihrem lieblingsspielzeug im wohnzimmer fröhlich."", welches wort kommt unmittelbar vor dem wort ""im""? a:UTT_BOUNDARY lieblingsspielzeugs?", lieblingsspielzeugs?
"F: In dem Satz ""Die Kinder basteln bunte Laternen für das Laternenfest."", welches Wort steht direkt vor dem Wort ""bunte""? A:","['Die', 'Kinder', 'basteln', 'bunte', 'Laternen', 'für', 'das', 'Laternenfest']",basteln,"UTT_BOUNDARY f: in dem satz ""die kinder basteln bunte laternen für das laternenfest."", welches wort steht direkt vor dem wort ""bunte""? a:UTT_BOUNDARY für das wochenende mit dem", für das wochenende mit dem
"F: In dem Satz ""Ich esse gern frisches Obst und Gemüse zum Mittagessen und Abendessen."", welches Wort kommt unmittelbar vor dem Wort ""Obst""? A:","['Ich', 'esse', 'gern', 'frisches', 'Obst', 'und', 'Gemüse', 'zum', 'Mittagessen', 'und', 'Abendessen']",frisches,"UTT_BOUNDARY f: in dem satz ""ich esse gern frisches obst und gemüse zum mittagessen und abendessen."", welches wort kommt unmittelbar vor dem wort ""obst""? a:UTT_BOUNDARY gern schokolade und kuchen."""," gern schokolade und kuchen."""
"F: In dem Satz ""Die Katze schnurrt zufrieden, wenn sie auf dem Schoß liegt."", welches Wort kommt unmittelbar vor dem Wort ""Schoß""? A:","['Die', 'Katze', 'schnurrt', 'zufrieden', 'wenn', 'sie', 'auf', 'dem', 'Schoß', 'liegt']",dem,"UTT_BOUNDARY f: in dem satz ""die katze schnurrt zufrieden, wenn sie auf dem schoß liegt."", welches wort kommt unmittelbar vor dem wort ""schoß""? a:UTT_BOUNDARY dem hund nicht mehr zu", dem hund nicht mehr zu
"F: In dem Satz ""Der Lehrer erklärt die Grammatik sehr verständlich und geduldig."", welches Wort steht direkt vor dem Wort ""erklärt""? A:","['Der', 'Lehrer', 'erklärt', 'die', 'Grammatik', 'sehr', 'verständlich', 'und', 'geduldig']",lehrer,"UTT_BOUNDARY f: in dem satz ""der lehrer erklärt die grammatik sehr verständlich und geduldig."", welches wort steht direkt vor dem wort ""erklärt""? a:UTT_BOUNDARY erklärt die grammatik sehr", erklärt die grammatik sehr
"F: In dem Satz ""Wir fahren im Sommer an den See zum Schwimmen und Picknicken."", welches Wort kommt unmittelbar vor dem Wort ""an""? A:","['Wir', 'fahren', 'im', 'Sommer', 'an', 'den', 'See', 'zum', 'Schwimmen', 'und', 'Picknicken']",sommer,"UTT_BOUNDARY f: in dem satz ""wir fahren im sommer an den see zum schwimmen und picknicken."", welches wort kommt unmittelbar vor dem wort ""an""? a:UTT_BOUNDARY sommer am morgen."","," sommer am morgen."","
"Welches Wort steht im Satz ""Wir feiern Weihnachten mit der Familie und vielen leckeren Plätzchen."" direkt vor ""feiern""? ","['Wir', 'feiern', 'Weihnachten', 'mit', 'der', 'Familie', 'und', 'vielen', 'leckeren', 'Plätzchen']",wir,"UTT_BOUNDARY welches wort steht im satz ""wir feiern weihnachten mit der familie und vielen leckeren plätzchen."" direkt vor ""feiern""?UTT_BOUNDARY und spaß."" direkt vor"," und spaß."" direkt vor"
"F: In dem Satz ""Sie kocht gern italienische Gerichte für ihre Freunde."", welches Wort steht direkt vor dem Wort ""Gerichte""? A:","['Sie', 'kocht', 'gern', 'italienische', 'Gerichte', 'für', 'ihre', 'Freunde']",italienische,"UTT_BOUNDARY f: in dem satz ""sie kocht gern italienische gerichte für ihre freunde."", welches wort steht direkt vor dem wort ""gerichte""? a:UTT_BOUNDARY italienische gerichte aus dem", italienische gerichte aus dem
"Welches Wort steht im Satz ""Die Blumen im Park blühen in vielen verschiedenen Farben."" direkt vor ""verschiedenen""? ","['Die', 'Blumen', 'im', 'Park', 'blühen', 'in', 'vielen', 'verschiedenen', 'Farben']",vielen,"UTT_BOUNDARY welches wort steht im satz ""die blumen im park blühen in vielen verschiedenen farben."" direkt vor ""verschiedenen""?UTT_BOUNDARY vielen bunten farben und farben", vielen bunten farben und farben
"F: In dem Satz ""Er schreibt regelmäßig Briefe an seine Freunde in Deutschland."", welches Wort steht direkt vor dem Wort ""regelmäßig""? A:","['Er', 'schreibt', 'regelmäßig', 'Briefe', 'an', 'seine', 'Freunde', 'in', 'Deutschland']",schreibt,"UTT_BOUNDARY f: in dem satz ""er schreibt regelmäßig briefe an seine freunde in deutschland."", welches wort steht direkt vor dem wort ""regelmäßig""? a:UTT_BOUNDARY seine freunde und freunde."""," seine freunde und freunde."""
"F: In dem Satz ""Der Zug kommt pünktlich am Bahnhof an."", welches Wort steht direkt vor dem Wort ""pünktlich""? A:","['Der', 'Zug', 'kommt', 'pünktlich', 'am', 'Bahnhof', 'an']",kommt,"UTT_BOUNDARY f: in dem satz ""der zug kommt pünktlich am bahnhof an."", welches wort steht direkt vor dem wort ""pünktlich""? a:UTT_BOUNDARY fährt ab und zu mal", fährt ab und zu mal
"F: In dem Satz ""Sie tanzt gern Ballett und übt jeden Tag fleißig zu Hause."", welches Wort kommt unmittelbar vor dem Wort ""jeden""? A:","['Sie', 'tanzt', 'gern', 'Ballett', 'und', 'übt', 'jeden', 'Tag', 'fleißig', 'zu', 'Hause']",übt,"UTT_BOUNDARY f: in dem satz ""sie tanzt gern ballett und übt jeden tag fleißig zu hause."", welches wort kommt unmittelbar vor dem wort ""jeden""? a:UTT_BOUNDARY gern mit dem ball im", gern mit dem ball im
"F: In dem Satz ""Die Katze schnurrt zufrieden, wenn sie gestreichelt wird vom Besitzer."", welches Wort kommt unmittelbar vor dem Wort ""sie""? A:","['Die', 'Katze', 'schnurrt', 'zufrieden', 'wenn', 'sie', 'gestreichelt', 'wird', 'vom', 'Besitzer']",wenn,"UTT_BOUNDARY f: in dem satz ""die katze schnurrt zufrieden, wenn sie gestreichelt wird vom besitzer."", welches wort kommt unmittelbar vor dem wort ""sie""? a:UTT_BOUNDARY wird sie genannt, wird"," wird sie genannt, wird"
"F: In dem Satz ""Der Zug kommt pünktlich um acht Uhr am Bahnhof an."", welches Wort steht direkt vor dem Wort ""um""? A:","['Der', 'Zug', 'kommt', 'pünktlich', 'um', 'acht', 'Uhr', 'am', 'Bahnhof', 'an']",pünktlich,"UTT_BOUNDARY f: in dem satz ""der zug kommt pünktlich um acht uhr am bahnhof an."", welches wort steht direkt vor dem wort ""um""? a:UTT_BOUNDARY zug zug zug zug zug", zug zug zug zug zug
"Welches Wort steht im Satz ""Sie kocht ein neues Rezept mit viel frischem Gemüse."" direkt vor ""kocht""? ","['Sie', 'kocht', 'ein', 'neues', 'Rezept', 'mit', 'viel', 'frischem', 'Gemüse']",sie,"UTT_BOUNDARY welches wort steht im satz ""sie kocht ein neues rezept mit viel frischem gemüse."" direkt vor ""kocht""?UTT_BOUNDARY sie mit frischen kräutern", sie mit frischen kräutern
"F: In dem Satz ""Er liest ein spannendes Buch auf dem Sofa am Abend."", welches Wort kommt unmittelbar vor dem Wort ""spannendes""? A:","['Er', 'liest', 'ein', 'spannendes', 'Buch', 'auf', 'dem', 'Sofa', 'am', 'Abend']",ein,"UTT_BOUNDARY f: in dem satz ""er liest ein spannendes buch auf dem sofa am abend."", welches wort kommt unmittelbar vor dem wort ""spannendes""? a:UTT_BOUNDARY das wort ""und""?"," das wort ""und""?"
"F: In dem Satz ""Wir feiern Weihnachten traditionell mit der ganzen Familie und viel Essen."", welches Wort kommt unmittelbar vor dem Wort ""Familie""? A:","['Wir', 'feiern', 'Weihnachten', 'traditionell', 'mit', 'der', 'ganzen', 'Familie', 'und', 'viel', 'Essen']",ganzen,"UTT_BOUNDARY f: in dem satz ""wir feiern weihnachten traditionell mit der ganzen familie und viel essen."", welches wort kommt unmittelbar vor dem wort ""familie""? a:UTT_BOUNDARY wir heute mit der familie", wir heute mit der familie
"Welches Wort steht im Satz ""Der Vogel singt früh am Morgen ein wunderschönes Lied draußen."" direkt vor ""Vogel""? ","['Der', 'Vogel', 'singt', 'früh', 'am', 'Morgen', 'ein', 'wunderschönes', 'Lied', 'draußen']",der,"UTT_BOUNDARY welches wort steht im satz ""der vogel singt früh am morgen ein wunderschönes lied draußen."" direkt vor ""vogel""?UTT_BOUNDARY der vogel singt ein schönes", der vogel singt ein schönes
"Welches Wort steht im Satz ""Die Blumen blühen bunt und duften herrlich im Frühlingsgarten."" direkt vor ""blühen""? ","['Die', 'Blumen', 'blühen', 'bunt', 'und', 'duften', 'herrlich', 'im', 'Frühlingsgarten']",blumen,"UTT_BOUNDARY welches wort steht im satz ""die blumen blühen bunt und duften herrlich im frühlingsgarten."" direkt vor ""blühen""?UTT_BOUNDARY und blühen."" direkt vor"," und blühen."" direkt vor"
"F: In dem Satz ""Ich gehe gerne joggen im Wald am Morgen und genieße die frische Luft."", welches Wort steht direkt vor dem Wort ""frische""? A:","['Ich', 'gehe', 'gerne', 'joggen', 'im', 'Wald', 'am', 'Morgen', 'und', 'genieße', 'die', 'frische', 'Luft']",die,"UTT_BOUNDARY f: in dem satz ""ich gehe gerne joggen im wald am morgen und genieße die frische luft."", welches wort steht direkt vor dem wort ""frische""? a:UTT_BOUNDARY ich mich fest in den", ich mich fest in den
"Welches Wort steht im Satz ""Der Hund bellt laut, wenn Fremde das Grundstück betreten."" direkt vor ""laut""? ","['Der', 'Hund', 'bellt', 'laut', 'wenn', 'Fremde', 'das', 'Grundstück', 'betreten']",bellt,"UTT_BOUNDARY welches wort steht im satz ""der hund bellt laut, wenn fremde das grundstück betreten."" direkt vor ""laut""?UTT_BOUNDARY hundchen in der mitte", hundchen in der mitte
"Welches Wort steht im Satz ""Wir gehen abends spazieren und genießen die frische Luft draußen."" direkt vor ""gehen""? ","['Wir', 'gehen', 'abends', 'spazieren', 'und', 'genießen', 'die', 'frische', 'Luft', 'draußen']",wir,"UTT_BOUNDARY welches wort steht im satz ""wir gehen abends spazieren und genießen die frische luft draußen."" direkt vor ""gehen""?UTT_BOUNDARY wir die sonne mit bunten", wir die sonne mit bunten
"F: In dem Satz ""Der Lehrer erklärt die neue Grammatik im Unterricht sehr geduldig."", welches Wort kommt unmittelbar vor dem Wort ""im""? A:","['Der', 'Lehrer', 'erklärt', 'die', 'neue', 'Grammatik', 'im', 'Unterricht', 'sehr', 'geduldig']",grammatik,"UTT_BOUNDARY f: in dem satz ""der lehrer erklärt die neue grammatik im unterricht sehr geduldig."", welches wort kommt unmittelbar vor dem wort ""im""? a:UTT_BOUNDARY erklärt die grammatik sehr", erklärt die grammatik sehr
"F: In dem Satz ""Die Katze sitzt auf dem Fensterbrett und beobachtet die Vögel draußen."", welches Wort kommt unmittelbar vor dem Wort ""Vögel""? A:","['Die', 'Katze', 'sitzt', 'auf', 'dem', 'Fensterbrett', 'und', 'beobachtet', 'die', 'Vögel', 'draußen']",die,"UTT_BOUNDARY f: in dem satz ""die katze sitzt auf dem fensterbrett und beobachtet die vögel draußen."", welches wort kommt unmittelbar vor dem wort ""vögel""? a:UTT_BOUNDARY die maus im garten und", die maus im garten und
"Welches Wort steht im Satz ""Sie spielt Geige und übt fleißig für das Konzert nächste Woche."" direkt vor ""und""? ","['Sie', 'spielt', 'Geige', 'und', 'übt', 'fleißig', 'für', 'das', 'Konzert', 'nächste', 'Woche']",geige,"UTT_BOUNDARY welches wort steht im satz ""sie spielt geige und übt fleißig für das konzert nächste woche."" direkt vor ""und""?UTT_BOUNDARY hausaufgaben für das wochenende."""," hausaufgaben für das wochenende."""
"F: In dem Satz ""Sie malt ein Bild von der Landschaft im Herbst."", welches Wort steht direkt vor dem Wort ""von""? A:","['Sie', 'malt', 'ein', 'Bild', 'von', 'der', 'Landschaft', 'im', 'Herbst']",bild,"UTT_BOUNDARY f: in dem satz ""sie malt ein bild von der landschaft im herbst."", welches wort steht direkt vor dem wort ""von""? a:UTT_BOUNDARY bild und satz sind sehr", bild und satz sind sehr
"F: In dem Satz ""Der Lehrer erklärt die Grammatik sehr verständlich."", welches Wort steht direkt vor dem Wort ""sehr""? A:","['Der', 'Lehrer', 'erklärt', 'die', 'Grammatik', 'sehr', 'verständlich']",grammatik,"UTT_BOUNDARY f: in dem satz ""der lehrer erklärt die grammatik sehr verständlich."", welches wort steht direkt vor dem wort ""sehr""? a:UTT_BOUNDARY erklärt die grammatik sehr", erklärt die grammatik sehr
"F: In dem Satz ""Sie trägt eine schöne rote Jacke im Winter."", welches Wort steht direkt vor dem Wort ""im""? A:","['Sie', 'trägt', 'eine', 'schöne', 'rote', 'Jacke', 'im', 'Winter']",jacke,"UTT_BOUNDARY f: in dem satz ""sie trägt eine schöne rote jacke im winter."", welches wort steht direkt vor dem wort ""im""? a:UTT_BOUNDARY jacke und jacke ist sehr", jacke und jacke ist sehr
"F: In dem Satz ""Der Lehrer erklärt die Aufgaben sehr verständlich."", welches Wort steht direkt vor dem Wort ""erklärt""? A:","['Der', 'Lehrer', 'erklärt', 'die', 'Aufgaben', 'sehr', 'verständlich']",lehrer,"UTT_BOUNDARY f: in dem satz ""der lehrer erklärt die aufgaben sehr verständlich."", welches wort steht direkt vor dem wort ""erklärt""? a:UTT_BOUNDARY lehrerinnen und lehrerinnen", lehrerinnen und lehrerinnen
"F: In dem Satz ""Wir gehen am Abend spazieren und genießen die frische Luft."", welches Wort kommt unmittelbar vor dem Wort ""spazieren""? A:","['Wir', 'gehen', 'am', 'Abend', 'spazieren', 'und', 'genießen', 'die', 'frische', 'Luft']",abend,"UTT_BOUNDARY f: in dem satz ""wir gehen am abend spazieren und genießen die frische luft."", welches wort kommt unmittelbar vor dem wort ""spazieren""? a:UTT_BOUNDARY wir heute abend mit freunden", wir heute abend mit freunden
"Welches Wort steht im Satz ""Die Kinder spielen draußen im Park mit Freunden und Ball."" direkt vor ""Park""? ","['Die', 'Kinder', 'spielen', 'draußen', 'im', 'Park', 'mit', 'Freunden', 'und', 'Ball']",im,"UTT_BOUNDARY welches wort steht im satz ""die kinder spielen draußen im park mit freunden und ball."" direkt vor ""park""?UTT_BOUNDARY im park mit bunten luftballons", im park mit bunten luftballons
"F: In dem Satz ""Der Vogel singt am frühen Morgen im Garten und freut sich oft."", welches Wort kommt unmittelbar vor dem Wort ""Morgen""? A:","['Der', 'Vogel', 'singt', 'am', 'frühen', 'Morgen', 'im', 'Garten', 'und', 'freut', 'sich', 'oft']",frühen,"UTT_BOUNDARY f: in dem satz ""der vogel singt am frühen morgen im garten und freut sich oft."", welches wort kommt unmittelbar vor dem wort ""morgen""? a:UTT_BOUNDARY singt er fröhlich vor dem", singt er fröhlich vor dem
"F: In dem Satz ""Die Kinder basteln Laternen für das Martinsfest in der Schule."", welches Wort kommt unmittelbar vor dem Wort ""der""? A:","['Die', 'Kinder', 'basteln', 'Laternen', 'für', 'das', 'Martinsfest', 'in', 'der', 'Schule']",in,"UTT_BOUNDARY f: in dem satz ""die kinder basteln laternen für das martinsfest in der schule."", welches wort kommt unmittelbar vor dem wort ""der""? a:UTT_BOUNDARY in dem satz ""sie"," in dem satz ""sie"
"F: In dem Satz ""Der Lehrer erklärt die Grammatik sehr gut und geduldig."", welches Wort steht direkt vor dem Wort ""Lehrer""? A:","['Der', 'Lehrer', 'erklärt', 'die', 'Grammatik', 'sehr', 'gut', 'und', 'geduldig']",der,"UTT_BOUNDARY f: in dem satz ""der lehrer erklärt die grammatik sehr gut und geduldig."", welches wort steht direkt vor dem wort ""lehrer""? a:UTT_BOUNDARY der klasse zu hause im", der klasse zu hause im
"Welches Wort steht im Satz ""Der Vogel singt laut auf dem Ast eines alten Baumes."" direkt vor ""laut""? ","['Der', 'Vogel', 'singt', 'laut', 'auf', 'dem', 'Ast', 'eines', 'alten', 'Baumes']",singt,"UTT_BOUNDARY welches wort steht im satz ""der vogel singt laut auf dem ast eines alten baumes."" direkt vor ""laut""?UTT_BOUNDARY der hund im baum und", der hund im baum und
"F: In dem Satz ""Die Blumen brauchen täglich Wasser und viel Sonne zum Gedeihen."", welches Wort kommt unmittelbar vor dem Wort ""brauchen""? A:","['Die', 'Blumen', 'brauchen', 'täglich', 'Wasser', 'und', 'viel', 'Sonne', 'zum', 'Gedeihen']",blumen,"UTT_BOUNDARY f: in dem satz ""die blumen brauchen täglich wasser und viel sonne zum gedeihen."", welches wort kommt unmittelbar vor dem wort ""brauchen""? a:UTT_BOUNDARY blumen blühen in vielen farben", blumen blühen in vielen farben
"F: In dem Satz ""Das Kind spielt fröhlich mit seinen Freunden im Park."", welches Wort steht direkt vor dem Wort ""Freunden""? A:","['Das', 'Kind', 'spielt', 'fröhlich', 'mit', 'seinen', 'Freunden', 'im', 'Park']",seinen,"UTT_BOUNDARY f: in dem satz ""das kind spielt fröhlich mit seinen freunden im park."", welches wort steht direkt vor dem wort ""freunden""? a:UTT_BOUNDARY mit dem ballastwasser", mit dem ballastwasser
"F: In dem Satz ""Ich trinke morgens immer einen Kaffee mit Milch und Zucker."", welches Wort steht direkt vor dem Wort ""Kaffee""? A:","['Ich', 'trinke', 'morgens', 'immer', 'einen', 'Kaffee', 'mit', 'Milch', 'und', 'Zucker']",einen,"UTT_BOUNDARY f: in dem satz ""ich trinke morgens immer einen kaffee mit milch und zucker."", welches wort steht direkt vor dem wort ""kaffee""? a:UTT_BOUNDARY und kuchen zum frühstück trinken", und kuchen zum frühstück trinken
"Welches Wort steht im Satz ""Sie liest gern Romane über Freundschaft und Abenteuer in der Jugend."" direkt vor ""Romane""? ","['Sie', 'liest', 'gern', 'Romane', 'über', 'Freundschaft', 'und', 'Abenteuer', 'in', 'der', 'Jugend']",gern,"UTT_BOUNDARY welches wort steht im satz ""sie liest gern romane über freundschaft und abenteuer in der jugend."" direkt vor ""romane""?UTT_BOUNDARY sie über die erlebnisse und", sie über die erlebnisse und
"F: In dem Satz ""Ich lese oft Bücher über Geschichte und Kultur in meiner Freizeit."", welches Wort kommt unmittelbar vor dem Wort ""Geschichte""? A:","['Ich', 'lese', 'oft', 'Bücher', 'über', 'Geschichte', 'und', 'Kultur', 'in', 'meiner', 'Freizeit']",über,"UTT_BOUNDARY f: in dem satz ""ich lese oft bücher über geschichte und kultur in meiner freizeit."", welches wort kommt unmittelbar vor dem wort ""geschichte""? a:UTT_BOUNDARY ich gern vor dem wort", ich gern vor dem wort
"F: In dem Satz ""Ich lese jeden Tag die Nachrichten im Internet."", welches Wort steht direkt vor dem Wort ""Tag""? A:","['Ich', 'lese', 'jeden', 'Tag', 'die', 'Nachrichten', 'im', 'Internet']",jeden,"UTT_BOUNDARY f: in dem satz ""ich lese jeden tag die nachrichten im internet."", welches wort steht direkt vor dem wort ""tag""? a:UTT_BOUNDARY ich mich an den abend", ich mich an den abend
"F: In dem Satz ""Sie schreibt eine Postkarte an ihre beste Freundin aus dem Urlaub."", welches Wort kommt unmittelbar vor dem Wort ""an""? A:","['Sie', 'schreibt', 'eine', 'Postkarte', 'an', 'ihre', 'beste', 'Freundin', 'aus', 'dem', 'Urlaub']",postkarte,"UTT_BOUNDARY f: in dem satz ""sie schreibt eine postkarte an ihre beste freundin aus dem urlaub."", welches wort kommt unmittelbar vor dem wort ""an""? a:UTT_BOUNDARY schreibt sie heute an ihre", schreibt sie heute an ihre
"F: In dem Satz ""Die Katze schnurrt zufrieden, wenn sie gestreichelt wird vom Besitzer."", welches Wort kommt unmittelbar vor dem Wort ""Katze""? A:","['Die', 'Katze', 'schnurrt', 'zufrieden', 'wenn', 'sie', 'gestreichelt', 'wird', 'vom', 'Besitzer']",die,"UTT_BOUNDARY f: in dem satz ""die katze schnurrt zufrieden, wenn sie gestreichelt wird vom besitzer."", welches wort kommt unmittelbar vor dem wort ""katze""? a:UTT_BOUNDARY die katze jagt gern", die katze jagt gern
"Welches Wort steht im Satz ""Ich trinke morgens gern schwarzen Kaffee ohne Zucker und Milch."" direkt vor ""trinke""? ","['Ich', 'trinke', 'morgens', 'gern', 'schwarzen', 'Kaffee', 'ohne', 'Zucker', 'und', 'Milch']",ich,"UTT_BOUNDARY welches wort steht im satz ""ich trinke morgens gern schwarzen kaffee ohne zucker und milch."" direkt vor ""trinke""?UTT_BOUNDARY ich gern tee mit honig", ich gern tee mit honig
"F: In dem Satz ""Das Wetter ist heute sonnig und warm."", welches Wort steht direkt vor dem Wort ""ist""? A:","['Das', 'Wetter', 'ist', 'heute', 'sonnig', 'und', 'warm']",wetter,"UTT_BOUNDARY f: in dem satz ""das wetter ist heute sonnig und warm."", welches wort steht direkt vor dem wort ""ist""? a:UTT_BOUNDARY ist es nicht, dass"," ist es nicht, dass"
"F: In dem Satz ""Die Kinder basteln bunte Laternen für das Laternenfest."", welches Wort steht direkt vor dem Wort ""Kinder""? A:","['Die', 'Kinder', 'basteln', 'bunte', 'Laternen', 'für', 'das', 'Laternenfest']",die,"UTT_BOUNDARY f: in dem satz ""die kinder basteln bunte laternen für das laternenfest."", welches wort steht direkt vor dem wort ""kinder""? a:UTT_BOUNDARY die kinder gern mit dem", die kinder gern mit dem
"F: In dem Satz ""Wir feiern Silvester mit Freunden und genießen das Feuerwerk am Himmel."", welches Wort kommt unmittelbar vor dem Wort ""Silvester""? A:","['Wir', 'feiern', 'Silvester', 'mit', 'Freunden', 'und', 'genießen', 'das', 'Feuerwerk', 'am', 'Himmel']",feiern,"UTT_BOUNDARY f: in dem satz ""wir feiern silvester mit freunden und genießen das feuerwerk am himmel."", welches wort kommt unmittelbar vor dem wort ""silvester""? a:UTT_BOUNDARY feiern und feiern ist ein", feiern und feiern ist ein
"F: In dem Satz ""Der Zug kommt pünktlich am Bahnhof an und fährt weiter nach Berlin."", welches Wort steht direkt vor dem Wort ""Bahnhof""? A:","['Der', 'Zug', 'kommt', 'pünktlich', 'am', 'Bahnhof', 'an', 'und', 'fährt', 'weiter', 'nach', 'Berlin']",am,"UTT_BOUNDARY f: in dem satz ""der zug kommt pünktlich am bahnhof an und fährt weiter nach berlin."", welches wort steht direkt vor dem wort ""bahnhof""? a:UTT_BOUNDARY der zug fährt pünktlich um", der zug fährt pünktlich um
"F: In dem Satz ""Wir essen heute Abend Spaghetti mit Tomatensoße und Parmesan."", welches Wort kommt unmittelbar vor dem Wort ""Spaghetti""? A:","['Wir', 'essen', 'heute', 'Abend', 'Spaghetti', 'mit', 'Tomatensoße', 'und', 'Parmesan']",abend,"UTT_BOUNDARY f: in dem satz ""wir essen heute abend spaghetti mit tomatensoße und parmesan."", welches wort kommt unmittelbar vor dem wort ""spaghetti""? a:UTT_BOUNDARY heute abend pizza mit tomaten", heute abend pizza mit tomaten
"Welches Wort steht im Satz ""Wir feiern Weihnachten mit der ganzen Familie und vielen Geschenken."" direkt vor ""Weihnachten""? ","['Wir', 'feiern', 'Weihnachten', 'mit', 'der', 'ganzen', 'Familie', 'und', 'vielen', 'Geschenken']",feiern,"UTT_BOUNDARY welches wort steht im satz ""wir feiern weihnachten mit der ganzen familie und vielen geschenken."" direkt vor ""weihnachten""?UTT_BOUNDARY mit bunten eiern und der", mit bunten eiern und der
"F: In dem Satz ""Sie schreibt einen Brief an ihre Großeltern zum Geburtstag."", welches Wort steht direkt vor dem Wort ""ihre""? A:","['Sie', 'schreibt', 'einen', 'Brief', 'an', 'ihre', 'Großeltern', 'zum', 'Geburtstag']",an,"UTT_BOUNDARY f: in dem satz ""sie schreibt einen brief an ihre großeltern zum geburtstag."", welches wort steht direkt vor dem wort ""ihre""? a:UTT_BOUNDARY ihre freundin zum geburtstag ihrer", ihre freundin zum geburtstag ihrer
"Welches Wort steht im Satz ""Der Hund läuft schnell über die Wiese und fängt den Ball."" direkt vor ""schnell""? ","['Der', 'Hund', 'läuft', 'schnell', 'über', 'die', 'Wiese', 'und', 'fängt', 'den', 'Ball']",läuft,"UTT_BOUNDARY welches wort steht im satz ""der hund läuft schnell über die wiese und fängt den ball."" direkt vor ""schnell""?UTT_BOUNDARY fliegt über die wiese im", fliegt über die wiese im
"F: In dem Satz ""Das Kind malt ein buntes Bild mit Farben."", welches Wort steht direkt vor dem Wort ""buntes""? A:","['Das', 'Kind', 'malt', 'ein', 'buntes', 'Bild', 'mit', 'Farben']",ein,"UTT_BOUNDARY f: in dem satz ""das kind malt ein buntes bild mit farben."", welches wort steht direkt vor dem wort ""buntes""? a:UTT_BOUNDARY malt ein bild mit vielen", malt ein bild mit vielen
"Welches Wort steht im Satz ""Die Katze schnurrt zufrieden, wenn sie gestreichelt wird vom Besitzer."" direkt vor ""Katze""? ","['Die', 'Katze', 'schnurrt', 'zufrieden', 'wenn', 'sie', 'gestreichelt', 'wird', 'vom', 'Besitzer']",die,"UTT_BOUNDARY welches wort steht im satz ""die katze schnurrt zufrieden, wenn sie gestreichelt wird vom besitzer."" direkt vor ""katze""?UTT_BOUNDARY die katze schläft auf dem", die katze schläft auf dem
"F: In dem Satz ""Die Blumen duften wunderbar im Garten nach einem Regen."", welches Wort kommt unmittelbar vor dem Wort ""Garten""? A:","['Die', 'Blumen', 'duften', 'wunderbar', 'im', 'Garten', 'nach', 'einem', 'Regen']",im,"UTT_BOUNDARY f: in dem satz ""die blumen duften wunderbar im garten nach einem regen."", welches wort kommt unmittelbar vor dem wort ""garten""? a:UTT_BOUNDARY im garten mit bunten eiern", im garten mit bunten eiern
"F: In dem Satz ""Der Hund läuft fröhlich durch den Park."", welches Wort steht direkt vor dem Wort ""Hund""? A:","['Der', 'Hund', 'läuft', 'fröhlich', 'durch', 'den', 'Park']",der,"UTT_BOUNDARY f: in dem satz ""der hund läuft fröhlich durch den park."", welches wort steht direkt vor dem wort ""hund""? a:UTT_BOUNDARY der hund liegt faul in", der hund liegt faul in
"F: In dem Satz ""Der Himmel ist blau und die Sonne scheint."", welches Wort steht direkt vor dem Wort ""Sonne""? A:","['Der', 'Himmel', 'ist', 'blau', 'und', 'die', 'Sonne', 'scheint']",die,"UTT_BOUNDARY f: in dem satz ""der himmel ist blau und die sonne scheint."", welches wort steht direkt vor dem wort ""sonne""? a:UTT_BOUNDARY die sonne scheint hell und", die sonne scheint hell und
"F: In dem Satz ""Die Kinder spielen draußen im Garten mit Freunden und haben viel Spaß."", welches Wort kommt unmittelbar vor dem Wort ""Kinder""? A:","['Die', 'Kinder', 'spielen', 'draußen', 'im', 'Garten', 'mit', 'Freunden', 'und', 'haben', 'viel', 'Spaß']",die,"UTT_BOUNDARY f: in dem satz ""die kinder spielen draußen im garten mit freunden und haben viel spaß."", welches wort kommt unmittelbar vor dem wort ""kinder""? a:UTT_BOUNDARY die kinder spielen fußball mit", die kinder spielen fußball mit
"F: In dem Satz ""Ich trinke abends gern eine heiße Tasse Tee."", welches Wort steht direkt vor dem Wort ""trinke""? A:","['Ich', 'trinke', 'abends', 'gern', 'eine', 'heiße', 'Tasse', 'Tee']",ich,"UTT_BOUNDARY f: in dem satz ""ich trinke abends gern eine heiße tasse tee."", welches wort steht direkt vor dem wort ""trinke""? a:UTT_BOUNDARY abends gerne mit freunden und", abends gerne mit freunden und
"F: In dem Satz ""Der Hund bellt laut, wenn Fremde das Haus betreten."", welches Wort steht direkt vor dem Wort ""wenn""? A:","['Der', 'Hund', 'bellt', 'laut', 'wenn', 'Fremde', 'das', 'Haus', 'betreten']",laut,"UTT_BOUNDARY f: in dem satz ""der hund bellt laut, wenn fremde das haus betreten."", welches wort steht direkt vor dem wort ""wenn""? a:UTT_BOUNDARY laut beim spielen im wohnzimmer", laut beim spielen im wohnzimmer
"Welches Wort steht im Satz ""Die Katze klettert geschickt auf den höchsten Baum im Garten."" direkt vor ""klettert""? ","['Die', 'Katze', 'klettert', 'geschickt', 'auf', 'den', 'höchsten', 'Baum', 'im', 'Garten']",katze,"UTT_BOUNDARY welches wort steht im satz ""die katze klettert geschickt auf den höchsten baum im garten."" direkt vor ""klettert""?UTT_BOUNDARY die katze auf dem schoß", die katze auf dem schoß
"F: In dem Satz ""Ich höre Musik, während ich Hausaufgaben mache und mich konzentriere."", welches Wort kommt unmittelbar vor dem Wort ""höre""? A:","['Ich', 'höre', 'Musik', 'während', 'ich', 'Hausaufgaben', 'mache', 'und', 'mich', 'konzentriere']",ich,"UTT_BOUNDARY f: in dem satz ""ich höre musik, während ich hausaufgaben mache und mich konzentriere."", welches wort kommt unmittelbar vor dem wort ""höre""? a:UTT_BOUNDARY ich heute abend ein stück", ich heute abend ein stück
"F: In dem Satz ""Sie malt ein Bild von der Landschaft im Herbst mit bunten Farben heute."", welches Wort kommt unmittelbar vor dem Wort ""mit""? A:","['Sie', 'malt', 'ein', 'Bild', 'von', 'der', 'Landschaft', 'im', 'Herbst', 'mit', 'bunten', 'Farben', 'heute']",herbst,"UTT_BOUNDARY f: in dem satz ""sie malt ein bild von der landschaft im herbst mit bunten farben heute."", welches wort kommt unmittelbar vor dem wort ""mit""? a:UTT_BOUNDARY bild und bild ist sehr", bild und bild ist sehr
"F: In dem Satz ""Wir besuchen das Museum, um mehr über Kunst zu lernen."", welches Wort steht direkt vor dem Wort ""über""? A:","['Wir', 'besuchen', 'das', 'Museum', 'um', 'mehr', 'über', 'Kunst', 'zu', 'lernen']",mehr,"UTT_BOUNDARY f: in dem satz ""wir besuchen das museum, um mehr über kunst zu lernen."", welches wort steht direkt vor dem wort ""über""? a:UTT_BOUNDARY buchhaltung und grammatik", buchhaltung und grammatik
"F: In dem Satz ""Die Katze schnurrt zufrieden, wenn sie gestreichelt wird vom Besitzer."", welches Wort kommt unmittelbar vor dem Wort ""wird""? A:","['Die', 'Katze', 'schnurrt', 'zufrieden', 'wenn', 'sie', 'gestreichelt', 'wird', 'vom', 'Besitzer']",gestreichelt,"UTT_BOUNDARY f: in dem satz ""die katze schnurrt zufrieden, wenn sie gestreichelt wird vom besitzer."", welches wort kommt unmittelbar vor dem wort ""wird""? a:UTT_BOUNDARY wird sie zu einem bestimmten", wird sie zu einem bestimmten
"Welches Wort steht im Satz ""Wir fahren im Herbst oft in die Berge zum Wandern."" direkt vor ""Herbst""? ","['Wir', 'fahren', 'im', 'Herbst', 'oft', 'in', 'die', 'Berge', 'zum', 'Wandern']",im,"UTT_BOUNDARY welches wort steht im satz ""wir fahren im herbst oft in die berge zum wandern."" direkt vor ""herbst""?UTT_BOUNDARY im park am see am", im park am see am
"Welches Wort steht im Satz ""Der Himmel ist klar und die Sterne funkeln hell in der Nacht."" direkt vor ""Himmel""? ","['Der', 'Himmel', 'ist', 'klar', 'und', 'die', 'Sterne', 'funkeln', 'hell', 'in', 'der', 'Nacht']",der,"UTT_BOUNDARY welches wort steht im satz ""der himmel ist klar und die sterne funkeln hell in der nacht."" direkt vor ""himmel""?UTT_BOUNDARY der himmel ist heute klar", der himmel ist heute klar
"F: In dem Satz ""Ich koche heute Abend Nudeln mit Tomatensoße und frischem Basilikum."", welches Wort kommt unmittelbar vor dem Wort ""heute""? A:","['Ich', 'koche', 'heute', 'Abend', 'Nudeln', 'mit', 'Tomatensoße', 'und', 'frischem', 'Basilikum']",koche,"UTT_BOUNDARY f: in dem satz ""ich koche heute abend nudeln mit tomatensoße und frischem basilikum."", welches wort kommt unmittelbar vor dem wort ""heute""? a:UTT_BOUNDARY koche koche koche koche koche", koche koche koche koche koche
"Welches Wort steht im Satz ""Er fährt täglich mit dem Fahrrad zur Arbeit in die Stadt."" direkt vor ""zur""? ","['Er', 'fährt', 'täglich', 'mit', 'dem', 'Fahrrad', 'zur', 'Arbeit', 'in', 'die', 'Stadt']",fahrrad,"UTT_BOUNDARY welches wort steht im satz ""er fährt täglich mit dem fahrrad zur arbeit in die stadt."" direkt vor ""zur""?UTT_BOUNDARY fahrradtour durch die stadt", fahrradtour durch die stadt
"Welches Wort steht im Satz ""Die Kinder basteln Laternen für das Martinsfest in der Schule."" direkt vor ""das""? ","['Die', 'Kinder', 'basteln', 'Laternen', 'für', 'das', 'Martinsfest', 'in', 'der', 'Schule']",für,"UTT_BOUNDARY welches wort steht im satz ""die kinder basteln laternen für das martinsfest in der schule."" direkt vor ""das""?UTT_BOUNDARY für das nächste jahr neue", für das nächste jahr neue
"Welches Wort steht im Satz ""Ich höre beim Lernen klassische Musik zur besseren Konzentration."" direkt vor ""höre""? ","['Ich', 'höre', 'beim', 'Lernen', 'klassische', 'Musik', 'zur', 'besseren', 'Konzentration']",ich,"UTT_BOUNDARY welches wort steht im satz ""ich höre beim lernen klassische musik zur besseren konzentration."" direkt vor ""höre""?UTT_BOUNDARY ich gern vor dem schlafen", ich gern vor dem schlafen
"F: In dem Satz ""Sie liest gern Sachbücher über Geschichte und Naturwissenschaften."", welches Wort kommt unmittelbar vor dem Wort ""Sachbücher""? A:","['Sie', 'liest', 'gern', 'Sachbücher', 'über', 'Geschichte', 'und', 'Naturwissenschaften']",gern,"UTT_BOUNDARY f: in dem satz ""sie liest gern sachbücher über geschichte und naturwissenschaften."", welches wort kommt unmittelbar vor dem wort ""sachbücher""? a:UTT_BOUNDARY spannende bücher über geschichte", spannende bücher über geschichte
"F: In dem Satz ""Sie liest gern Sachbücher über Geschichte und Naturwissenschaften."", welches Wort kommt unmittelbar vor dem Wort ""gern""? A:","['Sie', 'liest', 'gern', 'Sachbücher', 'über', 'Geschichte', 'und', 'Naturwissenschaften']",liest,"UTT_BOUNDARY f: in dem satz ""sie liest gern sachbücher über geschichte und naturwissenschaften."", welches wort kommt unmittelbar vor dem wort ""gern""? a:UTT_BOUNDARY spannende bücher über geschichte", spannende bücher über geschichte
"F: In dem Satz ""Sie trägt eine schöne rote Jacke im Winter."", welches Wort steht direkt vor dem Wort ""Jacke""? A:","['Sie', 'trägt', 'eine', 'schöne', 'rote', 'Jacke', 'im', 'Winter']",rote,"UTT_BOUNDARY f: in dem satz ""sie trägt eine schöne rote jacke im winter."", welches wort steht direkt vor dem wort ""jacke""? a:UTT_BOUNDARY eine jacke und eine jacke", eine jacke und eine jacke
"F: In dem Satz ""Wir spazieren am Abend oft am Fluss entlang und genießen die Ruhe."", welches Wort kommt unmittelbar vor dem Wort ""spazieren""? A:","['Wir', 'spazieren', 'am', 'Abend', 'oft', 'am', 'Fluss', 'entlang', 'und', 'genießen', 'die', 'Ruhe']",wir,"UTT_BOUNDARY f: in dem satz ""wir spazieren am abend oft am fluss entlang und genießen die ruhe."", welches wort kommt unmittelbar vor dem wort ""spazieren""? a:UTT_BOUNDARY wir oft am fluss entlang", wir oft am fluss entlang
"F: In dem Satz ""Ich gehe jeden Morgen eine halbe Stunde spazieren."", welches Wort steht direkt vor dem Wort ""jeden""? A:","['Ich', 'gehe', 'jeden', 'Morgen', 'eine', 'halbe', 'Stunde', 'spazieren']",gehe,"UTT_BOUNDARY f: in dem satz ""ich gehe jeden morgen eine halbe stunde spazieren."", welches wort steht direkt vor dem wort ""jeden""? a:UTT_BOUNDARY gehe jeden tag joggen", gehe jeden tag joggen
"Welches Wort steht im Satz ""Wir essen heute Abend frisch gebackenes Brot mit Käse und Wurst."" direkt vor ""Brot""? ","['Wir', 'essen', 'heute', 'Abend', 'frisch', 'gebackenes', 'Brot', 'mit', 'Käse', 'und', 'Wurst']",gebackenes,"UTT_BOUNDARY welches wort steht im satz ""wir essen heute abend frisch gebackenes brot mit käse und wurst."" direkt vor ""brot""?UTT_BOUNDARY gebackenes brot mit käse", gebackenes brot mit käse
"Welches Wort steht im Satz ""Er repariert sein altes Fahrrad in der Garage am Nachmittag."" direkt vor ""repariert""? ","['Er', 'repariert', 'sein', 'altes', 'Fahrrad', 'in', 'der', 'Garage', 'am', 'Nachmittag']",er,"UTT_BOUNDARY welches wort steht im satz ""er repariert sein altes fahrrad in der garage am nachmittag."" direkt vor ""repariert""?UTT_BOUNDARY eric und seine freunde", eric und seine freunde
"Welches Wort steht im Satz ""Ich trinke morgens gerne schwarzen Kaffee mit Milch."" direkt vor ""gerne""? ","['Ich', 'trinke', 'morgens', 'gerne', 'schwarzen', 'Kaffee', 'mit', 'Milch']",morgens,"UTT_BOUNDARY welches wort steht im satz ""ich trinke morgens gerne schwarzen kaffee mit milch."" direkt vor ""gerne""?UTT_BOUNDARY trinke ich gerne tee mit", trinke ich gerne tee mit
"Welches Wort steht im Satz ""Die Sonne scheint warm auf die bunten Blätter im Herbstpark."" direkt vor ""im""? ","['Die', 'Sonne', 'scheint', 'warm', 'auf', 'die', 'bunten', 'Blätter', 'im', 'Herbstpark']",blätter,"UTT_BOUNDARY welches wort steht im satz ""die sonne scheint warm auf die bunten blätter im herbstpark."" direkt vor ""im""?UTT_BOUNDARY sonne scheint sonne scheint sonne", sonne scheint sonne scheint sonne
"F: In dem Satz ""Wir fahren im Winter oft in die Berge zum Skifahren."", welches Wort steht direkt vor dem Wort ""oft""? A:","['Wir', 'fahren', 'im', 'Winter', 'oft', 'in', 'die', 'Berge', 'zum', 'Skifahren']",winter,"UTT_BOUNDARY f: in dem satz ""wir fahren im winter oft in die berge zum skifahren."", welches wort steht direkt vor dem wort ""oft""? a:UTT_BOUNDARY sommer am morgen durch den", sommer am morgen durch den
"F: In dem Satz ""Er fährt jeden Tag mit dem Fahrrad zur Arbeit in der Stadt."", welches Wort kommt unmittelbar vor dem Wort ""jeden""? A:","['Er', 'fährt', 'jeden', 'Tag', 'mit', 'dem', 'Fahrrad', 'zur', 'Arbeit', 'in', 'der', 'Stadt']",fährt,"UTT_BOUNDARY f: in dem satz ""er fährt jeden tag mit dem fahrrad zur arbeit in der stadt."", welches wort kommt unmittelbar vor dem wort ""jeden""? a:UTT_BOUNDARY mit dem fahrrad zur arbeit", mit dem fahrrad zur arbeit
"F: In dem Satz ""Der Hund bellt, wenn jemand an der Tür klingelt oder klingelt."", welches Wort kommt unmittelbar vor dem Wort ""Tür""? A:","['Der', 'Hund', 'bellt', 'wenn', 'jemand', 'an', 'der', 'Tür', 'klingelt', 'oder', 'klingelt']",der,"UTT_BOUNDARY f: in dem satz ""der hund bellt, wenn jemand an der tür klingelt oder klingelt."", welches wort kommt unmittelbar vor dem wort ""tür""? a:UTT_BOUNDARY jemand in der stadt und", jemand in der stadt und
"Welches Wort steht im Satz ""Sie tanzt leidenschaftlich gern jeden Samstagabend in der Tanzschule."" direkt vor ""in""? ","['Sie', 'tanzt', 'leidenschaftlich', 'gern', 'jeden', 'Samstagabend', 'in', 'der', 'Tanzschule']",samstagabend,"UTT_BOUNDARY welches wort steht im satz ""sie tanzt leidenschaftlich gern jeden samstagabend in der tanzschule."" direkt vor ""in""?UTT_BOUNDARY samstagabends mit der", samstagabends mit der
"F: In dem Satz ""Wir besuchen das Theater und sehen ein neues Stück am Freitagabend."", welches Wort steht direkt vor dem Wort ""neues""? A:","['Wir', 'besuchen', 'das', 'Theater', 'und', 'sehen', 'ein', 'neues', 'Stück', 'am', 'Freitagabend']",ein,"UTT_BOUNDARY f: in dem satz ""wir besuchen das theater und sehen ein neues stück am freitagabend."", welches wort steht direkt vor dem wort ""neues""? a:UTT_BOUNDARY ein fröhliches lied im", ein fröhliches lied im
"F: In dem Satz ""Ich gehe abends spazieren, um den Kopf frei zu bekommen."", welches Wort kommt unmittelbar vor dem Wort ""abends""? A:","['Ich', 'gehe', 'abends', 'spazieren', 'um', 'den', 'Kopf', 'frei', 'zu', 'bekommen']",gehe,"UTT_BOUNDARY f: in dem satz ""ich gehe abends spazieren, um den kopf frei zu bekommen."", welches wort kommt unmittelbar vor dem wort ""abends""? a:UTT_BOUNDARY um den kopf herum zu", um den kopf herum zu
"F: In dem Satz ""Die Blumen auf dem Balkon blühen schön in der Sonne."", welches Wort kommt unmittelbar vor dem Wort ""schön""? A:","['Die', 'Blumen', 'auf', 'dem', 'Balkon', 'blühen', 'schön', 'in', 'der', 'Sonne']",blühen,"UTT_BOUNDARY f: in dem satz ""die blumen auf dem balkon blühen schön in der sonne."", welches wort kommt unmittelbar vor dem wort ""schön""? a:UTT_BOUNDARY blumen auf dem balkonboden", blumen auf dem balkonboden
"Welches Wort steht im Satz ""Er fährt täglich mit dem Fahrrad zur Arbeit in die Stadt."" direkt vor ""täglich""? ","['Er', 'fährt', 'täglich', 'mit', 'dem', 'Fahrrad', 'zur', 'Arbeit', 'in', 'die', 'Stadt']",fährt,"UTT_BOUNDARY welches wort steht im satz ""er fährt täglich mit dem fahrrad zur arbeit in die stadt."" direkt vor ""täglich""?UTT_BOUNDARY jeden tag neue deutsche wörter", jeden tag neue deutsche wörter
"F: In dem Satz ""Die Katze schläft auf dem warmen Sofa und träumt friedlich."", welches Wort kommt unmittelbar vor dem Wort ""Sofa""? A:","['Die', 'Katze', 'schläft', 'auf', 'dem', 'warmen', 'Sofa', 'und', 'träumt', 'friedlich']",warmen,"UTT_BOUNDARY f: in dem satz ""die katze schläft auf dem warmen sofa und träumt friedlich."", welches wort kommt unmittelbar vor dem wort ""sofa""? a:UTT_BOUNDARY katze spielt mit ihrem liebling", katze spielt mit ihrem liebling
"F: In dem Satz ""Der Berg ist hoch und bietet tolle Aussicht."", welches Wort steht direkt vor dem Wort ""bietet""? A:","['Der', 'Berg', 'ist', 'hoch', 'und', 'bietet', 'tolle', 'Aussicht']",und,"UTT_BOUNDARY f: in dem satz ""der berg ist hoch und bietet tolle aussicht."", welches wort steht direkt vor dem wort ""bietet""? a:UTT_BOUNDARY und fährt oft mit dem", und fährt oft mit dem
"F: In dem Satz ""Sie malt ein Bild von der schönen Landschaft."", welches Wort steht direkt vor dem Wort ""der""? A:","['Sie', 'malt', 'ein', 'Bild', 'von', 'der', 'schönen', 'Landschaft']",von,"UTT_BOUNDARY f: in dem satz ""sie malt ein bild von der schönen landschaft."", welches wort steht direkt vor dem wort ""der""? a:UTT_BOUNDARY der sonne scheint warm und", der sonne scheint warm und
"F: In dem Satz ""Sie tanzt begeistert bei der Tanzstunde am Freitagabend in der Halle."", welches Wort kommt unmittelbar vor dem Wort ""in""? A:","['Sie', 'tanzt', 'begeistert', 'bei', 'der', 'Tanzstunde', 'am', 'Freitagabend', 'in', 'der', 'Halle']",freitagabend,"UTT_BOUNDARY f: in dem satz ""sie tanzt begeistert bei der tanzstunde am freitagabend in der halle."", welches wort kommt unmittelbar vor dem wort ""in""? a:UTT_BOUNDARY freitagabend in der park", freitagabend in der park
"F: In dem Satz ""Der Hund liegt zufrieden in der Sonne auf der Terrasse."", welches Wort steht direkt vor dem Wort ""in""? A:","['Der', 'Hund', 'liegt', 'zufrieden', 'in', 'der', 'Sonne', 'auf', 'der', 'Terrasse']",zufrieden,"UTT_BOUNDARY f: in dem satz ""der hund liegt zufrieden in der sonne auf der terrasse."", welches wort steht direkt vor dem wort ""in""? a:UTT_BOUNDARY liegt direkt vor dem wort", liegt direkt vor dem wort
"F: In dem Satz ""Sie hört gern klassische Musik beim Lesen eines Buches."", welches Wort steht direkt vor dem Wort ""eines""? A:","['Sie', 'hört', 'gern', 'klassische', 'Musik', 'beim', 'Lesen', 'eines', 'Buches']",lesen,"UTT_BOUNDARY f: in dem satz ""sie hört gern klassische musik beim lesen eines buches."", welches wort steht direkt vor dem wort ""eines""? a:UTT_BOUNDARY schreibt eine e-mail", schreibt eine e-mail
"F: In dem Satz ""Die Katze schnurrt laut, wenn sie gestreichelt wird."", welches Wort steht direkt vor dem Wort ""Katze""? A:","['Die', 'Katze', 'schnurrt', 'laut', 'wenn', 'sie', 'gestreichelt', 'wird']",die,"UTT_BOUNDARY f: in dem satz ""die katze schnurrt laut, wenn sie gestreichelt wird."", welches wort steht direkt vor dem wort ""katze""? a:UTT_BOUNDARY die katze jagt gern", die katze jagt gern
"F: In dem Satz ""Die Katze schläft gerne auf dem warmen Sofa zu Hause im Wohnzimmer."", welches Wort steht direkt vor dem Wort ""Hause""? A:","['Die', 'Katze', 'schläft', 'gerne', 'auf', 'dem', 'warmen', 'Sofa', 'zu', 'Hause', 'im', 'Wohnzimmer']",zu,"UTT_BOUNDARY f: in dem satz ""die katze schläft gerne auf dem warmen sofa zu hause im wohnzimmer."", welches wort steht direkt vor dem wort ""hause""? a:UTT_BOUNDARY katze liegt auf dem sofa", katze liegt auf dem sofa
"F: In dem Satz ""Wir machen im Sommer eine Bootsfahrt auf dem nahegelegenen See."", welches Wort kommt unmittelbar vor dem Wort ""dem""? A:","['Wir', 'machen', 'im', 'Sommer', 'eine', 'Bootsfahrt', 'auf', 'dem', 'nahegelegenen', 'See']",auf,"UTT_BOUNDARY f: in dem satz ""wir machen im sommer eine bootsfahrt auf dem nahegelegenen see."", welches wort kommt unmittelbar vor dem wort ""dem""? a:UTT_BOUNDARY im park mit freunden und", im park mit freunden und
"F: In dem Satz ""Die Kinder spielen Fußball auf dem Schulhof."", welches Wort steht direkt vor dem Wort ""auf""? A:","['Die', 'Kinder', 'spielen', 'Fußball', 'auf', 'dem', 'Schulhof']",fußball,"UTT_BOUNDARY f: in dem satz ""die kinder spielen fußball auf dem schulhof."", welches wort steht direkt vor dem wort ""auf""? a:UTT_BOUNDARY kinder im sandkasten spielen oft", kinder im sandkasten spielen oft
"Welches Wort steht im Satz ""Ich genieße den Duft von frisch gebackenem Brot am Morgen."" direkt vor ""von""? ","['Ich', 'genieße', 'den', 'Duft', 'von', 'frisch', 'gebackenem', 'Brot', 'am', 'Morgen']",duft,"UTT_BOUNDARY welches wort steht im satz ""ich genieße den duft von frisch gebackenem brot am morgen."" direkt vor ""von""?UTT_BOUNDARY honig und zucker zum frühstück", honig und zucker zum frühstück
"F: In dem Satz ""Ich gehe gerne joggen im Wald am Morgen."", welches Wort steht direkt vor dem Wort ""Wald""? A:","['Ich', 'gehe', 'gerne', 'joggen', 'im', 'Wald', 'am', 'Morgen']",im,"UTT_BOUNDARY f: in dem satz ""ich gehe gerne joggen im wald am morgen."", welches wort steht direkt vor dem wort ""wald""? a:UTT_BOUNDARY ich gehe jeden tag jog", ich gehe jeden tag jog
"F: In dem Satz ""Sie kocht gern italienische Gerichte für ihre Freunde am Wochenende."", welches Wort steht direkt vor dem Wort ""Gerichte""? A:","['Sie', 'kocht', 'gern', 'italienische', 'Gerichte', 'für', 'ihre', 'Freunde', 'am', 'Wochenende']",italienische,"UTT_BOUNDARY f: in dem satz ""sie kocht gern italienische gerichte für ihre freunde am wochenende."", welches wort steht direkt vor dem wort ""gerichte""? a:UTT_BOUNDARY italienische gerichte aus dem", italienische gerichte aus dem
"Welches Wort steht im Satz ""Sie liest gern Romane über ferne Länder und spannende Abenteuer."" direkt vor ""Romane""? ","['Sie', 'liest', 'gern', 'Romane', 'über', 'ferne', 'Länder', 'und', 'spannende', 'Abenteuer']",gern,"UTT_BOUNDARY welches wort steht im satz ""sie liest gern romane über ferne länder und spannende abenteuer."" direkt vor ""romane""?UTT_BOUNDARY sie vor dem wort """," sie vor dem wort """
"Welches Wort steht im Satz ""Die Sonne scheint warm auf die bunten Blätter im Park."" direkt vor ""scheint""? ","['Die', 'Sonne', 'scheint', 'warm', 'auf', 'die', 'bunten', 'Blätter', 'im', 'Park']",sonne,"UTT_BOUNDARY welches wort steht im satz ""die sonne scheint warm auf die bunten blätter im park."" direkt vor ""scheint""?UTT_BOUNDARY sonne scheint sonne scheint warm", sonne scheint sonne scheint warm
"F: In dem Satz ""Sie tanzt begeistert bei der Tanzstunde am Freitagabend in der Halle."", welches Wort kommt unmittelbar vor dem Wort ""in""? A:","['Sie', 'tanzt', 'begeistert', 'bei', 'der', 'Tanzstunde', 'am', 'Freitagabend', 'in', 'der', 'Halle']",freitagabend,"UTT_BOUNDARY f: in dem satz ""sie tanzt begeistert bei der tanzstunde am freitagabend in der halle."", welches wort kommt unmittelbar vor dem wort ""in""? a:UTT_BOUNDARY freitagabend in der park", freitagabend in der park
"F: In dem Satz ""Ich koche heute eine cremige Kürbissuppe mit frischen Gewürzen."", welches Wort kommt unmittelbar vor dem Wort ""frischen""? A:","['Ich', 'koche', 'heute', 'eine', 'cremige', 'Kürbissuppe', 'mit', 'frischen', 'Gewürzen']",mit,"UTT_BOUNDARY f: in dem satz ""ich koche heute eine cremige kürbissuppe mit frischen gewürzen."", welches wort kommt unmittelbar vor dem wort ""frischen""? a:UTT_BOUNDARY mit dem ballastwasser", mit dem ballastwasser
"F: In dem Satz ""Er schreibt täglich in sein Tagebuch über seine Erlebnisse und Gedanken."", welches Wort kommt unmittelbar vor dem Wort ""in""? A:","['Er', 'schreibt', 'täglich', 'in', 'sein', 'Tagebuch', 'über', 'seine', 'Erlebnisse', 'und', 'Gedanken']",täglich,"UTT_BOUNDARY f: in dem satz ""er schreibt täglich in sein tagebuch über seine erlebnisse und gedanken."", welches wort kommt unmittelbar vor dem wort ""in""? a:UTT_BOUNDARY erlebnisse und gedanken sind oft", erlebnisse und gedanken sind oft
"Welches Wort steht im Satz ""Wir machen eine Fahrradtour entlang der schönen Flussauen heute."" direkt vor ""machen""? ","['Wir', 'machen', 'eine', 'Fahrradtour', 'entlang', 'der', 'schönen', 'Flussauen', 'heute']",wir,"UTT_BOUNDARY welches wort steht im satz ""wir machen eine fahrradtour entlang der schönen flussauen heute."" direkt vor ""machen""?UTT_BOUNDARY wir eine wanderung durch", wir eine wanderung durch
"F: In dem Satz ""Ich höre oft klassische Musik beim Lernen zu Hause."", welches Wort steht direkt vor dem Wort ""Lernen""? A:","['Ich', 'höre', 'oft', 'klassische', 'Musik', 'beim', 'Lernen', 'zu', 'Hause']",beim,"UTT_BOUNDARY f: in dem satz ""ich höre oft klassische musik beim lernen zu hause."", welches wort steht direkt vor dem wort ""lernen""? a:UTT_BOUNDARY beim lernen zu hause am", beim lernen zu hause am
"Welches Wort steht im Satz ""Wir feiern ein kleines Fest im Garten mit Freunden."" direkt vor ""mit""? ","['Wir', 'feiern', 'ein', 'kleines', 'Fest', 'im', 'Garten', 'mit', 'Freunden']",garten,"UTT_BOUNDARY welches wort steht im satz ""wir feiern ein kleines fest im garten mit freunden."" direkt vor ""mit""?UTT_BOUNDARY garten und garten."" direkt"," garten und garten."" direkt"
"Welches Wort steht im Satz ""Die Sonne scheint warm auf die bunten Blätter im Park."" direkt vor ""bunten""? ","['Die', 'Sonne', 'scheint', 'warm', 'auf', 'die', 'bunten', 'Blätter', 'im', 'Park']",die,"UTT_BOUNDARY welches wort steht im satz ""die sonne scheint warm auf die bunten blätter im park."" direkt vor ""bunten""?UTT_BOUNDARY die sonne hell und warm", die sonne hell und warm
"F: In dem Satz ""Die Katze schläft auf dem warmen Fensterbrett."", welches Wort steht direkt vor dem Wort ""Katze""? A:","['Die', 'Katze', 'schläft', 'auf', 'dem', 'warmen', 'Fensterbrett']",die,"UTT_BOUNDARY f: in dem satz ""die katze schläft auf dem warmen fensterbrett."", welches wort steht direkt vor dem wort ""katze""? a:UTT_BOUNDARY die katze jagt gern", die katze jagt gern
"F: In dem Satz ""Das Kind malt ein buntes Bild mit vielen Farben."", welches Wort steht direkt vor dem Wort ""buntes""? A:","['Das', 'Kind', 'malt', 'ein', 'buntes', 'Bild', 'mit', 'vielen', 'Farben']",ein,"UTT_BOUNDARY f: in dem satz ""das kind malt ein buntes bild mit vielen farben."", welches wort steht direkt vor dem wort ""buntes""? a:UTT_BOUNDARY malt ein bild mit vielen", malt ein bild mit vielen
"F: In dem Satz ""Der Himmel ist blau und die Sonne scheint warm und hell heute."", welches Wort kommt unmittelbar vor dem Wort ""blau""? A:","['Der', 'Himmel', 'ist', 'blau', 'und', 'die', 'Sonne', 'scheint', 'warm', 'und', 'hell', 'heute']",ist,"UTT_BOUNDARY f: in dem satz ""der himmel ist blau und die sonne scheint warm und hell heute."", welches wort kommt unmittelbar vor dem wort ""blau""? a:UTT_BOUNDARY ist die schönste und schönste", ist die schönste und schönste
"F: In dem Satz ""Wir besuchen das Museum, um mehr über Kunst zu lernen."", welches Wort steht direkt vor dem Wort ""mehr""? A:","['Wir', 'besuchen', 'das', 'Museum', 'um', 'mehr', 'über', 'Kunst', 'zu', 'lernen']",um,"UTT_BOUNDARY f: in dem satz ""wir besuchen das museum, um mehr über kunst zu lernen."", welches wort steht direkt vor dem wort ""mehr""? a:UTT_BOUNDARY über freundschaft und abenteuer in", über freundschaft und abenteuer in
"F: In dem Satz ""Der Himmel ist heute bewölkt, aber es bleibt trocken und mild."", welches Wort kommt unmittelbar vor dem Wort ""Himmel""? A:","['Der', 'Himmel', 'ist', 'heute', 'bewölkt', 'aber', 'es', 'bleibt', 'trocken', 'und', 'mild']",der,"UTT_BOUNDARY f: in dem satz ""der himmel ist heute bewölkt, aber es bleibt trocken und mild."", welches wort kommt unmittelbar vor dem wort ""himmel""? a:UTT_BOUNDARY der himmel ist heute klar", der himmel ist heute klar
"Welches Wort steht im Satz ""Sie liest gern spannende Romane über ferne Länder."" direkt vor ""gern""? ","['Sie', 'liest', 'gern', 'spannende', 'Romane', 'über', 'ferne', 'Länder']",liest,"UTT_BOUNDARY welches wort steht im satz ""sie liest gern spannende romane über ferne länder."" direkt vor ""gern""?UTT_BOUNDARY sie auf dem weg zum", sie auf dem weg zum
"F: In dem Satz ""Die Katze jagt gern Schmetterlinge im Garten während des Sommers."", welches Wort steht direkt vor dem Wort ""jagt""? A:","['Die', 'Katze', 'jagt', 'gern', 'Schmetterlinge', 'im', 'Garten', 'während', 'des', 'Sommers']",katze,"UTT_BOUNDARY f: in dem satz ""die katze jagt gern schmetterlinge im garten während des sommers."", welches wort steht direkt vor dem wort ""jagt""? a:UTT_BOUNDARY katze spielt mit ihrem liebling", katze spielt mit ihrem liebling
"F: In dem Satz ""Sie tanzt jeden Freitag im Tanzkurs mit großer Freude und Schwung."", welches Wort kommt unmittelbar vor dem Wort ""im""? A:","['Sie', 'tanzt', 'jeden', 'Freitag', 'im', 'Tanzkurs', 'mit', 'großer', 'Freude', 'und', 'Schwung']",freitag,"UTT_BOUNDARY f: in dem satz ""sie tanzt jeden freitag im tanzkurs mit großer freude und schwung."", welches wort kommt unmittelbar vor dem wort ""im""? a:UTT_BOUNDARY freitagabends im park", freitagabends im park
"F: In dem Satz ""Wir besuchen im Sommer oft den See zum Schwimmen und Entspannen."", welches Wort kommt unmittelbar vor dem Wort ""zum""? A:","['Wir', 'besuchen', 'im', 'Sommer', 'oft', 'den', 'See', 'zum', 'Schwimmen', 'und', 'Entspannen']",see,"UTT_BOUNDARY f: in dem satz ""wir besuchen im sommer oft den see zum schwimmen und entspannen."", welches wort kommt unmittelbar vor dem wort ""zum""? a:UTT_BOUNDARY seeungeheuer in", seeungeheuer in
"F: In dem Satz ""Wir fahren im Herbst oft mit dem Auto ins Gebirge zum Wandern."", welches Wort kommt unmittelbar vor dem Wort ""oft""? A:","['Wir', 'fahren', 'im', 'Herbst', 'oft', 'mit', 'dem', 'Auto', 'ins', 'Gebirge', 'zum', 'Wandern']",herbst,"UTT_BOUNDARY f: in dem satz ""wir fahren im herbst oft mit dem auto ins gebirge zum wandern."", welches wort kommt unmittelbar vor dem wort ""oft""? a:UTT_BOUNDARY wir heute mit dem auto", wir heute mit dem auto
"F: In dem Satz ""Sie spielt Klavier seit vielen Jahren sehr gut."", welches Wort steht direkt vor dem Wort ""spielt""? A:","['Sie', 'spielt', 'Klavier', 'seit', 'vielen', 'Jahren', 'sehr', 'gut']",sie,"UTT_BOUNDARY f: in dem satz ""sie spielt klavier seit vielen jahren sehr gut."", welches wort steht direkt vor dem wort ""spielt""? a:UTT_BOUNDARY sie heute abend mit freunden", sie heute abend mit freunden
"F: In dem Satz ""Er fährt mit dem Fahrrad zur Arbeit jeden Tag."", welches Wort steht direkt vor dem Wort ""Arbeit""? A:","['Er', 'fährt', 'mit', 'dem', 'Fahrrad', 'zur', 'Arbeit', 'jeden', 'Tag']",zur,"UTT_BOUNDARY f: in dem satz ""er fährt mit dem fahrrad zur arbeit jeden tag."", welches wort steht direkt vor dem wort ""arbeit""? a:UTT_BOUNDARY zur unterhaltung und information."""," zur unterhaltung und information."""
"F: In dem Satz ""Wir essen heute Abend frisch gebackenes Brot mit Käse und Wurst."", welches Wort kommt unmittelbar vor dem Wort ""und""? A:","['Wir', 'essen', 'heute', 'Abend', 'frisch', 'gebackenes', 'Brot', 'mit', 'Käse', 'und', 'Wurst']",käse,"UTT_BOUNDARY f: in dem satz ""wir essen heute abend frisch gebackenes brot mit käse und wurst."", welches wort kommt unmittelbar vor dem wort ""und""? a:UTT_BOUNDARY brot mit käse und wurst", brot mit käse und wurst
"F: In dem Satz ""Wir fahren im Sommer an den See zum Schwimmen und Entspannen."", welches Wort steht direkt vor dem Wort ""und""? A:","['Wir', 'fahren', 'im', 'Sommer', 'an', 'den', 'See', 'zum', 'Schwimmen', 'und', 'Entspannen']",schwimmen,"UTT_BOUNDARY f: in dem satz ""wir fahren im sommer an den see zum schwimmen und entspannen."", welches wort steht direkt vor dem wort ""und""? a:UTT_BOUNDARY fahren ist sehr nah an", fahren ist sehr nah an
"Welches Wort steht im Satz ""Wir treffen uns am Sonntag zum Frühstück im kleinen Café."" direkt vor ""kleinen""? ","['Wir', 'treffen', 'uns', 'am', 'Sonntag', 'zum', 'Frühstück', 'im', 'kleinen', 'Café']",im,"UTT_BOUNDARY welches wort steht im satz ""wir treffen uns am sonntag zum frühstück im kleinen café."" direkt vor ""kleinen""?UTT_BOUNDARY im park mit freunden und", im park mit freunden und
"F: In dem Satz ""Wir treffen uns am Sonntag zum gemütlichen Frühstück im Café."", welches Wort kommt unmittelbar vor dem Wort ""zum""? A:","['Wir', 'treffen', 'uns', 'am', 'Sonntag', 'zum', 'gemütlichen', 'Frühstück', 'im', 'Café']",sonntag,"UTT_BOUNDARY f: in dem satz ""wir treffen uns am sonntag zum gemütlichen frühstück im café."", welches wort kommt unmittelbar vor dem wort ""zum""? a:UTT_BOUNDARY frühstück mit der familie und", frühstück mit der familie und
"Welches Wort steht im Satz ""Die Katze schnurrt zufrieden, wenn sie auf dem Sofa liegt."" direkt vor ""Katze""? ","['Die', 'Katze', 'schnurrt', 'zufrieden', 'wenn', 'sie', 'auf', 'dem', 'Sofa', 'liegt']",die,"UTT_BOUNDARY welches wort steht im satz ""die katze schnurrt zufrieden, wenn sie auf dem sofa liegt."" direkt vor ""katze""?UTT_BOUNDARY die katze schläft auf dem", die katze schläft auf dem
"F: In dem Satz ""Wir machen eine Pause und trinken eine Tasse Kaffee zusammen im Büro."", welches Wort steht direkt vor dem Wort ""Pause""? A:","['Wir', 'machen', 'eine', 'Pause', 'und', 'trinken', 'eine', 'Tasse', 'Kaffee', 'zusammen', 'im', 'Büro']",eine,"UTT_BOUNDARY f: in dem satz ""wir machen eine pause und trinken eine tasse kaffee zusammen im büro."", welches wort steht direkt vor dem wort ""pause""? a:UTT_BOUNDARY eine tasse kaffee mit milch", eine tasse kaffee mit milch
"Welches Wort steht im Satz ""Sie tanzt fröhlich im Regen auf der nassen Straße."" direkt vor ""tanzt""? ","['Sie', 'tanzt', 'fröhlich', 'im', 'Regen', 'auf', 'der', 'nassen', 'Straße']",sie,"UTT_BOUNDARY welches wort steht im satz ""sie tanzt fröhlich im regen auf der nassen straße."" direkt vor ""tanzt""?UTT_BOUNDARY sie fröhlich durch den garten", sie fröhlich durch den garten
"F: In dem Satz ""Die Kinder malen bunte Bilder für das Schulprojekt im Kunstunterricht."", welches Wort kommt unmittelbar vor dem Wort ""im""? A:","['Die', 'Kinder', 'malen', 'bunte', 'Bilder', 'für', 'das', 'Schulprojekt', 'im', 'Kunstunterricht']",schulprojekt,"UTT_BOUNDARY f: in dem satz ""die kinder malen bunte bilder für das schulprojekt im kunstunterricht."", welches wort kommt unmittelbar vor dem wort ""im""? a:UTT_BOUNDARY kinder spielen im park mit", kinder spielen im park mit
"F: In dem Satz ""Ich koche heute Abend eine leckere Suppe mit frischem Gemüse."", welches Wort kommt unmittelbar vor dem Wort ""Abend""? A:","['Ich', 'koche', 'heute', 'Abend', 'eine', 'leckere', 'Suppe', 'mit', 'frischem', 'Gemüse']",heute,"UTT_BOUNDARY f: in dem satz ""ich koche heute abend eine leckere suppe mit frischem gemüse."", welches wort kommt unmittelbar vor dem wort ""abend""? a:UTT_BOUNDARY heute abend eine leckere", heute abend eine leckere
"F: In dem Satz ""Der Lehrer gibt viele Hausaufgaben für das Wochenende auf zur Übung."", welches Wort kommt unmittelbar vor dem Wort ""zur""? A:","['Der', 'Lehrer', 'gibt', 'viele', 'Hausaufgaben', 'für', 'das', 'Wochenende', 'auf', 'zur', 'Übung']",auf,"UTT_BOUNDARY f: in dem satz ""der lehrer gibt viele hausaufgaben für das wochenende auf zur übung."", welches wort kommt unmittelbar vor dem wort ""zur""? a:UTT_BOUNDARY lehrerinnen und lehrerinnen", lehrerinnen und lehrerinnen
"F: In dem Satz ""Ich esse gern Schokolade und süße Kuchen am Nachmittag."", welches Wort steht direkt vor dem Wort ""Schokolade""? A:","['Ich', 'esse', 'gern', 'Schokolade', 'und', 'süße', 'Kuchen', 'am', 'Nachmittag']",gern,"UTT_BOUNDARY f: in dem satz ""ich esse gern schokolade und süße kuchen am nachmittag."", welches wort steht direkt vor dem wort ""schokolade""? a:UTT_BOUNDARY ich heute abend mit meinen", ich heute abend mit meinen
"Welches Wort steht im Satz ""Wir besuchen am Wochenende das neue Museum in der Innenstadt."" direkt vor ""besuchen""? ","['Wir', 'besuchen', 'am', 'Wochenende', 'das', 'neue', 'Museum', 'in', 'der', 'Innenstadt']",wir,"UTT_BOUNDARY welches wort steht im satz ""wir besuchen am wochenende das neue museum in der innenstadt."" direkt vor ""besuchen""?UTT_BOUNDARY wir das haus für die", wir das haus für die
"Welches Wort steht im Satz ""Wir gehen abends spazieren und genießen die frische Luft draußen."" direkt vor ""spazieren""? ","['Wir', 'gehen', 'abends', 'spazieren', 'und', 'genießen', 'die', 'frische', 'Luft', 'draußen']",abends,"UTT_BOUNDARY welches wort steht im satz ""wir gehen abends spazieren und genießen die frische luft draußen."" direkt vor ""spazieren""?UTT_BOUNDARY wir die sonne zu hause", wir die sonne zu hause
"F: In dem Satz ""Ich höre oft Podcasts beim Autofahren zur Unterhaltung und Information."", welches Wort kommt unmittelbar vor dem Wort ""und""? A:","['Ich', 'höre', 'oft', 'Podcasts', 'beim', 'Autofahren', 'zur', 'Unterhaltung', 'und', 'Information']",unterhaltung,"UTT_BOUNDARY f: in dem satz ""ich höre oft podcasts beim autofahren zur unterhaltung und information."", welches wort kommt unmittelbar vor dem wort ""und""? a:UTT_BOUNDARY unterhaltungsparty""? a"," unterhaltungsparty""? a"
"F: In dem Satz ""Ich schreibe eine E-Mail an meinen Chef wegen eines Meetings."", welches Wort kommt unmittelbar vor dem Wort ""E-Mail""? A:","['Ich', 'schreibe', 'eine', 'E-Mail', 'an', 'meinen', 'Chef', 'wegen', 'eines', 'Meetings']",eine,"UTT_BOUNDARY f: in dem satz ""ich schreibe eine e-mail an meinen chef wegen eines meetings."", welches wort kommt unmittelbar vor dem wort ""e-mail""? a:UTT_BOUNDARY eine nachricht an meine eltern", eine nachricht an meine eltern
"F: In dem Satz ""Sie liest gern spannende Bücher über Abenteuer."", welches Wort steht direkt vor dem Wort ""über""? A:","['Sie', 'liest', 'gern', 'spannende', 'Bücher', 'über', 'Abenteuer']",bücher,"UTT_BOUNDARY f: in dem satz ""sie liest gern spannende bücher über abenteuer."", welches wort steht direkt vor dem wort ""über""? a:UTT_BOUNDARY bücher über geschichte und kultur", bücher über geschichte und kultur
"Welches Wort steht im Satz ""Ich trinke morgens gern Tee mit Honig und frischer Zitrone."" direkt vor ""trinke""? ","['Ich', 'trinke', 'morgens', 'gern', 'Tee', 'mit', 'Honig', 'und', 'frischer', 'Zitrone']",ich,"UTT_BOUNDARY welches wort steht im satz ""ich trinke morgens gern tee mit honig und frischer zitrone."" direkt vor ""trinke""?UTT_BOUNDARY ich gern tee mit honig", ich gern tee mit honig
"Welches Wort steht im Satz ""Die Katze liegt faul in der Sonne auf dem Fensterbrett."" direkt vor ""auf""? ","['Die', 'Katze', 'liegt', 'faul', 'in', 'der', 'Sonne', 'auf', 'dem', 'Fensterbrett']",sonne,"UTT_BOUNDARY welches wort steht im satz ""die katze liegt faul in der sonne auf dem fensterbrett."" direkt vor ""auf""?UTT_BOUNDARY dem hund die backe warm", dem hund die backe warm
"Welches Wort steht im Satz ""Der Himmel ist heute bewölkt, aber es bleibt trocken und mild."" direkt vor ""Himmel""? ","['Der', 'Himmel', 'ist', 'heute', 'bewölkt', 'aber', 'es', 'bleibt', 'trocken', 'und', 'mild']",der,"UTT_BOUNDARY welches wort steht im satz ""der himmel ist heute bewölkt, aber es bleibt trocken und mild."" direkt vor ""himmel""?UTT_BOUNDARY ist das ein zeichen der", ist das ein zeichen der
"F: In dem Satz ""Ich koche heute Abend ein leckeres Gericht mit Fisch."", welches Wort steht direkt vor dem Wort ""ein""? A:","['Ich', 'koche', 'heute', 'Abend', 'ein', 'leckeres', 'Gericht', 'mit', 'Fisch']",abend,"UTT_BOUNDARY f: in dem satz ""ich koche heute abend ein leckeres gericht mit fisch."", welches wort steht direkt vor dem wort ""ein""? a:UTT_BOUNDARY morgen ein neues rezept mit", morgen ein neues rezept mit
"F: In dem Satz ""Der Vogel singt früh am Morgen ein fröhliches Lied im Garten."", welches Wort kommt unmittelbar vor dem Wort ""im""? A:","['Der', 'Vogel', 'singt', 'früh', 'am', 'Morgen', 'ein', 'fröhliches', 'Lied', 'im', 'Garten']",lied,"UTT_BOUNDARY f: in dem satz ""der vogel singt früh am morgen ein fröhliches lied im garten."", welches wort kommt unmittelbar vor dem wort ""im""? a:UTT_BOUNDARY singt jeden morgen ein schönes", singt jeden morgen ein schönes
"F: In dem Satz ""Sie trinkt morgens gerne Kaffee mit frischer Milch und Zucker."", welches Wort kommt unmittelbar vor dem Wort ""und""? A:","['Sie', 'trinkt', 'morgens', 'gerne', 'Kaffee', 'mit', 'frischer', 'Milch', 'und', 'Zucker']",milch,"UTT_BOUNDARY f: in dem satz ""sie trinkt morgens gerne kaffee mit frischer milch und zucker."", welches wort kommt unmittelbar vor dem wort ""und""? a:UTT_BOUNDARY milch und zucker zum frühstück", milch und zucker zum frühstück
"F: In dem Satz ""Der Himmel ist bewölkt, aber es bleibt trocken und mild."", welches Wort kommt unmittelbar vor dem Wort ""und""? A:","['Der', 'Himmel', 'ist', 'bewölkt', 'aber', 'es', 'bleibt', 'trocken', 'und', 'mild']",trocken,"UTT_BOUNDARY f: in dem satz ""der himmel ist bewölkt, aber es bleibt trocken und mild."", welches wort kommt unmittelbar vor dem wort ""und""? a:UTT_BOUNDARY trocken und klar und fest", trocken und klar und fest
"F: In dem Satz ""Sie kocht gern leckere Gerichte aus verschiedenen Ländern Europas."", welches Wort kommt unmittelbar vor dem Wort ""leckere""? A:","['Sie', 'kocht', 'gern', 'leckere', 'Gerichte', 'aus', 'verschiedenen', 'Ländern', 'Europas']",gern,"UTT_BOUNDARY f: in dem satz ""sie kocht gern leckere gerichte aus verschiedenen ländern europas."", welches wort kommt unmittelbar vor dem wort ""leckere""? a:UTT_BOUNDARY leckere nudeln mit tomaten", leckere nudeln mit tomaten
"Welches Wort steht im Satz ""Wir fahren im Herbst oft mit dem Auto ins Gebirge zum Wandern."" direkt vor ""ins""? ","['Wir', 'fahren', 'im', 'Herbst', 'oft', 'mit', 'dem', 'Auto', 'ins', 'Gebirge', 'zum', 'Wandern']",auto,"UTT_BOUNDARY welches wort steht im satz ""wir fahren im herbst oft mit dem auto ins gebirge zum wandern."" direkt vor ""ins""?UTT_BOUNDARY fahren wir mit dem auto", fahren wir mit dem auto
"Welches Wort steht im Satz ""Wir essen heute Abend Pizza mit viel Käse und Tomaten."" direkt vor ""viel""? ","['Wir', 'essen', 'heute', 'Abend', 'Pizza', 'mit', 'viel', 'Käse', 'und', 'Tomaten']",mit,"UTT_BOUNDARY welches wort steht im satz ""wir essen heute abend pizza mit viel käse und tomaten."" direkt vor ""viel""?UTT_BOUNDARY käse und wurst zum frühstück", käse und wurst zum frühstück
"F: In dem Satz ""Ich schreibe eine E-Mail an meinen Chef wegen des Meetings."", welches Wort kommt unmittelbar vor dem Wort ""wegen""? A:","['Ich', 'schreibe', 'eine', 'E-Mail', 'an', 'meinen', 'Chef', 'wegen', 'des', 'Meetings']",chef,"UTT_BOUNDARY f: in dem satz ""ich schreibe eine e-mail an meinen chef wegen des meetings."", welches wort kommt unmittelbar vor dem wort ""wegen""? a:UTT_BOUNDARY eine karte an meine eltern", eine karte an meine eltern
"Welches Wort steht im Satz ""Der Vogel zwitschert fröhlich auf dem Ast des alten Baums."" direkt vor ""Vogel""? ","['Der', 'Vogel', 'zwitschert', 'fröhlich', 'auf', 'dem', 'Ast', 'des', 'alten', 'Baums']",der,"UTT_BOUNDARY welches wort steht im satz ""der vogel zwitschert fröhlich auf dem ast des alten baums."" direkt vor ""vogel""?UTT_BOUNDARY der vogel fliegt hoch über", der vogel fliegt hoch über
"F: In dem Satz ""Der Vogel singt früh am Morgen ein fröhliches Lied im Garten."", welches Wort kommt unmittelbar vor dem Wort ""singt""? A:","['Der', 'Vogel', 'singt', 'früh', 'am', 'Morgen', 'ein', 'fröhliches', 'Lied', 'im', 'Garten']",vogel,"UTT_BOUNDARY f: in dem satz ""der vogel singt früh am morgen ein fröhliches lied im garten."", welches wort kommt unmittelbar vor dem wort ""singt""? a:UTT_BOUNDARY der vogel im garten mit", der vogel im garten mit
"Welches Wort steht im Satz ""Wir machen eine Bootsfahrt auf dem See bei schönem Wetter."" direkt vor ""Bootsfahrt""? ","['Wir', 'machen', 'eine', 'Bootsfahrt', 'auf', 'dem', 'See', 'bei', 'schönem', 'Wetter']",eine,"UTT_BOUNDARY welches wort steht im satz ""wir machen eine bootsfahrt auf dem see bei schönem wetter."" direkt vor ""bootsfahrt""?UTT_BOUNDARY die berge am fluss entlang", die berge am fluss entlang
"F: In dem Satz ""Sie schreibt eine Postkarte an ihre beste Freundin."", welches Wort steht direkt vor dem Wort ""ihre""? A:","['Sie', 'schreibt', 'eine', 'Postkarte', 'an', 'ihre', 'beste', 'Freundin']",an,"UTT_BOUNDARY f: in dem satz ""sie schreibt eine postkarte an ihre beste freundin."", welches wort steht direkt vor dem wort ""ihre""? a:UTT_BOUNDARY an ihre freundin zu schicken", an ihre freundin zu schicken
"F: In dem Satz ""Wir feiern Ostern traditionell mit bunten Eiern und Familie."", welches Wort kommt unmittelbar vor dem Wort ""mit""? A:","['Wir', 'feiern', 'Ostern', 'traditionell', 'mit', 'bunten', 'Eiern', 'und', 'Familie']",traditionell,"UTT_BOUNDARY f: in dem satz ""wir feiern ostern traditionell mit bunten eiern und familie."", welches wort kommt unmittelbar vor dem wort ""mit""? a:UTT_BOUNDARY feiern und feiern ist heute", feiern und feiern ist heute
"Welches Wort steht im Satz ""Der Vogel baut ein Nest im Baum vor unserem Haus."" direkt vor ""baut""? ","['Der', 'Vogel', 'baut', 'ein', 'Nest', 'im', 'Baum', 'vor', 'unserem', 'Haus']",vogel,"UTT_BOUNDARY welches wort steht im satz ""der vogel baut ein nest im baum vor unserem haus."" direkt vor ""baut""?UTT_BOUNDARY vogelfutter mit vielen geschen", vogelfutter mit vielen geschen
"F: In dem Satz ""Ich lerne Deutsch, um in Deutschland zu arbeiten und mich zu verständigen."", welches Wort steht direkt vor dem Wort ""und""? A:","['Ich', 'lerne', 'Deutsch', 'um', 'in', 'Deutschland', 'zu', 'arbeiten', 'und', 'mich', 'zu', 'verständigen']",arbeiten,"UTT_BOUNDARY f: in dem satz ""ich lerne deutsch, um in deutschland zu arbeiten und mich zu verständigen."", welches wort steht direkt vor dem wort ""und""? a:UTT_BOUNDARY deutsches recht""? a"," deutsches recht""? a"
"F: In dem Satz ""Wir essen heute frische Pasta mit Tomatensoße und Salat dazu gern."", welches Wort kommt unmittelbar vor dem Wort ""essen""? A:","['Wir', 'essen', 'heute', 'frische', 'Pasta', 'mit', 'Tomatensoße', 'und', 'Salat', 'dazu', 'gern']",wir,"UTT_BOUNDARY f: in dem satz ""wir essen heute frische pasta mit tomatensoße und salat dazu gern."", welches wort kommt unmittelbar vor dem wort ""essen""? a:UTT_BOUNDARY wir heute abend mit freunden", wir heute abend mit freunden
"Welches Wort steht im Satz ""Wir treffen uns am Sonntag zum Frühstück im Café."" direkt vor ""uns""? ","['Wir', 'treffen', 'uns', 'am', 'Sonntag', 'zum', 'Frühstück', 'im', 'Café']",treffen,"UTT_BOUNDARY welches wort steht im satz ""wir treffen uns am sonntag zum frühstück im café."" direkt vor ""uns""?UTT_BOUNDARY treffen uns an der tür", treffen uns an der tür
"F: In dem Satz ""Der Junge spielt gerne Fußball auf dem Sportplatz."", welches Wort steht direkt vor dem Wort ""dem""? A:","['Der', 'Junge', 'spielt', 'gerne', 'Fußball', 'auf', 'dem', 'Sportplatz']",auf,"UTT_BOUNDARY f: in dem satz ""der junge spielt gerne fußball auf dem sportplatz."", welches wort steht direkt vor dem wort ""dem""? a:UTT_BOUNDARY mit dem ball im garten", mit dem ball im garten
"F: In dem Satz ""Ich koche heute eine cremige Kürbissuppe mit frischen Gewürzen."", welches Wort kommt unmittelbar vor dem Wort ""frischen""? A:","['Ich', 'koche', 'heute', 'eine', 'cremige', 'Kürbissuppe', 'mit', 'frischen', 'Gewürzen']",mit,"UTT_BOUNDARY f: in dem satz ""ich koche heute eine cremige kürbissuppe mit frischen gewürzen."", welches wort kommt unmittelbar vor dem wort ""frischen""? a:UTT_BOUNDARY mit dem ballastwasser", mit dem ballastwasser
"F: In dem Satz ""Die Kinder spielen draußen im Garten mit ihren Freunden."", welches Wort steht direkt vor dem Wort ""spielen""? A:","['Die', 'Kinder', 'spielen', 'draußen', 'im', 'Garten', 'mit', 'ihren', 'Freunden']",kinder,"UTT_BOUNDARY f: in dem satz ""die kinder spielen draußen im garten mit ihren freunden."", welches wort steht direkt vor dem wort ""spielen""? a:UTT_BOUNDARY kinder im sandkasten im park", kinder im sandkasten im park
"F: In dem Satz ""Sie hört Musik, während sie Hausaufgaben macht und sich konzentriert."", welches Wort kommt unmittelbar vor dem Wort ""Musik""? A:","['Sie', 'hört', 'Musik', 'während', 'sie', 'Hausaufgaben', 'macht', 'und', 'sich', 'konzentriert']",hört,"UTT_BOUNDARY f: in dem satz ""sie hört musik, während sie hausaufgaben macht und sich konzentriert."", welches wort kommt unmittelbar vor dem wort ""musik""? a:UTT_BOUNDARY hört hört hört hört hört", hört hört hört hört hört
"Welches Wort steht im Satz ""Ich genieße die Ruhe beim Lesen eines spannenden Romans."" direkt vor ""Ruhe""? ","['Ich', 'genieße', 'die', 'Ruhe', 'beim', 'Lesen', 'eines', 'spannenden', 'Romans']",die,"UTT_BOUNDARY welches wort steht im satz ""ich genieße die ruhe beim lesen eines spannenden romans."" direkt vor ""ruhe""?UTT_BOUNDARY ein satz vor dem einschlafen", ein satz vor dem einschlafen
"F: In dem Satz ""Sie schreibt ein Gedicht über den Frühling und die Natur."", welches Wort steht direkt vor dem Wort ""Frühling""? A:","['Sie', 'schreibt', 'ein', 'Gedicht', 'über', 'den', 'Frühling', 'und', 'die', 'Natur']",den,"UTT_BOUNDARY f: in dem satz ""sie schreibt ein gedicht über den frühling und die natur."", welches wort steht direkt vor dem wort ""frühling""? a:UTT_BOUNDARY im frühling und herbst am", im frühling und herbst am
"Welches Wort steht im Satz ""Die Blumen blühen bunt im Frühling auf dem Balkon zuhause."" direkt vor ""Blumen""? ","['Die', 'Blumen', 'blühen', 'bunt', 'im', 'Frühling', 'auf', 'dem', 'Balkon', 'zuhause']",die,"UTT_BOUNDARY welches wort steht im satz ""die blumen blühen bunt im frühling auf dem balkon zuhause."" direkt vor ""blumen""?UTT_BOUNDARY die blumen auf dem balkon", die blumen auf dem balkon
"Welches Wort steht im Satz ""Der Vogel baut ein Nest im Baum vor unserem Haus."" direkt vor ""im""? ","['Der', 'Vogel', 'baut', 'ein', 'Nest', 'im', 'Baum', 'vor', 'unserem', 'Haus']",nest,"UTT_BOUNDARY welches wort steht im satz ""der vogel baut ein nest im baum vor unserem haus."" direkt vor ""im""?UTT_BOUNDARY baum steht ein baum mit", baum steht ein baum mit
"F: In dem Satz ""Das Kind malt ein buntes Bild mit vielen Farben."", welches Wort steht direkt vor dem Wort ""ein""? A:","['Das', 'Kind', 'malt', 'ein', 'buntes', 'Bild', 'mit', 'vielen', 'Farben']",malt,"UTT_BOUNDARY f: in dem satz ""das kind malt ein buntes bild mit vielen farben."", welches wort steht direkt vor dem wort ""ein""? a:UTT_BOUNDARY malt ein bild mit vielen", malt ein bild mit vielen
"Welches Wort steht im Satz ""Der Vogel zwitschert fröhlich auf dem Baum im Park."" direkt vor ""Vogel""? ","['Der', 'Vogel', 'zwitschert', 'fröhlich', 'auf', 'dem', 'Baum', 'im', 'Park']",der,"UTT_BOUNDARY welches wort steht im satz ""der vogel zwitschert fröhlich auf dem baum im park."" direkt vor ""vogel""?UTT_BOUNDARY der hund und die katze", der hund und die katze
"F: In dem Satz ""Der Vogel baut ein Nest hoch oben im Baum."", welches Wort steht direkt vor dem Wort ""ein""? A:","['Der', 'Vogel', 'baut', 'ein', 'Nest', 'hoch', 'oben', 'im', 'Baum']",baut,"UTT_BOUNDARY f: in dem satz ""der vogel baut ein nest hoch oben im baum."", welches wort steht direkt vor dem wort ""ein""? a:UTT_BOUNDARY baum steht direkt vor dem", baum steht direkt vor dem
"Welches Wort steht im Satz ""Der Regen fällt sanft auf die Blätter im Garten."" direkt vor ""auf""? ","['Der', 'Regen', 'fällt', 'sanft', 'auf', 'die', 'Blätter', 'im', 'Garten']",sanft,"UTT_BOUNDARY welches wort steht im satz ""der regen fällt sanft auf die blätter im garten."" direkt vor ""auf""?UTT_BOUNDARY hoch und runter und runter", hoch und runter und runter
"F: In dem Satz ""Wir besuchen am Sonntag das Museum für moderne Kunst in der Stadt."", welches Wort kommt unmittelbar vor dem Wort ""das""? A:","['Wir', 'besuchen', 'am', 'Sonntag', 'das', 'Museum', 'für', 'moderne', 'Kunst', 'in', 'der', 'Stadt']",sonntag,"UTT_BOUNDARY f: in dem satz ""wir besuchen am sonntag das museum für moderne kunst in der stadt."", welches wort kommt unmittelbar vor dem wort ""das""? a:UTT_BOUNDARY besuchen wir das museum,"," besuchen wir das museum,"
"Welches Wort steht im Satz ""Der Lehrer erklärt die neue Grammatikregel geduldig und verständlich."" direkt vor ""und""? ","['Der', 'Lehrer', 'erklärt', 'die', 'neue', 'Grammatikregel', 'geduldig', 'und', 'verständlich']",geduldig,"UTT_BOUNDARY welches wort steht im satz ""der lehrer erklärt die neue grammatikregel geduldig und verständlich."" direkt vor ""und""?UTT_BOUNDARY lehrerinnen"" aufgaben zu"," lehrerinnen"" aufgaben zu"
"Welches Wort steht im Satz ""Ich koche heute Abend eine leckere Gemüsesuppe mit frischen Kräutern."" direkt vor ""eine""? ","['Ich', 'koche', 'heute', 'Abend', 'eine', 'leckere', 'Gemüsesuppe', 'mit', 'frischen', 'Kräutern']",abend,"UTT_BOUNDARY welches wort steht im satz ""ich koche heute abend eine leckere gemüsesuppe mit frischen kräutern."" direkt vor ""eine""?UTT_BOUNDARY heute abend eine pizza mit", heute abend eine pizza mit
"F: In dem Satz ""Die Katze spielt mit dem kleinen roten Laserpunkt im Wohnzimmer."", welches Wort kommt unmittelbar vor dem Wort ""mit""? A:","['Die', 'Katze', 'spielt', 'mit', 'dem', 'kleinen', 'roten', 'Laserpunkt', 'im', 'Wohnzimmer']",spielt,"UTT_BOUNDARY f: in dem satz ""die katze spielt mit dem kleinen roten laserpunkt im wohnzimmer."", welches wort kommt unmittelbar vor dem wort ""mit""? a:UTT_BOUNDARY katze spielt mit ihrem liebling", katze spielt mit ihrem liebling
"F: In dem Satz ""Der Hund bellt laut, wenn jemand an der Tür klingelt und begrüßt."", welches Wort steht direkt vor dem Wort ""der""? A:","['Der', 'Hund', 'bellt', 'laut', 'wenn', 'jemand', 'an', 'der', 'Tür', 'klingelt', 'und', 'begrüßt']",an,"UTT_BOUNDARY f: in dem satz ""der hund bellt laut, wenn jemand an der tür klingelt und begrüßt."", welches wort steht direkt vor dem wort ""der""? a:UTT_BOUNDARY laut beim spielen im wohnzimmer", laut beim spielen im wohnzimmer
"F: In dem Satz ""Die Blumen im Garten blühen bunt und duften wunderbar."", welches Wort steht direkt vor dem Wort ""und""? A:","['Die', 'Blumen', 'im', 'Garten', 'blühen', 'bunt', 'und', 'duften', 'wunderbar']",bunt,"UTT_BOUNDARY f: in dem satz ""die blumen im garten blühen bunt und duften wunderbar."", welches wort steht direkt vor dem wort ""und""? a:UTT_BOUNDARY blumen auf dem balkonboden", blumen auf dem balkonboden
"F: In dem Satz ""Wir machen einen Ausflug zum See am Samstag."", welches Wort steht direkt vor dem Wort ""See""? A:","['Wir', 'machen', 'einen', 'Ausflug', 'zum', 'See', 'am', 'Samstag']",zum,"UTT_BOUNDARY f: in dem satz ""wir machen einen ausflug zum see am samstag."", welches wort steht direkt vor dem wort ""see""? a:UTT_BOUNDARY zum ausflug in die stadt", zum ausflug in die stadt
"F: In dem Satz ""Die Blumen duften herrlich im Garten neben dem Haus."", welches Wort kommt unmittelbar vor dem Wort ""dem""? A:","['Die', 'Blumen', 'duften', 'herrlich', 'im', 'Garten', 'neben', 'dem', 'Haus']",neben,"UTT_BOUNDARY f: in dem satz ""die blumen duften herrlich im garten neben dem haus."", welches wort kommt unmittelbar vor dem wort ""dem""? a:UTT_BOUNDARY im garten hinter dem haus", im garten hinter dem haus
"F: In dem Satz ""Sie kocht leckere Gerichte aus frischem Gemüse und Kräutern."", welches Wort kommt unmittelbar vor dem Wort ""leckere""? A:","['Sie', 'kocht', 'leckere', 'Gerichte', 'aus', 'frischem', 'Gemüse', 'und', 'Kräutern']",kocht,"UTT_BOUNDARY f: in dem satz ""sie kocht leckere gerichte aus frischem gemüse und kräutern."", welches wort kommt unmittelbar vor dem wort ""leckere""? a:UTT_BOUNDARY heute abend ein neues rezept", heute abend ein neues rezept
"F: In dem Satz ""Wir feiern Silvester mit Freunden und einem großen Feuerwerk."", welches Wort kommt unmittelbar vor dem Wort ""mit""? A:","['Wir', 'feiern', 'Silvester', 'mit', 'Freunden', 'und', 'einem', 'großen', 'Feuerwerk']",silvester,"UTT_BOUNDARY f: in dem satz ""wir feiern silvester mit freunden und einem großen feuerwerk."", welches wort kommt unmittelbar vor dem wort ""mit""? a:UTT_BOUNDARY feiern und feiern ist das", feiern und feiern ist das
"Welches Wort steht im Satz ""Sie schreibt eine Karte an ihre Freundin zum Geburtstag."" direkt vor ""Freundin""? ","['Sie', 'schreibt', 'eine', 'Karte', 'an', 'ihre', 'Freundin', 'zum', 'Geburtstag']",ihre,"UTT_BOUNDARY welches wort steht im satz ""sie schreibt eine karte an ihre freundin zum geburtstag."" direkt vor ""freundin""?UTT_BOUNDARY eine karte für das neue", eine karte für das neue
"F: In dem Satz ""Sie fährt jeden Tag mit dem Fahrrad zur Arbeit."", welches Wort steht direkt vor dem Wort ""Fahrrad""? A:","['Sie', 'fährt', 'jeden', 'Tag', 'mit', 'dem', 'Fahrrad', 'zur', 'Arbeit']",dem,"UTT_BOUNDARY f: in dem satz ""sie fährt jeden tag mit dem fahrrad zur arbeit."", welches wort steht direkt vor dem wort ""fahrrad""? a:UTT_BOUNDARY dem autofahren"". direkt"," dem autofahren"". direkt"
"F: In dem Satz ""Wir machen eine Pause und trinken eine Tasse Kaffee zusammen im Café."", welches Wort steht direkt vor dem Wort ""Kaffee""? A:","['Wir', 'machen', 'eine', 'Pause', 'und', 'trinken', 'eine', 'Tasse', 'Kaffee', 'zusammen', 'im', 'Café']",tasse,"UTT_BOUNDARY f: in dem satz ""wir machen eine pause und trinken eine tasse kaffee zusammen im café."", welches wort steht direkt vor dem wort ""kaffee""? a:UTT_BOUNDARY trinken und trinken trinken und", trinken und trinken trinken und
"F: In dem Satz ""Der Lehrer lobt die Schüler für ihre guten Leistungen."", welches Wort kommt unmittelbar vor dem Wort ""ihre""? A:","['Der', 'Lehrer', 'lobt', 'die', 'Schüler', 'für', 'ihre', 'guten', 'Leistungen']",für,"UTT_BOUNDARY f: in dem satz ""der lehrer lobt die schüler für ihre guten leistungen."", welches wort kommt unmittelbar vor dem wort ""ihre""? a:UTT_BOUNDARY ihre hausaufgaben für das wochenende", ihre hausaufgaben für das wochenende
"F: In dem Satz ""Ich gehe abends spazieren, um den Kopf frei zu bekommen."", welches Wort kommt unmittelbar vor dem Wort ""zu""? A:","['Ich', 'gehe', 'abends', 'spazieren', 'um', 'den', 'Kopf', 'frei', 'zu', 'bekommen']",frei,"UTT_BOUNDARY f: in dem satz ""ich gehe abends spazieren, um den kopf frei zu bekommen."", welches wort kommt unmittelbar vor dem wort ""zu""? a:UTT_BOUNDARY kopf unter wasser und wasser", kopf unter wasser und wasser
"F: In dem Satz ""Sie liest jeden Abend vor dem Schlafengehen ein Buch."", welches Wort steht direkt vor dem Wort ""dem""? A:","['Sie', 'liest', 'jeden', 'Abend', 'vor', 'dem', 'Schlafengehen', 'ein', 'Buch']",vor,"UTT_BOUNDARY f: in dem satz ""sie liest jeden abend vor dem schlafengehen ein buch."", welches wort steht direkt vor dem wort ""dem""? a:UTT_BOUNDARY vor dem wort ""das"," vor dem wort ""das"
"F: In dem Satz ""Sie trinkt morgens warmen Tee mit Honig und Zitrone."", welches Wort kommt unmittelbar vor dem Wort ""Honig""? A:","['Sie', 'trinkt', 'morgens', 'warmen', 'Tee', 'mit', 'Honig', 'und', 'Zitrone']",mit,"UTT_BOUNDARY f: in dem satz ""sie trinkt morgens warmen tee mit honig und zitrone."", welches wort kommt unmittelbar vor dem wort ""honig""? a:UTT_BOUNDARY sie mit dem satz """," sie mit dem satz """
"F: In dem Satz ""Der Vogel zwitschert laut im Garten und begrüßt den neuen Tag."", welches Wort kommt unmittelbar vor dem Wort ""Vogel""? A:","['Der', 'Vogel', 'zwitschert', 'laut', 'im', 'Garten', 'und', 'begrüßt', 'den', 'neuen', 'Tag']",der,"UTT_BOUNDARY f: in dem satz ""der vogel zwitschert laut im garten und begrüßt den neuen tag."", welches wort kommt unmittelbar vor dem wort ""vogel""? a:UTT_BOUNDARY der vogel im garten mit", der vogel im garten mit
"F: In dem Satz ""Wir feiern Weihnachten traditionell mit der ganzen Familie und Geschenken."", welches Wort kommt unmittelbar vor dem Wort ""feiern""? A:","['Wir', 'feiern', 'Weihnachten', 'traditionell', 'mit', 'der', 'ganzen', 'Familie', 'und', 'Geschenken']",wir,"UTT_BOUNDARY f: in dem satz ""wir feiern weihnachten traditionell mit der ganzen familie und geschenken."", welches wort kommt unmittelbar vor dem wort ""feiern""? a:UTT_BOUNDARY wir heute mit dem auto", wir heute mit dem auto
"F: In dem Satz ""Das Konzert beginnt um acht Uhr am Abend."", welches Wort steht direkt vor dem Wort ""um""? A:","['Das', 'Konzert', 'beginnt', 'um', 'acht', 'Uhr', 'am', 'Abend']",beginnt,"UTT_BOUNDARY f: in dem satz ""das konzert beginnt um acht uhr am abend."", welches wort steht direkt vor dem wort ""um""? a:UTT_BOUNDARY morgen ist donnerstagabend,"," morgen ist donnerstagabend,"
"F: In dem Satz ""Die Blumen auf dem Balkon blühen schön in der warmen Sonne."", welches Wort kommt unmittelbar vor dem Wort ""dem""? A:","['Die', 'Blumen', 'auf', 'dem', 'Balkon', 'blühen', 'schön', 'in', 'der', 'warmen', 'Sonne']",auf,"UTT_BOUNDARY f: in dem satz ""die blumen auf dem balkon blühen schön in der warmen sonne."", welches wort kommt unmittelbar vor dem wort ""dem""? a:UTT_BOUNDARY auf dem balkonboden."""," auf dem balkonboden."""
"F: In dem Satz ""Sie kocht heute eine Suppe mit vielen frischen Kräutern."", welches Wort steht direkt vor dem Wort ""kocht""? A:","['Sie', 'kocht', 'heute', 'eine', 'Suppe', 'mit', 'vielen', 'frischen', 'Kräutern']",sie,"UTT_BOUNDARY f: in dem satz ""sie kocht heute eine suppe mit vielen frischen kräutern."", welches wort steht direkt vor dem wort ""kocht""? a:UTT_BOUNDARY sie gern mit frischen kräu", sie gern mit frischen kräu
"Welches Wort steht im Satz ""Der Himmel ist heute bewölkt, aber es bleibt trocken und mild."" direkt vor ""bewölkt""? ","['Der', 'Himmel', 'ist', 'heute', 'bewölkt', 'aber', 'es', 'bleibt', 'trocken', 'und', 'mild']",heute,"UTT_BOUNDARY welches wort steht im satz ""der himmel ist heute bewölkt, aber es bleibt trocken und mild."" direkt vor ""bewölkt""?UTT_BOUNDARY es hell und warm heute", es hell und warm heute
"F: In dem Satz ""Wir machen einen Ausflug in die Berge und genießen die Natur."", welches Wort steht direkt vor dem Wort ""genießen""? A:","['Wir', 'machen', 'einen', 'Ausflug', 'in', 'die', 'Berge', 'und', 'genießen', 'die', 'Natur']",und,"UTT_BOUNDARY f: in dem satz ""wir machen einen ausflug in die berge und genießen die natur."", welches wort steht direkt vor dem wort ""genießen""? a:UTT_BOUNDARY und zufriedenheit sind heute", und zufriedenheit sind heute
"F: In dem Satz ""Die Blumen blühen bunt und duften angenehm im Frühling."", welches Wort steht direkt vor dem Wort ""im""? A:","['Die', 'Blumen', 'blühen', 'bunt', 'und', 'duften', 'angenehm', 'im', 'Frühling']",angenehm,"UTT_BOUNDARY f: in dem satz ""die blumen blühen bunt und duften angenehm im frühling."", welches wort steht direkt vor dem wort ""im""? a:UTT_BOUNDARY blühen in vielen farben und", blühen in vielen farben und
"F: In dem Satz ""Der Zug kommt pünktlich am Bahnhof an."", welches Wort steht direkt vor dem Wort ""am""? A:","['Der', 'Zug', 'kommt', 'pünktlich', 'am', 'Bahnhof', 'an']",pünktlich,"UTT_BOUNDARY f: in dem satz ""der zug kommt pünktlich am bahnhof an."", welches wort steht direkt vor dem wort ""am""? a:UTT_BOUNDARY zug zug zug zug zug", zug zug zug zug zug
"Welches Wort steht im Satz ""Die Katze spielt mit ihrem Lieblingsspielzeug im Wohnzimmer fröhlich."" direkt vor ""Katze""? ","['Die', 'Katze', 'spielt', 'mit', 'ihrem', 'Lieblingsspielzeug', 'im', 'Wohnzimmer', 'fröhlich']",die,"UTT_BOUNDARY welches wort steht im satz ""die katze spielt mit ihrem lieblingsspielzeug im wohnzimmer fröhlich."" direkt vor ""katze""?UTT_BOUNDARY die katze im garten mit", die katze im garten mit
"F: In dem Satz ""Sie spielt Geige und übt fleißig für das Konzert nächste Woche."", welches Wort kommt unmittelbar vor dem Wort ""fleißig""? A:","['Sie', 'spielt', 'Geige', 'und', 'übt', 'fleißig', 'für', 'das', 'Konzert', 'nächste', 'Woche']",übt,"UTT_BOUNDARY f: in dem satz ""sie spielt geige und übt fleißig für das konzert nächste woche."", welches wort kommt unmittelbar vor dem wort ""fleißig""? a:UTT_BOUNDARY jeden tag in der schule", jeden tag in der schule
"F: In dem Satz ""Wir besuchen nächste Woche das Museum für moderne Kunst."", welches Wort steht direkt vor dem Wort ""Woche""? A:","['Wir', 'besuchen', 'nächste', 'Woche', 'das', 'Museum', 'für', 'moderne', 'Kunst']",nächste,"UTT_BOUNDARY f: in dem satz ""wir besuchen nächste woche das museum für moderne kunst."", welches wort steht direkt vor dem wort ""woche""? a:UTT_BOUNDARY nächste woche eine neue schule", nächste woche eine neue schule
"F: In dem Satz ""Sie schreibt eine Karte an ihre Großeltern zum Geburtstag."", welches Wort steht direkt vor dem Wort ""Karte""? A:","['Sie', 'schreibt', 'eine', 'Karte', 'an', 'ihre', 'Großeltern', 'zum', 'Geburtstag']",eine,"UTT_BOUNDARY f: in dem satz ""sie schreibt eine karte an ihre großeltern zum geburtstag."", welches wort steht direkt vor dem wort ""karte""? a:UTT_BOUNDARY eine freundin zu hause zu", eine freundin zu hause zu
"F: In dem Satz ""Wir fahren im Winter in die Berge zum Skifahren und Rodeln oft."", welches Wort kommt unmittelbar vor dem Wort ""fahren""? A:","['Wir', 'fahren', 'im', 'Winter', 'in', 'die', 'Berge', 'zum', 'Skifahren', 'und', 'Rodeln', 'oft']",wir,"UTT_BOUNDARY f: in dem satz ""wir fahren im winter in die berge zum skifahren und rodeln oft."", welches wort kommt unmittelbar vor dem wort ""fahren""? a:UTT_BOUNDARY wir am wochenende entlang des", wir am wochenende entlang des
"Welches Wort steht im Satz ""Die Blumen auf dem Balkon blühen schön in der warmen Sonne."" direkt vor ""warmen""? ","['Die', 'Blumen', 'auf', 'dem', 'Balkon', 'blühen', 'schön', 'in', 'der', 'warmen', 'Sonne']",der,"UTT_BOUNDARY welches wort steht im satz ""die blumen auf dem balkon blühen schön in der warmen sonne."" direkt vor ""warmen""?UTT_BOUNDARY der sonne scheint warm und", der sonne scheint warm und
"F: In dem Satz ""Die Kinder malen Bilder für den Kunstwettbewerb in der Schule."", welches Wort kommt unmittelbar vor dem Wort ""der""? A:","['Die', 'Kinder', 'malen', 'Bilder', 'für', 'den', 'Kunstwettbewerb', 'in', 'der', 'Schule']",in,"UTT_BOUNDARY f: in dem satz ""die kinder malen bilder für den kunstwettbewerb in der schule."", welches wort kommt unmittelbar vor dem wort ""der""? a:UTT_BOUNDARY für das konzert nächste woche", für das konzert nächste woche
"F: In dem Satz ""Wir fahren mit dem Fahrrad durch den Park am Wochenende zum Ausflug."", welches Wort kommt unmittelbar vor dem Wort ""am""? A:","['Wir', 'fahren', 'mit', 'dem', 'Fahrrad', 'durch', 'den', 'Park', 'am', 'Wochenende', 'zum', 'Ausflug']",park,"UTT_BOUNDARY f: in dem satz ""wir fahren mit dem fahrrad durch den park am wochenende zum ausflug."", welches wort kommt unmittelbar vor dem wort ""am""? a:UTT_BOUNDARY fahren ist sehr nah an", fahren ist sehr nah an
"F: In dem Satz ""Sie schreibt eine Postkarte aus dem Urlaub an ihre Freunde."", welches Wort kommt unmittelbar vor dem Wort ""Urlaub""? A:","['Sie', 'schreibt', 'eine', 'Postkarte', 'aus', 'dem', 'Urlaub', 'an', 'ihre', 'Freunde']",dem,"UTT_BOUNDARY f: in dem satz ""sie schreibt eine postkarte aus dem urlaub an ihre freunde."", welches wort kommt unmittelbar vor dem wort ""urlaub""? a:UTT_BOUNDARY eine freundin und eine freundin", eine freundin und eine freundin
"Welches Wort steht im Satz ""Er fährt jeden Tag mit dem Fahrrad zur Arbeit in der Stadt."" direkt vor ""fährt""? ","['Er', 'fährt', 'jeden', 'Tag', 'mit', 'dem', 'Fahrrad', 'zur', 'Arbeit', 'in', 'der', 'Stadt']",er,"UTT_BOUNDARY welches wort steht im satz ""er fährt jeden tag mit dem fahrrad zur arbeit in der stadt."" direkt vor ""fährt""?UTT_BOUNDARY er mit dem fahrrad zur", er mit dem fahrrad zur
"F: In dem Satz ""Die Katze spielt mit ihrem Lieblingsspielzeug im Wohnzimmer fröhlich."", welches Wort kommt unmittelbar vor dem Wort ""mit""? A:","['Die', 'Katze', 'spielt', 'mit', 'ihrem', 'Lieblingsspielzeug', 'im', 'Wohnzimmer', 'fröhlich']",spielt,"UTT_BOUNDARY f: in dem satz ""die katze spielt mit ihrem lieblingsspielzeug im wohnzimmer fröhlich."", welches wort kommt unmittelbar vor dem wort ""mit""? a:UTT_BOUNDARY lieblingsspielzeugnisse sind", lieblingsspielzeugnisse sind
"F: In dem Satz ""Ich lese oft spannende Bücher über Geschichte und Kultur aus aller Welt."", welches Wort steht direkt vor dem Wort ""oft""? A:","['Ich', 'lese', 'oft', 'spannende', 'Bücher', 'über', 'Geschichte', 'und', 'Kultur', 'aus', 'aller', 'Welt']",lese,"UTT_BOUNDARY f: in dem satz ""ich lese oft spannende bücher über geschichte und kultur aus aller welt."", welches wort steht direkt vor dem wort ""oft""? a:UTT_BOUNDARY spannende bücher über geschichte", spannende bücher über geschichte
"F: In dem Satz ""Wir feiern Weihnachten mit der ganzen Familie zusammen und essen viel."", welches Wort steht direkt vor dem Wort ""zusammen""? A:","['Wir', 'feiern', 'Weihnachten', 'mit', 'der', 'ganzen', 'Familie', 'zusammen', 'und', 'essen', 'viel']",familie,"UTT_BOUNDARY f: in dem satz ""wir feiern weihnachten mit der ganzen familie zusammen und essen viel."", welches wort steht direkt vor dem wort ""zusammen""? a:UTT_BOUNDARY feiern wir heute abend mit", feiern wir heute abend mit
"F: In dem Satz ""Im Park spielen viele Kinder laut auf dem Spielplatz."", welches Wort steht direkt vor dem Wort ""laut""? A:","['Im', 'Park', 'spielen', 'viele', 'Kinder', 'laut', 'auf', 'dem', 'Spielplatz']",kinder,"UTT_BOUNDARY f: in dem satz ""im park spielen viele kinder laut auf dem spielplatz."", welches wort steht direkt vor dem wort ""laut""? a:UTT_BOUNDARY kinder im sandkasten spielen oft", kinder im sandkasten spielen oft
"Welches Wort steht im Satz ""Die Kinder spielen Verstecken im Garten und lachen laut."" direkt vor ""Verstecken""? ","['Die', 'Kinder', 'spielen', 'Verstecken', 'im', 'Garten', 'und', 'lachen', 'laut']",spielen,"UTT_BOUNDARY welches wort steht im satz ""die kinder spielen verstecken im garten und lachen laut."" direkt vor ""verstecken""?UTT_BOUNDARY spielen spielen spielen spielen spielen", spielen spielen spielen spielen spielen
"F: In dem Satz ""Er liest die Zeitung beim Frühstück jeden Morgen."", welches Wort steht direkt vor dem Wort ""Frühstück""? A:","['Er', 'liest', 'die', 'Zeitung', 'beim', 'Frühstück', 'jeden', 'Morgen']",beim,"UTT_BOUNDARY f: in dem satz ""er liest die zeitung beim frühstück jeden morgen."", welches wort steht direkt vor dem wort ""frühstück""? a:UTT_BOUNDARY liest du gern vor dem", liest du gern vor dem
"Welches Wort steht im Satz ""Er repariert sein Fahrrad in der Werkstatt seines Nachbarn."" direkt vor ""der""? ","['Er', 'repariert', 'sein', 'Fahrrad', 'in', 'der', 'Werkstatt', 'seines', 'Nachbarn']",in,"UTT_BOUNDARY welches wort steht im satz ""er repariert sein fahrrad in der werkstatt seines nachbarn."" direkt vor ""der""?UTT_BOUNDARY in dem satz ""der"," in dem satz ""der"
"F: In dem Satz ""Ich gehe abends spazieren, um den Kopf frei zu bekommen."", welches Wort kommt unmittelbar vor dem Wort ""den""? A:","['Ich', 'gehe', 'abends', 'spazieren', 'um', 'den', 'Kopf', 'frei', 'zu', 'bekommen']",um,"UTT_BOUNDARY f: in dem satz ""ich gehe abends spazieren, um den kopf frei zu bekommen."", welches wort kommt unmittelbar vor dem wort ""den""? a:UTT_BOUNDARY um den kopf herum zu", um den kopf herum zu
"Welches Wort steht im Satz ""Die Sonne scheint warm auf das Gesicht im Sommer."" direkt vor ""warm""? ","['Die', 'Sonne', 'scheint', 'warm', 'auf', 'das', 'Gesicht', 'im', 'Sommer']",scheint,"UTT_BOUNDARY welches wort steht im satz ""die sonne scheint warm auf das gesicht im sommer."" direkt vor ""warm""?UTT_BOUNDARY es im winter warm und", es im winter warm und
"Welches Wort steht im Satz ""Er repariert das Fahrrad im Keller mit Werkzeug und Geduld."" direkt vor ""im""? ","['Er', 'repariert', 'das', 'Fahrrad', 'im', 'Keller', 'mit', 'Werkzeug', 'und', 'Geduld']",fahrrad,"UTT_BOUNDARY welches wort steht im satz ""er repariert das fahrrad im keller mit werkzeug und geduld."" direkt vor ""im""?UTT_BOUNDARY fahrradtour durch die stadt", fahrradtour durch die stadt
"F: In dem Satz ""Der Himmel ist klar und die Sonne scheint warm und hell."", welches Wort kommt unmittelbar vor dem Wort ""scheint""? A:","['Der', 'Himmel', 'ist', 'klar', 'und', 'die', 'Sonne', 'scheint', 'warm', 'und', 'hell']",sonne,"UTT_BOUNDARY f: in dem satz ""der himmel ist klar und die sonne scheint warm und hell."", welches wort kommt unmittelbar vor dem wort ""scheint""? a:UTT_BOUNDARY sonne scheint sonne scheint warm", sonne scheint sonne scheint warm
"F: In dem Satz ""Der Film im Kino war sehr spannend und lustig."", welches Wort steht direkt vor dem Wort ""sehr""? A:","['Der', 'Film', 'im', 'Kino', 'war', 'sehr', 'spannend', 'und', 'lustig']",war,"UTT_BOUNDARY f: in dem satz ""der film im kino war sehr spannend und lustig."", welches wort steht direkt vor dem wort ""sehr""? a:UTT_BOUNDARY der film im kinofilm", der film im kinofilm
"Welches Wort steht im Satz ""Die Blumen blühen bunt und duften herrlich im Frühlingsgarten."" direkt vor ""im""? ","['Die', 'Blumen', 'blühen', 'bunt', 'und', 'duften', 'herrlich', 'im', 'Frühlingsgarten']",herrlich,"UTT_BOUNDARY welches wort steht im satz ""die blumen blühen bunt und duften herrlich im frühlingsgarten."" direkt vor ""im""?UTT_BOUNDARY sonne scheint sonne scheint sonne", sonne scheint sonne scheint sonne
"F: In dem Satz ""Ich gehe joggen im Wald am Morgen und genieße."", welches Wort steht direkt vor dem Wort ""joggen""? A:","['Ich', 'gehe', 'joggen', 'im', 'Wald', 'am', 'Morgen', 'und', 'genieße']",gehe,"UTT_BOUNDARY f: in dem satz ""ich gehe joggen im wald am morgen und genieße."", welches wort steht direkt vor dem wort ""joggen""? a:UTT_BOUNDARY gerne verstecken im wald und", gerne verstecken im wald und
"Welches Wort steht im Satz ""Der Hund liebt es, im Park mit anderen Hunden zu spielen."" direkt vor ""zu""? ","['Der', 'Hund', 'liebt', 'es', 'im', 'Park', 'mit', 'anderen', 'Hunden', 'zu', 'spielen']",hunden,"UTT_BOUNDARY welches wort steht im satz ""der hund liebt es, im park mit anderen hunden zu spielen."" direkt vor ""zu""?UTT_BOUNDARY hunden""?UTT_BOUNDARY"," hunden""?"
"F: In dem Satz ""Sie kocht oft italienische Gerichte mit frischen Kräutern und Tomaten."", welches Wort kommt unmittelbar vor dem Wort ""kocht""? A:","['Sie', 'kocht', 'oft', 'italienische', 'Gerichte', 'mit', 'frischen', 'Kräutern', 'und', 'Tomaten']",sie,"UTT_BOUNDARY f: in dem satz ""sie kocht oft italienische gerichte mit frischen kräutern und tomaten."", welches wort kommt unmittelbar vor dem wort ""kocht""? a:UTT_BOUNDARY sie aus dem urlaub ihrer", sie aus dem urlaub ihrer
"F: In dem Satz ""Ich lese oft spannende Bücher über Geschichte und Kultur."", welches Wort steht direkt vor dem Wort ""über""? A:","['Ich', 'lese', 'oft', 'spannende', 'Bücher', 'über', 'Geschichte', 'und', 'Kultur']",bücher,"UTT_BOUNDARY f: in dem satz ""ich lese oft spannende bücher über geschichte und kultur."", welches wort steht direkt vor dem wort ""über""? a:UTT_BOUNDARY bücher über geschichte und kultur", bücher über geschichte und kultur
"F: In dem Satz ""Wir treffen uns am Sonntag zum gemütlichen Frühstück im Café."", welches Wort kommt unmittelbar vor dem Wort ""im""? A:","['Wir', 'treffen', 'uns', 'am', 'Sonntag', 'zum', 'gemütlichen', 'Frühstück', 'im', 'Café']",frühstück,"UTT_BOUNDARY f: in dem satz ""wir treffen uns am sonntag zum gemütlichen frühstück im café."", welches wort kommt unmittelbar vor dem wort ""im""? a:UTT_BOUNDARY frühstück mit der familie und", frühstück mit der familie und
"F: In dem Satz ""Wir besuchen nächste Woche das Theater und sehen ein neues Stück."", welches Wort steht direkt vor dem Wort ""neues""? A:","['Wir', 'besuchen', 'nächste', 'Woche', 'das', 'Theater', 'und', 'sehen', 'ein', 'neues', 'Stück']",ein,"UTT_BOUNDARY f: in dem satz ""wir besuchen nächste woche das theater und sehen ein neues stück."", welches wort steht direkt vor dem wort ""neues""? a:UTT_BOUNDARY ein satz im satz """," ein satz im satz """
"F: In dem Satz ""Der Vogel singt ein schönes Lied am frühen Morgen."", welches Wort steht direkt vor dem Wort ""singt""? A:","['Der', 'Vogel', 'singt', 'ein', 'schönes', 'Lied', 'am', 'frühen', 'Morgen']",vogel,"UTT_BOUNDARY f: in dem satz ""der vogel singt ein schönes lied am frühen morgen."", welches wort steht direkt vor dem wort ""singt""? a:UTT_BOUNDARY singt er im garten mit", singt er im garten mit
"F: In dem Satz ""Wir fahren im Sommer ans Meer zum Schwimmen und Entspannen jedes Jahr heute."", welches Wort kommt unmittelbar vor dem Wort ""im""? A:","['Wir', 'fahren', 'im', 'Sommer', 'ans', 'Meer', 'zum', 'Schwimmen', 'und', 'Entspannen', 'jedes', 'Jahr', 'heute']",fahren,"UTT_BOUNDARY f: in dem satz ""wir fahren im sommer ans meer zum schwimmen und entspannen jedes jahr heute."", welches wort kommt unmittelbar vor dem wort ""im""? a:UTT_BOUNDARY fahren wir durch den wald", fahren wir durch den wald
"F: In dem Satz ""Die Blumen auf dem Balkon blühen schön in der warmen Sonne."", welches Wort kommt unmittelbar vor dem Wort ""schön""? A:","['Die', 'Blumen', 'auf', 'dem', 'Balkon', 'blühen', 'schön', 'in', 'der', 'warmen', 'Sonne']",blühen,"UTT_BOUNDARY f: in dem satz ""die blumen auf dem balkon blühen schön in der warmen sonne."", welches wort kommt unmittelbar vor dem wort ""schön""? a:UTT_BOUNDARY blumen auf dem balkonboden", blumen auf dem balkonboden
"F: In dem Satz ""Der Hund wartet geduldig vor der Tür."", welches Wort steht direkt vor dem Wort ""der""? A:","['Der', 'Hund', 'wartet', 'geduldig', 'vor', 'der', 'Tür']",vor,"UTT_BOUNDARY f: in dem satz ""der hund wartet geduldig vor der tür."", welches wort steht direkt vor dem wort ""der""? a:UTT_BOUNDARY liegt er im bett und", liegt er im bett und
"F: In dem Satz ""Er fährt jeden Morgen mit dem Fahrrad zur Arbeit in die Stadt."", welches Wort kommt unmittelbar vor dem Wort ""dem""? A:","['Er', 'fährt', 'jeden', 'Morgen', 'mit', 'dem', 'Fahrrad', 'zur', 'Arbeit', 'in', 'die', 'Stadt']",mit,"UTT_BOUNDARY f: in dem satz ""er fährt jeden morgen mit dem fahrrad zur arbeit in die stadt."", welches wort kommt unmittelbar vor dem wort ""dem""? a:UTT_BOUNDARY mit dem fahrrad zur arbeit", mit dem fahrrad zur arbeit
"F: In dem Satz ""Wir feiern Weihnachten mit der ganzen Familie zusammen."", welches Wort steht direkt vor dem Wort ""Weihnachten""? A:","['Wir', 'feiern', 'Weihnachten', 'mit', 'der', 'ganzen', 'Familie', 'zusammen']",feiern,"UTT_BOUNDARY f: in dem satz ""wir feiern weihnachten mit der ganzen familie zusammen."", welches wort steht direkt vor dem wort ""weihnachten""? a:UTT_BOUNDARY feiern wir weihnachten mit der", feiern wir weihnachten mit der
"F: In dem Satz ""Wir besuchen morgen das neue Museum in der Stadt."", welches Wort steht direkt vor dem Wort ""der""? A:","['Wir', 'besuchen', 'morgen', 'das', 'neue', 'Museum', 'in', 'der', 'Stadt']",in,"UTT_BOUNDARY f: in dem satz ""wir besuchen morgen das neue museum in der stadt."", welches wort steht direkt vor dem wort ""der""? a:UTT_BOUNDARY in dem satz ""der"," in dem satz ""der"
"Welches Wort steht im Satz ""Wir essen heute Abend frische Pasta mit Tomatensoße und Parmesan."" direkt vor ""und""? ","['Wir', 'essen', 'heute', 'Abend', 'frische', 'Pasta', 'mit', 'Tomatensoße', 'und', 'Parmesan']",tomatensoße,"UTT_BOUNDARY welches wort steht im satz ""wir essen heute abend frische pasta mit tomatensoße und parmesan."" direkt vor ""und""?UTT_BOUNDARY tomatensoße mit frisch", tomatensoße mit frisch
"F: In dem Satz ""Wir machen eine Pause und trinken Kaffee zusammen in der Küche oft."", welches Wort kommt unmittelbar vor dem Wort ""in""? A:","['Wir', 'machen', 'eine', 'Pause', 'und', 'trinken', 'Kaffee', 'zusammen', 'in', 'der', 'Küche', 'oft']",zusammen,"UTT_BOUNDARY f: in dem satz ""wir machen eine pause und trinken kaffee zusammen in der küche oft."", welches wort kommt unmittelbar vor dem wort ""in""? a:UTT_BOUNDARY trinken und trinken trinken."""," trinken und trinken trinken."""
"F: In dem Satz ""Ich schreibe eine Nachricht an meine Eltern zum Geburtstag heute."", welches Wort kommt unmittelbar vor dem Wort ""eine""? A:","['Ich', 'schreibe', 'eine', 'Nachricht', 'an', 'meine', 'Eltern', 'zum', 'Geburtstag', 'heute']",schreibe,"UTT_BOUNDARY f: in dem satz ""ich schreibe eine nachricht an meine eltern zum geburtstag heute."", welches wort kommt unmittelbar vor dem wort ""eine""? a:UTT_BOUNDARY ich deutsch auf die bühne", ich deutsch auf die bühne
"F: In dem Satz ""Ich schreibe eine E-Mail an meinen Chef wegen Terminen."", welches Wort steht direkt vor dem Wort ""an""? A:","['Ich', 'schreibe', 'eine', 'E-Mail', 'an', 'meinen', 'Chef', 'wegen', 'Terminen']",e-mail,"UTT_BOUNDARY f: in dem satz ""ich schreibe eine e-mail an meinen chef wegen terminen."", welches wort steht direkt vor dem wort ""an""? a:UTT_BOUNDARY ich koche heute abend eine", ich koche heute abend eine
"F: In dem Satz ""Wir fahren mit dem Fahrrad durch den Park am Wochenende."", welches Wort steht direkt vor dem Wort ""durch""? A:","['Wir', 'fahren', 'mit', 'dem', 'Fahrrad', 'durch', 'den', 'Park', 'am', 'Wochenende']",fahrrad,"UTT_BOUNDARY f: in dem satz ""wir fahren mit dem fahrrad durch den park am wochenende."", welches wort steht direkt vor dem wort ""durch""? a:UTT_BOUNDARY fahrradtour durch den park", fahrradtour durch den park
"F: In dem Satz ""Sie schreibt eine E-Mail an ihre Freundin und erzählt."", welches Wort steht direkt vor dem Wort ""und""? A:","['Sie', 'schreibt', 'eine', 'E-Mail', 'an', 'ihre', 'Freundin', 'und', 'erzählt']",freundin,"UTT_BOUNDARY f: in dem satz ""sie schreibt eine e-mail an ihre freundin und erzählt."", welches wort steht direkt vor dem wort ""und""? a:UTT_BOUNDARY schreibt regelmäßig briefe an ihre", schreibt regelmäßig briefe an ihre
"F: In dem Satz ""Ich lerne jeden Tag neue deutsche Wörter."", welches Wort steht direkt vor dem Wort ""deutsche""? A:","['Ich', 'lerne', 'jeden', 'Tag', 'neue', 'deutsche', 'Wörter']",neue,"UTT_BOUNDARY f: in dem satz ""ich lerne jeden tag neue deutsche wörter."", welches wort steht direkt vor dem wort ""deutsche""? a:UTT_BOUNDARY ich für meine beste freundin", ich für meine beste freundin
"F: In dem Satz ""Der Lehrer gibt viele Hausaufgaben für das Wochenende an seine Schüler."", welches Wort steht direkt vor dem Wort ""gibt""? A:","['Der', 'Lehrer', 'gibt', 'viele', 'Hausaufgaben', 'für', 'das', 'Wochenende', 'an', 'seine', 'Schüler']",lehrer,"UTT_BOUNDARY f: in dem satz ""der lehrer gibt viele hausaufgaben für das wochenende an seine schüler."", welches wort steht direkt vor dem wort ""gibt""? a:UTT_BOUNDARY lehrerinnen und lehrerinnen", lehrerinnen und lehrerinnen
"F: In dem Satz ""Sie kocht gern mit frischen Kräutern aus dem Garten."", welches Wort steht direkt vor dem Wort ""kocht""? A:","['Sie', 'kocht', 'gern', 'mit', 'frischen', 'Kräutern', 'aus', 'dem', 'Garten']",sie,"UTT_BOUNDARY f: in dem satz ""sie kocht gern mit frischen kräutern aus dem garten."", welches wort steht direkt vor dem wort ""kocht""? a:UTT_BOUNDARY sie heute abend mit frischen", sie heute abend mit frischen
"Welches Wort steht im Satz ""Die Kinder freuen sich auf die bevorstehenden Sommerferien sehr."" direkt vor ""Kinder""? ","['Die', 'Kinder', 'freuen', 'sich', 'auf', 'die', 'bevorstehenden', 'Sommerferien', 'sehr']",die,"UTT_BOUNDARY welches wort steht im satz ""die kinder freuen sich auf die bevorstehenden sommerferien sehr."" direkt vor ""kinder""?UTT_BOUNDARY die kinder spielen fußball auf", die kinder spielen fußball auf
"F: In dem Satz ""Sie kocht gerne mit frischen Kräutern aus dem Garten."", welches Wort steht direkt vor dem Wort ""kocht""? A:","['Sie', 'kocht', 'gerne', 'mit', 'frischen', 'Kräutern', 'aus', 'dem', 'Garten']",sie,"UTT_BOUNDARY f: in dem satz ""sie kocht gerne mit frischen kräutern aus dem garten."", welches wort steht direkt vor dem wort ""kocht""? a:UTT_BOUNDARY sie heute abend mit frischen", sie heute abend mit frischen
"Welches Wort steht im Satz ""Wir feiern heute ein Fest mit Freunden und leckerem Essen."" direkt vor ""heute""? ","['Wir', 'feiern', 'heute', 'ein', 'Fest', 'mit', 'Freunden', 'und', 'leckerem', 'Essen']",feiern,"UTT_BOUNDARY welches wort steht im satz ""wir feiern heute ein fest mit freunden und leckerem essen."" direkt vor ""heute""?UTT_BOUNDARY essen wir heute abend frischen", essen wir heute abend frischen
"F: In dem Satz ""Der Berg ist hoch und bietet tolle Aussicht auf das Tal."", welches Wort kommt unmittelbar vor dem Wort ""das""? A:","['Der', 'Berg', 'ist', 'hoch', 'und', 'bietet', 'tolle', 'Aussicht', 'auf', 'das', 'Tal']",auf,"UTT_BOUNDARY f: in dem satz ""der berg ist hoch und bietet tolle aussicht auf das tal."", welches wort kommt unmittelbar vor dem wort ""das""? a:UTT_BOUNDARY bietet eine tolle aussicht auf", bietet eine tolle aussicht auf
"F: In dem Satz ""Wir feiern Weihnachten mit der ganzen Familie zusammen und genießen."", welches Wort kommt unmittelbar vor dem Wort ""ganzen""? A:","['Wir', 'feiern', 'Weihnachten', 'mit', 'der', 'ganzen', 'Familie', 'zusammen', 'und', 'genießen']",der,"UTT_BOUNDARY f: in dem satz ""wir feiern weihnachten mit der ganzen familie zusammen und genießen."", welches wort kommt unmittelbar vor dem wort ""ganzen""? a:UTT_BOUNDARY der liebe gott und die", der liebe gott und die
"F: In dem Satz ""Sie liest gern spannende Krimis und Thriller am Abend vor dem Schlafen."", welches Wort kommt unmittelbar vor dem Wort ""am""? A:","['Sie', 'liest', 'gern', 'spannende', 'Krimis', 'und', 'Thriller', 'am', 'Abend', 'vor', 'dem', 'Schlafen']",thriller,"UTT_BOUNDARY f: in dem satz ""sie liest gern spannende krimis und thriller am abend vor dem schlafen."", welches wort kommt unmittelbar vor dem wort ""am""? a:UTT_BOUNDARY abendzeitung?UTT_BOUNDARY", abendzeitung?
"F: In dem Satz ""Sie hört gern Musik, während sie am Computer arbeitet zu Hause oft."", welches Wort kommt unmittelbar vor dem Wort ""Hause""? A:","['Sie', 'hört', 'gern', 'Musik', 'während', 'sie', 'am', 'Computer', 'arbeitet', 'zu', 'Hause', 'oft']",zu,"UTT_BOUNDARY f: in dem satz ""sie hört gern musik, während sie am computer arbeitet zu hause oft."", welches wort kommt unmittelbar vor dem wort ""hause""? a:UTT_BOUNDARY sie im deutschunterricht oft", sie im deutschunterricht oft
"F: In dem Satz ""Wir feiern Ostern traditionell mit bunten Eiern und der Familie."", welches Wort kommt unmittelbar vor dem Wort ""Eiern""? A:","['Wir', 'feiern', 'Ostern', 'traditionell', 'mit', 'bunten', 'Eiern', 'und', 'der', 'Familie']",bunten,"UTT_BOUNDARY f: in dem satz ""wir feiern ostern traditionell mit bunten eiern und der familie."", welches wort kommt unmittelbar vor dem wort ""eiern""? a:UTT_BOUNDARY wir heute mit der ganzen", wir heute mit der ganzen
"Welches Wort steht im Satz ""Er fährt jeden Morgen mit dem Fahrrad zur Arbeit in die Stadt."" direkt vor ""die""? ","['Er', 'fährt', 'jeden', 'Morgen', 'mit', 'dem', 'Fahrrad', 'zur', 'Arbeit', 'in', 'die', 'Stadt']",in,"UTT_BOUNDARY welches wort steht im satz ""er fährt jeden morgen mit dem fahrrad zur arbeit in die stadt."" direkt vor ""die""?UTT_BOUNDARY in dem satz ""sie"," in dem satz ""sie"
"F: In dem Satz ""Sie hört Musik, während sie Hausaufgaben macht."", welches Wort steht direkt vor dem Wort ""Musik""? A:","['Sie', 'hört', 'Musik', 'während', 'sie', 'Hausaufgaben', 'macht']",hört,"UTT_BOUNDARY f: in dem satz ""sie hört musik, während sie hausaufgaben macht."", welches wort steht direkt vor dem wort ""musik""? a:UTT_BOUNDARY hört oft musik, während"," hört oft musik, während"
"F: In dem Satz ""Ich koche heute Abend ein leckeres Abendessen für meine Familie."", welches Wort steht direkt vor dem Wort ""ein""? A:","['Ich', 'koche', 'heute', 'Abend', 'ein', 'leckeres', 'Abendessen', 'für', 'meine', 'Familie']",abend,"UTT_BOUNDARY f: in dem satz ""ich koche heute abend ein leckeres abendessen für meine familie."", welches wort steht direkt vor dem wort ""ein""? a:UTT_BOUNDARY heute abend eine suppe mit", heute abend eine suppe mit
"F: In dem Satz ""Sie schreibt eine Karte an ihre Freundin zum Geburtstag."", welches Wort kommt unmittelbar vor dem Wort ""eine""? A:","['Sie', 'schreibt', 'eine', 'Karte', 'an', 'ihre', 'Freundin', 'zum', 'Geburtstag']",schreibt,"UTT_BOUNDARY f: in dem satz ""sie schreibt eine karte an ihre freundin zum geburtstag."", welches wort kommt unmittelbar vor dem wort ""eine""? a:UTT_BOUNDARY schreibt sie heute an ihre", schreibt sie heute an ihre
"Welches Wort steht im Satz ""Sie liest gern spannende Romane über Abenteuer und ferne Länder."" direkt vor ""liest""? ","['Sie', 'liest', 'gern', 'spannende', 'Romane', 'über', 'Abenteuer', 'und', 'ferne', 'Länder']",sie,"UTT_BOUNDARY welches wort steht im satz ""sie liest gern spannende romane über abenteuer und ferne länder."" direkt vor ""liest""?UTT_BOUNDARY sie im garten mit bunten", sie im garten mit bunten
"F: In dem Satz ""Der Vogel baut ein Nest hoch oben im alten Baum."", welches Wort kommt unmittelbar vor dem Wort ""Nest""? A:","['Der', 'Vogel', 'baut', 'ein', 'Nest', 'hoch', 'oben', 'im', 'alten', 'Baum']",ein,"UTT_BOUNDARY f: in dem satz ""der vogel baut ein nest hoch oben im alten baum."", welches wort kommt unmittelbar vor dem wort ""nest""? a:UTT_BOUNDARY der vogel im garten und", der vogel im garten und
"Welches Wort steht im Satz ""Wir gehen morgen früh zum Markt, um frisches Obst zu kaufen."" direkt vor ""gehen""? ","['Wir', 'gehen', 'morgen', 'früh', 'zum', 'Markt', 'um', 'frisches', 'Obst', 'zu', 'kaufen']",wir,"UTT_BOUNDARY welches wort steht im satz ""wir gehen morgen früh zum markt, um frisches obst zu kaufen."" direkt vor ""gehen""?UTT_BOUNDARY wir heute abend frische p", wir heute abend frische p
"F: In dem Satz ""Wir feiern im Sommer ein großes Familienfest."", welches Wort steht direkt vor dem Wort ""ein""? A:","['Wir', 'feiern', 'im', 'Sommer', 'ein', 'großes', 'Familienfest']",sommer,"UTT_BOUNDARY f: in dem satz ""wir feiern im sommer ein großes familienfest."", welches wort steht direkt vor dem wort ""ein""? a:UTT_BOUNDARY feiern wir heute abend ein", feiern wir heute abend ein
"Welches Wort steht im Satz ""Wir feiern heute den Geburtstag meiner Schwester mit vielen Gästen."" direkt vor ""den""? ","['Wir', 'feiern', 'heute', 'den', 'Geburtstag', 'meiner', 'Schwester', 'mit', 'vielen', 'Gästen']",heute,"UTT_BOUNDARY welches wort steht im satz ""wir feiern heute den geburtstag meiner schwester mit vielen gästen."" direkt vor ""den""?UTT_BOUNDARY mit dem ball im garten", mit dem ball im garten
"Welches Wort steht im Satz ""Wir treffen uns am Sonntag zum Frühstück im kleinen Café."" direkt vor ""treffen""? ","['Wir', 'treffen', 'uns', 'am', 'Sonntag', 'zum', 'Frühstück', 'im', 'kleinen', 'Café']",wir,"UTT_BOUNDARY welches wort steht im satz ""wir treffen uns am sonntag zum frühstück im kleinen café."" direkt vor ""treffen""?UTT_BOUNDARY wir am wochenende ein neues", wir am wochenende ein neues
"F: In dem Satz ""Wir feiern nächsten Monat eine große Geburtstagsparty."", welches Wort steht direkt vor dem Wort ""Monat""? A:","['Wir', 'feiern', 'nächsten', 'Monat', 'eine', 'große', 'Geburtstagsparty']",nächsten,"UTT_BOUNDARY f: in dem satz ""wir feiern nächsten monat eine große geburtstagsparty."", welches wort steht direkt vor dem wort ""monat""? a:UTT_BOUNDARY freitagabends mit freunden", freitagabends mit freunden
"Welches Wort steht im Satz ""Die Katze springt geschickt auf das hohe Bücherregal oben."" direkt vor ""das""? ","['Die', 'Katze', 'springt', 'geschickt', 'auf', 'das', 'hohe', 'Bücherregal', 'oben']",auf,"UTT_BOUNDARY welches wort steht im satz ""die katze springt geschickt auf das hohe bücherregal oben."" direkt vor ""das""?UTT_BOUNDARY auf dem bild zu sehen", auf dem bild zu sehen
"Welches Wort steht im Satz ""Der Vogel fliegt hoch in den blauen Himmel über uns."" direkt vor ""blauen""? ","['Der', 'Vogel', 'fliegt', 'hoch', 'in', 'den', 'blauen', 'Himmel', 'über', 'uns']",den,"UTT_BOUNDARY welches wort steht im satz ""der vogel fliegt hoch in den blauen himmel über uns."" direkt vor ""blauen""?UTT_BOUNDARY dem hund den kopf frei", dem hund den kopf frei
"F: In dem Satz ""Der Hund läuft schnell durch den Garten und spielt mit dem Ball."", welches Wort kommt unmittelbar vor dem Wort ""Hund""? A:","['Der', 'Hund', 'läuft', 'schnell', 'durch', 'den', 'Garten', 'und', 'spielt', 'mit', 'dem', 'Ball']",der,"UTT_BOUNDARY f: in dem satz ""der hund läuft schnell durch den garten und spielt mit dem ball."", welches wort kommt unmittelbar vor dem wort ""hund""? a:UTT_BOUNDARY der hund im garten mit", der hund im garten mit
"Welches Wort steht im Satz ""Wir feiern Weihnachten mit der ganzen Familie und leckerem Essen."" direkt vor ""Weihnachten""? ","['Wir', 'feiern', 'Weihnachten', 'mit', 'der', 'ganzen', 'Familie', 'und', 'leckerem', 'Essen']",feiern,"UTT_BOUNDARY welches wort steht im satz ""wir feiern weihnachten mit der ganzen familie und leckerem essen."" direkt vor ""weihnachten""?UTT_BOUNDARY mit bunten eiern und der", mit bunten eiern und der
"F: In dem Satz ""Der Vogel zwitschert laut im Garten und begrüßt den neuen Tag."", welches Wort kommt unmittelbar vor dem Wort ""im""? A:","['Der', 'Vogel', 'zwitschert', 'laut', 'im', 'Garten', 'und', 'begrüßt', 'den', 'neuen', 'Tag']",laut,"UTT_BOUNDARY f: in dem satz ""der vogel zwitschert laut im garten und begrüßt den neuen tag."", welches wort kommt unmittelbar vor dem wort ""im""? a:UTT_BOUNDARY garten und garten und garten", garten und garten und garten
"F: In dem Satz ""Ich höre Musik, während ich Hausaufgaben mache und mich konzentriere."", welches Wort kommt unmittelbar vor dem Wort ""mache""? A:","['Ich', 'höre', 'Musik', 'während', 'ich', 'Hausaufgaben', 'mache', 'und', 'mich', 'konzentriere']",hausaufgaben,"UTT_BOUNDARY f: in dem satz ""ich höre musik, während ich hausaufgaben mache und mich konzentriere."", welches wort kommt unmittelbar vor dem wort ""mache""? a:UTT_BOUNDARY ich heute abend ein neues", ich heute abend ein neues
"F: In dem Satz ""Das Kind malt ein buntes Bild mit vielen Farben."", welches Wort steht direkt vor dem Wort ""malt""? A:","['Das', 'Kind', 'malt', 'ein', 'buntes', 'Bild', 'mit', 'vielen', 'Farben']",kind,"UTT_BOUNDARY f: in dem satz ""das kind malt ein buntes bild mit vielen farben."", welches wort steht direkt vor dem wort ""malt""? a:UTT_BOUNDARY malt ein bild mit vielen", malt ein bild mit vielen
"F: In dem Satz ""Wir besuchen im Sommer oft den See zum Schwimmen und Entspannen."", welches Wort kommt unmittelbar vor dem Wort ""Sommer""? A:","['Wir', 'besuchen', 'im', 'Sommer', 'oft', 'den', 'See', 'zum', 'Schwimmen', 'und', 'Entspannen']",im,"UTT_BOUNDARY f: in dem satz ""wir besuchen im sommer oft den see zum schwimmen und entspannen."", welches wort kommt unmittelbar vor dem wort ""sommer""? a:UTT_BOUNDARY im park mit freunden und", im park mit freunden und
"F: In dem Satz ""Der Lehrer lobt die Schüler für ihre guten Leistungen."", welches Wort steht direkt vor dem Wort ""ihre""? A:","['Der', 'Lehrer', 'lobt', 'die', 'Schüler', 'für', 'ihre', 'guten', 'Leistungen']",für,"UTT_BOUNDARY f: in dem satz ""der lehrer lobt die schüler für ihre guten leistungen."", welches wort steht direkt vor dem wort ""ihre""? a:UTT_BOUNDARY ihre hausaufgaben für das wochenende", ihre hausaufgaben für das wochenende
"F: In dem Satz ""Wir machen eine Pause und trinken eine Tasse Kaffee."", welches Wort steht direkt vor dem Wort ""Tasse""? A:","['Wir', 'machen', 'eine', 'Pause', 'und', 'trinken', 'eine', 'Tasse', 'Kaffee']",eine,"UTT_BOUNDARY f: in dem satz ""wir machen eine pause und trinken eine tasse kaffee."", welches wort steht direkt vor dem wort ""tasse""? a:UTT_BOUNDARY eine tasse kaffee mit milch", eine tasse kaffee mit milch
"F: In dem Satz ""Wir machen eine Pause und trinken eine Tasse Kaffee."", welches Wort steht direkt vor dem Wort ""Tasse""? A:","['Wir', 'machen', 'eine', 'Pause', 'und', 'trinken', 'eine', 'Tasse', 'Kaffee']",eine,"UTT_BOUNDARY f: in dem satz ""wir machen eine pause und trinken eine tasse kaffee."", welches wort steht direkt vor dem wort ""tasse""? a:UTT_BOUNDARY eine tasse kaffee mit milch", eine tasse kaffee mit milch
"F: In dem Satz ""Ich trinke morgens gern Tee mit Honig und frischer Zitrone."", welches Wort kommt unmittelbar vor dem Wort ""gern""? A:","['Ich', 'trinke', 'morgens', 'gern', 'Tee', 'mit', 'Honig', 'und', 'frischer', 'Zitrone']",morgens,"UTT_BOUNDARY f: in dem satz ""ich trinke morgens gern tee mit honig und frischer zitrone."", welches wort kommt unmittelbar vor dem wort ""gern""? a:UTT_BOUNDARY mit dem ballastwasser", mit dem ballastwasser
"F: In dem Satz ""Der Lehrer gibt uns viele interessante Aufgaben im Unterricht."", welches Wort steht direkt vor dem Wort ""Aufgaben""? A:","['Der', 'Lehrer', 'gibt', 'uns', 'viele', 'interessante', 'Aufgaben', 'im', 'Unterricht']",interessante,"UTT_BOUNDARY f: in dem satz ""der lehrer gibt uns viele interessante aufgaben im unterricht."", welches wort steht direkt vor dem wort ""aufgaben""? a:UTT_BOUNDARY die schüler für ihre guten", die schüler für ihre guten
"F: In dem Satz ""Der Hund bellt laut, wenn jemand an der Tür klingelt."", welches Wort steht direkt vor dem Wort ""jemand""? A:","['Der', 'Hund', 'bellt', 'laut', 'wenn', 'jemand', 'an', 'der', 'Tür', 'klingelt']",wenn,"UTT_BOUNDARY f: in dem satz ""der hund bellt laut, wenn jemand an der tür klingelt."", welches wort steht direkt vor dem wort ""jemand""? a:UTT_BOUNDARY wenn jemand an der tür", wenn jemand an der tür
"F: In dem Satz ""Sie hat ein neues Kleid für die Party gekauft."", welches Wort steht direkt vor dem Wort ""die""? A:","['Sie', 'hat', 'ein', 'neues', 'Kleid', 'für', 'die', 'Party', 'gekauft']",für,"UTT_BOUNDARY f: in dem satz ""sie hat ein neues kleid für die party gekauft."", welches wort steht direkt vor dem wort ""die""? a:UTT_BOUNDARY an der backe trägt sie", an der backe trägt sie
"F: In dem Satz ""Bitte öffne das Fenster, es ist warm und stickig im Zimmer heute."", welches Wort kommt unmittelbar vor dem Wort ""ist""? A:","['Bitte', 'öffne', 'das', 'Fenster', 'es', 'ist', 'warm', 'und', 'stickig', 'im', 'Zimmer', 'heute']",es,"UTT_BOUNDARY f: in dem satz ""bitte öffne das fenster, es ist warm und stickig im zimmer heute."", welches wort kommt unmittelbar vor dem wort ""ist""? a:UTT_BOUNDARY fensterbrett ist sehr hoch", fensterbrett ist sehr hoch
"F: In dem Satz ""Wir treffen uns am Sonntag zum Frühstück im Café."", welches Wort kommt unmittelbar vor dem Wort ""Frühstück""? A:","['Wir', 'treffen', 'uns', 'am', 'Sonntag', 'zum', 'Frühstück', 'im', 'Café']",zum,"UTT_BOUNDARY f: in dem satz ""wir treffen uns am sonntag zum frühstück im café."", welches wort kommt unmittelbar vor dem wort ""frühstück""? a:UTT_BOUNDARY zum frühstück im café eine", zum frühstück im café eine
"F: In dem Satz ""Wir feiern Silvester mit Freunden und viel Spaß und Musik in der Stadt."", welches Wort steht direkt vor dem Wort ""Musik""? A:","['Wir', 'feiern', 'Silvester', 'mit', 'Freunden', 'und', 'viel', 'Spaß', 'und', 'Musik', 'in', 'der', 'Stadt']",und,"UTT_BOUNDARY f: in dem satz ""wir feiern silvester mit freunden und viel spaß und musik in der stadt."", welches wort steht direkt vor dem wort ""musik""? a:UTT_BOUNDARY musik und tanzmusik sind", musik und tanzmusik sind
"F: In dem Satz ""Sie kocht heute eine Suppe mit frischen Kräutern."", welches Wort steht direkt vor dem Wort ""Suppe""? A:","['Sie', 'kocht', 'heute', 'eine', 'Suppe', 'mit', 'frischen', 'Kräutern']",eine,"UTT_BOUNDARY f: in dem satz ""sie kocht heute eine suppe mit frischen kräutern."", welches wort steht direkt vor dem wort ""suppe""? a:UTT_BOUNDARY eine tasse kaffee mit milch", eine tasse kaffee mit milch
"F: In dem Satz ""Das Wetter im Frühling ist oft wechselhaft."", welches Wort steht direkt vor dem Wort ""im""? A:","['Das', 'Wetter', 'im', 'Frühling', 'ist', 'oft', 'wechselhaft']",wetter,"UTT_BOUNDARY f: in dem satz ""das wetter im frühling ist oft wechselhaft."", welches wort steht direkt vor dem wort ""im""? a:UTT_BOUNDARY sommer am nachmittag mit freunden", sommer am nachmittag mit freunden
"Welches Wort steht im Satz ""Wir pflanzen gemeinsam Blumen im Garten für den Frühling."" direkt vor ""Garten""? ","['Wir', 'pflanzen', 'gemeinsam', 'Blumen', 'im', 'Garten', 'für', 'den', 'Frühling']",im,"UTT_BOUNDARY welches wort steht im satz ""wir pflanzen gemeinsam blumen im garten für den frühling."" direkt vor ""garten""?UTT_BOUNDARY im frühling und sommer."""," im frühling und sommer."""
"F: In dem Satz ""Im Park spielen viele Kinder fröhlich und laut auf dem Spielplatz."", welches Wort steht direkt vor dem Wort ""fröhlich""? A:","['Im', 'Park', 'spielen', 'viele', 'Kinder', 'fröhlich', 'und', 'laut', 'auf', 'dem', 'Spielplatz']",kinder,"UTT_BOUNDARY f: in dem satz ""im park spielen viele kinder fröhlich und laut auf dem spielplatz."", welches wort steht direkt vor dem wort ""fröhlich""? a:UTT_BOUNDARY spielen kinder im sandkasten und", spielen kinder im sandkasten und
"Welches Wort steht im Satz ""Die Blumen im Garten blühen schön in der warmen Sonne."" direkt vor ""schön""? ","['Die', 'Blumen', 'im', 'Garten', 'blühen', 'schön', 'in', 'der', 'warmen', 'Sonne']",blühen,"UTT_BOUNDARY welches wort steht im satz ""die blumen im garten blühen schön in der warmen sonne."" direkt vor ""schön""?UTT_BOUNDARY blumen auf dem balkonboden", blumen auf dem balkonboden
"Welches Wort steht im Satz ""Der Lehrer lobt die Schüler für ihre guten Leistungen im Test."" direkt vor ""im""? ","['Der', 'Lehrer', 'lobt', 'die', 'Schüler', 'für', 'ihre', 'guten', 'Leistungen', 'im', 'Test']",leistungen,"UTT_BOUNDARY welches wort steht im satz ""der lehrer lobt die schüler für ihre guten leistungen im test."" direkt vor ""im""?UTT_BOUNDARY lehrerinnen und lehrer."""," lehrerinnen und lehrer."""
"F: In dem Satz ""Wir besuchen das Museum, um mehr über Kunst zu lernen."", welches Wort steht direkt vor dem Wort ""das""? A:","['Wir', 'besuchen', 'das', 'Museum', 'um', 'mehr', 'über', 'Kunst', 'zu', 'lernen']",besuchen,"UTT_BOUNDARY f: in dem satz ""wir besuchen das museum, um mehr über kunst zu lernen."", welches wort steht direkt vor dem wort ""das""? a:UTT_BOUNDARY buchhaltung und grammatik", buchhaltung und grammatik
"Welches Wort steht im Satz ""Der Hund liegt zufrieden in seinem Körbchen und schläft."" direkt vor ""zufrieden""? ","['Der', 'Hund', 'liegt', 'zufrieden', 'in', 'seinem', 'Körbchen', 'und', 'schläft']",liegt,"UTT_BOUNDARY welches wort steht im satz ""der hund liegt zufrieden in seinem körbchen und schläft."" direkt vor ""zufrieden""?UTT_BOUNDARY katze im garten und spielt", katze im garten und spielt
"Welches Wort steht im Satz ""Die Kinder spielen draußen im Garten Verstecken und haben viel Spaß."" direkt vor ""draußen""? ","['Die', 'Kinder', 'spielen', 'draußen', 'im', 'Garten', 'Verstecken', 'und', 'haben', 'viel', 'Spaß']",spielen,"UTT_BOUNDARY welches wort steht im satz ""die kinder spielen draußen im garten verstecken und haben viel spaß."" direkt vor ""draußen""?UTT_BOUNDARY kinder spielen verstecken im garten", kinder spielen verstecken im garten
"Welches Wort steht im Satz ""Ich trinke morgens gern schwarzen Kaffee ohne Zucker und Milch."" direkt vor ""Kaffee""? ","['Ich', 'trinke', 'morgens', 'gern', 'schwarzen', 'Kaffee', 'ohne', 'Zucker', 'und', 'Milch']",schwarzen,"UTT_BOUNDARY welches wort steht im satz ""ich trinke morgens gern schwarzen kaffee ohne zucker und milch."" direkt vor ""kaffee""?UTT_BOUNDARY tasse kaffee mit milch und", tasse kaffee mit milch und
"Welches Wort steht im Satz ""Wir machen eine Wanderung durch den Wald und hören Vögel."" direkt vor ""Wanderung""? ","['Wir', 'machen', 'eine', 'Wanderung', 'durch', 'den', 'Wald', 'und', 'hören', 'Vögel']",eine,"UTT_BOUNDARY welches wort steht im satz ""wir machen eine wanderung durch den wald und hören vögel."" direkt vor ""wanderung""?UTT_BOUNDARY eine katze mit vielen eiern", eine katze mit vielen eiern
"F: In dem Satz ""Sie liest jeden Abend vor dem Schlafengehen ein interessantes Buch."", welches Wort kommt unmittelbar vor dem Wort ""interessantes""? A:","['Sie', 'liest', 'jeden', 'Abend', 'vor', 'dem', 'Schlafengehen', 'ein', 'interessantes', 'Buch']",ein,"UTT_BOUNDARY f: in dem satz ""sie liest jeden abend vor dem schlafengehen ein interessantes buch."", welches wort kommt unmittelbar vor dem wort ""interessantes""? a:UTT_BOUNDARY das wort ""auf""?"," das wort ""auf""?"
"F: In dem Satz ""Wir machen einen Ausflug zum See am Samstag mit der Familie."", welches Wort kommt unmittelbar vor dem Wort ""am""? A:","['Wir', 'machen', 'einen', 'Ausflug', 'zum', 'See', 'am', 'Samstag', 'mit', 'der', 'Familie']",see,"UTT_BOUNDARY f: in dem satz ""wir machen einen ausflug zum see am samstag mit der familie."", welches wort kommt unmittelbar vor dem wort ""am""? a:UTT_BOUNDARY ausflug mit dem auto ins", ausflug mit dem auto ins
"Welches Wort steht im Satz ""Der Winter bringt oft Schnee und kalte Temperaturen in unsere Region."" direkt vor ""Schnee""? ","['Der', 'Winter', 'bringt', 'oft', 'Schnee', 'und', 'kalte', 'Temperaturen', 'in', 'unsere', 'Region']",oft,"UTT_BOUNDARY welches wort steht im satz ""der winter bringt oft schnee und kalte temperaturen in unsere region."" direkt vor ""schnee""?UTT_BOUNDARY sommer und winter."" direkt"," sommer und winter."" direkt"
"F: In dem Satz ""Ich höre gern Podcasts über Wissenschaft und Technik."", welches Wort steht direkt vor dem Wort ""über""? A:","['Ich', 'höre', 'gern', 'Podcasts', 'über', 'Wissenschaft', 'und', 'Technik']",podcasts,"UTT_BOUNDARY f: in dem satz ""ich höre gern podcasts über wissenschaft und technik."", welches wort steht direkt vor dem wort ""über""? a:UTT_BOUNDARY bücher über geschichte und kultur", bücher über geschichte und kultur
"F: In dem Satz ""Der Hund bellt laut, wenn jemand an der Tür klingelt."", welches Wort kommt unmittelbar vor dem Wort ""bellt""? A:","['Der', 'Hund', 'bellt', 'laut', 'wenn', 'jemand', 'an', 'der', 'Tür', 'klingelt']",hund,"UTT_BOUNDARY f: in dem satz ""der hund bellt laut, wenn jemand an der tür klingelt."", welches wort kommt unmittelbar vor dem wort ""bellt""? a:UTT_BOUNDARY hundchen in der badewanne", hundchen in der badewanne
"Welches Wort steht im Satz ""Wir gehen morgen früh zum Markt, um frisches Obst zu kaufen."" direkt vor ""gehen""? ","['Wir', 'gehen', 'morgen', 'früh', 'zum', 'Markt', 'um', 'frisches', 'Obst', 'zu', 'kaufen']",wir,"UTT_BOUNDARY welches wort steht im satz ""wir gehen morgen früh zum markt, um frisches obst zu kaufen."" direkt vor ""gehen""?UTT_BOUNDARY wir heute abend frische p", wir heute abend frische p
"Welches Wort steht im Satz ""Der Himmel ist heute bewölkt, aber es bleibt trocken und mild."" direkt vor ""trocken""? ","['Der', 'Himmel', 'ist', 'heute', 'bewölkt', 'aber', 'es', 'bleibt', 'trocken', 'und', 'mild']",bleibt,"UTT_BOUNDARY welches wort steht im satz ""der himmel ist heute bewölkt, aber es bleibt trocken und mild."" direkt vor ""trocken""?UTT_BOUNDARY es hell und warm."""," es hell und warm."""
"Welches Wort steht im Satz ""Sie näht eine warme Jacke für den kommenden Winter."" direkt vor ""für""? ","['Sie', 'näht', 'eine', 'warme', 'Jacke', 'für', 'den', 'kommenden', 'Winter']",jacke,"UTT_BOUNDARY welches wort steht im satz ""sie näht eine warme jacke für den kommenden winter."" direkt vor ""für""?UTT_BOUNDARY warme stiefel""?UTT_BOUNDARY"," warme stiefel""?"
"Welches Wort steht im Satz ""Die Katze spielt mit ihrem Lieblingsspielzeug auf dem Wohnzimmerboden."" direkt vor ""spielt""? ","['Die', 'Katze', 'spielt', 'mit', 'ihrem', 'Lieblingsspielzeug', 'auf', 'dem', 'Wohnzimmerboden']",katze,"UTT_BOUNDARY welches wort steht im satz ""die katze spielt mit ihrem lieblingsspielzeug auf dem wohnzimmerboden."" direkt vor ""spielt""?UTT_BOUNDARY katze im wohnzimmer."" direkt"," katze im wohnzimmer."" direkt"
"Welches Wort steht im Satz ""Wir spielen Karten und lachen laut bis spät in Nacht."" direkt vor ""in""? ","['Wir', 'spielen', 'Karten', 'und', 'lachen', 'laut', 'bis', 'spät', 'in', 'Nacht']",spät,"UTT_BOUNDARY welches wort steht im satz ""wir spielen karten und lachen laut bis spät in nacht."" direkt vor ""in""?UTT_BOUNDARY""?UTT_BOUNDARY","""?"
"F: In dem Satz ""Das Wetter wird im Sommer oft sehr heiß und trocken."", welches Wort steht direkt vor dem Wort ""heiß""? A:","['Das', 'Wetter', 'wird', 'im', 'Sommer', 'oft', 'sehr', 'heiß', 'und', 'trocken']",sehr,"UTT_BOUNDARY f: in dem satz ""das wetter wird im sommer oft sehr heiß und trocken."", welches wort steht direkt vor dem wort ""heiß""? a:UTT_BOUNDARY heute abend im park mit", heute abend im park mit
"Welches Wort steht im Satz ""Sie schreibt regelmäßig Briefe an ihre Freunde und Verwandten."" direkt vor ""Briefe""? ","['Sie', 'schreibt', 'regelmäßig', 'Briefe', 'an', 'ihre', 'Freunde', 'und', 'Verwandten']",regelmäßig,"UTT_BOUNDARY welches wort steht im satz ""sie schreibt regelmäßig briefe an ihre freunde und verwandten."" direkt vor ""briefe""?UTT_BOUNDARY ihre hausaufgaben für das wochenende", ihre hausaufgaben für das wochenende
"F: In dem Satz ""Der Hund frisst sein Futter mit großem Appetit."", welches Wort steht direkt vor dem Wort ""Hund""? A:","['Der', 'Hund', 'frisst', 'sein', 'Futter', 'mit', 'großem', 'Appetit']",der,"UTT_BOUNDARY f: in dem satz ""der hund frisst sein futter mit großem appetit."", welches wort steht direkt vor dem wort ""hund""? a:UTT_BOUNDARY hund und hund im garten", hund und hund im garten
"F: In dem Satz ""Die Blumen blühen bunt im Frühling auf dem Balkon."", welches Wort kommt unmittelbar vor dem Wort ""dem""? A:","['Die', 'Blumen', 'blühen', 'bunt', 'im', 'Frühling', 'auf', 'dem', 'Balkon']",auf,"UTT_BOUNDARY f: in dem satz ""die blumen blühen bunt im frühling auf dem balkon."", welches wort kommt unmittelbar vor dem wort ""dem""? a:UTT_BOUNDARY auf dem balkonboden."""," auf dem balkonboden."""
"Welches Wort steht im Satz ""Die Kinder spielen draußen im Park mit bunten Luftballons."" direkt vor ""Park""? ","['Die', 'Kinder', 'spielen', 'draußen', 'im', 'Park', 'mit', 'bunten', 'Luftballons']",im,"UTT_BOUNDARY welches wort steht im satz ""die kinder spielen draußen im park mit bunten luftballons."" direkt vor ""park""?UTT_BOUNDARY im park mit bunten luftballons", im park mit bunten luftballons
"Welches Wort steht im Satz ""Die Kinder spielen draußen im Garten mit ihren bunten Spielsachen."" direkt vor ""Kinder""? ","['Die', 'Kinder', 'spielen', 'draußen', 'im', 'Garten', 'mit', 'ihren', 'bunten', 'Spielsachen']",die,"UTT_BOUNDARY welches wort steht im satz ""die kinder spielen draußen im garten mit ihren bunten spielsachen."" direkt vor ""kinder""?UTT_BOUNDARY die verstecken sich im garten", die verstecken sich im garten
"F: In dem Satz ""Sie schreibt regelmäßig Briefe an ihre Großeltern auf dem Land."", welches Wort kommt unmittelbar vor dem Wort ""an""? A:","['Sie', 'schreibt', 'regelmäßig', 'Briefe', 'an', 'ihre', 'Großeltern', 'auf', 'dem', 'Land']",briefe,"UTT_BOUNDARY f: in dem satz ""sie schreibt regelmäßig briefe an ihre großeltern auf dem land."", welches wort kommt unmittelbar vor dem wort ""an""? a:UTT_BOUNDARY regelmäßig briefe an ihre freunde", regelmäßig briefe an ihre freunde
"F: In dem Satz ""Sie tanzt begeistert im Tanzkurs jeden Freitagabend."", welches Wort steht direkt vor dem Wort ""begeistert""? A:","['Sie', 'tanzt', 'begeistert', 'im', 'Tanzkurs', 'jeden', 'Freitagabend']",tanzt,"UTT_BOUNDARY f: in dem satz ""sie tanzt begeistert im tanzkurs jeden freitagabend."", welches wort steht direkt vor dem wort ""begeistert""? a:UTT_BOUNDARY tanzt mit dem ball im", tanzt mit dem ball im
"F: In dem Satz ""Der Vogel zwitschert fröhlich im Baum neben dem Haus morgens."", welches Wort steht direkt vor dem Wort ""dem""? A:","['Der', 'Vogel', 'zwitschert', 'fröhlich', 'im', 'Baum', 'neben', 'dem', 'Haus', 'morgens']",neben,"UTT_BOUNDARY f: in dem satz ""der vogel zwitschert fröhlich im baum neben dem haus morgens."", welches wort steht direkt vor dem wort ""dem""? a:UTT_BOUNDARY im park mit seinem ball", im park mit seinem ball
"Welches Wort steht im Satz ""Er liest täglich die Zeitung am Frühstückstisch in der Küche."" direkt vor ""der""? ","['Er', 'liest', 'täglich', 'die', 'Zeitung', 'am', 'Frühstückstisch', 'in', 'der', 'Küche']",in,"UTT_BOUNDARY welches wort steht im satz ""er liest täglich die zeitung am frühstückstisch in der küche."" direkt vor ""der""?UTT_BOUNDARY in dem satz ""wir"," in dem satz ""wir"
"F: In dem Satz ""Wir feiern nächsten Monat eine große Geburtstagsparty."", welches Wort steht direkt vor dem Wort ""nächsten""? A:","['Wir', 'feiern', 'nächsten', 'Monat', 'eine', 'große', 'Geburtstagsparty']",feiern,"UTT_BOUNDARY f: in dem satz ""wir feiern nächsten monat eine große geburtstagsparty."", welches wort steht direkt vor dem wort ""nächsten""? a:UTT_BOUNDARY feiern wir heute mit der", feiern wir heute mit der
"Welches Wort steht im Satz ""Er schreibt täglich in sein Tagebuch über seine Erlebnisse und Gedanken."" direkt vor ""in""? ","['Er', 'schreibt', 'täglich', 'in', 'sein', 'Tagebuch', 'über', 'seine', 'Erlebnisse', 'und', 'Gedanken']",täglich,"UTT_BOUNDARY welches wort steht im satz ""er schreibt täglich in sein tagebuch über seine erlebnisse und gedanken."" direkt vor ""in""?UTT_BOUNDARY tägliches und jeden tag", tägliches und jeden tag
"F: In dem Satz ""Wir fahren oft mit dem Auto ins Gebirge zum Wandern."", welches Wort kommt unmittelbar vor dem Wort ""zum""? A:","['Wir', 'fahren', 'oft', 'mit', 'dem', 'Auto', 'ins', 'Gebirge', 'zum', 'Wandern']",gebirge,"UTT_BOUNDARY f: in dem satz ""wir fahren oft mit dem auto ins gebirge zum wandern."", welches wort kommt unmittelbar vor dem wort ""zum""? a:UTT_BOUNDARY fahren ist sehr nah an", fahren ist sehr nah an
"F: In dem Satz ""Wir machen eine Pause und trinken frischen Kaffee in der Sonne."", welches Wort steht direkt vor dem Wort ""der""? A:","['Wir', 'machen', 'eine', 'Pause', 'und', 'trinken', 'frischen', 'Kaffee', 'in', 'der', 'Sonne']",in,"UTT_BOUNDARY f: in dem satz ""wir machen eine pause und trinken frischen kaffee in der sonne."", welches wort steht direkt vor dem wort ""der""? a:UTT_BOUNDARY und trinken trinken."","," und trinken trinken."","
"F: In dem Satz ""Die Lampe leuchtet hell im Zimmer neben dem Bett."", welches Wort steht direkt vor dem Wort ""leuchtet""? A:","['Die', 'Lampe', 'leuchtet', 'hell', 'im', 'Zimmer', 'neben', 'dem', 'Bett']",lampe,"UTT_BOUNDARY f: in dem satz ""die lampe leuchtet hell im zimmer neben dem bett."", welches wort steht direkt vor dem wort ""leuchtet""? a:UTT_BOUNDARY bettina im wohnzimmer und", bettina im wohnzimmer und
"Welches Wort steht im Satz ""Der Hund rennt schnell durch den Park voller Freude."" direkt vor ""Park""? ","['Der', 'Hund', 'rennt', 'schnell', 'durch', 'den', 'Park', 'voller', 'Freude']",den,"UTT_BOUNDARY welches wort steht im satz ""der hund rennt schnell durch den park voller freude."" direkt vor ""park""?UTT_BOUNDARY der hund und der hund", der hund und der hund
"F: In dem Satz ""Ich koche heute eine Pizza mit frischem Gemüse."", welches Wort steht direkt vor dem Wort ""heute""? A:","['Ich', 'koche', 'heute', 'eine', 'Pizza', 'mit', 'frischem', 'Gemüse']",koche,"UTT_BOUNDARY f: in dem satz ""ich koche heute eine pizza mit frischem gemüse."", welches wort steht direkt vor dem wort ""heute""? a:UTT_BOUNDARY koche koche koche koche koche", koche koche koche koche koche
"F: In dem Satz ""Die Kinder malen bunte Bilder für das Schulprojekt im Kunstunterricht."", welches Wort kommt unmittelbar vor dem Wort ""das""? A:","['Die', 'Kinder', 'malen', 'bunte', 'Bilder', 'für', 'das', 'Schulprojekt', 'im', 'Kunstunterricht']",für,"UTT_BOUNDARY f: in dem satz ""die kinder malen bunte bilder für das schulprojekt im kunstunterricht."", welches wort kommt unmittelbar vor dem wort ""das""? a:UTT_BOUNDARY für das wochenende."","," für das wochenende."","
"Welches Wort steht im Satz ""Die Sonne scheint warm durch das Fenster ins Wohnzimmer."" direkt vor ""warm""? ","['Die', 'Sonne', 'scheint', 'warm', 'durch', 'das', 'Fenster', 'ins', 'Wohnzimmer']",scheint,"UTT_BOUNDARY welches wort steht im satz ""die sonne scheint warm durch das fenster ins wohnzimmer."" direkt vor ""warm""?UTT_BOUNDARY sonne scheint warm und hell", sonne scheint warm und hell
"F: In dem Satz ""Wir fahren mit dem Fahrrad durch den Park am Wochenende zum Entspannen."", welches Wort kommt unmittelbar vor dem Wort ""durch""? A:","['Wir', 'fahren', 'mit', 'dem', 'Fahrrad', 'durch', 'den', 'Park', 'am', 'Wochenende', 'zum', 'Entspannen']",fahrrad,"UTT_BOUNDARY f: in dem satz ""wir fahren mit dem fahrrad durch den park am wochenende zum entspannen."", welches wort kommt unmittelbar vor dem wort ""durch""? a:UTT_BOUNDARY parkstraße. halle am", parkstraße. halle am
"Welches Wort steht im Satz ""Wir machen eine Wanderung durch die Berge am Wochenende."" direkt vor ""machen""? ","['Wir', 'machen', 'eine', 'Wanderung', 'durch', 'die', 'Berge', 'am', 'Wochenende']",wir,"UTT_BOUNDARY welches wort steht im satz ""wir machen eine wanderung durch die berge am wochenende."" direkt vor ""machen""?UTT_BOUNDARY wir eine wanderung durch", wir eine wanderung durch
"F: In dem Satz ""Der Hund bellt, wenn jemand an der Tür klingelt."", welches Wort steht direkt vor dem Wort ""Tür""? A:","['Der', 'Hund', 'bellt', 'wenn', 'jemand', 'an', 'der', 'Tür', 'klingelt']",der,"UTT_BOUNDARY f: in dem satz ""der hund bellt, wenn jemand an der tür klingelt."", welches wort steht direkt vor dem wort ""tür""? a:UTT_BOUNDARY der hund bellt laut,"," der hund bellt laut,"
"Welches Wort steht im Satz ""Wir besuchen am Wochenende das neue Theaterstück in der Stadt."" direkt vor ""Theaterstück""? ","['Wir', 'besuchen', 'am', 'Wochenende', 'das', 'neue', 'Theaterstück', 'in', 'der', 'Stadt']",neue,"UTT_BOUNDARY welches wort steht im satz ""wir besuchen am wochenende das neue theaterstück in der stadt."" direkt vor ""theaterstück""?UTT_BOUNDARY das theaterstück in der", das theaterstück in der
"F: In dem Satz ""Ich gehe gerne joggen im Wald am Morgen."", welches Wort steht direkt vor dem Wort ""Wald""? A:","['Ich', 'gehe', 'gerne', 'joggen', 'im', 'Wald', 'am', 'Morgen']",im,"UTT_BOUNDARY f: in dem satz ""ich gehe gerne joggen im wald am morgen."", welches wort steht direkt vor dem wort ""wald""? a:UTT_BOUNDARY ich gehe jeden tag jog", ich gehe jeden tag jog
"F: In dem Satz ""Sie schreibt eine E-Mail an ihre beste Freundin und erzählt Neuigkeiten."", welches Wort steht direkt vor dem Wort ""an""? A:","['Sie', 'schreibt', 'eine', 'E-Mail', 'an', 'ihre', 'beste', 'Freundin', 'und', 'erzählt', 'Neuigkeiten']",e-mail,"UTT_BOUNDARY f: in dem satz ""sie schreibt eine e-mail an ihre beste freundin und erzählt neuigkeiten."", welches wort steht direkt vor dem wort ""an""? a:UTT_BOUNDARY postkarte für ihre freundin", postkarte für ihre freundin
"F: In dem Satz ""Wir feiern heute Geburtstag mit Familie und Freunden zusammen."", welches Wort kommt unmittelbar vor dem Wort ""Freunden""? A:","['Wir', 'feiern', 'heute', 'Geburtstag', 'mit', 'Familie', 'und', 'Freunden', 'zusammen']",und,"UTT_BOUNDARY f: in dem satz ""wir feiern heute geburtstag mit familie und freunden zusammen."", welches wort kommt unmittelbar vor dem wort ""freunden""? a:UTT_BOUNDARY mit freunden und familie zu", mit freunden und familie zu
"F: In dem Satz ""Die Blumen blühen bunt im Frühling und Sommer."", welches Wort steht direkt vor dem Wort ""blühen""? A:","['Die', 'Blumen', 'blühen', 'bunt', 'im', 'Frühling', 'und', 'Sommer']",blumen,"UTT_BOUNDARY f: in dem satz ""die blumen blühen bunt im frühling und sommer."", welches wort steht direkt vor dem wort ""blühen""? a:UTT_BOUNDARY blühen in vielen farben und", blühen in vielen farben und
"Welches Wort steht im Satz ""Wir machen eine Fahrradtour entlang des Flusses bei schönem Wetter."" direkt vor ""machen""? ","['Wir', 'machen', 'eine', 'Fahrradtour', 'entlang', 'des', 'Flusses', 'bei', 'schönem', 'Wetter']",wir,"UTT_BOUNDARY welches wort steht im satz ""wir machen eine fahrradtour entlang des flusses bei schönem wetter."" direkt vor ""machen""?UTT_BOUNDARY wir die sonne mit frisch", wir die sonne mit frisch
"F: In dem Satz ""Der Hund frisst sein Futter mit großem Appetit."", welches Wort steht direkt vor dem Wort ""frisst""? A:","['Der', 'Hund', 'frisst', 'sein', 'Futter', 'mit', 'großem', 'Appetit']",hund,"UTT_BOUNDARY f: in dem satz ""der hund frisst sein futter mit großem appetit."", welches wort steht direkt vor dem wort ""frisst""? a:UTT_BOUNDARY hund im garten und spielt", hund im garten und spielt
"F: In dem Satz ""Ich mag es, im Herbst durch bunte Blätter zu laufen."", welches Wort steht direkt vor dem Wort ""bunte""? A:","['Ich', 'mag', 'es', 'im', 'Herbst', 'durch', 'bunte', 'Blätter', 'zu', 'laufen']",durch,"UTT_BOUNDARY f: in dem satz ""ich mag es, im herbst durch bunte blätter zu laufen."", welches wort steht direkt vor dem wort ""bunte""? a:UTT_BOUNDARY und schmeckt leckere sachen", und schmeckt leckere sachen
"F: In dem Satz ""Wir besuchen im Sommer oft den See zum Schwimmen und Entspannen."", welches Wort kommt unmittelbar vor dem Wort ""und""? A:","['Wir', 'besuchen', 'im', 'Sommer', 'oft', 'den', 'See', 'zum', 'Schwimmen', 'und', 'Entspannen']",schwimmen,"UTT_BOUNDARY f: in dem satz ""wir besuchen im sommer oft den see zum schwimmen und entspannen."", welches wort kommt unmittelbar vor dem wort ""und""? a:UTT_BOUNDARY schwimmen im garten und haben", schwimmen im garten und haben
"F: In dem Satz ""Wir feiern heute das Fest mit Freunden und Familie zusammen."", welches Wort kommt unmittelbar vor dem Wort ""Fest""? A:","['Wir', 'feiern', 'heute', 'das', 'Fest', 'mit', 'Freunden', 'und', 'Familie', 'zusammen']",das,"UTT_BOUNDARY f: in dem satz ""wir feiern heute das fest mit freunden und familie zusammen."", welches wort kommt unmittelbar vor dem wort ""fest""? a:UTT_BOUNDARY dem ball im garten hinter", dem ball im garten hinter
"F: In dem Satz ""Sie kocht gern italienische Gerichte für ihre Freunde."", welches Wort steht direkt vor dem Wort ""für""? A:","['Sie', 'kocht', 'gern', 'italienische', 'Gerichte', 'für', 'ihre', 'Freunde']",gerichte,"UTT_BOUNDARY f: in dem satz ""sie kocht gern italienische gerichte für ihre freunde."", welches wort steht direkt vor dem wort ""für""? a:UTT_BOUNDARY italienische gerichte aus dem", italienische gerichte aus dem
"F: In dem Satz ""Ich lerne Deutsch, um besser arbeiten zu können."", welches Wort steht direkt vor dem Wort ""Deutsch""? A:","['Ich', 'lerne', 'Deutsch', 'um', 'besser', 'arbeiten', 'zu', 'können']",lerne,"UTT_BOUNDARY f: in dem satz ""ich lerne deutsch, um besser arbeiten zu können."", welches wort steht direkt vor dem wort ""deutsch""? a:UTT_BOUNDARY in dem satz ""ich"," in dem satz ""ich"
"F: In dem Satz ""Er schreibt täglich in sein Tagebuch über seine Gedanken."", welches Wort kommt unmittelbar vor dem Wort ""über""? A:","['Er', 'schreibt', 'täglich', 'in', 'sein', 'Tagebuch', 'über', 'seine', 'Gedanken']",tagebuch,"UTT_BOUNDARY f: in dem satz ""er schreibt täglich in sein tagebuch über seine gedanken."", welches wort kommt unmittelbar vor dem wort ""über""? a:UTT_BOUNDARY tagebuch über das leben und", tagebuch über das leben und
"F: In dem Satz ""Sie spielt gern Klavier und übt jeden Tag fleißig."", welches Wort steht direkt vor dem Wort ""jeden""? A:","['Sie', 'spielt', 'gern', 'Klavier', 'und', 'übt', 'jeden', 'Tag', 'fleißig']",übt,"UTT_BOUNDARY f: in dem satz ""sie spielt gern klavier und übt jeden tag fleißig."", welches wort steht direkt vor dem wort ""jeden""? a:UTT_BOUNDARY jeden tag neue musik zur", jeden tag neue musik zur
"F: In dem Satz ""Das Auto ist schnell und sparsam im Verbrauch."", welches Wort steht direkt vor dem Wort ""sparsam""? A:","['Das', 'Auto', 'ist', 'schnell', 'und', 'sparsam', 'im', 'Verbrauch']",und,"UTT_BOUNDARY f: in dem satz ""das auto ist schnell und sparsam im verbrauch."", welches wort steht direkt vor dem wort ""sparsam""? a:UTT_BOUNDARY und materialien sind für", und materialien sind für
"F: In dem Satz ""Der Vogel singt früh am Morgen ein fröhliches Lied draußen."", welches Wort kommt unmittelbar vor dem Wort ""Morgen""? A:","['Der', 'Vogel', 'singt', 'früh', 'am', 'Morgen', 'ein', 'fröhliches', 'Lied', 'draußen']",am,"UTT_BOUNDARY f: in dem satz ""der vogel singt früh am morgen ein fröhliches lied draußen."", welches wort kommt unmittelbar vor dem wort ""morgen""? a:UTT_BOUNDARY singt jeden morgen ein schönes", singt jeden morgen ein schönes
"Welches Wort steht im Satz ""Der Himmel ist klar und die Sterne leuchten in der Nacht."" direkt vor ""in""? ","['Der', 'Himmel', 'ist', 'klar', 'und', 'die', 'Sterne', 'leuchten', 'in', 'der', 'Nacht']",leuchten,"UTT_BOUNDARY welches wort steht im satz ""der himmel ist klar und die sterne leuchten in der nacht."" direkt vor ""in""?UTT_BOUNDARY himmel ist klar und die", himmel ist klar und die
"Welches Wort steht im Satz ""Ich koche heute eine leckere Tomatensuppe mit frischen Kräutern."" direkt vor ""frischen""? ","['Ich', 'koche', 'heute', 'eine', 'leckere', 'Tomatensuppe', 'mit', 'frischen', 'Kräutern']",mit,"UTT_BOUNDARY welches wort steht im satz ""ich koche heute eine leckere tomatensuppe mit frischen kräutern."" direkt vor ""frischen""?UTT_BOUNDARY mit kräutern und kräu", mit kräutern und kräu
"F: In dem Satz ""Ich trinke abends gerne warmen Kräutertee zum Entspannen."", welches Wort kommt unmittelbar vor dem Wort ""gerne""? A:","['Ich', 'trinke', 'abends', 'gerne', 'warmen', 'Kräutertee', 'zum', 'Entspannen']",abends,"UTT_BOUNDARY f: in dem satz ""ich trinke abends gerne warmen kräutertee zum entspannen."", welches wort kommt unmittelbar vor dem wort ""gerne""? a:UTT_BOUNDARY morgens immer eine tasse heißen", morgens immer eine tasse heißen
"Welches Wort steht im Satz ""Wir genießen den sonnigen Tag beim Spielen im Park zusammen."" direkt vor ""Park""? ","['Wir', 'genießen', 'den', 'sonnigen', 'Tag', 'beim', 'Spielen', 'im', 'Park', 'zusammen']",im,"UTT_BOUNDARY welches wort steht im satz ""wir genießen den sonnigen tag beim spielen im park zusammen."" direkt vor ""park""?UTT_BOUNDARY den bunten strand am samstag", den bunten strand am samstag
"Welches Wort steht im Satz ""Er liest täglich die Zeitung am Frühstückstisch zu Hause."" direkt vor ""liest""? ","['Er', 'liest', 'täglich', 'die', 'Zeitung', 'am', 'Frühstückstisch', 'zu', 'Hause']",er,"UTT_BOUNDARY welches wort steht im satz ""er liest täglich die zeitung am frühstückstisch zu hause."" direkt vor ""liest""?UTT_BOUNDARY er sie auf dem schoß", er sie auf dem schoß
"F: In dem Satz ""Wir fahren im Herbst oft mit dem Auto ins Gebirge."", welches Wort kommt unmittelbar vor dem Wort ""dem""? A:","['Wir', 'fahren', 'im', 'Herbst', 'oft', 'mit', 'dem', 'Auto', 'ins', 'Gebirge']",mit,"UTT_BOUNDARY f: in dem satz ""wir fahren im herbst oft mit dem auto ins gebirge."", welches wort kommt unmittelbar vor dem wort ""dem""? a:UTT_BOUNDARY mit dem auto ins gebirge", mit dem auto ins gebirge
"F: In dem Satz ""Er fährt mit dem Zug zur Arbeit in die Stadt jeden Tag heute."", welches Wort kommt unmittelbar vor dem Wort ""die""? A:","['Er', 'fährt', 'mit', 'dem', 'Zug', 'zur', 'Arbeit', 'in', 'die', 'Stadt', 'jeden', 'Tag', 'heute']",in,"UTT_BOUNDARY f: in dem satz ""er fährt mit dem zug zur arbeit in die stadt jeden tag heute."", welches wort kommt unmittelbar vor dem wort ""die""? a:UTT_BOUNDARY in die stadt schickt,"," in die stadt schickt,"
"Welches Wort steht im Satz ""Die Sonne scheint warm und hell durch die geöffneten Fenster."" direkt vor ""scheint""? ","['Die', 'Sonne', 'scheint', 'warm', 'und', 'hell', 'durch', 'die', 'geöffneten', 'Fenster']",sonne,"UTT_BOUNDARY welches wort steht im satz ""die sonne scheint warm und hell durch die geöffneten fenster."" direkt vor ""scheint""?UTT_BOUNDARY sonne scheint warm und hell", sonne scheint warm und hell
"F: In dem Satz ""Ich esse gern Schokolade und süße Kuchen."", welches Wort steht direkt vor dem Wort ""und""? A:","['Ich', 'esse', 'gern', 'Schokolade', 'und', 'süße', 'Kuchen']",schokolade,"UTT_BOUNDARY f: in dem satz ""ich esse gern schokolade und süße kuchen."", welches wort steht direkt vor dem wort ""und""? a:UTT_BOUNDARY gern schokolade."" direkt vor"," gern schokolade."" direkt vor"
"Welches Wort steht im Satz ""Ich gehe abends oft spazieren, um den Kopf frei zu bekommen."" direkt vor ""frei""? ","['Ich', 'gehe', 'abends', 'oft', 'spazieren', 'um', 'den', 'Kopf', 'frei', 'zu', 'bekommen']",kopf,"UTT_BOUNDARY welches wort steht im satz ""ich gehe abends oft spazieren, um den kopf frei zu bekommen."" direkt vor ""frei""?UTT_BOUNDARY kopf unter den füssen im", kopf unter den füssen im
"F: In dem Satz ""Wir besuchen das Museum, um Kunst zu lernen und zu bewundern."", welches Wort kommt unmittelbar vor dem Wort ""und""? A:","['Wir', 'besuchen', 'das', 'Museum', 'um', 'Kunst', 'zu', 'lernen', 'und', 'zu', 'bewundern']",lernen,"UTT_BOUNDARY f: in dem satz ""wir besuchen das museum, um kunst zu lernen und zu bewundern."", welches wort kommt unmittelbar vor dem wort ""und""? a:UTT_BOUNDARY lernen wir heute abend."""," lernen wir heute abend."""
"Welches Wort steht im Satz ""Ich genieße den Duft von frischem Kaffee am frühen Morgen."" direkt vor ""frischem""? ","['Ich', 'genieße', 'den', 'Duft', 'von', 'frischem', 'Kaffee', 'am', 'frühen', 'Morgen']",von,"UTT_BOUNDARY welches wort steht im satz ""ich genieße den duft von frischem kaffee am frühen morgen."" direkt vor ""frischem""?UTT_BOUNDARY mit dem ball im garten", mit dem ball im garten
"F: In dem Satz ""Sie liest gern Romane über Abenteuer und spannende Geschichten."", welches Wort kommt unmittelbar vor dem Wort ""Abenteuer""? A:","['Sie', 'liest', 'gern', 'Romane', 'über', 'Abenteuer', 'und', 'spannende', 'Geschichten']",über,"UTT_BOUNDARY f: in dem satz ""sie liest gern romane über abenteuer und spannende geschichten."", welches wort kommt unmittelbar vor dem wort ""abenteuer""? a:UTT_BOUNDARY über freundschaft und abenteuer in", über freundschaft und abenteuer in
"F: In dem Satz ""Ich lese oft Bücher über Geschichte und interessante Kulturen weltweit."", welches Wort kommt unmittelbar vor dem Wort ""oft""? A:","['Ich', 'lese', 'oft', 'Bücher', 'über', 'Geschichte', 'und', 'interessante', 'Kulturen', 'weltweit']",lese,"UTT_BOUNDARY f: in dem satz ""ich lese oft bücher über geschichte und interessante kulturen weltweit."", welches wort kommt unmittelbar vor dem wort ""oft""? a:UTT_BOUNDARY ich heute ein buch über", ich heute ein buch über
"Welches Wort steht im Satz ""Die Katze schnurrt zufrieden, wenn sie gestreichelt wird vom Besitzer."" direkt vor ""wenn""? ","['Die', 'Katze', 'schnurrt', 'zufrieden', 'wenn', 'sie', 'gestreichelt', 'wird', 'vom', 'Besitzer']",zufrieden,"UTT_BOUNDARY welches wort steht im satz ""die katze schnurrt zufrieden, wenn sie gestreichelt wird vom besitzer."" direkt vor ""wenn""?UTT_BOUNDARY lautes gewissenhaftem", lautes gewissenhaftem
"F: In dem Satz ""Die Katze schnurrt zufrieden, wenn sie gestreichelt wird."", welches Wort kommt unmittelbar vor dem Wort ""wenn""? A:","['Die', 'Katze', 'schnurrt', 'zufrieden', 'wenn', 'sie', 'gestreichelt', 'wird']",zufrieden,"UTT_BOUNDARY f: in dem satz ""die katze schnurrt zufrieden, wenn sie gestreichelt wird."", welches wort kommt unmittelbar vor dem wort ""wenn""? a:UTT_BOUNDARY wird laut, wenn sie"," wird laut, wenn sie"
"F: In dem Satz ""Die Lampe leuchtet hell im dunklen Zimmer."", welches Wort steht direkt vor dem Wort ""hell""? A:","['Die', 'Lampe', 'leuchtet', 'hell', 'im', 'dunklen', 'Zimmer']",leuchtet,"UTT_BOUNDARY f: in dem satz ""die lampe leuchtet hell im dunklen zimmer."", welches wort steht direkt vor dem wort ""hell""? a:UTT_BOUNDARY die uhr ist hoch und", die uhr ist hoch und
"Welches Wort steht im Satz ""Der Lehrer erklärt geduldig die schwierigen Grammatikregeln im Unterricht."" direkt vor ""Grammatikregeln""? ","['Der', 'Lehrer', 'erklärt', 'geduldig', 'die', 'schwierigen', 'Grammatikregeln', 'im', 'Unterricht']",schwierigen,"UTT_BOUNDARY welches wort steht im satz ""der lehrer erklärt geduldig die schwierigen grammatikregeln im unterricht."" direkt vor ""grammatikregeln""?UTT_BOUNDARY die hausaufgaben für das wochenende", die hausaufgaben für das wochenende
"F: In dem Satz ""Wir besuchen nächste Woche das neue Museum in der Stadt."", welches Wort steht direkt vor dem Wort ""das""? A:","['Wir', 'besuchen', 'nächste', 'Woche', 'das', 'neue', 'Museum', 'in', 'der', 'Stadt']",woche,"UTT_BOUNDARY f: in dem satz ""wir besuchen nächste woche das neue museum in der stadt."", welches wort steht direkt vor dem wort ""das""? a:UTT_BOUNDARY besuchen wir das museum für", besuchen wir das museum für
"F: In dem Satz ""Wir fahren im Winter in die Berge zum Skifahren und Rodeln oft heute."", welches Wort kommt unmittelbar vor dem Wort ""Rodeln""? A:","['Wir', 'fahren', 'im', 'Winter', 'in', 'die', 'Berge', 'zum', 'Skifahren', 'und', 'Rodeln', 'oft', 'heute']",und,"UTT_BOUNDARY f: in dem satz ""wir fahren im winter in die berge zum skifahren und rodeln oft heute."", welches wort kommt unmittelbar vor dem wort ""rodeln""? a:UTT_BOUNDARY wir im park mit freunden", wir im park mit freunden
"F: In dem Satz ""Wir machen einen Spaziergang durch den Wald am Nachmittag."", welches Wort steht direkt vor dem Wort ""einen""? A:","['Wir', 'machen', 'einen', 'Spaziergang', 'durch', 'den', 'Wald', 'am', 'Nachmittag']",machen,"UTT_BOUNDARY f: in dem satz ""wir machen einen spaziergang durch den wald am nachmittag."", welches wort steht direkt vor dem wort ""einen""? a:UTT_BOUNDARY machen wir morgen eine wander", machen wir morgen eine wander
"Welches Wort steht im Satz ""Die Kinder basteln Laternen für das Martinsfest in der Schule."" direkt vor ""der""? ","['Die', 'Kinder', 'basteln', 'Laternen', 'für', 'das', 'Martinsfest', 'in', 'der', 'Schule']",in,"UTT_BOUNDARY welches wort steht im satz ""die kinder basteln laternen für das martinsfest in der schule."" direkt vor ""der""?UTT_BOUNDARY in dem satz ""wir"," in dem satz ""wir"
"Welches Wort steht im Satz ""Sie pflückt Wildblumen und bindet einen bunten Strauß daraus."" direkt vor ""einen""? ","['Sie', 'pflückt', 'Wildblumen', 'und', 'bindet', 'einen', 'bunten', 'Strauß', 'daraus']",bindet,"UTT_BOUNDARY welches wort steht im satz ""sie pflückt wildblumen und bindet einen bunten strauß daraus."" direkt vor ""einen""?UTT_BOUNDARY und""?UTT_BOUNDARY"," und""?"
"F: In dem Satz ""Der Lehrer erklärt die Grammatik sehr geduldig und klar."", welches Wort steht direkt vor dem Wort ""sehr""? A:","['Der', 'Lehrer', 'erklärt', 'die', 'Grammatik', 'sehr', 'geduldig', 'und', 'klar']",grammatik,"UTT_BOUNDARY f: in dem satz ""der lehrer erklärt die grammatik sehr geduldig und klar."", welches wort steht direkt vor dem wort ""sehr""? a:UTT_BOUNDARY erklärt die grammatik sehr", erklärt die grammatik sehr
"F: In dem Satz ""Wir machen eine Radtour am Wochenende entlang des Flusses."", welches Wort kommt unmittelbar vor dem Wort ""des""? A:","['Wir', 'machen', 'eine', 'Radtour', 'am', 'Wochenende', 'entlang', 'des', 'Flusses']",entlang,"UTT_BOUNDARY f: in dem satz ""wir machen eine radtour am wochenende entlang des flusses."", welches wort kommt unmittelbar vor dem wort ""des""? a:UTT_BOUNDARY entlang der waldumsp", entlang der waldumsp
"Welches Wort steht im Satz ""Sie tanzt leidenschaftlich gern jeden Samstagabend in der Tanzschule."" direkt vor ""in""? ","['Sie', 'tanzt', 'leidenschaftlich', 'gern', 'jeden', 'Samstagabend', 'in', 'der', 'Tanzschule']",samstagabend,"UTT_BOUNDARY welches wort steht im satz ""sie tanzt leidenschaftlich gern jeden samstagabend in der tanzschule."" direkt vor ""in""?UTT_BOUNDARY samstagabends mit der", samstagabends mit der
"F: In dem Satz ""Wir fahren mit dem Zug in die nächste Stadt."", welches Wort steht direkt vor dem Wort ""die""? A:","['Wir', 'fahren', 'mit', 'dem', 'Zug', 'in', 'die', 'nächste', 'Stadt']",in,"UTT_BOUNDARY f: in dem satz ""wir fahren mit dem zug in die nächste stadt."", welches wort steht direkt vor dem wort ""die""? a:UTT_BOUNDARY mit dem zug zur arbeit", mit dem zug zur arbeit
"F: In dem Satz ""Er fährt mit dem Zug pünktlich zur Arbeit in die Stadt."", welches Wort kommt unmittelbar vor dem Wort ""fährt""? A:","['Er', 'fährt', 'mit', 'dem', 'Zug', 'pünktlich', 'zur', 'Arbeit', 'in', 'die', 'Stadt']",er,"UTT_BOUNDARY f: in dem satz ""er fährt mit dem zug pünktlich zur arbeit in die stadt."", welches wort kommt unmittelbar vor dem wort ""fährt""? a:UTT_BOUNDARY zug zug zug zug zug", zug zug zug zug zug
"F: In dem Satz ""Ich trinke abends gern eine heiße Tasse Tee."", welches Wort steht direkt vor dem Wort ""abends""? A:","['Ich', 'trinke', 'abends', 'gern', 'eine', 'heiße', 'Tasse', 'Tee']",trinke,"UTT_BOUNDARY f: in dem satz ""ich trinke abends gern eine heiße tasse tee."", welches wort steht direkt vor dem wort ""abends""? a:UTT_BOUNDARY trinke morgens immer eine tasse", trinke morgens immer eine tasse
"Welches Wort steht im Satz ""Der Himmel färbt sich rosa beim Sonnenaufgang über den Bergen."" direkt vor ""rosa""? ","['Der', 'Himmel', 'färbt', 'sich', 'rosa', 'beim', 'Sonnenaufgang', 'über', 'den', 'Bergen']",sich,"UTT_BOUNDARY welches wort steht im satz ""der himmel färbt sich rosa beim sonnenaufgang über den bergen."" direkt vor ""rosa""?UTT_BOUNDARY der himmel ist blau und", der himmel ist blau und
"F: In dem Satz ""Wir treffen uns morgen im Café zum Frühstücken."", welches Wort steht direkt vor dem Wort ""uns""? A:","['Wir', 'treffen', 'uns', 'morgen', 'im', 'Café', 'zum', 'Frühstücken']",treffen,"UTT_BOUNDARY f: in dem satz ""wir treffen uns morgen im café zum frühstücken."", welches wort steht direkt vor dem wort ""uns""? a:UTT_BOUNDARY treffen wir uns morgen zum", treffen wir uns morgen zum
"F: In dem Satz ""Der Film war spannend und sehr unterhaltsam."", welches Wort steht direkt vor dem Wort ""sehr""? A:","['Der', 'Film', 'war', 'spannend', 'und', 'sehr', 'unterhaltsam']",und,"UTT_BOUNDARY f: in dem satz ""der film war spannend und sehr unterhaltsam."", welches wort steht direkt vor dem wort ""sehr""? a:UTT_BOUNDARY der film im kino war", der film im kino war
"F: In dem Satz ""Der Fluss fließt ruhig durch die grüne Landschaft."", welches Wort steht direkt vor dem Wort ""ruhig""? A:","['Der', 'Fluss', 'fließt', 'ruhig', 'durch', 'die', 'grüne', 'Landschaft']",fließt,"UTT_BOUNDARY f: in dem satz ""der fluss fließt ruhig durch die grüne landschaft."", welches wort steht direkt vor dem wort ""ruhig""? a:UTT_BOUNDARY der himmel ist heute klar", der himmel ist heute klar
"F: In dem Satz ""Ich lerne jeden Tag neue deutsche Wörter und Redewendungen für den Alltag."", welches Wort steht direkt vor dem Wort ""und""? A:","['Ich', 'lerne', 'jeden', 'Tag', 'neue', 'deutsche', 'Wörter', 'und', 'Redewendungen', 'für', 'den', 'Alltag']",wörter,"UTT_BOUNDARY f: in dem satz ""ich lerne jeden tag neue deutsche wörter und redewendungen für den alltag."", welches wort steht direkt vor dem wort ""und""? a:UTT_BOUNDARY bücher über geschichte und kultur", bücher über geschichte und kultur
"Welches Wort steht im Satz ""Die Kinder spielen draußen im Garten Verstecken und haben viel Spaß."" direkt vor ""spielen""? ","['Die', 'Kinder', 'spielen', 'draußen', 'im', 'Garten', 'Verstecken', 'und', 'haben', 'viel', 'Spaß']",kinder,"UTT_BOUNDARY welches wort steht im satz ""die kinder spielen draußen im garten verstecken und haben viel spaß."" direkt vor ""spielen""?UTT_BOUNDARY kinder im garten mit bunten", kinder im garten mit bunten
"Welches Wort steht im Satz ""Die Kinder basteln Laternen für das Martinsfest in der Schule."" direkt vor ""Kinder""? ","['Die', 'Kinder', 'basteln', 'Laternen', 'für', 'das', 'Martinsfest', 'in', 'der', 'Schule']",die,"UTT_BOUNDARY welches wort steht im satz ""die kinder basteln laternen für das martinsfest in der schule."" direkt vor ""kinder""?UTT_BOUNDARY die gerne mit dem ball", die gerne mit dem ball
"Welches Wort steht im Satz ""Er fährt täglich mit dem Fahrrad zur Arbeit in die Stadt."" direkt vor ""Fahrrad""? ","['Er', 'fährt', 'täglich', 'mit', 'dem', 'Fahrrad', 'zur', 'Arbeit', 'in', 'die', 'Stadt']",dem,"UTT_BOUNDARY welches wort steht im satz ""er fährt täglich mit dem fahrrad zur arbeit in die stadt."" direkt vor ""fahrrad""?UTT_BOUNDARY dem fahrradfahren in der", dem fahrradfahren in der
"F: In dem Satz ""Der Hund bellt, wenn jemand an der Tür klingelt."", welches Wort steht direkt vor dem Wort ""bellt""? A:","['Der', 'Hund', 'bellt', 'wenn', 'jemand', 'an', 'der', 'Tür', 'klingelt']",hund,"UTT_BOUNDARY f: in dem satz ""der hund bellt, wenn jemand an der tür klingelt."", welches wort steht direkt vor dem wort ""bellt""? a:UTT_BOUNDARY hund und hund im garten", hund und hund im garten
"F: In dem Satz ""Sie liest gern spannende Bücher über Abenteuer."", welches Wort steht direkt vor dem Wort ""gern""? A:","['Sie', 'liest', 'gern', 'spannende', 'Bücher', 'über', 'Abenteuer']",liest,"UTT_BOUNDARY f: in dem satz ""sie liest gern spannende bücher über abenteuer."", welches wort steht direkt vor dem wort ""gern""? a:UTT_BOUNDARY sie vor dem einschlafen jeden", sie vor dem einschlafen jeden
"F: In dem Satz ""Die Katze spielt mit ihrem Lieblingsspielzeug auf dem Wohnzimmerboden."", welches Wort kommt unmittelbar vor dem Wort ""dem""? A:","['Die', 'Katze', 'spielt', 'mit', 'ihrem', 'Lieblingsspielzeug', 'auf', 'dem', 'Wohnzimmerboden']",auf,"UTT_BOUNDARY f: in dem satz ""die katze spielt mit ihrem lieblingsspielzeug auf dem wohnzimmerboden."", welches wort kommt unmittelbar vor dem wort ""dem""? a:UTT_BOUNDARY mit dem ball im garten", mit dem ball im garten
"F: In dem Satz ""Ich trinke gerne schwarzen Kaffee mit etwas Zucker und Milch."", welches Wort kommt unmittelbar vor dem Wort ""Zucker""? A:","['Ich', 'trinke', 'gerne', 'schwarzen', 'Kaffee', 'mit', 'etwas', 'Zucker', 'und', 'Milch']",etwas,"UTT_BOUNDARY f: in dem satz ""ich trinke gerne schwarzen kaffee mit etwas zucker und milch."", welches wort kommt unmittelbar vor dem wort ""zucker""? a:UTT_BOUNDARY und trinke kaffee mit milch", und trinke kaffee mit milch
"F: In dem Satz ""Sie hört Musik, während sie ihre Hausaufgaben macht und sich konzentriert."", welches Wort steht direkt vor dem Wort ""hört""? A:","['Sie', 'hört', 'Musik', 'während', 'sie', 'ihre', 'Hausaufgaben', 'macht', 'und', 'sich', 'konzentriert']",sie,"UTT_BOUNDARY f: in dem satz ""sie hört musik, während sie ihre hausaufgaben macht und sich konzentriert."", welches wort steht direkt vor dem wort ""hört""? a:UTT_BOUNDARY sie auf dem schoß ihrer", sie auf dem schoß ihrer
"F: In dem Satz ""Sie liest gern spannende Bücher über ferne Länder und Kulturen oft."", welches Wort kommt unmittelbar vor dem Wort ""ferne""? A:","['Sie', 'liest', 'gern', 'spannende', 'Bücher', 'über', 'ferne', 'Länder', 'und', 'Kulturen', 'oft']",über,"UTT_BOUNDARY f: in dem satz ""sie liest gern spannende bücher über ferne länder und kulturen oft."", welches wort kommt unmittelbar vor dem wort ""ferne""? a:UTT_BOUNDARY gern romane über freundschaft", gern romane über freundschaft
"Welches Wort steht im Satz ""Das Wetter ist heute ideal zum Fahrradfahren im Park."" direkt vor ""Fahrradfahren""? ","['Das', 'Wetter', 'ist', 'heute', 'ideal', 'zum', 'Fahrradfahren', 'im', 'Park']",zum,"UTT_BOUNDARY welches wort steht im satz ""das wetter ist heute ideal zum fahrradfahren im park."" direkt vor ""fahrradfahren""?UTT_BOUNDARY dem autofahren mit dem", dem autofahren mit dem
"F: In dem Satz ""Wir feiern nächsten Monat eine große Geburtstagsparty zu Hause mit Freunden und Familie."", welches Wort steht direkt vor dem Wort ""Monat""? A:","['Wir', 'feiern', 'nächsten', 'Monat', 'eine', 'große', 'Geburtstagsparty', 'zu', 'Hause', 'mit', 'Freunden', 'und', 'Familie']",nächsten,"UTT_BOUNDARY f: in dem satz ""wir feiern nächsten monat eine große geburtstagsparty zu hause mit freunden und familie."", welches wort steht direkt vor dem wort ""monat""? a:UTT_BOUNDARY wir täglich mit freunden und", wir täglich mit freunden und
"F: In dem Satz ""Der Vogel singt ein schönes Lied am Morgen."", welches Wort steht direkt vor dem Wort ""Lied""? A:","['Der', 'Vogel', 'singt', 'ein', 'schönes', 'Lied', 'am', 'Morgen']",schönes,"UTT_BOUNDARY f: in dem satz ""der vogel singt ein schönes lied am morgen."", welches wort steht direkt vor dem wort ""lied""? a:UTT_BOUNDARY schönes lied im garten mit", schönes lied im garten mit
"Welches Wort steht im Satz ""Sie schreibt einen Brief an ihre beste Freundin in Berlin."" direkt vor ""Freundin""? ","['Sie', 'schreibt', 'einen', 'Brief', 'an', 'ihre', 'beste', 'Freundin', 'in', 'Berlin']",beste,"UTT_BOUNDARY welches wort steht im satz ""sie schreibt einen brief an ihre beste freundin in berlin."" direkt vor ""freundin""?UTT_BOUNDARY ihre freundin ist die beste", ihre freundin ist die beste
"F: In dem Satz ""Der Himmel ist blau und die Sonne scheint hell und warm heute."", welches Wort kommt unmittelbar vor dem Wort ""scheint""? A:","['Der', 'Himmel', 'ist', 'blau', 'und', 'die', 'Sonne', 'scheint', 'hell', 'und', 'warm', 'heute']",sonne,"UTT_BOUNDARY f: in dem satz ""der himmel ist blau und die sonne scheint hell und warm heute."", welches wort kommt unmittelbar vor dem wort ""scheint""? a:UTT_BOUNDARY sonne scheint sonne scheint warm", sonne scheint sonne scheint warm
"Welches Wort steht im Satz ""Wir genießen den sonnigen Tag beim Picknick im Park zusammen."" direkt vor ""genießen""? ","['Wir', 'genießen', 'den', 'sonnigen', 'Tag', 'beim', 'Picknick', 'im', 'Park', 'zusammen']",wir,"UTT_BOUNDARY welches wort steht im satz ""wir genießen den sonnigen tag beim picknick im park zusammen."" direkt vor ""genießen""?UTT_BOUNDARY wir den zoo und bauen", wir den zoo und bauen
"F: In dem Satz ""Wir fahren im Sommer an den See zum Baden."", welches Wort steht direkt vor dem Wort ""den""? A:","['Wir', 'fahren', 'im', 'Sommer', 'an', 'den', 'See', 'zum', 'Baden']",an,"UTT_BOUNDARY f: in dem satz ""wir fahren im sommer an den see zum baden."", welches wort steht direkt vor dem wort ""den""? a:UTT_BOUNDARY an den see entlang?", an den see entlang?
"F: In dem Satz ""Der Hund läuft schnell durch den großen Garten und spielt."", welches Wort steht direkt vor dem Wort ""Hund""? A:","['Der', 'Hund', 'läuft', 'schnell', 'durch', 'den', 'großen', 'Garten', 'und', 'spielt']",der,"UTT_BOUNDARY f: in dem satz ""der hund läuft schnell durch den großen garten und spielt."", welches wort steht direkt vor dem wort ""hund""? a:UTT_BOUNDARY der hund schläft friedlich auf", der hund schläft friedlich auf
"F: In dem Satz ""Der Zug kommt pünktlich am Bahnhof an."", welches Wort steht direkt vor dem Wort ""am""? A:","['Der', 'Zug', 'kommt', 'pünktlich', 'am', 'Bahnhof', 'an']",pünktlich,"UTT_BOUNDARY f: in dem satz ""der zug kommt pünktlich am bahnhof an."", welches wort steht direkt vor dem wort ""am""? a:UTT_BOUNDARY zug zug zug zug zug", zug zug zug zug zug
"F: In dem Satz ""Wir gehen heute Abend ins Restaurant zum gemütlichen Essen."", welches Wort kommt unmittelbar vor dem Wort ""ins""? A:","['Wir', 'gehen', 'heute', 'Abend', 'ins', 'Restaurant', 'zum', 'gemütlichen', 'Essen']",abend,"UTT_BOUNDARY f: in dem satz ""wir gehen heute abend ins restaurant zum gemütlichen essen."", welches wort kommt unmittelbar vor dem wort ""ins""? a:UTT_BOUNDARY gehen, zum frühstück gehen"," gehen, zum frühstück gehen"
"F: In dem Satz ""Sie schreibt eine Postkarte an ihre Großeltern."", welches Wort steht direkt vor dem Wort ""an""? A:","['Sie', 'schreibt', 'eine', 'Postkarte', 'an', 'ihre', 'Großeltern']",postkarte,"UTT_BOUNDARY f: in dem satz ""sie schreibt eine postkarte an ihre großeltern."", welches wort steht direkt vor dem wort ""an""? a:UTT_BOUNDARY postkarte liest sie oft", postkarte liest sie oft
"F: In dem Satz ""Wir fahren im Sommer ans Meer zum Schwimmen."", welches Wort steht direkt vor dem Wort ""ans""? A:","['Wir', 'fahren', 'im', 'Sommer', 'ans', 'Meer', 'zum', 'Schwimmen']",sommer,"UTT_BOUNDARY f: in dem satz ""wir fahren im sommer ans meer zum schwimmen."", welches wort steht direkt vor dem wort ""ans""? a:UTT_BOUNDARY im park herumläuft eine", im park herumläuft eine
"F: In dem Satz ""Ich höre gern Podcasts über Wissenschaft und Technik."", welches Wort steht direkt vor dem Wort ""und""? A:","['Ich', 'höre', 'gern', 'Podcasts', 'über', 'Wissenschaft', 'und', 'Technik']",wissenschaft,"UTT_BOUNDARY f: in dem satz ""ich höre gern podcasts über wissenschaft und technik."", welches wort steht direkt vor dem wort ""und""? a:UTT_BOUNDARY bücher über geschichte und kultur", bücher über geschichte und kultur
"Welches Wort steht im Satz ""Er fährt jeden Tag mit dem Fahrrad zur Arbeit in die Stadt."" direkt vor ""mit""? ","['Er', 'fährt', 'jeden', 'Tag', 'mit', 'dem', 'Fahrrad', 'zur', 'Arbeit', 'in', 'die', 'Stadt']",tag,"UTT_BOUNDARY welches wort steht im satz ""er fährt jeden tag mit dem fahrrad zur arbeit in die stadt."" direkt vor ""mit""?UTT_BOUNDARY morgen mit dem fahrrad zur", morgen mit dem fahrrad zur
"Welches Wort steht im Satz ""Der Hund wartet geduldig vor der Haustür auf seinen Spaziergang."" direkt vor ""geduldig""? ","['Der', 'Hund', 'wartet', 'geduldig', 'vor', 'der', 'Haustür', 'auf', 'seinen', 'Spaziergang']",wartet,"UTT_BOUNDARY welches wort steht im satz ""der hund wartet geduldig vor der haustür auf seinen spaziergang."" direkt vor ""geduldig""?UTT_BOUNDARY er auf dem sofa im", er auf dem sofa im
"F: In dem Satz ""Wir machen eine Wanderung durch den schönen Wald."", welches Wort steht direkt vor dem Wort ""machen""? A:","['Wir', 'machen', 'eine', 'Wanderung', 'durch', 'den', 'schönen', 'Wald']",wir,"UTT_BOUNDARY f: in dem satz ""wir machen eine wanderung durch den schönen wald."", welches wort steht direkt vor dem wort ""machen""? a:UTT_BOUNDARY wir heute abend ein stück", wir heute abend ein stück
"F: In dem Satz ""Der Hund liegt entspannt auf dem Teppich vor dem Kamin."", welches Wort kommt unmittelbar vor dem Wort ""Teppich""? A:","['Der', 'Hund', 'liegt', 'entspannt', 'auf', 'dem', 'Teppich', 'vor', 'dem', 'Kamin']",dem,"UTT_BOUNDARY f: in dem satz ""der hund liegt entspannt auf dem teppich vor dem kamin."", welches wort kommt unmittelbar vor dem wort ""teppich""? a:UTT_BOUNDARY der hund im garten mit", der hund im garten mit
"Welches Wort steht im Satz ""Ich genieße die Ruhe beim Lesen eines guten Romans am Abend."" direkt vor ""genieße""? ","['Ich', 'genieße', 'die', 'Ruhe', 'beim', 'Lesen', 'eines', 'guten', 'Romans', 'am', 'Abend']",ich,"UTT_BOUNDARY welches wort steht im satz ""ich genieße die ruhe beim lesen eines guten romans am abend."" direkt vor ""genieße""?UTT_BOUNDARY beim lernen zu hause am", beim lernen zu hause am
"F: In dem Satz ""Die Katze spielt mit ihrem Lieblingsspielzeug im Wohnzimmer fröhlich."", welches Wort kommt unmittelbar vor dem Wort ""Lieblingsspielzeug""? A:","['Die', 'Katze', 'spielt', 'mit', 'ihrem', 'Lieblingsspielzeug', 'im', 'Wohnzimmer', 'fröhlich']",ihrem,"UTT_BOUNDARY f: in dem satz ""die katze spielt mit ihrem lieblingsspielzeug im wohnzimmer fröhlich."", welches wort kommt unmittelbar vor dem wort ""lieblingsspielzeug""? a:UTT_BOUNDARY ihrem lieblingsspielzeug in", ihrem lieblingsspielzeug in
"F: In dem Satz ""Wir fahren im Winter oft in die Berge zum Skifahren."", welches Wort steht direkt vor dem Wort ""Berge""? A:","['Wir', 'fahren', 'im', 'Winter', 'oft', 'in', 'die', 'Berge', 'zum', 'Skifahren']",die,"UTT_BOUNDARY f: in dem satz ""wir fahren im winter oft in die berge zum skifahren."", welches wort steht direkt vor dem wort ""berge""? a:UTT_BOUNDARY im park mit freunden und", im park mit freunden und
"F: In dem Satz ""Sie kocht leckere Gerichte mit frischem Gemüse aus dem Garten."", welches Wort kommt unmittelbar vor dem Wort ""leckere""? A:","['Sie', 'kocht', 'leckere', 'Gerichte', 'mit', 'frischem', 'Gemüse', 'aus', 'dem', 'Garten']",kocht,"UTT_BOUNDARY f: in dem satz ""sie kocht leckere gerichte mit frischem gemüse aus dem garten."", welches wort kommt unmittelbar vor dem wort ""leckere""? a:UTT_BOUNDARY eine suppe mit frischem", eine suppe mit frischem
"Welches Wort steht im Satz ""Die Kinder spielen draußen im Park mit bunten Luftballons und lachen."" direkt vor ""Park""? ","['Die', 'Kinder', 'spielen', 'draußen', 'im', 'Park', 'mit', 'bunten', 'Luftballons', 'und', 'lachen']",im,"UTT_BOUNDARY welches wort steht im satz ""die kinder spielen draußen im park mit bunten luftballons und lachen."" direkt vor ""park""?UTT_BOUNDARY im park mit bunten luftballons", im park mit bunten luftballons
"Welches Wort steht im Satz ""Ich trinke morgens heißen Kaffee, um wach zu werden."" direkt vor ""trinke""? ","['Ich', 'trinke', 'morgens', 'heißen', 'Kaffee', 'um', 'wach', 'zu', 'werden']",ich,"UTT_BOUNDARY welches wort steht im satz ""ich trinke morgens heißen kaffee, um wach zu werden."" direkt vor ""trinke""?UTT_BOUNDARY ich abends gerne eine tasse", ich abends gerne eine tasse
"Welches Wort steht im Satz ""Die Katze schnurrt leise, während sie auf dem Schoß sitzt."" direkt vor ""Katze""? ","['Die', 'Katze', 'schnurrt', 'leise', 'während', 'sie', 'auf', 'dem', 'Schoß', 'sitzt']",die,"UTT_BOUNDARY welches wort steht im satz ""die katze schnurrt leise, während sie auf dem schoß sitzt."" direkt vor ""katze""?UTT_BOUNDARY die katze schläft auf dem", die katze schläft auf dem
"F: In dem Satz ""Ich trinke abends oft einen Kräutertee zum Entspannen vor dem Schlaf."", welches Wort kommt unmittelbar vor dem Wort ""trinke""? A:","['Ich', 'trinke', 'abends', 'oft', 'einen', 'Kräutertee', 'zum', 'Entspannen', 'vor', 'dem', 'Schlaf']",ich,"UTT_BOUNDARY f: in dem satz ""ich trinke abends oft einen kräutertee zum entspannen vor dem schlaf."", welches wort kommt unmittelbar vor dem wort ""trinke""? a:UTT_BOUNDARY ich abends im park mit", ich abends im park mit
"F: In dem Satz ""Ich koche heute eine cremige Kürbissuppe mit frischen Gewürzen."", welches Wort kommt unmittelbar vor dem Wort ""frischen""? A:","['Ich', 'koche', 'heute', 'eine', 'cremige', 'Kürbissuppe', 'mit', 'frischen', 'Gewürzen']",mit,"UTT_BOUNDARY f: in dem satz ""ich koche heute eine cremige kürbissuppe mit frischen gewürzen."", welches wort kommt unmittelbar vor dem wort ""frischen""? a:UTT_BOUNDARY mit dem ballastwasser", mit dem ballastwasser
"F: In dem Satz ""Wir gehen heute Abend ins Theater und sehen ein Stück."", welches Wort steht direkt vor dem Wort ""heute""? A:","['Wir', 'gehen', 'heute', 'Abend', 'ins', 'Theater', 'und', 'sehen', 'ein', 'Stück']",gehen,"UTT_BOUNDARY f: in dem satz ""wir gehen heute abend ins theater und sehen ein stück."", welches wort steht direkt vor dem wort ""heute""? a:UTT_BOUNDARY gehen wir heute abend ins", gehen wir heute abend ins
"Welches Wort steht im Satz ""Der Vogel zwitschert munter im Baum vor unserem Fenster."" direkt vor ""munter""? ","['Der', 'Vogel', 'zwitschert', 'munter', 'im', 'Baum', 'vor', 'unserem', 'Fenster']",zwitschert,"UTT_BOUNDARY welches wort steht im satz ""der vogel zwitschert munter im baum vor unserem fenster."" direkt vor ""munter""?UTT_BOUNDARY der vogel im garten."""," der vogel im garten."""
"F: In dem Satz ""Die Blumen im Park blühen bunt und duften angenehm."", welches Wort steht direkt vor dem Wort ""und""? A:","['Die', 'Blumen', 'im', 'Park', 'blühen', 'bunt', 'und', 'duften', 'angenehm']",bunt,"UTT_BOUNDARY f: in dem satz ""die blumen im park blühen bunt und duften angenehm."", welches wort steht direkt vor dem wort ""und""? a:UTT_BOUNDARY blumen auf dem balkonboden", blumen auf dem balkonboden
"F: In dem Satz ""Er fährt jeden Morgen mit dem Fahrrad zur Arbeit in die Stadt."", welches Wort kommt unmittelbar vor dem Wort ""die""? A:","['Er', 'fährt', 'jeden', 'Morgen', 'mit', 'dem', 'Fahrrad', 'zur', 'Arbeit', 'in', 'die', 'Stadt']",in,"UTT_BOUNDARY f: in dem satz ""er fährt jeden morgen mit dem fahrrad zur arbeit in die stadt."", welches wort kommt unmittelbar vor dem wort ""die""? a:UTT_BOUNDARY mit dem fahrrad zur arbeit", mit dem fahrrad zur arbeit
"F: In dem Satz ""Die Lampe leuchtet hell im Zimmer neben dem Bett und Tisch heute."", welches Wort kommt unmittelbar vor dem Wort ""hell""? A:","['Die', 'Lampe', 'leuchtet', 'hell', 'im', 'Zimmer', 'neben', 'dem', 'Bett', 'und', 'Tisch', 'heute']",leuchtet,"UTT_BOUNDARY f: in dem satz ""die lampe leuchtet hell im zimmer neben dem bett und tisch heute."", welches wort kommt unmittelbar vor dem wort ""hell""? a:UTT_BOUNDARY dem bettler und dem", dem bettler und dem
