Input,Options,Expected,Predicted
"F: Welches Wort steht am Ende des Satzes ""Sie schreibt regelmäßig Briefe an ihre Großeltern auf dem Land.""? A:","['Sie', 'schreibt', 'regelmäßig', 'Briefe', 'an', 'ihre', 'Großeltern', 'auf', 'dem', 'Land']",Land,
"F: Welches Wort steht am Ende des Satzes ""Sie trägt eine rote Jacke im Winter und warme Stiefel dazu.""? A:","['Sie', 'trägt', 'eine', 'rote', 'Jacke', 'im', 'Winter', 'und', 'warme', 'Stiefel', 'dazu']",dazu,sonnendestelenammatentend
"F: Welches Wort steht am Ende des Satzes ""Wir machen eine Wanderung durch den Wald bei schönem Wetter.""? A:","['Wir', 'machen', 'eine', 'Wanderung', 'durch', 'den', 'Wald', 'bei', 'schönem', 'Wetter']",Wetter,sonnentschuchtenterkstend
"F: Was ist das letzte Wort des Satzes ""Der Hund bellt laut, wenn jemand an der Tür klingelt.""? A:","['Der', 'Hund', 'bellt', 'laut', 'wenn', 'jemand', 'an', 'der', 'Tür', 'klingelt']",klingelt,
"Schreibe das letzte Wort des Satzes ""Der Hund kuschelt sich zufrieden in seine warme Decke."": ","['Der', 'Hund', 'kuschelt', 'sich', 'zufrieden', 'in', 'seine', 'warme', 'Decke']",Decke,
"F: Welches Wort steht am Ende des Satzes ""Wir besuchen das Schloss im nahegelegenen Ort am Sonntag.""? A:","['Wir', 'besuchen', 'das', 'Schloss', 'im', 'nahegelegenen', 'Ort', 'am', 'Sonntag']",Sonntag,
"F: Welches Wort steht am Ende des Satzes ""Ich höre Musik, während ich meine Hausaufgaben mache zu Hause.""? A:","['Ich', 'höre', 'Musik', 'während', 'ich', 'meine', 'Hausaufgaben', 'mache', 'zu', 'Hause']",Hause,
"Schreibe das letzte Wort des Satzes ""Er fährt jeden Morgen mit dem Fahrrad zur Arbeit in die Stadt."": ","['Er', 'fährt', 'jeden', 'Morgen', 'mit', 'dem', 'Fahrrad', 'zur', 'Arbeit', 'in', 'die', 'Stadt']",Stadt,
"F: Was ist das letzte Wort des Satzes ""Ich koche heute eine Suppe mit frischem Gemüse.""? A:","['Ich', 'koche', 'heute', 'eine', 'Suppe', 'mit', 'frischem', 'Gemüse']",Gemüse,
"Schreibe das letzte Wort des Satzes ""Die Katze schläft zufrieden auf dem gemütlichen Sofa im Wohnzimmer."": ","['Die', 'Katze', 'schläft', 'zufrieden', 'auf', 'dem', 'gemütlichen', 'Sofa', 'im', 'Wohnzimmer']",Wohnzimmer,sternandschurentenderntün
"Schreibe das letzte Wort des Satzes ""Das Kind malt ein buntes Bild mit Wasserfarben."": ","['Das', 'Kind', 'malt', 'ein', 'buntes', 'Bild', 'mit', 'Wasserfarben']",Wasserfarben,
"F: Was ist das letzte Wort des Satzes ""Der Film war spannend und hat mir gut gefallen.""? A:","['Der', 'Film', 'war', 'spannend', 'und', 'hat', 'mir', 'gut', 'gefallen']",gefallen,
"F: Was ist das letzte Wort des Satzes ""Der Hund liebt es, im Park mit anderen Hunden zu spielen.""? A:","['Der', 'Hund', 'liebt', 'es', 'im', 'Park', 'mit', 'anderen', 'Hunden', 'zu', 'spielen']",spielen,
"F: Welches Wort steht am Ende des Satzes ""Sie liest gern Sachbücher über Geschichte und Naturwissenschaften.""? A:","['Sie', 'liest', 'gern', 'Sachbücher', 'über', 'Geschichte', 'und', 'Naturwissenschaften']",Naturwissenschaften,sternendersankenkursender
"Schreibe das letzte Wort des Satzes ""Der Lehrer erklärt geduldig neue Vokabeln im Deutschunterricht der Klasse."": ","['Der', 'Lehrer', 'erklärt', 'geduldig', 'neue', 'Vokabeln', 'im', 'Deutschunterricht', 'der', 'Klasse']",Klasse,famschentendennendenterie
"F: Was ist das letzte Wort des Satzes ""Ich lese oft Bücher über Geschichte und Kultur.""? A:","['Ich', 'lese', 'oft', 'Bücher', 'über', 'Geschichte', 'und', 'Kultur']",Kultur,
"F: Welches Wort steht am Ende des Satzes ""Bitte öffne das Fenster, es ist warm und stickig im Zimmer.""? A:","['Bitte', 'öffne', 'das', 'Fenster', 'es', 'ist', 'warm', 'und', 'stickig', 'im', 'Zimmer']",Zimmer,sonnendestelenammatentend
"F: Was ist das letzte Wort des Satzes ""Ich esse morgens oft frisches Obst und Joghurt zum Frühstück.""? A:","['Ich', 'esse', 'morgens', 'oft', 'frisches', 'Obst', 'und', 'Joghurt', 'zum', 'Frühstück']",Frühstück,stadtagenteschentendenkum
"Schreibe das letzte Wort des Satzes ""Sie kocht heute ein neues Rezept mit viel Gemüse und Kräutern."": ","['Sie', 'kocht', 'heute', 'ein', 'neues', 'Rezept', 'mit', 'viel', 'Gemüse', 'und', 'Kräutern']",Kräutern,schulender feischenteriei
"Schreibe das letzte Wort des Satzes ""Die Kinder spielen draußen im Park mit Freunden und Ball."": ","['Die', 'Kinder', 'spielen', 'draußen', 'im', 'Park', 'mit', 'Freunden', 'und', 'Ball']",Ball,
"F: Was ist das letzte Wort des Satzes ""Sie schreibt eine E-Mail an ihre beste Freundin.""? A:","['Sie', 'schreibt', 'eine', 'E-Mail', 'an', 'ihre', 'beste', 'Freundin']",Freundin,spielener stadtagnauson a
"F: Was ist das letzte Wort des Satzes ""Ich mag es, im Herbst durch bunte Blätter zu laufen.""? A:","['Ich', 'mag', 'es', 'im', 'Herbst', 'durch', 'bunte', 'Blätter', 'zu', 'laufen']",laufen,
"F: Was ist das letzte Wort des Satzes ""Die Blumen blühen bunt und duften angenehm im Frühling.""? A:","['Die', 'Blumen', 'blühen', 'bunt', 'und', 'duften', 'angenehm', 'im', 'Frühling']",Frühling,
"Schreibe das letzte Wort des Satzes ""Wir machen eine Fahrradtour entlang des Flusses im Sommer."": ","['Wir', 'machen', 'eine', 'Fahrradtour', 'entlang', 'des', 'Flusses', 'im', 'Sommer']",Sommer,
"F: Welches Wort steht am Ende des Satzes ""Sie trinkt abends gerne einen warmen Kräutertee zum Entspannen.""? A:","['Sie', 'trinkt', 'abends', 'gerne', 'einen', 'warmen', 'Kräutertee', 'zum', 'Entspannen']",Entspannen,
"Schreibe das letzte Wort des Satzes ""Ich höre beim Joggen motivierende Musik, die mich antreibt."": ","['Ich', 'höre', 'beim', 'Joggen', 'motivierende', 'Musik', 'die', 'mich', 'antreibt']",antreibt,schulendentierunternenden
"Schreibe das letzte Wort des Satzes ""Sie tanzt voller Freude zu ihrer Lieblingsmusik am Wochenende."": ","['Sie', 'tanzt', 'voller', 'Freude', 'zu', 'ihrer', 'Lieblingsmusik', 'am', 'Wochenende']",Wochenende,schulender feischenteriei
"F: Welches Wort steht am Ende des Satzes ""Die Kinder spielen fröhlich im Sandkasten im Garten zusammen.""? A:","['Die', 'Kinder', 'spielen', 'fröhlich', 'im', 'Sandkasten', 'im', 'Garten', 'zusammen']",zusammen,
"F: Was ist das letzte Wort des Satzes ""Die Katze schläft gerne auf dem warmen Sofa.""? A:","['Die', 'Katze', 'schläft', 'gerne', 'auf', 'dem', 'warmen', 'Sofa']",Sofa,
"F: Welches Wort steht am Ende des Satzes ""Wir besuchen das Schloss im nahegelegenen Ort am Sonntag oft.""? A:","['Wir', 'besuchen', 'das', 'Schloss', 'im', 'nahegelegenen', 'Ort', 'am', 'Sonntag', 'oft']",oft,
"F: Welches Wort steht am Ende des Satzes ""Sie kocht gern italienische Gerichte für ihre Familie am Wochenende.""? A:","['Sie', 'kocht', 'gern', 'italienische', 'Gerichte', 'für', 'ihre', 'Familie', 'am', 'Wochenende']",Wochenende,spankendendertestendehaur
"F: Welches Wort steht am Ende des Satzes ""Sie tanzt begeistert bei der Tanzstunde am Freitagabend in der Halle.""? A:","['Sie', 'tanzt', 'begeistert', 'bei', 'der', 'Tanzstunde', 'am', 'Freitagabend', 'in', 'der', 'Halle']",Halle,schentententenderntartend
"F: Was ist das letzte Wort des Satzes ""Die Katze schläft gerne auf dem warmen Sofa zu Hause.""? A:","['Die', 'Katze', 'schläft', 'gerne', 'auf', 'dem', 'warmen', 'Sofa', 'zu', 'Hause']",Hause,
"Schreibe das letzte Wort des Satzes ""Sie schreibt liebevolle Briefe an ihre Verwandten im Ausland."": ","['Sie', 'schreibt', 'liebevolle', 'Briefe', 'an', 'ihre', 'Verwandten', 'im', 'Ausland']",Ausland,freundentierunternendeste
"F: Was ist das letzte Wort des Satzes ""Wir machen einen Ausflug in den Wald am Wochenende.""? A:","['Wir', 'machen', 'einen', 'Ausflug', 'in', 'den', 'Wald', 'am', 'Wochenende']",Wochenende,
"F: Was ist das letzte Wort des Satzes ""Sie tanzt jeden Freitag im Tanzkurs mit großer Freude.""? A:","['Sie', 'tanzt', 'jeden', 'Freitag', 'im', 'Tanzkurs', 'mit', 'großer', 'Freude']",Freude,
"Schreibe das letzte Wort des Satzes ""Ich lese abends gern spannende Krimis vor dem Einschlafen."": ","['Ich', 'lese', 'abends', 'gern', 'spannende', 'Krimis', 'vor', 'dem', 'Einschlafen']",Einschlafen,
"F: Was ist das letzte Wort des Satzes ""Bitte öffne das Fenster, es ist sehr warm hier.""? A:","['Bitte', 'öffne', 'das', 'Fenster', 'es', 'ist', 'sehr', 'warm', 'hier']",hier,
"F: Was ist das letzte Wort des Satzes ""Ich gehe jeden Sonntag in die Kirche.""? A:","['Ich', 'gehe', 'jeden', 'Sonntag', 'in', 'die', 'Kirche']",Kirche,
"F: Welches Wort steht am Ende des Satzes ""Die Kinder spielen draußen im Garten mit Freunden und haben viel Spaß heute.""? A:","['Die', 'Kinder', 'spielen', 'draußen', 'im', 'Garten', 'mit', 'Freunden', 'und', 'haben', 'viel', 'Spaß', 'heute']",heute,sortsteicke scht sauntent
"F: Was ist das letzte Wort des Satzes ""Sie macht jeden Morgen Yoga zur Entspannung.""? A:","['Sie', 'macht', 'jeden', 'Morgen', 'Yoga', 'zur', 'Entspannung']",Entspannung,schwimmen und schwiertag.
"F: Was ist das letzte Wort des Satzes ""Das Buch ist spannend und sehr gut geschrieben.""? A:","['Das', 'Buch', 'ist', 'spannend', 'und', 'sehr', 'gut', 'geschrieben']",geschrieben,
"F: Was ist das letzte Wort des Satzes ""Ich gehe jeden Sonntag in die Kirche.""? A:","['Ich', 'gehe', 'jeden', 'Sonntag', 'in', 'die', 'Kirche']",Kirche,
"F: Was ist das letzte Wort des Satzes ""Der Zug fährt pünktlich um acht Uhr vom Bahnhof ab.""? A:","['Der', 'Zug', 'fährt', 'pünktlich', 'um', 'acht', 'Uhr', 'vom', 'Bahnhof', 'ab']",ab,
"F: Welches Wort steht am Ende des Satzes ""Wir besuchen das Schloss im nahegelegenen Ort am Sonntag.""? A:","['Wir', 'besuchen', 'das', 'Schloss', 'im', 'nahegelegenen', 'Ort', 'am', 'Sonntag']",Sonntag,
"F: Welches Wort steht am Ende des Satzes ""Wir machen eine Radtour am Wochenende entlang des Flusses.""? A:","['Wir', 'machen', 'eine', 'Radtour', 'am', 'Wochenende', 'entlang', 'des', 'Flusses']",Flusses,sofammerrichtstagenteile 
"Schreibe das letzte Wort des Satzes ""Ich mache jeden Morgen Yoga, um entspannt in den Tag zu starten."": ","['Ich', 'mache', 'jeden', 'Morgen', 'Yoga', 'um', 'entspannt', 'in', 'den', 'Tag', 'zu', 'starten']",starten,
"F: Was ist das letzte Wort des Satzes ""Am Wochenende machen wir eine lange Wanderung in den Bergen.""? A:","['Am', 'Wochenende', 'machen', 'wir', 'eine', 'lange', 'Wanderung', 'in', 'den', 'Bergen']",Bergen,stadtages letzerentenden.
"Schreibe das letzte Wort des Satzes ""Der Vogel zwitschert laut und munter in den frühen Morgenstunden."": ","['Der', 'Vogel', 'zwitschert', 'laut', 'und', 'munter', 'in', 'den', 'frühen', 'Morgenstunden']",Morgenstunden,stagesannetinerkumpastere
"F: Welches Wort steht am Ende des Satzes ""Wir feiern Ostern traditionell mit bunten Eiern und der Familie.""? A:","['Wir', 'feiern', 'Ostern', 'traditionell', 'mit', 'bunten', 'Eiern', 'und', 'der', 'Familie']",Familie,sommertenen henteffarmaum
"F: Welches Wort steht am Ende des Satzes ""Der Hund rennt schnell über die Wiese im Park.""? A:","['Der', 'Hund', 'rennt', 'schnell', 'über', 'die', 'Wiese', 'im', 'Park']",Park,
"Schreibe das letzte Wort des Satzes ""Wir feiern Weihnachten mit der Familie und vielen leckeren Plätzchen."": ","['Wir', 'feiern', 'Weihnachten', 'mit', 'der', 'Familie', 'und', 'vielen', 'leckeren', 'Plätzchen']",Plätzchen,kräutiommarkumserausenden
"F: Was ist das letzte Wort des Satzes ""Die Sonne scheint warm auf die grünen Wiesen.""? A:","['Die', 'Sonne', 'scheint', 'warm', 'auf', 'die', 'grünen', 'Wiesen']",Wiesen,"stadt freundinne untage."""
"Schreibe das letzte Wort des Satzes ""Die Kinder sammeln bunte Blätter im Park für ein Projekt."": ","['Die', 'Kinder', 'sammeln', 'bunte', 'Blätter', 'im', 'Park', 'für', 'ein', 'Projekt']",Projekt,
"F: Was ist das letzte Wort des Satzes ""Die Katze schläft den ganzen Tag auf dem Sofa.""? A:","['Die', 'Katze', 'schläft', 'den', 'ganzen', 'Tag', 'auf', 'dem', 'Sofa']",Sofa,"stadt freundinn untage.""?"
"Schreibe das letzte Wort des Satzes ""Die Kinder spielen draußen im Garten Verstecken und haben Spaß."": ","['Die', 'Kinder', 'spielen', 'draußen', 'im', 'Garten', 'Verstecken', 'und', 'haben', 'Spaß']",Spaß,
"F: Welches Wort steht am Ende des Satzes ""Die Katze jagt spielerisch den kleinen roten Laserpunkt im Wohnzimmer.""? A:","['Die', 'Katze', 'jagt', 'spielerisch', 'den', 'kleinen', 'roten', 'Laserpunkt', 'im', 'Wohnzimmer']",Wohnzimmer,schendendertendendehaurin
"F: Was ist das letzte Wort des Satzes ""Sie hört gern Musik beim Arbeiten am Computer.""? A:","['Sie', 'hört', 'gern', 'Musik', 'beim', 'Arbeiten', 'am', 'Computer']",Computer,
"Schreibe das letzte Wort des Satzes ""Der Lehrer erklärt geduldig die schwierigen Aufgaben im Unterricht."": ","['Der', 'Lehrer', 'erklärt', 'geduldig', 'die', 'schwierigen', 'Aufgaben', 'im', 'Unterricht']",Unterricht,
"F: Welches Wort steht am Ende des Satzes ""Sie schreibt täglich in ihr Tagebuch über ihre Erlebnisse und Gefühle.""? A:","['Sie', 'schreibt', 'täglich', 'in', 'ihr', 'Tagebuch', 'über', 'ihre', 'Erlebnisse', 'und', 'Gefühle']",Gefühle,schendenderteschendschtat
"F: Was ist das letzte Wort des Satzes ""Er schreibt eine Postkarte aus dem Urlaub an seine Familie.""? A:","['Er', 'schreibt', 'eine', 'Postkarte', 'aus', 'dem', 'Urlaub', 'an', 'seine', 'Familie']",Familie,
"F: Was ist das letzte Wort des Satzes ""Sie tanzt jeden Samstag im Tanzkurs mit großer Freude.""? A:","['Sie', 'tanzt', 'jeden', 'Samstag', 'im', 'Tanzkurs', 'mit', 'großer', 'Freude']",Freude,
"F: Was ist das letzte Wort des Satzes ""Ich koche heute eine leckere Suppe mit frischen Zutaten.""? A:","['Ich', 'koche', 'heute', 'eine', 'leckere', 'Suppe', 'mit', 'frischen', 'Zutaten']",Zutaten,"schulendenkultenden.""? a:"
"F: Was ist das letzte Wort des Satzes ""Im Park spielen viele Kinder fröhlich und laut.""? A:","['Im', 'Park', 'spielen', 'viele', 'Kinder', 'fröhlich', 'und', 'laut']",laut,
"F: Was ist das letzte Wort des Satzes ""Ich koche heute eine leckere Suppe mit Gemüse.""? A:","['Ich', 'koche', 'heute', 'eine', 'leckere', 'Suppe', 'mit', 'Gemüse']",Gemüse,"stadt freundinn untage.""?"
"F: Welches Wort steht am Ende des Satzes ""Im Park spielen viele Kinder laut auf dem großen Spielplatz oft.""? A:","['Im', 'Park', 'spielen', 'viele', 'Kinder', 'laut', 'auf', 'dem', 'großen', 'Spielplatz', 'oft']",oft,sommertenendenntsterrland
"F: Welches Wort steht am Ende des Satzes ""Der Hund liebt es, mit anderen Hunden im Park zu spielen viel.""? A:","['Der', 'Hund', 'liebt', 'es', 'mit', 'anderen', 'Hunden', 'im', 'Park', 'zu', 'spielen', 'viel']",viel,
"F: Welches Wort steht am Ende des Satzes ""Wir fahren im Sommer ans Meer zum Schwimmen und Entspannen jedes Jahr.""? A:","['Wir', 'fahren', 'im', 'Sommer', 'ans', 'Meer', 'zum', 'Schwimmen', 'und', 'Entspannen', 'jedes', 'Jahr']",Jahr,schendenntsteschendschtri
"F: Welches Wort steht am Ende des Satzes ""Der Himmel ist klar und die Sonne scheint warm und hell.""? A:","['Der', 'Himmel', 'ist', 'klar', 'und', 'die', 'Sonne', 'scheint', 'warm', 'und', 'hell']",hell,
"F: Was ist das letzte Wort des Satzes ""Das Wetter im Frühling ist oft wechselhaft und mild.""? A:","['Das', 'Wetter', 'im', 'Frühling', 'ist', 'oft', 'wechselhaft', 'und', 'mild']",mild,
"F: Welches Wort steht am Ende des Satzes ""Das Kind läuft schnell durch den Park am Nachmittag.""? A:","['Das', 'Kind', 'läuft', 'schnell', 'durch', 'den', 'Park', 'am', 'Nachmittag']",Nachmittag,
"Schreibe das letzte Wort des Satzes ""Der Hund bellt laut, wenn Besucher an der Tür klingeln."": ","['Der', 'Hund', 'bellt', 'laut', 'wenn', 'Besucher', 'an', 'der', 'Tür', 'klingeln']",klingeln,
"Schreibe das letzte Wort des Satzes ""Der Himmel ist klar und die Sterne funkeln hell in der Nacht."": ","['Der', 'Himmel', 'ist', 'klar', 'und', 'die', 'Sterne', 'funkeln', 'hell', 'in', 'der', 'Nacht']",Nacht,
"F: Welches Wort steht am Ende des Satzes ""Er fährt jeden Morgen mit dem Fahrrad zur Arbeit in die Stadt.""? A:","['Er', 'fährt', 'jeden', 'Morgen', 'mit', 'dem', 'Fahrrad', 'zur', 'Arbeit', 'in', 'die', 'Stadt']",Stadt,
"F: Was ist das letzte Wort des Satzes ""Das Wetter wird morgen kälter und regnerisch.""? A:","['Das', 'Wetter', 'wird', 'morgen', 'kälter', 'und', 'regnerisch']",regnerisch,
"F: Was ist das letzte Wort des Satzes ""Der Vogel singt ein schönes Lied am frühen Morgen im Garten.""? A:","['Der', 'Vogel', 'singt', 'ein', 'schönes', 'Lied', 'am', 'frühen', 'Morgen', 'im', 'Garten']",Garten,"stadtages letzerenant.""? "
"Schreibe das letzte Wort des Satzes ""Sie liest gerne Romane über Abenteuer und ferne Länder."": ","['Sie', 'liest', 'gerne', 'Romane', 'über', 'Abenteuer', 'und', 'ferne', 'Länder']",Länder,
"Schreibe das letzte Wort des Satzes ""Der Hund apportiert den Stock, den ich ins Wasser werfe."": ","['Der', 'Hund', 'apportiert', 'den', 'Stock', 'den', 'ich', 'ins', 'Wasser', 'werfe']",werfe,
"Schreibe das letzte Wort des Satzes ""Die Kinder basteln bunte Laternen für das Martinsfest in der Schule."": ","['Die', 'Kinder', 'basteln', 'bunte', 'Laternen', 'für', 'das', 'Martinsfest', 'in', 'der', 'Schule']",Schule,"standschtroneschulen.""? a"
"Schreibe das letzte Wort des Satzes ""Der Vogel singt sein Lied jeden Morgen vor dem Haus."": ","['Der', 'Vogel', 'singt', 'sein', 'Lied', 'jeden', 'Morgen', 'vor', 'dem', 'Haus']",Haus,
"F: Welches Wort steht am Ende des Satzes ""Wir feiern Ostern traditionell mit bunten Eiern und der Familie.""? A:","['Wir', 'feiern', 'Ostern', 'traditionell', 'mit', 'bunten', 'Eiern', 'und', 'der', 'Familie']",Familie,sommertenen henteffarmaum
"F: Welches Wort steht am Ende des Satzes ""Wir genießen den sonnigen Tag beim Picknick im Park zusammen.""? A:","['Wir', 'genießen', 'den', 'sonnigen', 'Tag', 'beim', 'Picknick', 'im', 'Park', 'zusammen']",zusammen,
"F: Was ist das letzte Wort des Satzes ""Ich koche heute Abend eine Pizza mit Gemüse und Käse.""? A:","['Ich', 'koche', 'heute', 'Abend', 'eine', 'Pizza', 'mit', 'Gemüse', 'und', 'Käse']",Käse,
"F: Welches Wort steht am Ende des Satzes ""Ich gehe abends spazieren, um den Kopf frei zu bekommen.""? A:","['Ich', 'gehe', 'abends', 'spazieren', 'um', 'den', 'Kopf', 'frei', 'zu', 'bekommen']",bekommen,
"Schreibe das letzte Wort des Satzes ""Ich gehe abends spazieren, um den Kopf frei zu bekommen."": ","['Ich', 'gehe', 'abends', 'spazieren', 'um', 'den', 'Kopf', 'frei', 'zu', 'bekommen']",bekommen,
"F: Was ist das letzte Wort des Satzes ""Ich esse gern frisches Obst und Gemüse.""? A:","['Ich', 'esse', 'gern', 'frisches', 'Obst', 'und', 'Gemüse']",Gemüse,
"Schreibe das letzte Wort des Satzes ""Die Kinder spielen fröhlich Verstecken im großen Garten."": ","['Die', 'Kinder', 'spielen', 'fröhlich', 'Verstecken', 'im', 'großen', 'Garten']",Garten,
"F: Welches Wort steht am Ende des Satzes ""Sie tanzt elegant auf der Bühne bei der Aufführung am Wochenende heute.""? A:","['Sie', 'tanzt', 'elegant', 'auf', 'der', 'Bühne', 'bei', 'der', 'Aufführung', 'am', 'Wochenende', 'heute']",heute,schendentsteschendschten 
"Schreibe das letzte Wort des Satzes ""Sie trägt einen warmen Schal gegen die kalte Winterluft."": ","['Sie', 'trägt', 'einen', 'warmen', 'Schal', 'gegen', 'die', 'kalte', 'Winterluft']",Winterluft,
"Schreibe das letzte Wort des Satzes ""Sie liest jeden Abend ein paar Seiten in ihrem Buch."": ","['Sie', 'liest', 'jeden', 'Abend', 'ein', 'paar', 'Seiten', 'in', 'ihrem', 'Buch']",Buch,
"F: Was ist das letzte Wort des Satzes ""Der Vogel singt ein schönes Lied am Morgen.""? A:","['Der', 'Vogel', 'singt', 'ein', 'schönes', 'Lied', 'am', 'Morgen']",Morgen,"spielen wir das feuge.""? "
"F: Welches Wort steht am Ende des Satzes ""Der Lehrer lobt die Schüler für ihre guten Noten im Test.""? A:","['Der', 'Lehrer', 'lobt', 'die', 'Schüler', 'für', 'ihre', 'guten', 'Noten', 'im', 'Test']",Test,
"Schreibe das letzte Wort des Satzes ""Sie trägt eine bunte Jacke bei dem kühlen Wind."": ","['Sie', 'trägt', 'eine', 'bunte', 'Jacke', 'bei', 'dem', 'kühlen', 'Wind']",Wind,
"F: Welches Wort steht am Ende des Satzes ""Ich trinke morgens Kaffee mit Milch und Zucker zum Wachwerden heute.""? A:","['Ich', 'trinke', 'morgens', 'Kaffee', 'mit', 'Milch', 'und', 'Zucker', 'zum', 'Wachwerden', 'heute']",heute,spankendenntstesckentorte
"F: Welches Wort steht am Ende des Satzes ""Der Himmel ist klar und die Sonne scheint warm und hell.""? A:","['Der', 'Himmel', 'ist', 'klar', 'und', 'die', 'Sonne', 'scheint', 'warm', 'und', 'hell']",hell,
"F: Was ist das letzte Wort des Satzes ""Die Katze schläft auf dem warmen Fensterbrett.""? A:","['Die', 'Katze', 'schläft', 'auf', 'dem', 'warmen', 'Fensterbrett']",Fensterbrett,"spielen wir der heutern."""
"Schreibe das letzte Wort des Satzes ""Wir besuchen das Museum für moderne Kunst in der Stadt."": ","['Wir', 'besuchen', 'das', 'Museum', 'für', 'moderne', 'Kunst', 'in', 'der', 'Stadt']",Stadt,
"Schreibe das letzte Wort des Satzes ""Wir fahren im Herbst oft mit dem Auto ins Gebirge zum Wandern."": ","['Wir', 'fahren', 'im', 'Herbst', 'oft', 'mit', 'dem', 'Auto', 'ins', 'Gebirge', 'zum', 'Wandern']",Wandern,
"F: Was ist das letzte Wort des Satzes ""Der Zug kommt pünktlich am Bahnhof an.""? A:","['Der', 'Zug', 'kommt', 'pünktlich', 'am', 'Bahnhof', 'an']",an,
"F: Welches Wort steht am Ende des Satzes ""Die Kinder malen bunte Bilder für das Kunstprojekt in der Schule.""? A:","['Die', 'Kinder', 'malen', 'bunte', 'Bilder', 'für', 'das', 'Kunstprojekt', 'in', 'der', 'Schule']",Schule,sofamsenendenntsteschentz
"Schreibe das letzte Wort des Satzes ""Ich trinke morgens gern Tee mit Honig und frischer Zitrone."": ","['Ich', 'trinke', 'morgens', 'gern', 'Tee', 'mit', 'Honig', 'und', 'frischer', 'Zitrone']",Zitrone,
"F: Was ist das letzte Wort des Satzes ""Die Lampe im Wohnzimmer leuchtet hell und gemütlich.""? A:","['Die', 'Lampe', 'im', 'Wohnzimmer', 'leuchtet', 'hell', 'und', 'gemütlich']",gemütlich,schulendenkendenen schult
"F: Was ist das letzte Wort des Satzes ""Der Zug kommt pünktlich am Bahnhof an und fährt weiter nach Berlin.""? A:","['Der', 'Zug', 'kommt', 'pünktlich', 'am', 'Bahnhof', 'an', 'und', 'fährt', 'weiter', 'nach', 'Berlin']",Berlin,stadtions schdenendender 
"F: Welches Wort steht am Ende des Satzes ""Er fährt jeden Morgen mit dem Fahrrad zur Arbeit in die Stadt.""? A:","['Er', 'fährt', 'jeden', 'Morgen', 'mit', 'dem', 'Fahrrad', 'zur', 'Arbeit', 'in', 'die', 'Stadt']",Stadt,
"F: Welches Wort steht am Ende des Satzes ""Sie trägt im Winter eine warme Jacke und Handschuhe bei Frost.""? A:","['Sie', 'trägt', 'im', 'Winter', 'eine', 'warme', 'Jacke', 'und', 'Handschuhe', 'bei', 'Frost']",Frost,
"F: Was ist das letzte Wort des Satzes ""Er fährt mit dem Bus zur Arbeit jeden Morgen.""? A:","['Er', 'fährt', 'mit', 'dem', 'Bus', 'zur', 'Arbeit', 'jeden', 'Morgen']",Morgen,"stadt freundinne untage."""
"F: Welches Wort steht am Ende des Satzes ""Wir gehen abends spazieren und genießen die frische Luft.""? A:","['Wir', 'gehen', 'abends', 'spazieren', 'und', 'genießen', 'die', 'frische', 'Luft']",Luft,sofahliessen usschleroch.
"F: Was ist das letzte Wort des Satzes ""Das Wetter ist heute warm und sonnig.""? A:","['Das', 'Wetter', 'ist', 'heute', 'warm', 'und', 'sonnig']",sonnig,
"F: Was ist das letzte Wort des Satzes ""Das Frühstück ist fertig, bitte setzt euch an den Tisch.""? A:","['Das', 'Frühstück', 'ist', 'fertig', 'bitte', 'setzt', 'euch', 'an', 'den', 'Tisch']",Tisch,
"F: Welches Wort steht am Ende des Satzes ""Sie trägt im Winter eine dicke Jacke und warme Handschuhe.""? A:","['Sie', 'trägt', 'im', 'Winter', 'eine', 'dicke', 'Jacke', 'und', 'warme', 'Handschuhe']",Handschuhe,sonneliedenerstendenntste
"Schreibe das letzte Wort des Satzes ""Der Hund apportiert den Ball, den ich ins Wasser werfe."": ","['Der', 'Hund', 'apportiert', 'den', 'Ball', 'den', 'ich', 'ins', 'Wasser', 'werfe']",werfe,
"F: Was ist das letzte Wort des Satzes ""Wir essen heute Abend frische Pasta mit Tomatensoße.""? A:","['Wir', 'essen', 'heute', 'Abend', 'frische', 'Pasta', 'mit', 'Tomatensoße']",Tomatensoße,schulendenkendenen schult
"Schreibe das letzte Wort des Satzes ""Sie liest im Park unter einem Baum ein spannendes Buch."": ","['Sie', 'liest', 'im', 'Park', 'unter', 'einem', 'Baum', 'ein', 'spannendes', 'Buch']",Buch,
"Schreibe das letzte Wort des Satzes ""Ich gehe abends spazieren, um den Kopf frei zu bekommen."": ","['Ich', 'gehe', 'abends', 'spazieren', 'um', 'den', 'Kopf', 'frei', 'zu', 'bekommen']",bekommen,
"F: Was ist das letzte Wort des Satzes ""Das Frühstück ist die wichtigste Mahlzeit des Tages.""? A:","['Das', 'Frühstück', 'ist', 'die', 'wichtigste', 'Mahlzeit', 'des', 'Tages']",Tages,
"Schreibe das letzte Wort des Satzes ""Die Blumen auf dem Balkon blühen schön in der warmen Sonne."": ","['Die', 'Blumen', 'auf', 'dem', 'Balkon', 'blühen', 'schön', 'in', 'der', 'warmen', 'Sonne']",Sonne,
"F: Was ist das letzte Wort des Satzes ""Der Hund läuft schnell durch den großen Garten.""? A:","['Der', 'Hund', 'läuft', 'schnell', 'durch', 'den', 'großen', 'Garten']",Garten,
"F: Was ist das letzte Wort des Satzes ""Der Berg ist hoch und bietet eine tolle Aussicht.""? A:","['Der', 'Berg', 'ist', 'hoch', 'und', 'bietet', 'eine', 'tolle', 'Aussicht']",Aussicht,
"F: Welches Wort steht am Ende des Satzes ""Die Kinder spielen fröhlich im Sandkasten im Garten zusammen oft.""? A:","['Die', 'Kinder', 'spielen', 'fröhlich', 'im', 'Sandkasten', 'im', 'Garten', 'zusammen', 'oft']",oft,sommaugendenteile am 1: h
"F: Welches Wort steht am Ende des Satzes ""Sie schreibt eine Karte an ihre Freundin zum Geburtstag.""? A:","['Sie', 'schreibt', 'eine', 'Karte', 'an', 'ihre', 'Freundin', 'zum', 'Geburtstag']",Geburtstag,spielen wiestehrn amtenke
"Schreibe das letzte Wort des Satzes ""Ich trinke morgens immer eine Tasse starken schwarzen Kaffee."": ","['Ich', 'trinke', 'morgens', 'immer', 'eine', 'Tasse', 'starken', 'schwarzen', 'Kaffee']",Kaffee,
"F: Welches Wort steht am Ende des Satzes ""Der Berg ist hoch und bietet tolle Aussicht auf das Tal heute.""? A:","['Der', 'Berg', 'ist', 'hoch', 'und', 'bietet', 'tolle', 'Aussicht', 'auf', 'das', 'Tal', 'heute']",heute,
"F: Was ist das letzte Wort des Satzes ""Ich höre Musik beim Lernen, das hilft mir sehr.""? A:","['Ich', 'höre', 'Musik', 'beim', 'Lernen', 'das', 'hilft', 'mir', 'sehr']",sehr,
"F: Welches Wort steht am Ende des Satzes ""Sie spielt Geige und übt regelmäßig für das Konzert nächste Woche.""? A:","['Sie', 'spielt', 'Geige', 'und', 'übt', 'regelmäßig', 'für', 'das', 'Konzert', 'nächste', 'Woche']",Woche,sternenderstestenden aur.
"F: Welches Wort steht am Ende des Satzes ""Ich lerne neue deutsche Wörter und Redewendungen täglich und fleißig.""? A:","['Ich', 'lerne', 'neue', 'deutsche', 'Wörter', 'und', 'Redewendungen', 'täglich', 'und', 'fleißig']",fleißig,schentententender ammener
"Schreibe das letzte Wort des Satzes ""Sie spielt Geige und übt fleißig für das Konzert nächste Woche."": ","['Sie', 'spielt', 'Geige', 'und', 'übt', 'fleißig', 'für', 'das', 'Konzert', 'nächste', 'Woche']",Woche,schermichternend denderst
"F: Welches Wort steht am Ende des Satzes ""Wir genießen den sonnigen Tag beim Picknick im Park zusammen.""? A:","['Wir', 'genießen', 'den', 'sonnigen', 'Tag', 'beim', 'Picknick', 'im', 'Park', 'zusammen']",zusammen,
"F: Was ist das letzte Wort des Satzes ""Wir essen zum Abendbrot frische Nudeln mit Tomatensoße.""? A:","['Wir', 'essen', 'zum', 'Abendbrot', 'frische', 'Nudeln', 'mit', 'Tomatensoße']",Tomatensoße,
"F: Was ist das letzte Wort des Satzes ""Der Vogel singt jeden Morgen ein schönes Lied.""? A:","['Der', 'Vogel', 'singt', 'jeden', 'Morgen', 'ein', 'schönes', 'Lied']",Lied,
"F: Was ist das letzte Wort des Satzes ""Der Lehrer gibt viele Hausaufgaben für das Wochenende auf.""? A:","['Der', 'Lehrer', 'gibt', 'viele', 'Hausaufgaben', 'für', 'das', 'Wochenende', 'auf']",auf,
"Schreibe das letzte Wort des Satzes ""Der Lehrer erklärt geduldig die schwierigen Grammatikregeln im Unterricht."": ","['Der', 'Lehrer', 'erklärt', 'geduldig', 'die', 'schwierigen', 'Grammatikregeln', 'im', 'Unterricht']",Unterricht,famschentendennendenterie
"F: Welches Wort steht am Ende des Satzes ""Er schreibt jeden Tag in sein Tagebuch über Erlebnisse und Gedanken.""? A:","['Er', 'schreibt', 'jeden', 'Tag', 'in', 'sein', 'Tagebuch', 'über', 'Erlebnisse', 'und', 'Gedanken']",Gedanken,spankendenderteschentzete
"F: Welches Wort steht am Ende des Satzes ""Sie schreibt eine Karte aus dem Urlaub an ihre Familie.""? A:","['Sie', 'schreibt', 'eine', 'Karte', 'aus', 'dem', 'Urlaub', 'an', 'ihre', 'Familie']",Familie,spannen schwieschententen
"F: Welches Wort steht am Ende des Satzes ""Der Vogel zwitschert laut im Baum früh am Morgen.""? A:","['Der', 'Vogel', 'zwitschert', 'laut', 'im', 'Baum', 'früh', 'am', 'Morgen']",Morgen,schwimmen sonnendestelena
"F: Was ist das letzte Wort des Satzes ""Die Katze schläft auf dem Fensterbrett und träumt.""? A:","['Die', 'Katze', 'schläft', 'auf', 'dem', 'Fensterbrett', 'und', 'träumt']",träumt,
"F: Was ist das letzte Wort des Satzes ""Der Vogel singt ein schönes Lied am Morgen.""? A:","['Der', 'Vogel', 'singt', 'ein', 'schönes', 'Lied', 'am', 'Morgen']",Morgen,"spielen wir das feuge.""? "
"F: Was ist das letzte Wort des Satzes ""Der Hund schläft friedlich auf dem weichen Teppich.""? A:","['Der', 'Hund', 'schläft', 'friedlich', 'auf', 'dem', 'weichen', 'Teppich']",Teppich,
"F: Welches Wort steht am Ende des Satzes ""Die Kinder malen Bilder für den Kunstwettbewerb in der Schule.""? A:","['Die', 'Kinder', 'malen', 'Bilder', 'für', 'den', 'Kunstwettbewerb', 'in', 'der', 'Schule']",Schule,
"F: Welches Wort steht am Ende des Satzes ""Die Blumen blühen bunt im Frühling und Sommer in unserem Garten.""? A:","['Die', 'Blumen', 'blühen', 'bunt', 'im', 'Frühling', 'und', 'Sommer', 'in', 'unserem', 'Garten']",Garten,sommertenendenntstendenke
"Schreibe das letzte Wort des Satzes ""Wir fahren im Herbst oft mit dem Auto ins Gebirge zum Wandern."": ","['Wir', 'fahren', 'im', 'Herbst', 'oft', 'mit', 'dem', 'Auto', 'ins', 'Gebirge', 'zum', 'Wandern']",Wandern,
"Schreibe das letzte Wort des Satzes ""Der Vogel fliegt hoch über die Bäume und singt laut."": ","['Der', 'Vogel', 'fliegt', 'hoch', 'über', 'die', 'Bäume', 'und', 'singt', 'laut']",laut,
"F: Welches Wort steht am Ende des Satzes ""Sie trägt im Winter eine warme Jacke und Handschuhe bei Frost oft.""? A:","['Sie', 'trägt', 'im', 'Winter', 'eine', 'warme', 'Jacke', 'und', 'Handschuhe', 'bei', 'Frost', 'oft']",oft,
"Schreibe das letzte Wort des Satzes ""Die Kinder basteln bunte Laternen für das Laternenfest in der Schule."": ","['Die', 'Kinder', 'basteln', 'bunte', 'Laternen', 'für', 'das', 'Laternenfest', 'in', 'der', 'Schule']",Schule,"deserichtunteute ause."": "
"Schreibe das letzte Wort des Satzes ""Er fährt jeden Tag mit dem Fahrrad zur Arbeit in die Stadt."": ","['Er', 'fährt', 'jeden', 'Tag', 'mit', 'dem', 'Fahrrad', 'zur', 'Arbeit', 'in', 'die', 'Stadt']",Stadt,
"Schreibe das letzte Wort des Satzes ""Wir feiern Geburtstag mit Familie, Freunden und leckerem Essen."": ","['Wir', 'feiern', 'Geburtstag', 'mit', 'Familie', 'Freunden', 'und', 'leckerem', 'Essen']",Essen,schermichternend deren ab
"F: Was ist das letzte Wort des Satzes ""Das Wetter im Frühling ist oft wechselhaft.""? A:","['Das', 'Wetter', 'im', 'Frühling', 'ist', 'oft', 'wechselhaft']",wechselhaft,spielen wir uns unternel.
"Schreibe das letzte Wort des Satzes ""Er fährt jeden Morgen mit dem Fahrrad zur Arbeit in der Stadt."": ","['Er', 'fährt', 'jeden', 'Morgen', 'mit', 'dem', 'Fahrrad', 'zur', 'Arbeit', 'in', 'der', 'Stadt']",Stadt,
"Schreibe das letzte Wort des Satzes ""Der Hund liegt faul in der Sonne und genießt das Wetter."": ","['Der', 'Hund', 'liegt', 'faul', 'in', 'der', 'Sonne', 'und', 'genießt', 'das', 'Wetter']",Wetter,
"Schreibe das letzte Wort des Satzes ""Das Kind lacht laut beim Spielen im Garten draußen."": ","['Das', 'Kind', 'lacht', 'laut', 'beim', 'Spielen', 'im', 'Garten', 'draußen']",draußen,
"F: Was ist das letzte Wort des Satzes ""Die Lampe leuchtet hell im dunklen Zimmer.""? A:","['Die', 'Lampe', 'leuchtet', 'hell', 'im', 'dunklen', 'Zimmer']",Zimmer,spielen wir das feuederne
"F: Welches Wort steht am Ende des Satzes ""Ich gehe abends spazieren, um den Kopf frei zu bekommen.""? A:","['Ich', 'gehe', 'abends', 'spazieren', 'um', 'den', 'Kopf', 'frei', 'zu', 'bekommen']",bekommen,
"Schreibe das letzte Wort des Satzes ""Die Sonne scheint warm auf die bunten Blätter im Park."": ","['Die', 'Sonne', 'scheint', 'warm', 'auf', 'die', 'bunten', 'Blätter', 'im', 'Park']",Park,
"F: Was ist das letzte Wort des Satzes ""Ich gehe jeden Tag mindestens eine Stunde spazieren im Park.""? A:","['Ich', 'gehe', 'jeden', 'Tag', 'mindestens', 'eine', 'Stunde', 'spazieren', 'im', 'Park']",Park,
"Schreibe das letzte Wort des Satzes ""Die Kinder spielen draußen im Park mit Freunden und Ball."": ","['Die', 'Kinder', 'spielen', 'draußen', 'im', 'Park', 'mit', 'Freunden', 'und', 'Ball']",Ball,
"F: Was ist das letzte Wort des Satzes ""Ich koche heute eine Pizza mit frischem Gemüse.""? A:","['Ich', 'koche', 'heute', 'eine', 'Pizza', 'mit', 'frischem', 'Gemüse']",Gemüse,
"F: Welches Wort steht am Ende des Satzes ""Wir besuchen im Sommer oft den See zum Schwimmen und Entspannen.""? A:","['Wir', 'besuchen', 'im', 'Sommer', 'oft', 'den', 'See', 'zum', 'Schwimmen', 'und', 'Entspannen']",Entspannen,sommertenen henteffarmaum
"F: Was ist das letzte Wort des Satzes ""Im Park spielen viele Kinder fröhlich und laut.""? A:","['Im', 'Park', 'spielen', 'viele', 'Kinder', 'fröhlich', 'und', 'laut']",laut,
"Schreibe das letzte Wort des Satzes ""Wir besuchen das Museum für moderne Kunst in der Stadt."": ","['Wir', 'besuchen', 'das', 'Museum', 'für', 'moderne', 'Kunst', 'in', 'der', 'Stadt']",Stadt,
"F: Welches Wort steht am Ende des Satzes ""Die Katze klettert geschickt auf den Baum im Garten hoch.""? A:","['Die', 'Katze', 'klettert', 'geschickt', 'auf', 'den', 'Baum', 'im', 'Garten', 'hoch']",hoch,
"Schreibe das letzte Wort des Satzes ""Ich trinke abends gerne eine Tasse warmen Kräutertee zur Entspannung."": ","['Ich', 'trinke', 'abends', 'gerne', 'eine', 'Tasse', 'warmen', 'Kräutertee', 'zur', 'Entspannung']",Entspannung,der frischtentenderndemme
"F: Welches Wort steht am Ende des Satzes ""Wir fahren am Wochenende mit dem Fahrrad durch die Stadt.""? A:","['Wir', 'fahren', 'am', 'Wochenende', 'mit', 'dem', 'Fahrrad', 'durch', 'die', 'Stadt']",Stadt,
"F: Welches Wort steht am Ende des Satzes ""Ich trinke morgens gern schwarzen Kaffee ohne Zucker und Milch.""? A:","['Ich', 'trinke', 'morgens', 'gern', 'schwarzen', 'Kaffee', 'ohne', 'Zucker', 'und', 'Milch']",Milch,schulernenderstestenden a
"F: Was ist das letzte Wort des Satzes ""Der Lehrer erklärt die Aufgaben sehr verständlich.""? A:","['Der', 'Lehrer', 'erklärt', 'die', 'Aufgaben', 'sehr', 'verständlich']",verständlich,
"F: Was ist das letzte Wort des Satzes ""Die Kinder spielen draußen im Garten mit ihren Freunden und haben Spaß.""? A:","['Die', 'Kinder', 'spielen', 'draußen', 'im', 'Garten', 'mit', 'ihren', 'Freunden', 'und', 'haben', 'Spaß']",Spaß,
"F: Welches Wort steht am Ende des Satzes ""Ich höre oft Podcasts beim Autofahren zur Unterhaltung.""? A:","['Ich', 'höre', 'oft', 'Podcasts', 'beim', 'Autofahren', 'zur', 'Unterhaltung']",Unterhaltung,
"F: Welches Wort steht am Ende des Satzes ""Sie trägt im Winter eine dicke Jacke und warme Stiefel.""? A:","['Sie', 'trägt', 'im', 'Winter', 'eine', 'dicke', 'Jacke', 'und', 'warme', 'Stiefel']",Stiefel,
"F: Was ist das letzte Wort des Satzes ""Wir feiern Weihnachten mit der ganzen Familie zusammen.""? A:","['Wir', 'feiern', 'Weihnachten', 'mit', 'der', 'ganzen', 'Familie', 'zusammen']",zusammen,
"Schreibe das letzte Wort des Satzes ""Wir feiern heute ein Fest mit Musik und guter Laune."": ","['Wir', 'feiern', 'heute', 'ein', 'Fest', 'mit', 'Musik', 'und', 'guter', 'Laune']",Laune,
"Schreibe das letzte Wort des Satzes ""Wir genießen den sonnigen Tag beim Picknick im Park zusammen."": ","['Wir', 'genießen', 'den', 'sonnigen', 'Tag', 'beim', 'Picknick', 'im', 'Park', 'zusammen']",zusammen,
"F: Was ist das letzte Wort des Satzes ""Der Hund liebt es, im Park zu rennen und zu spielen den ganzen Tag.""? A:","['Der', 'Hund', 'liebt', 'es', 'im', 'Park', 'zu', 'rennen', 'und', 'zu', 'spielen', 'den', 'ganzen', 'Tag']",Tag,
"Schreibe das letzte Wort des Satzes ""Er fährt mit dem Fahrrad durch den Park jeden Morgen."": ","['Er', 'fährt', 'mit', 'dem', 'Fahrrad', 'durch', 'den', 'Park', 'jeden', 'Morgen']",Morgen,
"Schreibe das letzte Wort des Satzes ""Ich koche heute eine bunte Gemüsesuppe mit frischen Kräutern."": ","['Ich', 'koche', 'heute', 'eine', 'bunte', 'Gemüsesuppe', 'mit', 'frischen', 'Kräutern']",Kräutern,
"F: Welches Wort steht am Ende des Satzes ""Wir machen einen Spaziergang am Flussufer im warmen Sonnenschein.""? A:","['Wir', 'machen', 'einen', 'Spaziergang', 'am', 'Flussufer', 'im', 'warmen', 'Sonnenschein']",Sonnenschein,
"F: Was ist das letzte Wort des Satzes ""Wir machen einen Spaziergang durch den Park am Abend.""? A:","['Wir', 'machen', 'einen', 'Spaziergang', 'durch', 'den', 'Park', 'am', 'Abend']",Abend,spaßannendenklums friente
"Schreibe das letzte Wort des Satzes ""Wir treffen uns am Sonntag zum Frühstück im kleinen Café in der Stadt."": ","['Wir', 'treffen', 'uns', 'am', 'Sonntag', 'zum', 'Frühstück', 'im', 'kleinen', 'Café', 'in', 'der', 'Stadt']",Stadt,
"F: Welches Wort steht am Ende des Satzes ""Das Wetter im Frühling ist oft wechselhaft und mild mit Sonne.""? A:","['Das', 'Wetter', 'im', 'Frühling', 'ist', 'oft', 'wechselhaft', 'und', 'mild', 'mit', 'Sonne']",Sonne,
"Schreibe das letzte Wort des Satzes ""Ich gehe abends spazieren, um den Kopf frei zu bekommen."": ","['Ich', 'gehe', 'abends', 'spazieren', 'um', 'den', 'Kopf', 'frei', 'zu', 'bekommen']",bekommen,
"F: Welches Wort steht am Ende des Satzes ""Er spielt jeden Abend Klavier und übt neue Stücke.""? A:","['Er', 'spielt', 'jeden', 'Abend', 'Klavier', 'und', 'übt', 'neue', 'Stücke']",Stücke,
"F: Was ist das letzte Wort des Satzes ""Sie malt ein Bild von der schönen Landschaft im Herbst.""? A:","['Sie', 'malt', 'ein', 'Bild', 'von', 'der', 'schönen', 'Landschaft', 'im', 'Herbst']",Herbst,schwierrichtschutende soz
"F: Welches Wort steht am Ende des Satzes ""Sie kocht gern leckere Gerichte aus verschiedenen Ländern Europas.""? A:","['Sie', 'kocht', 'gern', 'leckere', 'Gerichte', 'aus', 'verschiedenen', 'Ländern', 'Europas']",Europas,sternenderstestenden scht
"F: Was ist das letzte Wort des Satzes ""Wir machen eine Wanderung durch den Wald am Wochenende.""? A:","['Wir', 'machen', 'eine', 'Wanderung', 'durch', 'den', 'Wald', 'am', 'Wochenende']",Wochenende,
"Schreibe das letzte Wort des Satzes ""Ich koche heute Abend eine leckere Gemüsesuppe mit Kräutern."": ","['Ich', 'koche', 'heute', 'Abend', 'eine', 'leckere', 'Gemüsesuppe', 'mit', 'Kräutern']",Kräutern,
"F: Welches Wort steht am Ende des Satzes ""Sie kocht gern leckere Gerichte aus verschiedenen Ländern Europas.""? A:","['Sie', 'kocht', 'gern', 'leckere', 'Gerichte', 'aus', 'verschiedenen', 'Ländern', 'Europas']",Europas,sternenderstestenden scht
"Schreibe das letzte Wort des Satzes ""Sie liest gern spannende Krimis bei Kerzenschein am Abend."": ","['Sie', 'liest', 'gern', 'spannende', 'Krimis', 'bei', 'Kerzenschein', 'am', 'Abend']",Abend,
"F: Was ist das letzte Wort des Satzes ""Ich lerne Deutsch, um besser kommunizieren zu können.""? A:","['Ich', 'lerne', 'Deutsch', 'um', 'besser', 'kommunizieren', 'zu', 'können']",können,
"F: Was ist das letzte Wort des Satzes ""Ich lese oft spannende Bücher über Geschichte und Kultur.""? A:","['Ich', 'lese', 'oft', 'spannende', 'Bücher', 'über', 'Geschichte', 'und', 'Kultur']",Kultur,
"F: Was ist das letzte Wort des Satzes ""Ich lese gern spannende Romane und Geschichten.""? A:","['Ich', 'lese', 'gern', 'spannende', 'Romane', 'und', 'Geschichten']",Geschichten,"schwimmende freunden.""? a"
"Schreibe das letzte Wort des Satzes ""Wir besuchen den Wochenmarkt und kaufen frisches Gemüse ein."": ","['Wir', 'besuchen', 'den', 'Wochenmarkt', 'und', 'kaufen', 'frisches', 'Gemüse', 'ein']",ein,
"F: Welches Wort steht am Ende des Satzes ""Ich lese oft Bücher über Geschichte und interessante Kulturen weltweit.""? A:","['Ich', 'lese', 'oft', 'Bücher', 'über', 'Geschichte', 'und', 'interessante', 'Kulturen', 'weltweit']",weltweit,sammenteile henkenze kult
"F: Welches Wort steht am Ende des Satzes ""Die Katze spielt mit ihrem Lieblingsspielzeug im Wohnzimmer fröhlich.""? A:","['Die', 'Katze', 'spielt', 'mit', 'ihrem', 'Lieblingsspielzeug', 'im', 'Wohnzimmer', 'fröhlich']",fröhlich,schentententenden amsmend
"F: Was ist das letzte Wort des Satzes ""Die Kinder basteln bunte Laternen für das Laternenfest.""? A:","['Die', 'Kinder', 'basteln', 'bunte', 'Laternen', 'für', 'das', 'Laternenfest']",Laternenfest,
"F: Welches Wort steht am Ende des Satzes ""Ich esse gern frisches Obst und Gemüse zum Mittagessen und Abendessen.""? A:","['Ich', 'esse', 'gern', 'frisches', 'Obst', 'und', 'Gemüse', 'zum', 'Mittagessen', 'und', 'Abendessen']",Abendessen,schendenntsteschentzettra
"F: Welches Wort steht am Ende des Satzes ""Die Katze schnurrt zufrieden, wenn sie auf dem Schoß liegt.""? A:","['Die', 'Katze', 'schnurrt', 'zufrieden', 'wenn', 'sie', 'auf', 'dem', 'Schoß', 'liegt']",liegt,sonnendestelenammatentend
"F: Was ist das letzte Wort des Satzes ""Der Lehrer erklärt die Grammatik sehr verständlich und geduldig.""? A:","['Der', 'Lehrer', 'erklärt', 'die', 'Grammatik', 'sehr', 'verständlich', 'und', 'geduldig']",geduldig,
"F: Welches Wort steht am Ende des Satzes ""Wir fahren im Sommer an den See zum Schwimmen und Picknicken.""? A:","['Wir', 'fahren', 'im', 'Sommer', 'an', 'den', 'See', 'zum', 'Schwimmen', 'und', 'Picknicken']",Picknicken,
"Schreibe das letzte Wort des Satzes ""Wir feiern Weihnachten mit der Familie und vielen leckeren Plätzchen."": ","['Wir', 'feiern', 'Weihnachten', 'mit', 'der', 'Familie', 'und', 'vielen', 'leckeren', 'Plätzchen']",Plätzchen,kräutiommarkumserausenden
"F: Was ist das letzte Wort des Satzes ""Sie kocht gern italienische Gerichte für ihre Freunde.""? A:","['Sie', 'kocht', 'gern', 'italienische', 'Gerichte', 'für', 'ihre', 'Freunde']",Freunde,
"Schreibe das letzte Wort des Satzes ""Die Blumen im Park blühen in vielen verschiedenen Farben."": ","['Die', 'Blumen', 'im', 'Park', 'blühen', 'in', 'vielen', 'verschiedenen', 'Farben']",Farben,
"F: Was ist das letzte Wort des Satzes ""Er schreibt regelmäßig Briefe an seine Freunde in Deutschland.""? A:","['Er', 'schreibt', 'regelmäßig', 'Briefe', 'an', 'seine', 'Freunde', 'in', 'Deutschland']",Deutschland,
"F: Was ist das letzte Wort des Satzes ""Der Zug kommt pünktlich am Bahnhof an.""? A:","['Der', 'Zug', 'kommt', 'pünktlich', 'am', 'Bahnhof', 'an']",an,
"F: Welches Wort steht am Ende des Satzes ""Sie tanzt gern Ballett und übt jeden Tag fleißig zu Hause.""? A:","['Sie', 'tanzt', 'gern', 'Ballett', 'und', 'übt', 'jeden', 'Tag', 'fleißig', 'zu', 'Hause']",Hause,sonnernendenerorauseteste
"F: Welches Wort steht am Ende des Satzes ""Die Katze schnurrt zufrieden, wenn sie gestreichelt wird vom Besitzer.""? A:","['Die', 'Katze', 'schnurrt', 'zufrieden', 'wenn', 'sie', 'gestreichelt', 'wird', 'vom', 'Besitzer']",Besitzer,schendendertendendehaurri
"F: Was ist das letzte Wort des Satzes ""Der Zug kommt pünktlich um acht Uhr am Bahnhof an.""? A:","['Der', 'Zug', 'kommt', 'pünktlich', 'um', 'acht', 'Uhr', 'am', 'Bahnhof', 'an']",an,
"Schreibe das letzte Wort des Satzes ""Sie kocht ein neues Rezept mit viel frischem Gemüse."": ","['Sie', 'kocht', 'ein', 'neues', 'Rezept', 'mit', 'viel', 'frischem', 'Gemüse']",Gemüse,
"F: Welches Wort steht am Ende des Satzes ""Er liest ein spannendes Buch auf dem Sofa am Abend.""? A:","['Er', 'liest', 'ein', 'spannendes', 'Buch', 'auf', 'dem', 'Sofa', 'am', 'Abend']",Abend,stadtelnden schulernender
"F: Welches Wort steht am Ende des Satzes ""Wir feiern Weihnachten traditionell mit der ganzen Familie und viel Essen.""? A:","['Wir', 'feiern', 'Weihnachten', 'traditionell', 'mit', 'der', 'ganzen', 'Familie', 'und', 'viel', 'Essen']",Essen,spanntsteschentzettrungst
"Schreibe das letzte Wort des Satzes ""Der Vogel singt früh am Morgen ein wunderschönes Lied draußen."": ","['Der', 'Vogel', 'singt', 'früh', 'am', 'Morgen', 'ein', 'wunderschönes', 'Lied', 'draußen']",draußen,schulender fürschunteriti
"Schreibe das letzte Wort des Satzes ""Die Blumen blühen bunt und duften herrlich im Frühlingsgarten."": ","['Die', 'Blumen', 'blühen', 'bunt', 'und', 'duften', 'herrlich', 'im', 'Frühlingsgarten']",Frühlingsgarten,schulender fürschunteriti
"F: Was ist das letzte Wort des Satzes ""Ich gehe gerne joggen im Wald am Morgen und genieße die frische Luft.""? A:","['Ich', 'gehe', 'gerne', 'joggen', 'im', 'Wald', 'am', 'Morgen', 'und', 'genieße', 'die', 'frische', 'Luft']",Luft,
"Schreibe das letzte Wort des Satzes ""Der Hund bellt laut, wenn Fremde das Grundstück betreten."": ","['Der', 'Hund', 'bellt', 'laut', 'wenn', 'Fremde', 'das', 'Grundstück', 'betreten']",betreten,
"Schreibe das letzte Wort des Satzes ""Wir gehen abends spazieren und genießen die frische Luft draußen."": ","['Wir', 'gehen', 'abends', 'spazieren', 'und', 'genießen', 'die', 'frische', 'Luft', 'draußen']",draußen,
"F: Welches Wort steht am Ende des Satzes ""Der Lehrer erklärt die neue Grammatik im Unterricht sehr geduldig.""? A:","['Der', 'Lehrer', 'erklärt', 'die', 'neue', 'Grammatik', 'im', 'Unterricht', 'sehr', 'geduldig']",geduldig,sternenderstestenden scht
"F: Welches Wort steht am Ende des Satzes ""Die Katze sitzt auf dem Fensterbrett und beobachtet die Vögel draußen.""? A:","['Die', 'Katze', 'sitzt', 'auf', 'dem', 'Fensterbrett', 'und', 'beobachtet', 'die', 'Vögel', 'draußen']",draußen,schendendertendendehaurri
"Schreibe das letzte Wort des Satzes ""Sie spielt Geige und übt fleißig für das Konzert nächste Woche."": ","['Sie', 'spielt', 'Geige', 'und', 'übt', 'fleißig', 'für', 'das', 'Konzert', 'nächste', 'Woche']",Woche,schermichternend denderst
"F: Was ist das letzte Wort des Satzes ""Sie malt ein Bild von der Landschaft im Herbst.""? A:","['Sie', 'malt', 'ein', 'Bild', 'von', 'der', 'Landschaft', 'im', 'Herbst']",Herbst,
"F: Was ist das letzte Wort des Satzes ""Der Lehrer erklärt die Grammatik sehr verständlich.""? A:","['Der', 'Lehrer', 'erklärt', 'die', 'Grammatik', 'sehr', 'verständlich']",verständlich,
"F: Was ist das letzte Wort des Satzes ""Sie trägt eine schöne rote Jacke im Winter.""? A:","['Sie', 'trägt', 'eine', 'schöne', 'rote', 'Jacke', 'im', 'Winter']",Winter,"markt auf dem schwimm.""? "
"F: Was ist das letzte Wort des Satzes ""Der Lehrer erklärt die Aufgaben sehr verständlich.""? A:","['Der', 'Lehrer', 'erklärt', 'die', 'Aufgaben', 'sehr', 'verständlich']",verständlich,
"F: Welches Wort steht am Ende des Satzes ""Wir gehen am Abend spazieren und genießen die frische Luft.""? A:","['Wir', 'gehen', 'am', 'Abend', 'spazieren', 'und', 'genießen', 'die', 'frische', 'Luft']",Luft,sonnendestesunzendendenku
"Schreibe das letzte Wort des Satzes ""Die Kinder spielen draußen im Park mit Freunden und Ball."": ","['Die', 'Kinder', 'spielen', 'draußen', 'im', 'Park', 'mit', 'Freunden', 'und', 'Ball']",Ball,
"F: Welches Wort steht am Ende des Satzes ""Der Vogel singt am frühen Morgen im Garten und freut sich oft.""? A:","['Der', 'Vogel', 'singt', 'am', 'frühen', 'Morgen', 'im', 'Garten', 'und', 'freut', 'sich', 'oft']",oft,
"F: Welches Wort steht am Ende des Satzes ""Die Kinder basteln Laternen für das Martinsfest in der Schule.""? A:","['Die', 'Kinder', 'basteln', 'Laternen', 'für', 'das', 'Martinsfest', 'in', 'der', 'Schule']",Schule,
"F: Was ist das letzte Wort des Satzes ""Der Lehrer erklärt die Grammatik sehr gut und geduldig.""? A:","['Der', 'Lehrer', 'erklärt', 'die', 'Grammatik', 'sehr', 'gut', 'und', 'geduldig']",geduldig,schwierrichtschutendenten
"Schreibe das letzte Wort des Satzes ""Der Vogel singt laut auf dem Ast eines alten Baumes."": ","['Der', 'Vogel', 'singt', 'laut', 'auf', 'dem', 'Ast', 'eines', 'alten', 'Baumes']",Baumes,
"F: Welches Wort steht am Ende des Satzes ""Die Blumen brauchen täglich Wasser und viel Sonne zum Gedeihen.""? A:","['Die', 'Blumen', 'brauchen', 'täglich', 'Wasser', 'und', 'viel', 'Sonne', 'zum', 'Gedeihen']",Gedeihen,schulernenderstestenden s
"F: Was ist das letzte Wort des Satzes ""Das Kind spielt fröhlich mit seinen Freunden im Park.""? A:","['Das', 'Kind', 'spielt', 'fröhlich', 'mit', 'seinen', 'Freunden', 'im', 'Park']",Park,
"F: Was ist das letzte Wort des Satzes ""Ich trinke morgens immer einen Kaffee mit Milch und Zucker.""? A:","['Ich', 'trinke', 'morgens', 'immer', 'einen', 'Kaffee', 'mit', 'Milch', 'und', 'Zucker']",Zucker,
"Schreibe das letzte Wort des Satzes ""Sie liest gern Romane über Freundschaft und Abenteuer in der Jugend."": ","['Sie', 'liest', 'gern', 'Romane', 'über', 'Freundschaft', 'und', 'Abenteuer', 'in', 'der', 'Jugend']",Jugend,standschtroneschummernden
"F: Welches Wort steht am Ende des Satzes ""Ich lese oft Bücher über Geschichte und Kultur in meiner Freizeit.""? A:","['Ich', 'lese', 'oft', 'Bücher', 'über', 'Geschichte', 'und', 'Kultur', 'in', 'meiner', 'Freizeit']",Freizeit,geschlentententesten mmst
"F: Was ist das letzte Wort des Satzes ""Ich lese jeden Tag die Nachrichten im Internet.""? A:","['Ich', 'lese', 'jeden', 'Tag', 'die', 'Nachrichten', 'im', 'Internet']",Internet,
"F: Welches Wort steht am Ende des Satzes ""Sie schreibt eine Postkarte an ihre beste Freundin aus dem Urlaub.""? A:","['Sie', 'schreibt', 'eine', 'Postkarte', 'an', 'ihre', 'beste', 'Freundin', 'aus', 'dem', 'Urlaub']",Urlaub,
"F: Welches Wort steht am Ende des Satzes ""Die Katze schnurrt zufrieden, wenn sie gestreichelt wird vom Besitzer.""? A:","['Die', 'Katze', 'schnurrt', 'zufrieden', 'wenn', 'sie', 'gestreichelt', 'wird', 'vom', 'Besitzer']",Besitzer,schendendertendendehaurri
"Schreibe das letzte Wort des Satzes ""Ich trinke morgens gern schwarzen Kaffee ohne Zucker und Milch."": ","['Ich', 'trinke', 'morgens', 'gern', 'schwarzen', 'Kaffee', 'ohne', 'Zucker', 'und', 'Milch']",Milch,
"F: Was ist das letzte Wort des Satzes ""Das Wetter ist heute sonnig und warm.""? A:","['Das', 'Wetter', 'ist', 'heute', 'sonnig', 'und', 'warm']",warm,
"F: Was ist das letzte Wort des Satzes ""Die Kinder basteln bunte Laternen für das Laternenfest.""? A:","['Die', 'Kinder', 'basteln', 'bunte', 'Laternen', 'für', 'das', 'Laternenfest']",Laternenfest,
"F: Welches Wort steht am Ende des Satzes ""Wir feiern Silvester mit Freunden und genießen das Feuerwerk am Himmel.""? A:","['Wir', 'feiern', 'Silvester', 'mit', 'Freunden', 'und', 'genießen', 'das', 'Feuerwerk', 'am', 'Himmel']",Himmel,spankertefizischenntenden
"F: Was ist das letzte Wort des Satzes ""Der Zug kommt pünktlich am Bahnhof an und fährt weiter nach Berlin.""? A:","['Der', 'Zug', 'kommt', 'pünktlich', 'am', 'Bahnhof', 'an', 'und', 'fährt', 'weiter', 'nach', 'Berlin']",Berlin,stadtions schdenendender 
"F: Welches Wort steht am Ende des Satzes ""Wir essen heute Abend Spaghetti mit Tomatensoße und Parmesan.""? A:","['Wir', 'essen', 'heute', 'Abend', 'Spaghetti', 'mit', 'Tomatensoße', 'und', 'Parmesan']",Parmesan,
"Schreibe das letzte Wort des Satzes ""Wir feiern Weihnachten mit der ganzen Familie und vielen Geschenken."": ","['Wir', 'feiern', 'Weihnachten', 'mit', 'der', 'ganzen', 'Familie', 'und', 'vielen', 'Geschenken']",Geschenken,standschtroneschulenterch
"F: Was ist das letzte Wort des Satzes ""Sie schreibt einen Brief an ihre Großeltern zum Geburtstag.""? A:","['Sie', 'schreibt', 'einen', 'Brief', 'an', 'ihre', 'Großeltern', 'zum', 'Geburtstag']",Geburtstag,
"Schreibe das letzte Wort des Satzes ""Der Hund läuft schnell über die Wiese und fängt den Ball."": ","['Der', 'Hund', 'läuft', 'schnell', 'über', 'die', 'Wiese', 'und', 'fängt', 'den', 'Ball']",Ball,
"F: Was ist das letzte Wort des Satzes ""Das Kind malt ein buntes Bild mit Farben.""? A:","['Das', 'Kind', 'malt', 'ein', 'buntes', 'Bild', 'mit', 'Farben']",Farben,spielen wir unsere stadte
"Schreibe das letzte Wort des Satzes ""Die Katze schnurrt zufrieden, wenn sie gestreichelt wird vom Besitzer."": ","['Die', 'Katze', 'schnurrt', 'zufrieden', 'wenn', 'sie', 'gestreichelt', 'wird', 'vom', 'Besitzer']",Besitzer,
"F: Welches Wort steht am Ende des Satzes ""Die Blumen duften wunderbar im Garten nach einem Regen.""? A:","['Die', 'Blumen', 'duften', 'wunderbar', 'im', 'Garten', 'nach', 'einem', 'Regen']",Regen,
"F: Was ist das letzte Wort des Satzes ""Der Hund läuft fröhlich durch den Park.""? A:","['Der', 'Hund', 'läuft', 'fröhlich', 'durch', 'den', 'Park']",Park,"spielen und schwimmen.""? "
"F: Was ist das letzte Wort des Satzes ""Der Himmel ist blau und die Sonne scheint.""? A:","['Der', 'Himmel', 'ist', 'blau', 'und', 'die', 'Sonne', 'scheint']",scheint,spielen wir das feuedern.
"F: Welches Wort steht am Ende des Satzes ""Die Kinder spielen draußen im Garten mit Freunden und haben viel Spaß.""? A:","['Die', 'Kinder', 'spielen', 'draußen', 'im', 'Garten', 'mit', 'Freunden', 'und', 'haben', 'viel', 'Spaß']",Spaß,schendenntsteschendschtri
"F: Was ist das letzte Wort des Satzes ""Ich trinke abends gern eine heiße Tasse Tee.""? A:","['Ich', 'trinke', 'abends', 'gern', 'eine', 'heiße', 'Tasse', 'Tee']",Tee,
"F: Was ist das letzte Wort des Satzes ""Der Hund bellt laut, wenn Fremde das Haus betreten.""? A:","['Der', 'Hund', 'bellt', 'laut', 'wenn', 'Fremde', 'das', 'Haus', 'betreten']",betreten,
"Schreibe das letzte Wort des Satzes ""Die Katze klettert geschickt auf den höchsten Baum im Garten."": ","['Die', 'Katze', 'klettert', 'geschickt', 'auf', 'den', 'höchsten', 'Baum', 'im', 'Garten']",Garten,
"F: Welches Wort steht am Ende des Satzes ""Ich höre Musik, während ich Hausaufgaben mache und mich konzentriere.""? A:","['Ich', 'höre', 'Musik', 'während', 'ich', 'Hausaufgaben', 'mache', 'und', 'mich', 'konzentriere']",konzentriere,schentententendenkaumen m
"F: Welches Wort steht am Ende des Satzes ""Sie malt ein Bild von der Landschaft im Herbst mit bunten Farben heute.""? A:","['Sie', 'malt', 'ein', 'Bild', 'von', 'der', 'Landschaft', 'im', 'Herbst', 'mit', 'bunten', 'Farben', 'heute']",heute,satenterkstendentzenenden
"F: Was ist das letzte Wort des Satzes ""Wir besuchen das Museum, um mehr über Kunst zu lernen.""? A:","['Wir', 'besuchen', 'das', 'Museum', 'um', 'mehr', 'über', 'Kunst', 'zu', 'lernen']",lernen,
"F: Welches Wort steht am Ende des Satzes ""Die Katze schnurrt zufrieden, wenn sie gestreichelt wird vom Besitzer.""? A:","['Die', 'Katze', 'schnurrt', 'zufrieden', 'wenn', 'sie', 'gestreichelt', 'wird', 'vom', 'Besitzer']",Besitzer,schendendertendendehaurri
"Schreibe das letzte Wort des Satzes ""Wir fahren im Herbst oft in die Berge zum Wandern."": ","['Wir', 'fahren', 'im', 'Herbst', 'oft', 'in', 'die', 'Berge', 'zum', 'Wandern']",Wandern,
"Schreibe das letzte Wort des Satzes ""Der Himmel ist klar und die Sterne funkeln hell in der Nacht."": ","['Der', 'Himmel', 'ist', 'klar', 'und', 'die', 'Sterne', 'funkeln', 'hell', 'in', 'der', 'Nacht']",Nacht,
"F: Welches Wort steht am Ende des Satzes ""Ich koche heute Abend Nudeln mit Tomatensoße und frischem Basilikum.""? A:","['Ich', 'koche', 'heute', 'Abend', 'Nudeln', 'mit', 'Tomatensoße', 'und', 'frischem', 'Basilikum']",Basilikum,stehentententenden schten
"Schreibe das letzte Wort des Satzes ""Er fährt täglich mit dem Fahrrad zur Arbeit in die Stadt."": ","['Er', 'fährt', 'täglich', 'mit', 'dem', 'Fahrrad', 'zur', 'Arbeit', 'in', 'die', 'Stadt']",Stadt,
"Schreibe das letzte Wort des Satzes ""Die Kinder basteln Laternen für das Martinsfest in der Schule."": ","['Die', 'Kinder', 'basteln', 'Laternen', 'für', 'das', 'Martinsfest', 'in', 'der', 'Schule']",Schule,stadterrumerten spaschen 
"Schreibe das letzte Wort des Satzes ""Ich höre beim Lernen klassische Musik zur besseren Konzentration."": ","['Ich', 'höre', 'beim', 'Lernen', 'klassische', 'Musik', 'zur', 'besseren', 'Konzentration']",Konzentration,"schrempirtichen dendern."""
"F: Welches Wort steht am Ende des Satzes ""Sie liest gern Sachbücher über Geschichte und Naturwissenschaften.""? A:","['Sie', 'liest', 'gern', 'Sachbücher', 'über', 'Geschichte', 'und', 'Naturwissenschaften']",Naturwissenschaften,sternendersankenkursender
"F: Welches Wort steht am Ende des Satzes ""Sie liest gern Sachbücher über Geschichte und Naturwissenschaften.""? A:","['Sie', 'liest', 'gern', 'Sachbücher', 'über', 'Geschichte', 'und', 'Naturwissenschaften']",Naturwissenschaften,sternendersankenkursender
"F: Was ist das letzte Wort des Satzes ""Sie trägt eine schöne rote Jacke im Winter.""? A:","['Sie', 'trägt', 'eine', 'schöne', 'rote', 'Jacke', 'im', 'Winter']",Winter,"markt auf dem schwimm.""? "
"F: Welches Wort steht am Ende des Satzes ""Wir spazieren am Abend oft am Fluss entlang und genießen die Ruhe.""? A:","['Wir', 'spazieren', 'am', 'Abend', 'oft', 'am', 'Fluss', 'entlang', 'und', 'genießen', 'die', 'Ruhe']",Ruhe,
"F: Was ist das letzte Wort des Satzes ""Ich gehe jeden Morgen eine halbe Stunde spazieren.""? A:","['Ich', 'gehe', 'jeden', 'Morgen', 'eine', 'halbe', 'Stunde', 'spazieren']",spazieren,
"Schreibe das letzte Wort des Satzes ""Wir essen heute Abend frisch gebackenes Brot mit Käse und Wurst."": ","['Wir', 'essen', 'heute', 'Abend', 'frisch', 'gebackenes', 'Brot', 'mit', 'Käse', 'und', 'Wurst']",Wurst,
"Schreibe das letzte Wort des Satzes ""Er repariert sein altes Fahrrad in der Garage am Nachmittag."": ","['Er', 'repariert', 'sein', 'altes', 'Fahrrad', 'in', 'der', 'Garage', 'am', 'Nachmittag']",Nachmittag,
"Schreibe das letzte Wort des Satzes ""Ich trinke morgens gerne schwarzen Kaffee mit Milch."": ","['Ich', 'trinke', 'morgens', 'gerne', 'schwarzen', 'Kaffee', 'mit', 'Milch']",Milch,
"Schreibe das letzte Wort des Satzes ""Die Sonne scheint warm auf die bunten Blätter im Herbstpark."": ","['Die', 'Sonne', 'scheint', 'warm', 'auf', 'die', 'bunten', 'Blätter', 'im', 'Herbstpark']",Herbstpark,
"F: Was ist das letzte Wort des Satzes ""Wir fahren im Winter oft in die Berge zum Skifahren.""? A:","['Wir', 'fahren', 'im', 'Winter', 'oft', 'in', 'die', 'Berge', 'zum', 'Skifahren']",Skifahren,
"F: Welches Wort steht am Ende des Satzes ""Er fährt jeden Tag mit dem Fahrrad zur Arbeit in der Stadt.""? A:","['Er', 'fährt', 'jeden', 'Tag', 'mit', 'dem', 'Fahrrad', 'zur', 'Arbeit', 'in', 'der', 'Stadt']",Stadt,sonnendestesundendendenku
"F: Welches Wort steht am Ende des Satzes ""Der Hund bellt, wenn jemand an der Tür klingelt oder klingelt.""? A:","['Der', 'Hund', 'bellt', 'wenn', 'jemand', 'an', 'der', 'Tür', 'klingelt', 'oder', 'klingelt']",klingelt,
"Schreibe das letzte Wort des Satzes ""Sie tanzt leidenschaftlich gern jeden Samstagabend in der Tanzschule."": ","['Sie', 'tanzt', 'leidenschaftlich', 'gern', 'jeden', 'Samstagabend', 'in', 'der', 'Tanzschule']",Tanzschule,"der hunterntenden."": dtre"
"F: Was ist das letzte Wort des Satzes ""Wir besuchen das Theater und sehen ein neues Stück am Freitagabend.""? A:","['Wir', 'besuchen', 'das', 'Theater', 'und', 'sehen', 'ein', 'neues', 'Stück', 'am', 'Freitagabend']",Freitagabend,
"F: Welches Wort steht am Ende des Satzes ""Ich gehe abends spazieren, um den Kopf frei zu bekommen.""? A:","['Ich', 'gehe', 'abends', 'spazieren', 'um', 'den', 'Kopf', 'frei', 'zu', 'bekommen']",bekommen,
"F: Welches Wort steht am Ende des Satzes ""Die Blumen auf dem Balkon blühen schön in der Sonne.""? A:","['Die', 'Blumen', 'auf', 'dem', 'Balkon', 'blühen', 'schön', 'in', 'der', 'Sonne']",Sonne,
"Schreibe das letzte Wort des Satzes ""Er fährt täglich mit dem Fahrrad zur Arbeit in die Stadt."": ","['Er', 'fährt', 'täglich', 'mit', 'dem', 'Fahrrad', 'zur', 'Arbeit', 'in', 'die', 'Stadt']",Stadt,
"F: Welches Wort steht am Ende des Satzes ""Die Katze schläft auf dem warmen Sofa und träumt friedlich.""? A:","['Die', 'Katze', 'schläft', 'auf', 'dem', 'warmen', 'Sofa', 'und', 'träumt', 'friedlich']",friedlich,sonnendestelenammatentend
"F: Was ist das letzte Wort des Satzes ""Der Berg ist hoch und bietet tolle Aussicht.""? A:","['Der', 'Berg', 'ist', 'hoch', 'und', 'bietet', 'tolle', 'Aussicht']",Aussicht,
"F: Was ist das letzte Wort des Satzes ""Sie malt ein Bild von der schönen Landschaft.""? A:","['Sie', 'malt', 'ein', 'Bild', 'von', 'der', 'schönen', 'Landschaft']",Landschaft,
"F: Welches Wort steht am Ende des Satzes ""Sie tanzt begeistert bei der Tanzstunde am Freitagabend in der Halle.""? A:","['Sie', 'tanzt', 'begeistert', 'bei', 'der', 'Tanzstunde', 'am', 'Freitagabend', 'in', 'der', 'Halle']",Halle,schentententenderntartend
"F: Was ist das letzte Wort des Satzes ""Der Hund liegt zufrieden in der Sonne auf der Terrasse.""? A:","['Der', 'Hund', 'liegt', 'zufrieden', 'in', 'der', 'Sonne', 'auf', 'der', 'Terrasse']",Terrasse,stadtschernendenkufen som
"F: Was ist das letzte Wort des Satzes ""Sie hört gern klassische Musik beim Lesen eines Buches.""? A:","['Sie', 'hört', 'gern', 'klassische', 'Musik', 'beim', 'Lesen', 'eines', 'Buches']",Buches,
"F: Was ist das letzte Wort des Satzes ""Die Katze schnurrt laut, wenn sie gestreichelt wird.""? A:","['Die', 'Katze', 'schnurrt', 'laut', 'wenn', 'sie', 'gestreichelt', 'wird']",wird,
"F: Was ist das letzte Wort des Satzes ""Die Katze schläft gerne auf dem warmen Sofa zu Hause im Wohnzimmer.""? A:","['Die', 'Katze', 'schläft', 'gerne', 'auf', 'dem', 'warmen', 'Sofa', 'zu', 'Hause', 'im', 'Wohnzimmer']",Wohnzimmer,startischtendestelernder 
"F: Welches Wort steht am Ende des Satzes ""Wir machen im Sommer eine Bootsfahrt auf dem nahegelegenen See.""? A:","['Wir', 'machen', 'im', 'Sommer', 'eine', 'Bootsfahrt', 'auf', 'dem', 'nahegelegenen', 'See']",See,
"F: Was ist das letzte Wort des Satzes ""Die Kinder spielen Fußball auf dem Schulhof.""? A:","['Die', 'Kinder', 'spielen', 'Fußball', 'auf', 'dem', 'Schulhof']",Schulhof,
"Schreibe das letzte Wort des Satzes ""Ich genieße den Duft von frisch gebackenem Brot am Morgen."": ","['Ich', 'genieße', 'den', 'Duft', 'von', 'frisch', 'gebackenem', 'Brot', 'am', 'Morgen']",Morgen,
"F: Was ist das letzte Wort des Satzes ""Ich gehe gerne joggen im Wald am Morgen.""? A:","['Ich', 'gehe', 'gerne', 'joggen', 'im', 'Wald', 'am', 'Morgen']",Morgen,"spielen wir den see.""? a:"
"F: Was ist das letzte Wort des Satzes ""Sie kocht gern italienische Gerichte für ihre Freunde am Wochenende.""? A:","['Sie', 'kocht', 'gern', 'italienische', 'Gerichte', 'für', 'ihre', 'Freunde', 'am', 'Wochenende']",Wochenende,spierstung innendender ke
"Schreibe das letzte Wort des Satzes ""Sie liest gern Romane über ferne Länder und spannende Abenteuer."": ","['Sie', 'liest', 'gern', 'Romane', 'über', 'ferne', 'Länder', 'und', 'spannende', 'Abenteuer']",Abenteuer,schendenkrochen diendern.
"Schreibe das letzte Wort des Satzes ""Die Sonne scheint warm auf die bunten Blätter im Park."": ","['Die', 'Sonne', 'scheint', 'warm', 'auf', 'die', 'bunten', 'Blätter', 'im', 'Park']",Park,
"F: Welches Wort steht am Ende des Satzes ""Sie tanzt begeistert bei der Tanzstunde am Freitagabend in der Halle.""? A:","['Sie', 'tanzt', 'begeistert', 'bei', 'der', 'Tanzstunde', 'am', 'Freitagabend', 'in', 'der', 'Halle']",Halle,schentententenderntartend
"F: Welches Wort steht am Ende des Satzes ""Ich koche heute eine cremige Kürbissuppe mit frischen Gewürzen.""? A:","['Ich', 'koche', 'heute', 'eine', 'cremige', 'Kürbissuppe', 'mit', 'frischen', 'Gewürzen']",Gewürzen,
"F: Welches Wort steht am Ende des Satzes ""Er schreibt täglich in sein Tagebuch über seine Erlebnisse und Gedanken.""? A:","['Er', 'schreibt', 'täglich', 'in', 'sein', 'Tagebuch', 'über', 'seine', 'Erlebnisse', 'und', 'Gedanken']",Gedanken,gempfanntesten habstlänke
"Schreibe das letzte Wort des Satzes ""Wir machen eine Fahrradtour entlang der schönen Flussauen heute."": ","['Wir', 'machen', 'eine', 'Fahrradtour', 'entlang', 'der', 'schönen', 'Flussauen', 'heute']",heute,schendenkrochen untendern
"F: Was ist das letzte Wort des Satzes ""Ich höre oft klassische Musik beim Lernen zu Hause.""? A:","['Ich', 'höre', 'oft', 'klassische', 'Musik', 'beim', 'Lernen', 'zu', 'Hause']",Hause,
"Schreibe das letzte Wort des Satzes ""Wir feiern ein kleines Fest im Garten mit Freunden."": ","['Wir', 'feiern', 'ein', 'kleines', 'Fest', 'im', 'Garten', 'mit', 'Freunden']",Freunden,
"Schreibe das letzte Wort des Satzes ""Die Sonne scheint warm auf die bunten Blätter im Park."": ","['Die', 'Sonne', 'scheint', 'warm', 'auf', 'die', 'bunten', 'Blätter', 'im', 'Park']",Park,
"F: Was ist das letzte Wort des Satzes ""Die Katze schläft auf dem warmen Fensterbrett.""? A:","['Die', 'Katze', 'schläft', 'auf', 'dem', 'warmen', 'Fensterbrett']",Fensterbrett,"spielen wir der heutern."""
"F: Was ist das letzte Wort des Satzes ""Das Kind malt ein buntes Bild mit vielen Farben.""? A:","['Das', 'Kind', 'malt', 'ein', 'buntes', 'Bild', 'mit', 'vielen', 'Farben']",Farben,
"F: Welches Wort steht am Ende des Satzes ""Der Himmel ist blau und die Sonne scheint warm und hell heute.""? A:","['Der', 'Himmel', 'ist', 'blau', 'und', 'die', 'Sonne', 'scheint', 'warm', 'und', 'hell', 'heute']",heute,
"F: Was ist das letzte Wort des Satzes ""Wir besuchen das Museum, um mehr über Kunst zu lernen.""? A:","['Wir', 'besuchen', 'das', 'Museum', 'um', 'mehr', 'über', 'Kunst', 'zu', 'lernen']",lernen,
"F: Welches Wort steht am Ende des Satzes ""Der Himmel ist heute bewölkt, aber es bleibt trocken und mild.""? A:","['Der', 'Himmel', 'ist', 'heute', 'bewölkt', 'aber', 'es', 'bleibt', 'trocken', 'und', 'mild']",mild,
"Schreibe das letzte Wort des Satzes ""Sie liest gern spannende Romane über ferne Länder."": ","['Sie', 'liest', 'gern', 'spannende', 'Romane', 'über', 'ferne', 'Länder']",Länder,
"F: Was ist das letzte Wort des Satzes ""Die Katze jagt gern Schmetterlinge im Garten während des Sommers.""? A:","['Die', 'Katze', 'jagt', 'gern', 'Schmetterlinge', 'im', 'Garten', 'während', 'des', 'Sommers']",Sommers,
"F: Welches Wort steht am Ende des Satzes ""Sie tanzt jeden Freitag im Tanzkurs mit großer Freude und Schwung.""? A:","['Sie', 'tanzt', 'jeden', 'Freitag', 'im', 'Tanzkurs', 'mit', 'großer', 'Freude', 'und', 'Schwung']",Schwung,sternenderstestenden scht
"F: Welches Wort steht am Ende des Satzes ""Wir besuchen im Sommer oft den See zum Schwimmen und Entspannen.""? A:","['Wir', 'besuchen', 'im', 'Sommer', 'oft', 'den', 'See', 'zum', 'Schwimmen', 'und', 'Entspannen']",Entspannen,sommertenen henteffarmaum
"F: Welches Wort steht am Ende des Satzes ""Wir fahren im Herbst oft mit dem Auto ins Gebirge zum Wandern.""? A:","['Wir', 'fahren', 'im', 'Herbst', 'oft', 'mit', 'dem', 'Auto', 'ins', 'Gebirge', 'zum', 'Wandern']",Wandern,
"F: Was ist das letzte Wort des Satzes ""Sie spielt Klavier seit vielen Jahren sehr gut.""? A:","['Sie', 'spielt', 'Klavier', 'seit', 'vielen', 'Jahren', 'sehr', 'gut']",gut,
"F: Was ist das letzte Wort des Satzes ""Er fährt mit dem Fahrrad zur Arbeit jeden Tag.""? A:","['Er', 'fährt', 'mit', 'dem', 'Fahrrad', 'zur', 'Arbeit', 'jeden', 'Tag']",Tag,
"F: Welches Wort steht am Ende des Satzes ""Wir essen heute Abend frisch gebackenes Brot mit Käse und Wurst.""? A:","['Wir', 'essen', 'heute', 'Abend', 'frisch', 'gebackenes', 'Brot', 'mit', 'Käse', 'und', 'Wurst']",Wurst,
"F: Was ist das letzte Wort des Satzes ""Wir fahren im Sommer an den See zum Schwimmen und Entspannen.""? A:","['Wir', 'fahren', 'im', 'Sommer', 'an', 'den', 'See', 'zum', 'Schwimmen', 'und', 'Entspannen']",Entspannen,"stadtagendernen stesten."""
"Schreibe das letzte Wort des Satzes ""Wir treffen uns am Sonntag zum Frühstück im kleinen Café."": ","['Wir', 'treffen', 'uns', 'am', 'Sonntag', 'zum', 'Frühstück', 'im', 'kleinen', 'Café']",Café,
"F: Welches Wort steht am Ende des Satzes ""Wir treffen uns am Sonntag zum gemütlichen Frühstück im Café.""? A:","['Wir', 'treffen', 'uns', 'am', 'Sonntag', 'zum', 'gemütlichen', 'Frühstück', 'im', 'Café']",Café,
"Schreibe das letzte Wort des Satzes ""Die Katze schnurrt zufrieden, wenn sie auf dem Sofa liegt."": ","['Die', 'Katze', 'schnurrt', 'zufrieden', 'wenn', 'sie', 'auf', 'dem', 'Sofa', 'liegt']",liegt,
"F: Was ist das letzte Wort des Satzes ""Wir machen eine Pause und trinken eine Tasse Kaffee zusammen im Büro.""? A:","['Wir', 'machen', 'eine', 'Pause', 'und', 'trinken', 'eine', 'Tasse', 'Kaffee', 'zusammen', 'im', 'Büro']",Büro,
"Schreibe das letzte Wort des Satzes ""Sie tanzt fröhlich im Regen auf der nassen Straße."": ","['Sie', 'tanzt', 'fröhlich', 'im', 'Regen', 'auf', 'der', 'nassen', 'Straße']",Straße,
"F: Welches Wort steht am Ende des Satzes ""Die Kinder malen bunte Bilder für das Schulprojekt im Kunstunterricht.""? A:","['Die', 'Kinder', 'malen', 'bunte', 'Bilder', 'für', 'das', 'Schulprojekt', 'im', 'Kunstunterricht']",Kunstunterricht,schendenderteschentzettru
"F: Welches Wort steht am Ende des Satzes ""Ich koche heute Abend eine leckere Suppe mit frischem Gemüse.""? A:","['Ich', 'koche', 'heute', 'Abend', 'eine', 'leckere', 'Suppe', 'mit', 'frischem', 'Gemüse']",Gemüse,schrentspannen henteffarm
"F: Welches Wort steht am Ende des Satzes ""Der Lehrer gibt viele Hausaufgaben für das Wochenende auf zur Übung.""? A:","['Der', 'Lehrer', 'gibt', 'viele', 'Hausaufgaben', 'für', 'das', 'Wochenende', 'auf', 'zur', 'Übung']",Übung,spankendendertendendehaur
"F: Was ist das letzte Wort des Satzes ""Ich esse gern Schokolade und süße Kuchen am Nachmittag.""? A:","['Ich', 'esse', 'gern', 'Schokolade', 'und', 'süße', 'Kuchen', 'am', 'Nachmittag']",Nachmittag,stadtschurenderbesungente
"Schreibe das letzte Wort des Satzes ""Wir besuchen am Wochenende das neue Museum in der Innenstadt."": ","['Wir', 'besuchen', 'am', 'Wochenende', 'das', 'neue', 'Museum', 'in', 'der', 'Innenstadt']",Innenstadt,
"Schreibe das letzte Wort des Satzes ""Wir gehen abends spazieren und genießen die frische Luft draußen."": ","['Wir', 'gehen', 'abends', 'spazieren', 'und', 'genießen', 'die', 'frische', 'Luft', 'draußen']",draußen,
"F: Welches Wort steht am Ende des Satzes ""Ich höre oft Podcasts beim Autofahren zur Unterhaltung und Information.""? A:","['Ich', 'höre', 'oft', 'Podcasts', 'beim', 'Autofahren', 'zur', 'Unterhaltung', 'und', 'Information']",Information,spankertefizischenntenden
"F: Welches Wort steht am Ende des Satzes ""Ich schreibe eine E-Mail an meinen Chef wegen eines Meetings.""? A:","['Ich', 'schreibe', 'eine', 'E-Mail', 'an', 'meinen', 'Chef', 'wegen', 'eines', 'Meetings']",Meetings,schrentspannen henteffarm
"F: Was ist das letzte Wort des Satzes ""Sie liest gern spannende Bücher über Abenteuer.""? A:","['Sie', 'liest', 'gern', 'spannende', 'Bücher', 'über', 'Abenteuer']",Abenteuer,"spielen wir und sanken.""?"
"Schreibe das letzte Wort des Satzes ""Ich trinke morgens gern Tee mit Honig und frischer Zitrone."": ","['Ich', 'trinke', 'morgens', 'gern', 'Tee', 'mit', 'Honig', 'und', 'frischer', 'Zitrone']",Zitrone,
"Schreibe das letzte Wort des Satzes ""Die Katze liegt faul in der Sonne auf dem Fensterbrett."": ","['Die', 'Katze', 'liegt', 'faul', 'in', 'der', 'Sonne', 'auf', 'dem', 'Fensterbrett']",Fensterbrett,
"Schreibe das letzte Wort des Satzes ""Der Himmel ist heute bewölkt, aber es bleibt trocken und mild."": ","['Der', 'Himmel', 'ist', 'heute', 'bewölkt', 'aber', 'es', 'bleibt', 'trocken', 'und', 'mild']",mild,
"F: Was ist das letzte Wort des Satzes ""Ich koche heute Abend ein leckeres Gericht mit Fisch.""? A:","['Ich', 'koche', 'heute', 'Abend', 'ein', 'leckeres', 'Gericht', 'mit', 'Fisch']",Fisch,
"F: Welches Wort steht am Ende des Satzes ""Der Vogel singt früh am Morgen ein fröhliches Lied im Garten.""? A:","['Der', 'Vogel', 'singt', 'früh', 'am', 'Morgen', 'ein', 'fröhliches', 'Lied', 'im', 'Garten']",Garten,schrentspannen henteffarm
"F: Welches Wort steht am Ende des Satzes ""Sie trinkt morgens gerne Kaffee mit frischer Milch und Zucker.""? A:","['Sie', 'trinkt', 'morgens', 'gerne', 'Kaffee', 'mit', 'frischer', 'Milch', 'und', 'Zucker']",Zucker,
"F: Welches Wort steht am Ende des Satzes ""Der Himmel ist bewölkt, aber es bleibt trocken und mild.""? A:","['Der', 'Himmel', 'ist', 'bewölkt', 'aber', 'es', 'bleibt', 'trocken', 'und', 'mild']",mild,
"F: Welches Wort steht am Ende des Satzes ""Sie kocht gern leckere Gerichte aus verschiedenen Ländern Europas.""? A:","['Sie', 'kocht', 'gern', 'leckere', 'Gerichte', 'aus', 'verschiedenen', 'Ländern', 'Europas']",Europas,sternenderstestenden scht
"Schreibe das letzte Wort des Satzes ""Wir fahren im Herbst oft mit dem Auto ins Gebirge zum Wandern."": ","['Wir', 'fahren', 'im', 'Herbst', 'oft', 'mit', 'dem', 'Auto', 'ins', 'Gebirge', 'zum', 'Wandern']",Wandern,
"Schreibe das letzte Wort des Satzes ""Wir essen heute Abend Pizza mit viel Käse und Tomaten."": ","['Wir', 'essen', 'heute', 'Abend', 'Pizza', 'mit', 'viel', 'Käse', 'und', 'Tomaten']",Tomaten,
"F: Welches Wort steht am Ende des Satzes ""Ich schreibe eine E-Mail an meinen Chef wegen des Meetings.""? A:","['Ich', 'schreibe', 'eine', 'E-Mail', 'an', 'meinen', 'Chef', 'wegen', 'des', 'Meetings']",Meetings,"sonnenten undschleroch.""?"
"Schreibe das letzte Wort des Satzes ""Der Vogel zwitschert fröhlich auf dem Ast des alten Baums."": ","['Der', 'Vogel', 'zwitschert', 'fröhlich', 'auf', 'dem', 'Ast', 'des', 'alten', 'Baums']",Baums,"schulendenschulerenten."":"
"F: Welches Wort steht am Ende des Satzes ""Der Vogel singt früh am Morgen ein fröhliches Lied im Garten.""? A:","['Der', 'Vogel', 'singt', 'früh', 'am', 'Morgen', 'ein', 'fröhliches', 'Lied', 'im', 'Garten']",Garten,schrentspannen henteffarm
"Schreibe das letzte Wort des Satzes ""Wir machen eine Bootsfahrt auf dem See bei schönem Wetter."": ","['Wir', 'machen', 'eine', 'Bootsfahrt', 'auf', 'dem', 'See', 'bei', 'schönem', 'Wetter']",Wetter,
"F: Was ist das letzte Wort des Satzes ""Sie schreibt eine Postkarte an ihre beste Freundin.""? A:","['Sie', 'schreibt', 'eine', 'Postkarte', 'an', 'ihre', 'beste', 'Freundin']",Freundin,
"F: Welches Wort steht am Ende des Satzes ""Wir feiern Ostern traditionell mit bunten Eiern und Familie.""? A:","['Wir', 'feiern', 'Ostern', 'traditionell', 'mit', 'bunten', 'Eiern', 'und', 'Familie']",Familie,
"Schreibe das letzte Wort des Satzes ""Der Vogel baut ein Nest im Baum vor unserem Haus."": ","['Der', 'Vogel', 'baut', 'ein', 'Nest', 'im', 'Baum', 'vor', 'unserem', 'Haus']",Haus,freunden draußen amaraufe
"F: Was ist das letzte Wort des Satzes ""Ich lerne Deutsch, um in Deutschland zu arbeiten und mich zu verständigen.""? A:","['Ich', 'lerne', 'Deutsch', 'um', 'in', 'Deutschland', 'zu', 'arbeiten', 'und', 'mich', 'zu', 'verständigen']",verständigen,
"F: Welches Wort steht am Ende des Satzes ""Wir essen heute frische Pasta mit Tomatensoße und Salat dazu gern.""? A:","['Wir', 'essen', 'heute', 'frische', 'Pasta', 'mit', 'Tomatensoße', 'und', 'Salat', 'dazu', 'gern']",gern,
"Schreibe das letzte Wort des Satzes ""Wir treffen uns am Sonntag zum Frühstück im Café."": ","['Wir', 'treffen', 'uns', 'am', 'Sonntag', 'zum', 'Frühstück', 'im', 'Café']",Café,
"F: Was ist das letzte Wort des Satzes ""Der Junge spielt gerne Fußball auf dem Sportplatz.""? A:","['Der', 'Junge', 'spielt', 'gerne', 'Fußball', 'auf', 'dem', 'Sportplatz']",Sportplatz,
"F: Welches Wort steht am Ende des Satzes ""Ich koche heute eine cremige Kürbissuppe mit frischen Gewürzen.""? A:","['Ich', 'koche', 'heute', 'eine', 'cremige', 'Kürbissuppe', 'mit', 'frischen', 'Gewürzen']",Gewürzen,
"F: Was ist das letzte Wort des Satzes ""Die Kinder spielen draußen im Garten mit ihren Freunden.""? A:","['Die', 'Kinder', 'spielen', 'draußen', 'im', 'Garten', 'mit', 'ihren', 'Freunden']",Freunden,schwimmendescherndes somm
"F: Welches Wort steht am Ende des Satzes ""Sie hört Musik, während sie Hausaufgaben macht und sich konzentriert.""? A:","['Sie', 'hört', 'Musik', 'während', 'sie', 'Hausaufgaben', 'macht', 'und', 'sich', 'konzentriert']",konzentriert,schentententendenkrhmener
"Schreibe das letzte Wort des Satzes ""Ich genieße die Ruhe beim Lesen eines spannenden Romans."": ","['Ich', 'genieße', 'die', 'Ruhe', 'beim', 'Lesen', 'eines', 'spannenden', 'Romans']",Romans,
"F: Was ist das letzte Wort des Satzes ""Sie schreibt ein Gedicht über den Frühling und die Natur.""? A:","['Sie', 'schreibt', 'ein', 'Gedicht', 'über', 'den', 'Frühling', 'und', 'die', 'Natur']",Natur,
"Schreibe das letzte Wort des Satzes ""Die Blumen blühen bunt im Frühling auf dem Balkon zuhause."": ","['Die', 'Blumen', 'blühen', 'bunt', 'im', 'Frühling', 'auf', 'dem', 'Balkon', 'zuhause']",zuhause,schulendenschulententlien
"Schreibe das letzte Wort des Satzes ""Der Vogel baut ein Nest im Baum vor unserem Haus."": ","['Der', 'Vogel', 'baut', 'ein', 'Nest', 'im', 'Baum', 'vor', 'unserem', 'Haus']",Haus,freunden draußen amaraufe
"F: Was ist das letzte Wort des Satzes ""Das Kind malt ein buntes Bild mit vielen Farben.""? A:","['Das', 'Kind', 'malt', 'ein', 'buntes', 'Bild', 'mit', 'vielen', 'Farben']",Farben,
"Schreibe das letzte Wort des Satzes ""Der Vogel zwitschert fröhlich auf dem Baum im Park."": ","['Der', 'Vogel', 'zwitschert', 'fröhlich', 'auf', 'dem', 'Baum', 'im', 'Park']",Park,
"F: Was ist das letzte Wort des Satzes ""Der Vogel baut ein Nest hoch oben im Baum.""? A:","['Der', 'Vogel', 'baut', 'ein', 'Nest', 'hoch', 'oben', 'im', 'Baum']",Baum,spielen wir unsere stadta
"Schreibe das letzte Wort des Satzes ""Der Regen fällt sanft auf die Blätter im Garten."": ","['Der', 'Regen', 'fällt', 'sanft', 'auf', 'die', 'Blätter', 'im', 'Garten']",Garten,
"F: Welches Wort steht am Ende des Satzes ""Wir besuchen am Sonntag das Museum für moderne Kunst in der Stadt.""? A:","['Wir', 'besuchen', 'am', 'Sonntag', 'das', 'Museum', 'für', 'moderne', 'Kunst', 'in', 'der', 'Stadt']",Stadt,
"Schreibe das letzte Wort des Satzes ""Der Lehrer erklärt die neue Grammatikregel geduldig und verständlich."": ","['Der', 'Lehrer', 'erklärt', 'die', 'neue', 'Grammatikregel', 'geduldig', 'und', 'verständlich']",verständlich,schulenderschulen ausende
"Schreibe das letzte Wort des Satzes ""Ich koche heute Abend eine leckere Gemüsesuppe mit frischen Kräutern."": ","['Ich', 'koche', 'heute', 'Abend', 'eine', 'leckere', 'Gemüsesuppe', 'mit', 'frischen', 'Kräutern']",Kräutern,kräutiommarkumserausenden
"F: Welches Wort steht am Ende des Satzes ""Die Katze spielt mit dem kleinen roten Laserpunkt im Wohnzimmer.""? A:","['Die', 'Katze', 'spielt', 'mit', 'dem', 'kleinen', 'roten', 'Laserpunkt', 'im', 'Wohnzimmer']",Wohnzimmer,sommertenendenntsteschend
"F: Was ist das letzte Wort des Satzes ""Der Hund bellt laut, wenn jemand an der Tür klingelt und begrüßt.""? A:","['Der', 'Hund', 'bellt', 'laut', 'wenn', 'jemand', 'an', 'der', 'Tür', 'klingelt', 'und', 'begrüßt']",begrüßt,
"F: Was ist das letzte Wort des Satzes ""Die Blumen im Garten blühen bunt und duften wunderbar.""? A:","['Die', 'Blumen', 'im', 'Garten', 'blühen', 'bunt', 'und', 'duften', 'wunderbar']",wunderbar,
"F: Was ist das letzte Wort des Satzes ""Wir machen einen Ausflug zum See am Samstag.""? A:","['Wir', 'machen', 'einen', 'Ausflug', 'zum', 'See', 'am', 'Samstag']",Samstag,
"F: Welches Wort steht am Ende des Satzes ""Die Blumen duften herrlich im Garten neben dem Haus.""? A:","['Die', 'Blumen', 'duften', 'herrlich', 'im', 'Garten', 'neben', 'dem', 'Haus']",Haus,
"F: Welches Wort steht am Ende des Satzes ""Sie kocht leckere Gerichte aus frischem Gemüse und Kräutern.""? A:","['Sie', 'kocht', 'leckere', 'Gerichte', 'aus', 'frischem', 'Gemüse', 'und', 'Kräutern']",Kräutern,spannendernenderstestende
"F: Welches Wort steht am Ende des Satzes ""Wir feiern Silvester mit Freunden und einem großen Feuerwerk.""? A:","['Wir', 'feiern', 'Silvester', 'mit', 'Freunden', 'und', 'einem', 'großen', 'Feuerwerk']",Feuerwerk,schrendenerorausendenkumb
"Schreibe das letzte Wort des Satzes ""Sie schreibt eine Karte an ihre Freundin zum Geburtstag."": ","['Sie', 'schreibt', 'eine', 'Karte', 'an', 'ihre', 'Freundin', 'zum', 'Geburtstag']",Geburtstag,schulendendeschulenternen
"F: Was ist das letzte Wort des Satzes ""Sie fährt jeden Tag mit dem Fahrrad zur Arbeit.""? A:","['Sie', 'fährt', 'jeden', 'Tag', 'mit', 'dem', 'Fahrrad', 'zur', 'Arbeit']",Arbeit,
"F: Was ist das letzte Wort des Satzes ""Wir machen eine Pause und trinken eine Tasse Kaffee zusammen im Café.""? A:","['Wir', 'machen', 'eine', 'Pause', 'und', 'trinken', 'eine', 'Tasse', 'Kaffee', 'zusammen', 'im', 'Café']",Café,
"F: Welches Wort steht am Ende des Satzes ""Der Lehrer lobt die Schüler für ihre guten Leistungen.""? A:","['Der', 'Lehrer', 'lobt', 'die', 'Schüler', 'für', 'ihre', 'guten', 'Leistungen']",Leistungen,
"F: Welches Wort steht am Ende des Satzes ""Ich gehe abends spazieren, um den Kopf frei zu bekommen.""? A:","['Ich', 'gehe', 'abends', 'spazieren', 'um', 'den', 'Kopf', 'frei', 'zu', 'bekommen']",bekommen,
"F: Was ist das letzte Wort des Satzes ""Sie liest jeden Abend vor dem Schlafengehen ein Buch.""? A:","['Sie', 'liest', 'jeden', 'Abend', 'vor', 'dem', 'Schlafengehen', 'ein', 'Buch']",Buch,
"F: Welches Wort steht am Ende des Satzes ""Sie trinkt morgens warmen Tee mit Honig und Zitrone.""? A:","['Sie', 'trinkt', 'morgens', 'warmen', 'Tee', 'mit', 'Honig', 'und', 'Zitrone']",Zitrone,"geburtscherzeneundenken."""
"F: Welches Wort steht am Ende des Satzes ""Der Vogel zwitschert laut im Garten und begrüßt den neuen Tag.""? A:","['Der', 'Vogel', 'zwitschert', 'laut', 'im', 'Garten', 'und', 'begrüßt', 'den', 'neuen', 'Tag']",Tag,
"F: Welches Wort steht am Ende des Satzes ""Wir feiern Weihnachten traditionell mit der ganzen Familie und Geschenken.""? A:","['Wir', 'feiern', 'Weihnachten', 'traditionell', 'mit', 'der', 'ganzen', 'Familie', 'und', 'Geschenken']",Geschenken,spanntsteschentzettrungst
"F: Was ist das letzte Wort des Satzes ""Das Konzert beginnt um acht Uhr am Abend.""? A:","['Das', 'Konzert', 'beginnt', 'um', 'acht', 'Uhr', 'am', 'Abend']",Abend,spielen wir unsere stadte
"F: Welches Wort steht am Ende des Satzes ""Die Blumen auf dem Balkon blühen schön in der warmen Sonne.""? A:","['Die', 'Blumen', 'auf', 'dem', 'Balkon', 'blühen', 'schön', 'in', 'der', 'warmen', 'Sonne']",Sonne,sonnendestelenammertefizi
"F: Was ist das letzte Wort des Satzes ""Sie kocht heute eine Suppe mit vielen frischen Kräutern.""? A:","['Sie', 'kocht', 'heute', 'eine', 'Suppe', 'mit', 'vielen', 'frischen', 'Kräutern']",Kräutern,
"Schreibe das letzte Wort des Satzes ""Der Himmel ist heute bewölkt, aber es bleibt trocken und mild."": ","['Der', 'Himmel', 'ist', 'heute', 'bewölkt', 'aber', 'es', 'bleibt', 'trocken', 'und', 'mild']",mild,
"F: Was ist das letzte Wort des Satzes ""Wir machen einen Ausflug in die Berge und genießen die Natur.""? A:","['Wir', 'machen', 'einen', 'Ausflug', 'in', 'die', 'Berge', 'und', 'genießen', 'die', 'Natur']",Natur,
"F: Was ist das letzte Wort des Satzes ""Die Blumen blühen bunt und duften angenehm im Frühling.""? A:","['Die', 'Blumen', 'blühen', 'bunt', 'und', 'duften', 'angenehm', 'im', 'Frühling']",Frühling,
"F: Was ist das letzte Wort des Satzes ""Der Zug kommt pünktlich am Bahnhof an.""? A:","['Der', 'Zug', 'kommt', 'pünktlich', 'am', 'Bahnhof', 'an']",an,
"Schreibe das letzte Wort des Satzes ""Die Katze spielt mit ihrem Lieblingsspielzeug im Wohnzimmer fröhlich."": ","['Die', 'Katze', 'spielt', 'mit', 'ihrem', 'Lieblingsspielzeug', 'im', 'Wohnzimmer', 'fröhlich']",fröhlich,schulenderschlebeicke int
"F: Welches Wort steht am Ende des Satzes ""Sie spielt Geige und übt fleißig für das Konzert nächste Woche.""? A:","['Sie', 'spielt', 'Geige', 'und', 'übt', 'fleißig', 'für', 'das', 'Konzert', 'nächste', 'Woche']",Woche,
"F: Was ist das letzte Wort des Satzes ""Wir besuchen nächste Woche das Museum für moderne Kunst.""? A:","['Wir', 'besuchen', 'nächste', 'Woche', 'das', 'Museum', 'für', 'moderne', 'Kunst']",Kunst,schulendenderbinglingende
"F: Was ist das letzte Wort des Satzes ""Sie schreibt eine Karte an ihre Großeltern zum Geburtstag.""? A:","['Sie', 'schreibt', 'eine', 'Karte', 'an', 'ihre', 'Großeltern', 'zum', 'Geburtstag']",Geburtstag,spielernendenkufen sommat
"F: Welches Wort steht am Ende des Satzes ""Wir fahren im Winter in die Berge zum Skifahren und Rodeln oft.""? A:","['Wir', 'fahren', 'im', 'Winter', 'in', 'die', 'Berge', 'zum', 'Skifahren', 'und', 'Rodeln', 'oft']",oft,stadternenderstestenden f
"Schreibe das letzte Wort des Satzes ""Die Blumen auf dem Balkon blühen schön in der warmen Sonne."": ","['Die', 'Blumen', 'auf', 'dem', 'Balkon', 'blühen', 'schön', 'in', 'der', 'warmen', 'Sonne']",Sonne,
"F: Welches Wort steht am Ende des Satzes ""Die Kinder malen Bilder für den Kunstwettbewerb in der Schule.""? A:","['Die', 'Kinder', 'malen', 'Bilder', 'für', 'den', 'Kunstwettbewerb', 'in', 'der', 'Schule']",Schule,
"F: Welches Wort steht am Ende des Satzes ""Wir fahren mit dem Fahrrad durch den Park am Wochenende zum Ausflug.""? A:","['Wir', 'fahren', 'mit', 'dem', 'Fahrrad', 'durch', 'den', 'Park', 'am', 'Wochenende', 'zum', 'Ausflug']",Ausflug,spankendenntsteschends au
"F: Welches Wort steht am Ende des Satzes ""Sie schreibt eine Postkarte aus dem Urlaub an ihre Freunde.""? A:","['Sie', 'schreibt', 'eine', 'Postkarte', 'aus', 'dem', 'Urlaub', 'an', 'ihre', 'Freunde']",Freunde,"sonnenten undschleroch.""?"
"Schreibe das letzte Wort des Satzes ""Er fährt jeden Tag mit dem Fahrrad zur Arbeit in der Stadt."": ","['Er', 'fährt', 'jeden', 'Tag', 'mit', 'dem', 'Fahrrad', 'zur', 'Arbeit', 'in', 'der', 'Stadt']",Stadt,
"F: Welches Wort steht am Ende des Satzes ""Die Katze spielt mit ihrem Lieblingsspielzeug im Wohnzimmer fröhlich.""? A:","['Die', 'Katze', 'spielt', 'mit', 'ihrem', 'Lieblingsspielzeug', 'im', 'Wohnzimmer', 'fröhlich']",fröhlich,schentententenden amsmend
"F: Was ist das letzte Wort des Satzes ""Ich lese oft spannende Bücher über Geschichte und Kultur aus aller Welt.""? A:","['Ich', 'lese', 'oft', 'spannende', 'Bücher', 'über', 'Geschichte', 'und', 'Kultur', 'aus', 'aller', 'Welt']",Welt,"schentendenkuft amt.""? as"
"F: Was ist das letzte Wort des Satzes ""Wir feiern Weihnachten mit der ganzen Familie zusammen und essen viel.""? A:","['Wir', 'feiern', 'Weihnachten', 'mit', 'der', 'ganzen', 'Familie', 'zusammen', 'und', 'essen', 'viel']",viel,schen schaulier sauchteru
"F: Was ist das letzte Wort des Satzes ""Im Park spielen viele Kinder laut auf dem Spielplatz.""? A:","['Im', 'Park', 'spielen', 'viele', 'Kinder', 'laut', 'auf', 'dem', 'Spielplatz']",Spielplatz,
"Schreibe das letzte Wort des Satzes ""Die Kinder spielen Verstecken im Garten und lachen laut."": ","['Die', 'Kinder', 'spielen', 'Verstecken', 'im', 'Garten', 'und', 'lachen', 'laut']",laut,
"F: Was ist das letzte Wort des Satzes ""Er liest die Zeitung beim Frühstück jeden Morgen.""? A:","['Er', 'liest', 'die', 'Zeitung', 'beim', 'Frühstück', 'jeden', 'Morgen']",Morgen,
"Schreibe das letzte Wort des Satzes ""Er repariert sein Fahrrad in der Werkstatt seines Nachbarn."": ","['Er', 'repariert', 'sein', 'Fahrrad', 'in', 'der', 'Werkstatt', 'seines', 'Nachbarn']",Nachbarn,
"F: Welches Wort steht am Ende des Satzes ""Ich gehe abends spazieren, um den Kopf frei zu bekommen.""? A:","['Ich', 'gehe', 'abends', 'spazieren', 'um', 'den', 'Kopf', 'frei', 'zu', 'bekommen']",bekommen,
"Schreibe das letzte Wort des Satzes ""Die Sonne scheint warm auf das Gesicht im Sommer."": ","['Die', 'Sonne', 'scheint', 'warm', 'auf', 'das', 'Gesicht', 'im', 'Sommer']",Sommer,
"Schreibe das letzte Wort des Satzes ""Er repariert das Fahrrad im Keller mit Werkzeug und Geduld."": ","['Er', 'repariert', 'das', 'Fahrrad', 'im', 'Keller', 'mit', 'Werkzeug', 'und', 'Geduld']",Geduld,
"F: Welches Wort steht am Ende des Satzes ""Der Himmel ist klar und die Sonne scheint warm und hell.""? A:","['Der', 'Himmel', 'ist', 'klar', 'und', 'die', 'Sonne', 'scheint', 'warm', 'und', 'hell']",hell,
"F: Was ist das letzte Wort des Satzes ""Der Film im Kino war sehr spannend und lustig.""? A:","['Der', 'Film', 'im', 'Kino', 'war', 'sehr', 'spannend', 'und', 'lustig']",lustig,"spielen sonnenenden.""? a:"
"Schreibe das letzte Wort des Satzes ""Die Blumen blühen bunt und duften herrlich im Frühlingsgarten."": ","['Die', 'Blumen', 'blühen', 'bunt', 'und', 'duften', 'herrlich', 'im', 'Frühlingsgarten']",Frühlingsgarten,schulender fürschunteriti
"F: Was ist das letzte Wort des Satzes ""Ich gehe joggen im Wald am Morgen und genieße.""? A:","['Ich', 'gehe', 'joggen', 'im', 'Wald', 'am', 'Morgen', 'und', 'genieße']",genieße,"stadt freundinn untage.""?"
"Schreibe das letzte Wort des Satzes ""Der Hund liebt es, im Park mit anderen Hunden zu spielen."": ","['Der', 'Hund', 'liebt', 'es', 'im', 'Park', 'mit', 'anderen', 'Hunden', 'zu', 'spielen']",spielen,schulendenendenkuften sor
"F: Welches Wort steht am Ende des Satzes ""Sie kocht oft italienische Gerichte mit frischen Kräutern und Tomaten.""? A:","['Sie', 'kocht', 'oft', 'italienische', 'Gerichte', 'mit', 'frischen', 'Kräutern', 'und', 'Tomaten']",Tomaten,schendendertestaphmmenern
"F: Was ist das letzte Wort des Satzes ""Ich lese oft spannende Bücher über Geschichte und Kultur.""? A:","['Ich', 'lese', 'oft', 'spannende', 'Bücher', 'über', 'Geschichte', 'und', 'Kultur']",Kultur,
"F: Welches Wort steht am Ende des Satzes ""Wir treffen uns am Sonntag zum gemütlichen Frühstück im Café.""? A:","['Wir', 'treffen', 'uns', 'am', 'Sonntag', 'zum', 'gemütlichen', 'Frühstück', 'im', 'Café']",Café,
"F: Was ist das letzte Wort des Satzes ""Wir besuchen nächste Woche das Theater und sehen ein neues Stück.""? A:","['Wir', 'besuchen', 'nächste', 'Woche', 'das', 'Theater', 'und', 'sehen', 'ein', 'neues', 'Stück']",Stück,
"F: Was ist das letzte Wort des Satzes ""Der Vogel singt ein schönes Lied am frühen Morgen.""? A:","['Der', 'Vogel', 'singt', 'ein', 'schönes', 'Lied', 'am', 'frühen', 'Morgen']",Morgen,
"F: Welches Wort steht am Ende des Satzes ""Wir fahren im Sommer ans Meer zum Schwimmen und Entspannen jedes Jahr heute.""? A:","['Wir', 'fahren', 'im', 'Sommer', 'ans', 'Meer', 'zum', 'Schwimmen', 'und', 'Entspannen', 'jedes', 'Jahr', 'heute']",heute,stestesten habstlänkllsen
"F: Welches Wort steht am Ende des Satzes ""Die Blumen auf dem Balkon blühen schön in der warmen Sonne.""? A:","['Die', 'Blumen', 'auf', 'dem', 'Balkon', 'blühen', 'schön', 'in', 'der', 'warmen', 'Sonne']",Sonne,sonnendestelenammertefizi
"F: Was ist das letzte Wort des Satzes ""Der Hund wartet geduldig vor der Tür.""? A:","['Der', 'Hund', 'wartet', 'geduldig', 'vor', 'der', 'Tür']",Tür,"spielen sonnigen freund."""
"F: Welches Wort steht am Ende des Satzes ""Er fährt jeden Morgen mit dem Fahrrad zur Arbeit in die Stadt.""? A:","['Er', 'fährt', 'jeden', 'Morgen', 'mit', 'dem', 'Fahrrad', 'zur', 'Arbeit', 'in', 'die', 'Stadt']",Stadt,
"F: Was ist das letzte Wort des Satzes ""Wir feiern Weihnachten mit der ganzen Familie zusammen.""? A:","['Wir', 'feiern', 'Weihnachten', 'mit', 'der', 'ganzen', 'Familie', 'zusammen']",zusammen,
"F: Was ist das letzte Wort des Satzes ""Wir besuchen morgen das neue Museum in der Stadt.""? A:","['Wir', 'besuchen', 'morgen', 'das', 'neue', 'Museum', 'in', 'der', 'Stadt']",Stadt,
"Schreibe das letzte Wort des Satzes ""Wir essen heute Abend frische Pasta mit Tomatensoße und Parmesan."": ","['Wir', 'essen', 'heute', 'Abend', 'frische', 'Pasta', 'mit', 'Tomatensoße', 'und', 'Parmesan']",Parmesan,
"F: Welches Wort steht am Ende des Satzes ""Wir machen eine Pause und trinken Kaffee zusammen in der Küche oft.""? A:","['Wir', 'machen', 'eine', 'Pause', 'und', 'trinken', 'Kaffee', 'zusammen', 'in', 'der', 'Küche', 'oft']",oft,stelenammatentenden faurr
"F: Welches Wort steht am Ende des Satzes ""Ich schreibe eine Nachricht an meine Eltern zum Geburtstag heute.""? A:","['Ich', 'schreibe', 'eine', 'Nachricht', 'an', 'meine', 'Eltern', 'zum', 'Geburtstag', 'heute']",heute,gedecktentententesten sch
"F: Was ist das letzte Wort des Satzes ""Ich schreibe eine E-Mail an meinen Chef wegen Terminen.""? A:","['Ich', 'schreibe', 'eine', 'E-Mail', 'an', 'meinen', 'Chef', 'wegen', 'Terminen']",Terminen,tageschenendenernden amte
"F: Was ist das letzte Wort des Satzes ""Wir fahren mit dem Fahrrad durch den Park am Wochenende.""? A:","['Wir', 'fahren', 'mit', 'dem', 'Fahrrad', 'durch', 'den', 'Park', 'am', 'Wochenende']",Wochenende,
"F: Was ist das letzte Wort des Satzes ""Sie schreibt eine E-Mail an ihre Freundin und erzählt.""? A:","['Sie', 'schreibt', 'eine', 'E-Mail', 'an', 'ihre', 'Freundin', 'und', 'erzählt']",erzählt,
"F: Was ist das letzte Wort des Satzes ""Ich lerne jeden Tag neue deutsche Wörter.""? A:","['Ich', 'lerne', 'jeden', 'Tag', 'neue', 'deutsche', 'Wörter']",Wörter,spielen wir das ferenden.
"F: Was ist das letzte Wort des Satzes ""Der Lehrer gibt viele Hausaufgaben für das Wochenende an seine Schüler.""? A:","['Der', 'Lehrer', 'gibt', 'viele', 'Hausaufgaben', 'für', 'das', 'Wochenende', 'an', 'seine', 'Schüler']",Schüler,"schule.""? 19 hentrchterma"
"F: Was ist das letzte Wort des Satzes ""Sie kocht gern mit frischen Kräutern aus dem Garten.""? A:","['Sie', 'kocht', 'gern', 'mit', 'frischen', 'Kräutern', 'aus', 'dem', 'Garten']",Garten,
"Schreibe das letzte Wort des Satzes ""Die Kinder freuen sich auf die bevorstehenden Sommerferien sehr."": ","['Die', 'Kinder', 'freuen', 'sich', 'auf', 'die', 'bevorstehenden', 'Sommerferien', 'sehr']",sehr,"schendenkrochen dasten."":"
"F: Was ist das letzte Wort des Satzes ""Sie kocht gerne mit frischen Kräutern aus dem Garten.""? A:","['Sie', 'kocht', 'gerne', 'mit', 'frischen', 'Kräutern', 'aus', 'dem', 'Garten']",Garten,
"Schreibe das letzte Wort des Satzes ""Wir feiern heute ein Fest mit Freunden und leckerem Essen."": ","['Wir', 'feiern', 'heute', 'ein', 'Fest', 'mit', 'Freunden', 'und', 'leckerem', 'Essen']",Essen,"kräutern schenkufenten.""?"
"F: Welches Wort steht am Ende des Satzes ""Der Berg ist hoch und bietet tolle Aussicht auf das Tal.""? A:","['Der', 'Berg', 'ist', 'hoch', 'und', 'bietet', 'tolle', 'Aussicht', 'auf', 'das', 'Tal']",Tal,
"F: Welches Wort steht am Ende des Satzes ""Wir feiern Weihnachten mit der ganzen Familie zusammen und genießen.""? A:","['Wir', 'feiern', 'Weihnachten', 'mit', 'der', 'ganzen', 'Familie', 'zusammen', 'und', 'genießen']",genießen,stehendenteile intagenten
"F: Welches Wort steht am Ende des Satzes ""Sie liest gern spannende Krimis und Thriller am Abend vor dem Schlafen.""? A:","['Sie', 'liest', 'gern', 'spannende', 'Krimis', 'und', 'Thriller', 'am', 'Abend', 'vor', 'dem', 'Schlafen']",Schlafen,spankermenzstagendemenden
"F: Welches Wort steht am Ende des Satzes ""Sie hört gern Musik, während sie am Computer arbeitet zu Hause oft.""? A:","['Sie', 'hört', 'gern', 'Musik', 'während', 'sie', 'am', 'Computer', 'arbeitet', 'zu', 'Hause', 'oft']",oft,stelenammatentenderntarte
"F: Welches Wort steht am Ende des Satzes ""Wir feiern Ostern traditionell mit bunten Eiern und der Familie.""? A:","['Wir', 'feiern', 'Ostern', 'traditionell', 'mit', 'bunten', 'Eiern', 'und', 'der', 'Familie']",Familie,sommertenen henteffarmaum
"Schreibe das letzte Wort des Satzes ""Er fährt jeden Morgen mit dem Fahrrad zur Arbeit in die Stadt."": ","['Er', 'fährt', 'jeden', 'Morgen', 'mit', 'dem', 'Fahrrad', 'zur', 'Arbeit', 'in', 'die', 'Stadt']",Stadt,
"F: Was ist das letzte Wort des Satzes ""Sie hört Musik, während sie Hausaufgaben macht.""? A:","['Sie', 'hört', 'Musik', 'während', 'sie', 'Hausaufgaben', 'macht']",macht,
"F: Was ist das letzte Wort des Satzes ""Ich koche heute Abend ein leckeres Abendessen für meine Familie.""? A:","['Ich', 'koche', 'heute', 'Abend', 'ein', 'leckeres', 'Abendessen', 'für', 'meine', 'Familie']",Familie,schild heider unteriestag
"F: Welches Wort steht am Ende des Satzes ""Sie schreibt eine Karte an ihre Freundin zum Geburtstag.""? A:","['Sie', 'schreibt', 'eine', 'Karte', 'an', 'ihre', 'Freundin', 'zum', 'Geburtstag']",Geburtstag,spielen wiestehrn amtenke
"Schreibe das letzte Wort des Satzes ""Sie liest gern spannende Romane über Abenteuer und ferne Länder."": ","['Sie', 'liest', 'gern', 'spannende', 'Romane', 'über', 'Abenteuer', 'und', 'ferne', 'Länder']",Länder,
"F: Welches Wort steht am Ende des Satzes ""Der Vogel baut ein Nest hoch oben im alten Baum.""? A:","['Der', 'Vogel', 'baut', 'ein', 'Nest', 'hoch', 'oben', 'im', 'alten', 'Baum']",Baum,stadt auf das spannendenk
"Schreibe das letzte Wort des Satzes ""Wir gehen morgen früh zum Markt, um frisches Obst zu kaufen."": ","['Wir', 'gehen', 'morgen', 'früh', 'zum', 'Markt', 'um', 'frisches', 'Obst', 'zu', 'kaufen']",kaufen,
"F: Was ist das letzte Wort des Satzes ""Wir feiern im Sommer ein großes Familienfest.""? A:","['Wir', 'feiern', 'im', 'Sommer', 'ein', 'großes', 'Familienfest']",Familienfest,"stadt freundinne untage."""
"Schreibe das letzte Wort des Satzes ""Wir feiern heute den Geburtstag meiner Schwester mit vielen Gästen."": ","['Wir', 'feiern', 'heute', 'den', 'Geburtstag', 'meiner', 'Schwester', 'mit', 'vielen', 'Gästen']",Gästen,
"Schreibe das letzte Wort des Satzes ""Wir treffen uns am Sonntag zum Frühstück im kleinen Café."": ","['Wir', 'treffen', 'uns', 'am', 'Sonntag', 'zum', 'Frühstück', 'im', 'kleinen', 'Café']",Café,
"F: Was ist das letzte Wort des Satzes ""Wir feiern nächsten Monat eine große Geburtstagsparty.""? A:","['Wir', 'feiern', 'nächsten', 'Monat', 'eine', 'große', 'Geburtstagsparty']",Geburtstagsparty,
"Schreibe das letzte Wort des Satzes ""Die Katze springt geschickt auf das hohe Bücherregal oben."": ","['Die', 'Katze', 'springt', 'geschickt', 'auf', 'das', 'hohe', 'Bücherregal', 'oben']",oben,schwimmen ammungerne son.
"Schreibe das letzte Wort des Satzes ""Der Vogel fliegt hoch in den blauen Himmel über uns."": ","['Der', 'Vogel', 'fliegt', 'hoch', 'in', 'den', 'blauen', 'Himmel', 'über', 'uns']",uns,
"F: Welches Wort steht am Ende des Satzes ""Der Hund läuft schnell durch den Garten und spielt mit dem Ball.""? A:","['Der', 'Hund', 'läuft', 'schnell', 'durch', 'den', 'Garten', 'und', 'spielt', 'mit', 'dem', 'Ball']",Ball,
"Schreibe das letzte Wort des Satzes ""Wir feiern Weihnachten mit der ganzen Familie und leckerem Essen."": ","['Wir', 'feiern', 'Weihnachten', 'mit', 'der', 'ganzen', 'Familie', 'und', 'leckerem', 'Essen']",Essen,
"F: Welches Wort steht am Ende des Satzes ""Der Vogel zwitschert laut im Garten und begrüßt den neuen Tag.""? A:","['Der', 'Vogel', 'zwitschert', 'laut', 'im', 'Garten', 'und', 'begrüßt', 'den', 'neuen', 'Tag']",Tag,
"F: Welches Wort steht am Ende des Satzes ""Ich höre Musik, während ich Hausaufgaben mache und mich konzentriere.""? A:","['Ich', 'höre', 'Musik', 'während', 'ich', 'Hausaufgaben', 'mache', 'und', 'mich', 'konzentriere']",konzentriere,schentententendenkaumen m
"F: Was ist das letzte Wort des Satzes ""Das Kind malt ein buntes Bild mit vielen Farben.""? A:","['Das', 'Kind', 'malt', 'ein', 'buntes', 'Bild', 'mit', 'vielen', 'Farben']",Farben,
"F: Welches Wort steht am Ende des Satzes ""Wir besuchen im Sommer oft den See zum Schwimmen und Entspannen.""? A:","['Wir', 'besuchen', 'im', 'Sommer', 'oft', 'den', 'See', 'zum', 'Schwimmen', 'und', 'Entspannen']",Entspannen,sommertenen henteffarmaum
"F: Was ist das letzte Wort des Satzes ""Der Lehrer lobt die Schüler für ihre guten Leistungen.""? A:","['Der', 'Lehrer', 'lobt', 'die', 'Schüler', 'für', 'ihre', 'guten', 'Leistungen']",Leistungen,
"F: Was ist das letzte Wort des Satzes ""Wir machen eine Pause und trinken eine Tasse Kaffee.""? A:","['Wir', 'machen', 'eine', 'Pause', 'und', 'trinken', 'eine', 'Tasse', 'Kaffee']",Kaffee,
"F: Was ist das letzte Wort des Satzes ""Wir machen eine Pause und trinken eine Tasse Kaffee.""? A:","['Wir', 'machen', 'eine', 'Pause', 'und', 'trinken', 'eine', 'Tasse', 'Kaffee']",Kaffee,
"F: Welches Wort steht am Ende des Satzes ""Ich trinke morgens gern Tee mit Honig und frischer Zitrone.""? A:","['Ich', 'trinke', 'morgens', 'gern', 'Tee', 'mit', 'Honig', 'und', 'frischer', 'Zitrone']",Zitrone,sonnenten undschlerotklte
"F: Was ist das letzte Wort des Satzes ""Der Lehrer gibt uns viele interessante Aufgaben im Unterricht.""? A:","['Der', 'Lehrer', 'gibt', 'uns', 'viele', 'interessante', 'Aufgaben', 'im', 'Unterricht']",Unterricht,
"F: Was ist das letzte Wort des Satzes ""Der Hund bellt laut, wenn jemand an der Tür klingelt.""? A:","['Der', 'Hund', 'bellt', 'laut', 'wenn', 'jemand', 'an', 'der', 'Tür', 'klingelt']",klingelt,
"F: Was ist das letzte Wort des Satzes ""Sie hat ein neues Kleid für die Party gekauft.""? A:","['Sie', 'hat', 'ein', 'neues', 'Kleid', 'für', 'die', 'Party', 'gekauft']",gekauft,"strafenen sonnenden.""? a:"
"F: Welches Wort steht am Ende des Satzes ""Bitte öffne das Fenster, es ist warm und stickig im Zimmer heute.""? A:","['Bitte', 'öffne', 'das', 'Fenster', 'es', 'ist', 'warm', 'und', 'stickig', 'im', 'Zimmer', 'heute']",heute,stenerstendenntstestendeh
"F: Welches Wort steht am Ende des Satzes ""Wir treffen uns am Sonntag zum Frühstück im Café.""? A:","['Wir', 'treffen', 'uns', 'am', 'Sonntag', 'zum', 'Frühstück', 'im', 'Café']",Café,schwimmen sonnendestelena
"F: Was ist das letzte Wort des Satzes ""Wir feiern Silvester mit Freunden und viel Spaß und Musik in der Stadt.""? A:","['Wir', 'feiern', 'Silvester', 'mit', 'Freunden', 'und', 'viel', 'Spaß', 'und', 'Musik', 'in', 'der', 'Stadt']",Stadt,
"F: Was ist das letzte Wort des Satzes ""Sie kocht heute eine Suppe mit frischen Kräutern.""? A:","['Sie', 'kocht', 'heute', 'eine', 'Suppe', 'mit', 'frischen', 'Kräutern']",Kräutern,"sonnigen schwiertagen.""? "
"F: Was ist das letzte Wort des Satzes ""Das Wetter im Frühling ist oft wechselhaft.""? A:","['Das', 'Wetter', 'im', 'Frühling', 'ist', 'oft', 'wechselhaft']",wechselhaft,spielen wir uns unternel.
"Schreibe das letzte Wort des Satzes ""Wir pflanzen gemeinsam Blumen im Garten für den Frühling."": ","['Wir', 'pflanzen', 'gemeinsam', 'Blumen', 'im', 'Garten', 'für', 'den', 'Frühling']",Frühling,schulendenendenkrochen bl
"F: Was ist das letzte Wort des Satzes ""Im Park spielen viele Kinder fröhlich und laut auf dem Spielplatz.""? A:","['Im', 'Park', 'spielen', 'viele', 'Kinder', 'fröhlich', 'und', 'laut', 'auf', 'dem', 'Spielplatz']",Spielplatz,stadtiondentendendennerch
"Schreibe das letzte Wort des Satzes ""Die Blumen im Garten blühen schön in der warmen Sonne."": ","['Die', 'Blumen', 'im', 'Garten', 'blühen', 'schön', 'in', 'der', 'warmen', 'Sonne']",Sonne,
"Schreibe das letzte Wort des Satzes ""Der Lehrer lobt die Schüler für ihre guten Leistungen im Test."": ","['Der', 'Lehrer', 'lobt', 'die', 'Schüler', 'für', 'ihre', 'guten', 'Leistungen', 'im', 'Test']",Test,schulender fürschunterisc
"F: Was ist das letzte Wort des Satzes ""Wir besuchen das Museum, um mehr über Kunst zu lernen.""? A:","['Wir', 'besuchen', 'das', 'Museum', 'um', 'mehr', 'über', 'Kunst', 'zu', 'lernen']",lernen,
"Schreibe das letzte Wort des Satzes ""Der Hund liegt zufrieden in seinem Körbchen und schläft."": ","['Der', 'Hund', 'liegt', 'zufrieden', 'in', 'seinem', 'Körbchen', 'und', 'schläft']",schläft,
"Schreibe das letzte Wort des Satzes ""Die Kinder spielen draußen im Garten Verstecken und haben viel Spaß."": ","['Die', 'Kinder', 'spielen', 'draußen', 'im', 'Garten', 'Verstecken', 'und', 'haben', 'viel', 'Spaß']",Spaß,standschtroneschulendente
"Schreibe das letzte Wort des Satzes ""Ich trinke morgens gern schwarzen Kaffee ohne Zucker und Milch."": ","['Ich', 'trinke', 'morgens', 'gern', 'schwarzen', 'Kaffee', 'ohne', 'Zucker', 'und', 'Milch']",Milch,
"Schreibe das letzte Wort des Satzes ""Wir machen eine Wanderung durch den Wald und hören Vögel."": ","['Wir', 'machen', 'eine', 'Wanderung', 'durch', 'den', 'Wald', 'und', 'hören', 'Vögel']",Vögel,
"F: Welches Wort steht am Ende des Satzes ""Sie liest jeden Abend vor dem Schlafengehen ein interessantes Buch.""? A:","['Sie', 'liest', 'jeden', 'Abend', 'vor', 'dem', 'Schlafengehen', 'ein', 'interessantes', 'Buch']",Buch,stelenammatentenden schte
"F: Welches Wort steht am Ende des Satzes ""Wir machen einen Ausflug zum See am Samstag mit der Familie.""? A:","['Wir', 'machen', 'einen', 'Ausflug', 'zum', 'See', 'am', 'Samstag', 'mit', 'der', 'Familie']",Familie,sonnentschuchtenterkstend
"Schreibe das letzte Wort des Satzes ""Der Winter bringt oft Schnee und kalte Temperaturen in unsere Region."": ","['Der', 'Winter', 'bringt', 'oft', 'Schnee', 'und', 'kalte', 'Temperaturen', 'in', 'unsere', 'Region']",Region,kräutiommarkumserausenden
"F: Was ist das letzte Wort des Satzes ""Ich höre gern Podcasts über Wissenschaft und Technik.""? A:","['Ich', 'höre', 'gern', 'Podcasts', 'über', 'Wissenschaft', 'und', 'Technik']",Technik,
"F: Welches Wort steht am Ende des Satzes ""Der Hund bellt laut, wenn jemand an der Tür klingelt.""? A:","['Der', 'Hund', 'bellt', 'laut', 'wenn', 'jemand', 'an', 'der', 'Tür', 'klingelt']",klingelt,
"Schreibe das letzte Wort des Satzes ""Wir gehen morgen früh zum Markt, um frisches Obst zu kaufen."": ","['Wir', 'gehen', 'morgen', 'früh', 'zum', 'Markt', 'um', 'frisches', 'Obst', 'zu', 'kaufen']",kaufen,
"Schreibe das letzte Wort des Satzes ""Der Himmel ist heute bewölkt, aber es bleibt trocken und mild."": ","['Der', 'Himmel', 'ist', 'heute', 'bewölkt', 'aber', 'es', 'bleibt', 'trocken', 'und', 'mild']",mild,
"Schreibe das letzte Wort des Satzes ""Sie näht eine warme Jacke für den kommenden Winter."": ","['Sie', 'näht', 'eine', 'warme', 'Jacke', 'für', 'den', 'kommenden', 'Winter']",Winter,
"Schreibe das letzte Wort des Satzes ""Die Katze spielt mit ihrem Lieblingsspielzeug auf dem Wohnzimmerboden."": ","['Die', 'Katze', 'spielt', 'mit', 'ihrem', 'Lieblingsspielzeug', 'auf', 'dem', 'Wohnzimmerboden']",Wohnzimmerboden,
"Schreibe das letzte Wort des Satzes ""Wir spielen Karten und lachen laut bis spät in Nacht."": ","['Wir', 'spielen', 'Karten', 'und', 'lachen', 'laut', 'bis', 'spät', 'in', 'Nacht']",Nacht,
"F: Was ist das letzte Wort des Satzes ""Das Wetter wird im Sommer oft sehr heiß und trocken.""? A:","['Das', 'Wetter', 'wird', 'im', 'Sommer', 'oft', 'sehr', 'heiß', 'und', 'trocken']",trocken,
"Schreibe das letzte Wort des Satzes ""Sie schreibt regelmäßig Briefe an ihre Freunde und Verwandten."": ","['Sie', 'schreibt', 'regelmäßig', 'Briefe', 'an', 'ihre', 'Freunde', 'und', 'Verwandten']",Verwandten,schulendererten schulen u
"F: Was ist das letzte Wort des Satzes ""Der Hund frisst sein Futter mit großem Appetit.""? A:","['Der', 'Hund', 'frisst', 'sein', 'Futter', 'mit', 'großem', 'Appetit']",Appetit,
"F: Welches Wort steht am Ende des Satzes ""Die Blumen blühen bunt im Frühling auf dem Balkon.""? A:","['Die', 'Blumen', 'blühen', 'bunt', 'im', 'Frühling', 'auf', 'dem', 'Balkon']",Balkon,"spielende und kreien.""? a"
"Schreibe das letzte Wort des Satzes ""Die Kinder spielen draußen im Park mit bunten Luftballons."": ","['Die', 'Kinder', 'spielen', 'draußen', 'im', 'Park', 'mit', 'bunten', 'Luftballons']",Luftballons,"schulendenschulerenten."":"
"Schreibe das letzte Wort des Satzes ""Die Kinder spielen draußen im Garten mit ihren bunten Spielsachen."": ","['Die', 'Kinder', 'spielen', 'draußen', 'im', 'Garten', 'mit', 'ihren', 'bunten', 'Spielsachen']",Spielsachen,
"F: Welches Wort steht am Ende des Satzes ""Sie schreibt regelmäßig Briefe an ihre Großeltern auf dem Land.""? A:","['Sie', 'schreibt', 'regelmäßig', 'Briefe', 'an', 'ihre', 'Großeltern', 'auf', 'dem', 'Land']",Land,
"F: Was ist das letzte Wort des Satzes ""Sie tanzt begeistert im Tanzkurs jeden Freitagabend.""? A:","['Sie', 'tanzt', 'begeistert', 'im', 'Tanzkurs', 'jeden', 'Freitagabend']",Freitagabend,schulendenkendenen schult
"F: Was ist das letzte Wort des Satzes ""Der Vogel zwitschert fröhlich im Baum neben dem Haus morgens.""? A:","['Der', 'Vogel', 'zwitschert', 'fröhlich', 'im', 'Baum', 'neben', 'dem', 'Haus', 'morgens']",morgens,"stadtagenderne schule.""? "
"Schreibe das letzte Wort des Satzes ""Er liest täglich die Zeitung am Frühstückstisch in der Küche."": ","['Er', 'liest', 'täglich', 'die', 'Zeitung', 'am', 'Frühstückstisch', 'in', 'der', 'Küche']",Küche,
"F: Was ist das letzte Wort des Satzes ""Wir feiern nächsten Monat eine große Geburtstagsparty.""? A:","['Wir', 'feiern', 'nächsten', 'Monat', 'eine', 'große', 'Geburtstagsparty']",Geburtstagsparty,
"Schreibe das letzte Wort des Satzes ""Er schreibt täglich in sein Tagebuch über seine Erlebnisse und Gedanken."": ","['Er', 'schreibt', 'täglich', 'in', 'sein', 'Tagebuch', 'über', 'seine', 'Erlebnisse', 'und', 'Gedanken']",Gedanken,schiererreinkumm ammmelnd
"F: Welches Wort steht am Ende des Satzes ""Wir fahren oft mit dem Auto ins Gebirge zum Wandern.""? A:","['Wir', 'fahren', 'oft', 'mit', 'dem', 'Auto', 'ins', 'Gebirge', 'zum', 'Wandern']",Wandern,geburtscherzeneundenkende
"F: Was ist das letzte Wort des Satzes ""Wir machen eine Pause und trinken frischen Kaffee in der Sonne.""? A:","['Wir', 'machen', 'eine', 'Pause', 'und', 'trinken', 'frischen', 'Kaffee', 'in', 'der', 'Sonne']",Sonne,
"F: Was ist das letzte Wort des Satzes ""Die Lampe leuchtet hell im Zimmer neben dem Bett.""? A:","['Die', 'Lampe', 'leuchtet', 'hell', 'im', 'Zimmer', 'neben', 'dem', 'Bett']",Bett,
"Schreibe das letzte Wort des Satzes ""Der Hund rennt schnell durch den Park voller Freude."": ","['Der', 'Hund', 'rennt', 'schnell', 'durch', 'den', 'Park', 'voller', 'Freude']",Freude,"schule mit freundenkuft."""
"F: Was ist das letzte Wort des Satzes ""Ich koche heute eine Pizza mit frischem Gemüse.""? A:","['Ich', 'koche', 'heute', 'eine', 'Pizza', 'mit', 'frischem', 'Gemüse']",Gemüse,
"F: Welches Wort steht am Ende des Satzes ""Die Kinder malen bunte Bilder für das Schulprojekt im Kunstunterricht.""? A:","['Die', 'Kinder', 'malen', 'bunte', 'Bilder', 'für', 'das', 'Schulprojekt', 'im', 'Kunstunterricht']",Kunstunterricht,schendenderteschentzettru
"Schreibe das letzte Wort des Satzes ""Die Sonne scheint warm durch das Fenster ins Wohnzimmer."": ","['Die', 'Sonne', 'scheint', 'warm', 'durch', 'das', 'Fenster', 'ins', 'Wohnzimmer']",Wohnzimmer,
"F: Welches Wort steht am Ende des Satzes ""Wir fahren mit dem Fahrrad durch den Park am Wochenende zum Entspannen.""? A:","['Wir', 'fahren', 'mit', 'dem', 'Fahrrad', 'durch', 'den', 'Park', 'am', 'Wochenende', 'zum', 'Entspannen']",Entspannen,spankliederteilender ammu
"Schreibe das letzte Wort des Satzes ""Wir machen eine Wanderung durch die Berge am Wochenende."": ","['Wir', 'machen', 'eine', 'Wanderung', 'durch', 'die', 'Berge', 'am', 'Wochenende']",Wochenende,
"F: Was ist das letzte Wort des Satzes ""Der Hund bellt, wenn jemand an der Tür klingelt.""? A:","['Der', 'Hund', 'bellt', 'wenn', 'jemand', 'an', 'der', 'Tür', 'klingelt']",klingelt,
"Schreibe das letzte Wort des Satzes ""Wir besuchen am Wochenende das neue Theaterstück in der Stadt."": ","['Wir', 'besuchen', 'am', 'Wochenende', 'das', 'neue', 'Theaterstück', 'in', 'der', 'Stadt']",Stadt,
"F: Was ist das letzte Wort des Satzes ""Ich gehe gerne joggen im Wald am Morgen.""? A:","['Ich', 'gehe', 'gerne', 'joggen', 'im', 'Wald', 'am', 'Morgen']",Morgen,"spielen wir den see.""? a:"
"F: Was ist das letzte Wort des Satzes ""Sie schreibt eine E-Mail an ihre beste Freundin und erzählt Neuigkeiten.""? A:","['Sie', 'schreibt', 'eine', 'E-Mail', 'an', 'ihre', 'beste', 'Freundin', 'und', 'erzählt', 'Neuigkeiten']",Neuigkeiten,
"F: Welches Wort steht am Ende des Satzes ""Wir feiern heute Geburtstag mit Familie und Freunden zusammen.""? A:","['Wir', 'feiern', 'heute', 'Geburtstag', 'mit', 'Familie', 'und', 'Freunden', 'zusammen']",zusammen,
"F: Was ist das letzte Wort des Satzes ""Die Blumen blühen bunt im Frühling und Sommer.""? A:","['Die', 'Blumen', 'blühen', 'bunt', 'im', 'Frühling', 'und', 'Sommer']",Sommer,
"Schreibe das letzte Wort des Satzes ""Wir machen eine Fahrradtour entlang des Flusses bei schönem Wetter."": ","['Wir', 'machen', 'eine', 'Fahrradtour', 'entlang', 'des', 'Flusses', 'bei', 'schönem', 'Wetter']",Wetter,
"F: Was ist das letzte Wort des Satzes ""Der Hund frisst sein Futter mit großem Appetit.""? A:","['Der', 'Hund', 'frisst', 'sein', 'Futter', 'mit', 'großem', 'Appetit']",Appetit,
"F: Was ist das letzte Wort des Satzes ""Ich mag es, im Herbst durch bunte Blätter zu laufen.""? A:","['Ich', 'mag', 'es', 'im', 'Herbst', 'durch', 'bunte', 'Blätter', 'zu', 'laufen']",laufen,
"F: Welches Wort steht am Ende des Satzes ""Wir besuchen im Sommer oft den See zum Schwimmen und Entspannen.""? A:","['Wir', 'besuchen', 'im', 'Sommer', 'oft', 'den', 'See', 'zum', 'Schwimmen', 'und', 'Entspannen']",Entspannen,sommertenen henteffarmaum
"F: Welches Wort steht am Ende des Satzes ""Wir feiern heute das Fest mit Freunden und Familie zusammen.""? A:","['Wir', 'feiern', 'heute', 'das', 'Fest', 'mit', 'Freunden', 'und', 'Familie', 'zusammen']",zusammen,
"F: Was ist das letzte Wort des Satzes ""Sie kocht gern italienische Gerichte für ihre Freunde.""? A:","['Sie', 'kocht', 'gern', 'italienische', 'Gerichte', 'für', 'ihre', 'Freunde']",Freunde,
"F: Was ist das letzte Wort des Satzes ""Ich lerne Deutsch, um besser arbeiten zu können.""? A:","['Ich', 'lerne', 'Deutsch', 'um', 'besser', 'arbeiten', 'zu', 'können']",können,spielener stadtundenkunti
"F: Welches Wort steht am Ende des Satzes ""Er schreibt täglich in sein Tagebuch über seine Gedanken.""? A:","['Er', 'schreibt', 'täglich', 'in', 'sein', 'Tagebuch', 'über', 'seine', 'Gedanken']",Gedanken,sofahliessendenkendendert
"F: Was ist das letzte Wort des Satzes ""Sie spielt gern Klavier und übt jeden Tag fleißig.""? A:","['Sie', 'spielt', 'gern', 'Klavier', 'und', 'übt', 'jeden', 'Tag', 'fleißig']",fleißig,
"F: Was ist das letzte Wort des Satzes ""Das Auto ist schnell und sparsam im Verbrauch.""? A:","['Das', 'Auto', 'ist', 'schnell', 'und', 'sparsam', 'im', 'Verbrauch']",Verbrauch,
"F: Welches Wort steht am Ende des Satzes ""Der Vogel singt früh am Morgen ein fröhliches Lied draußen.""? A:","['Der', 'Vogel', 'singt', 'früh', 'am', 'Morgen', 'ein', 'fröhliches', 'Lied', 'draußen']",draußen,sonnendestesunzigerdenend
"Schreibe das letzte Wort des Satzes ""Der Himmel ist klar und die Sterne leuchten in der Nacht."": ","['Der', 'Himmel', 'ist', 'klar', 'und', 'die', 'Sterne', 'leuchten', 'in', 'der', 'Nacht']",Nacht,
"Schreibe das letzte Wort des Satzes ""Ich koche heute eine leckere Tomatensuppe mit frischen Kräutern."": ","['Ich', 'koche', 'heute', 'eine', 'leckere', 'Tomatensuppe', 'mit', 'frischen', 'Kräutern']",Kräutern,
"F: Welches Wort steht am Ende des Satzes ""Ich trinke abends gerne warmen Kräutertee zum Entspannen.""? A:","['Ich', 'trinke', 'abends', 'gerne', 'warmen', 'Kräutertee', 'zum', 'Entspannen']",Entspannen,sofahliessendenkendenntst
"Schreibe das letzte Wort des Satzes ""Wir genießen den sonnigen Tag beim Spielen im Park zusammen."": ","['Wir', 'genießen', 'den', 'sonnigen', 'Tag', 'beim', 'Spielen', 'im', 'Park', 'zusammen']",zusammen,
"Schreibe das letzte Wort des Satzes ""Er liest täglich die Zeitung am Frühstückstisch zu Hause."": ","['Er', 'liest', 'täglich', 'die', 'Zeitung', 'am', 'Frühstückstisch', 'zu', 'Hause']",Hause,schulendenendenkuften soc
"F: Welches Wort steht am Ende des Satzes ""Wir fahren im Herbst oft mit dem Auto ins Gebirge.""? A:","['Wir', 'fahren', 'im', 'Herbst', 'oft', 'mit', 'dem', 'Auto', 'ins', 'Gebirge']",Gebirge,
"F: Welches Wort steht am Ende des Satzes ""Er fährt mit dem Zug zur Arbeit in die Stadt jeden Tag heute.""? A:","['Er', 'fährt', 'mit', 'dem', 'Zug', 'zur', 'Arbeit', 'in', 'die', 'Stadt', 'jeden', 'Tag', 'heute']",heute,schrentspannen hentestage
"Schreibe das letzte Wort des Satzes ""Die Sonne scheint warm und hell durch die geöffneten Fenster."": ","['Die', 'Sonne', 'scheint', 'warm', 'und', 'hell', 'durch', 'die', 'geöffneten', 'Fenster']",Fenster,
"F: Was ist das letzte Wort des Satzes ""Ich esse gern Schokolade und süße Kuchen.""? A:","['Ich', 'esse', 'gern', 'Schokolade', 'und', 'süße', 'Kuchen']",Kuchen,
"Schreibe das letzte Wort des Satzes ""Ich gehe abends oft spazieren, um den Kopf frei zu bekommen."": ","['Ich', 'gehe', 'abends', 'oft', 'spazieren', 'um', 'den', 'Kopf', 'frei', 'zu', 'bekommen']",bekommen,
"F: Welches Wort steht am Ende des Satzes ""Wir besuchen das Museum, um Kunst zu lernen und zu bewundern.""? A:","['Wir', 'besuchen', 'das', 'Museum', 'um', 'Kunst', 'zu', 'lernen', 'und', 'zu', 'bewundern']",bewundern,schrentspannen henteffarm
"Schreibe das letzte Wort des Satzes ""Ich genieße den Duft von frischem Kaffee am frühen Morgen."": ","['Ich', 'genieße', 'den', 'Duft', 'von', 'frischem', 'Kaffee', 'am', 'frühen', 'Morgen']",Morgen,schwimmen ammungerne bent
"F: Welches Wort steht am Ende des Satzes ""Sie liest gern Romane über Abenteuer und spannende Geschichten.""? A:","['Sie', 'liest', 'gern', 'Romane', 'über', 'Abenteuer', 'und', 'spannende', 'Geschichten']",Geschichten,
"F: Welches Wort steht am Ende des Satzes ""Ich lese oft Bücher über Geschichte und interessante Kulturen weltweit.""? A:","['Ich', 'lese', 'oft', 'Bücher', 'über', 'Geschichte', 'und', 'interessante', 'Kulturen', 'weltweit']",weltweit,sammenteile henkenze kult
"Schreibe das letzte Wort des Satzes ""Die Katze schnurrt zufrieden, wenn sie gestreichelt wird vom Besitzer."": ","['Die', 'Katze', 'schnurrt', 'zufrieden', 'wenn', 'sie', 'gestreichelt', 'wird', 'vom', 'Besitzer']",Besitzer,
"F: Welches Wort steht am Ende des Satzes ""Die Katze schnurrt zufrieden, wenn sie gestreichelt wird.""? A:","['Die', 'Katze', 'schnurrt', 'zufrieden', 'wenn', 'sie', 'gestreichelt', 'wird']",wird,sofahliedenendenen aungen
"F: Was ist das letzte Wort des Satzes ""Die Lampe leuchtet hell im dunklen Zimmer.""? A:","['Die', 'Lampe', 'leuchtet', 'hell', 'im', 'dunklen', 'Zimmer']",Zimmer,spielen wir das feuederne
"Schreibe das letzte Wort des Satzes ""Der Lehrer erklärt geduldig die schwierigen Grammatikregeln im Unterricht."": ","['Der', 'Lehrer', 'erklärt', 'geduldig', 'die', 'schwierigen', 'Grammatikregeln', 'im', 'Unterricht']",Unterricht,famschentendennendenterie
"F: Was ist das letzte Wort des Satzes ""Wir besuchen nächste Woche das neue Museum in der Stadt.""? A:","['Wir', 'besuchen', 'nächste', 'Woche', 'das', 'neue', 'Museum', 'in', 'der', 'Stadt']",Stadt,
"F: Welches Wort steht am Ende des Satzes ""Wir fahren im Winter in die Berge zum Skifahren und Rodeln oft heute.""? A:","['Wir', 'fahren', 'im', 'Winter', 'in', 'die', 'Berge', 'zum', 'Skifahren', 'und', 'Rodeln', 'oft', 'heute']",heute,schentententenden schtend
"F: Was ist das letzte Wort des Satzes ""Wir machen einen Spaziergang durch den Wald am Nachmittag.""? A:","['Wir', 'machen', 'einen', 'Spaziergang', 'durch', 'den', 'Wald', 'am', 'Nachmittag']",Nachmittag,
"Schreibe das letzte Wort des Satzes ""Die Kinder basteln Laternen für das Martinsfest in der Schule."": ","['Die', 'Kinder', 'basteln', 'Laternen', 'für', 'das', 'Martinsfest', 'in', 'der', 'Schule']",Schule,stadterrumerten spaschen 
"Schreibe das letzte Wort des Satzes ""Sie pflückt Wildblumen und bindet einen bunten Strauß daraus."": ","['Sie', 'pflückt', 'Wildblumen', 'und', 'bindet', 'einen', 'bunten', 'Strauß', 'daraus']",daraus,
"F: Was ist das letzte Wort des Satzes ""Der Lehrer erklärt die Grammatik sehr geduldig und klar.""? A:","['Der', 'Lehrer', 'erklärt', 'die', 'Grammatik', 'sehr', 'geduldig', 'und', 'klar']",klar,
"F: Welches Wort steht am Ende des Satzes ""Wir machen eine Radtour am Wochenende entlang des Flusses.""? A:","['Wir', 'machen', 'eine', 'Radtour', 'am', 'Wochenende', 'entlang', 'des', 'Flusses']",Flusses,sofammerrichtstagenteile 
"Schreibe das letzte Wort des Satzes ""Sie tanzt leidenschaftlich gern jeden Samstagabend in der Tanzschule."": ","['Sie', 'tanzt', 'leidenschaftlich', 'gern', 'jeden', 'Samstagabend', 'in', 'der', 'Tanzschule']",Tanzschule,"der hunterntenden."": dtre"
"F: Was ist das letzte Wort des Satzes ""Wir fahren mit dem Zug in die nächste Stadt.""? A:","['Wir', 'fahren', 'mit', 'dem', 'Zug', 'in', 'die', 'nächste', 'Stadt']",Stadt,
"F: Welches Wort steht am Ende des Satzes ""Er fährt mit dem Zug pünktlich zur Arbeit in die Stadt.""? A:","['Er', 'fährt', 'mit', 'dem', 'Zug', 'pünktlich', 'zur', 'Arbeit', 'in', 'die', 'Stadt']",Stadt,
"F: Was ist das letzte Wort des Satzes ""Ich trinke abends gern eine heiße Tasse Tee.""? A:","['Ich', 'trinke', 'abends', 'gern', 'eine', 'heiße', 'Tasse', 'Tee']",Tee,
"Schreibe das letzte Wort des Satzes ""Der Himmel färbt sich rosa beim Sonnenaufgang über den Bergen."": ","['Der', 'Himmel', 'färbt', 'sich', 'rosa', 'beim', 'Sonnenaufgang', 'über', 'den', 'Bergen']",Bergen,
"F: Was ist das letzte Wort des Satzes ""Wir treffen uns morgen im Café zum Frühstücken.""? A:","['Wir', 'treffen', 'uns', 'morgen', 'im', 'Café', 'zum', 'Frühstücken']",Frühstücken,"schulende stundenen.""? a:"
"F: Was ist das letzte Wort des Satzes ""Der Film war spannend und sehr unterhaltsam.""? A:","['Der', 'Film', 'war', 'spannend', 'und', 'sehr', 'unterhaltsam']",unterhaltsam,
"F: Was ist das letzte Wort des Satzes ""Der Fluss fließt ruhig durch die grüne Landschaft.""? A:","['Der', 'Fluss', 'fließt', 'ruhig', 'durch', 'die', 'grüne', 'Landschaft']",Landschaft,
"F: Was ist das letzte Wort des Satzes ""Ich lerne jeden Tag neue deutsche Wörter und Redewendungen für den Alltag.""? A:","['Ich', 'lerne', 'jeden', 'Tag', 'neue', 'deutsche', 'Wörter', 'und', 'Redewendungen', 'für', 'den', 'Alltag']",Alltag,sparzzusternender keister
"Schreibe das letzte Wort des Satzes ""Die Kinder spielen draußen im Garten Verstecken und haben viel Spaß."": ","['Die', 'Kinder', 'spielen', 'draußen', 'im', 'Garten', 'Verstecken', 'und', 'haben', 'viel', 'Spaß']",Spaß,standschtroneschulendente
"Schreibe das letzte Wort des Satzes ""Die Kinder basteln Laternen für das Martinsfest in der Schule."": ","['Die', 'Kinder', 'basteln', 'Laternen', 'für', 'das', 'Martinsfest', 'in', 'der', 'Schule']",Schule,stadterrumerten spaschen 
"Schreibe das letzte Wort des Satzes ""Er fährt täglich mit dem Fahrrad zur Arbeit in die Stadt."": ","['Er', 'fährt', 'täglich', 'mit', 'dem', 'Fahrrad', 'zur', 'Arbeit', 'in', 'die', 'Stadt']",Stadt,
"F: Was ist das letzte Wort des Satzes ""Der Hund bellt, wenn jemand an der Tür klingelt.""? A:","['Der', 'Hund', 'bellt', 'wenn', 'jemand', 'an', 'der', 'Tür', 'klingelt']",klingelt,
"F: Was ist das letzte Wort des Satzes ""Sie liest gern spannende Bücher über Abenteuer.""? A:","['Sie', 'liest', 'gern', 'spannende', 'Bücher', 'über', 'Abenteuer']",Abenteuer,"spielen wir und sanken.""?"
"F: Welches Wort steht am Ende des Satzes ""Die Katze spielt mit ihrem Lieblingsspielzeug auf dem Wohnzimmerboden.""? A:","['Die', 'Katze', 'spielt', 'mit', 'ihrem', 'Lieblingsspielzeug', 'auf', 'dem', 'Wohnzimmerboden']",Wohnzimmerboden,schendendertendentzenende
"F: Welches Wort steht am Ende des Satzes ""Ich trinke gerne schwarzen Kaffee mit etwas Zucker und Milch.""? A:","['Ich', 'trinke', 'gerne', 'schwarzen', 'Kaffee', 'mit', 'etwas', 'Zucker', 'und', 'Milch']",Milch,schrentspannen hentestaga
"F: Was ist das letzte Wort des Satzes ""Sie hört Musik, während sie ihre Hausaufgaben macht und sich konzentriert.""? A:","['Sie', 'hört', 'Musik', 'während', 'sie', 'ihre', 'Hausaufgaben', 'macht', 'und', 'sich', 'konzentriert']",konzentriert,
"F: Welches Wort steht am Ende des Satzes ""Sie liest gern spannende Bücher über ferne Länder und Kulturen oft.""? A:","['Sie', 'liest', 'gern', 'spannende', 'Bücher', 'über', 'ferne', 'Länder', 'und', 'Kulturen', 'oft']",oft,stelenammatentenden schte
"Schreibe das letzte Wort des Satzes ""Das Wetter ist heute ideal zum Fahrradfahren im Park."": ","['Das', 'Wetter', 'ist', 'heute', 'ideal', 'zum', 'Fahrradfahren', 'im', 'Park']",Park,
"F: Was ist das letzte Wort des Satzes ""Wir feiern nächsten Monat eine große Geburtstagsparty zu Hause mit Freunden und Familie.""? A:","['Wir', 'feiern', 'nächsten', 'Monat', 'eine', 'große', 'Geburtstagsparty', 'zu', 'Hause', 'mit', 'Freunden', 'und', 'Familie']",Familie,sntendentertertzungenden.
"F: Was ist das letzte Wort des Satzes ""Der Vogel singt ein schönes Lied am Morgen.""? A:","['Der', 'Vogel', 'singt', 'ein', 'schönes', 'Lied', 'am', 'Morgen']",Morgen,"spielen wir das feuge.""? "
"Schreibe das letzte Wort des Satzes ""Sie schreibt einen Brief an ihre beste Freundin in Berlin."": ","['Sie', 'schreibt', 'einen', 'Brief', 'an', 'ihre', 'beste', 'Freundin', 'in', 'Berlin']",Berlin,
"F: Welches Wort steht am Ende des Satzes ""Der Himmel ist blau und die Sonne scheint hell und warm heute.""? A:","['Der', 'Himmel', 'ist', 'blau', 'und', 'die', 'Sonne', 'scheint', 'hell', 'und', 'warm', 'heute']",heute,
"Schreibe das letzte Wort des Satzes ""Wir genießen den sonnigen Tag beim Picknick im Park zusammen."": ","['Wir', 'genießen', 'den', 'sonnigen', 'Tag', 'beim', 'Picknick', 'im', 'Park', 'zusammen']",zusammen,
"F: Was ist das letzte Wort des Satzes ""Wir fahren im Sommer an den See zum Baden.""? A:","['Wir', 'fahren', 'im', 'Sommer', 'an', 'den', 'See', 'zum', 'Baden']",Baden,spielen wir unsere stadta
"F: Was ist das letzte Wort des Satzes ""Der Hund läuft schnell durch den großen Garten und spielt.""? A:","['Der', 'Hund', 'läuft', 'schnell', 'durch', 'den', 'großen', 'Garten', 'und', 'spielt']",spielt,"spartendenen schult.""? ab"
"F: Was ist das letzte Wort des Satzes ""Der Zug kommt pünktlich am Bahnhof an.""? A:","['Der', 'Zug', 'kommt', 'pünktlich', 'am', 'Bahnhof', 'an']",an,
"F: Welches Wort steht am Ende des Satzes ""Wir gehen heute Abend ins Restaurant zum gemütlichen Essen.""? A:","['Wir', 'gehen', 'heute', 'Abend', 'ins', 'Restaurant', 'zum', 'gemütlichen', 'Essen']",Essen,sonnendestesitzernerksten
"F: Was ist das letzte Wort des Satzes ""Sie schreibt eine Postkarte an ihre Großeltern.""? A:","['Sie', 'schreibt', 'eine', 'Postkarte', 'an', 'ihre', 'Großeltern']",Großeltern,
"F: Was ist das letzte Wort des Satzes ""Wir fahren im Sommer ans Meer zum Schwimmen.""? A:","['Wir', 'fahren', 'im', 'Sommer', 'ans', 'Meer', 'zum', 'Schwimmen']",Schwimmen,"spielen wir der hunde.""? "
"F: Was ist das letzte Wort des Satzes ""Ich höre gern Podcasts über Wissenschaft und Technik.""? A:","['Ich', 'höre', 'gern', 'Podcasts', 'über', 'Wissenschaft', 'und', 'Technik']",Technik,
"Schreibe das letzte Wort des Satzes ""Er fährt jeden Tag mit dem Fahrrad zur Arbeit in die Stadt."": ","['Er', 'fährt', 'jeden', 'Tag', 'mit', 'dem', 'Fahrrad', 'zur', 'Arbeit', 'in', 'die', 'Stadt']",Stadt,
"Schreibe das letzte Wort des Satzes ""Der Hund wartet geduldig vor der Haustür auf seinen Spaziergang."": ","['Der', 'Hund', 'wartet', 'geduldig', 'vor', 'der', 'Haustür', 'auf', 'seinen', 'Spaziergang']",Spaziergang,
"F: Was ist das letzte Wort des Satzes ""Wir machen eine Wanderung durch den schönen Wald.""? A:","['Wir', 'machen', 'eine', 'Wanderung', 'durch', 'den', 'schönen', 'Wald']",Wald,schulenerennendenkultende
"F: Welches Wort steht am Ende des Satzes ""Der Hund liegt entspannt auf dem Teppich vor dem Kamin.""? A:","['Der', 'Hund', 'liegt', 'entspannt', 'auf', 'dem', 'Teppich', 'vor', 'dem', 'Kamin']",Kamin,
"Schreibe das letzte Wort des Satzes ""Ich genieße die Ruhe beim Lesen eines guten Romans am Abend."": ","['Ich', 'genieße', 'die', 'Ruhe', 'beim', 'Lesen', 'eines', 'guten', 'Romans', 'am', 'Abend']",Abend,
"F: Welches Wort steht am Ende des Satzes ""Die Katze spielt mit ihrem Lieblingsspielzeug im Wohnzimmer fröhlich.""? A:","['Die', 'Katze', 'spielt', 'mit', 'ihrem', 'Lieblingsspielzeug', 'im', 'Wohnzimmer', 'fröhlich']",fröhlich,schentententenden amsmend
"F: Was ist das letzte Wort des Satzes ""Wir fahren im Winter oft in die Berge zum Skifahren.""? A:","['Wir', 'fahren', 'im', 'Winter', 'oft', 'in', 'die', 'Berge', 'zum', 'Skifahren']",Skifahren,
"F: Welches Wort steht am Ende des Satzes ""Sie kocht leckere Gerichte mit frischem Gemüse aus dem Garten.""? A:","['Sie', 'kocht', 'leckere', 'Gerichte', 'mit', 'frischem', 'Gemüse', 'aus', 'dem', 'Garten']",Garten,
"Schreibe das letzte Wort des Satzes ""Die Kinder spielen draußen im Park mit bunten Luftballons und lachen."": ","['Die', 'Kinder', 'spielen', 'draußen', 'im', 'Park', 'mit', 'bunten', 'Luftballons', 'und', 'lachen']",lachen,kräutiommarkumseruntercht
"Schreibe das letzte Wort des Satzes ""Ich trinke morgens heißen Kaffee, um wach zu werden."": ","['Ich', 'trinke', 'morgens', 'heißen', 'Kaffee', 'um', 'wach', 'zu', 'werden']",werden,
"Schreibe das letzte Wort des Satzes ""Die Katze schnurrt leise, während sie auf dem Schoß sitzt."": ","['Die', 'Katze', 'schnurrt', 'leise', 'während', 'sie', 'auf', 'dem', 'Schoß', 'sitzt']",sitzt,
"F: Welches Wort steht am Ende des Satzes ""Ich trinke abends oft einen Kräutertee zum Entspannen vor dem Schlaf.""? A:","['Ich', 'trinke', 'abends', 'oft', 'einen', 'Kräutertee', 'zum', 'Entspannen', 'vor', 'dem', 'Schlaf']",Schlaf,"schententen.""? ausente au"
"F: Welches Wort steht am Ende des Satzes ""Ich koche heute eine cremige Kürbissuppe mit frischen Gewürzen.""? A:","['Ich', 'koche', 'heute', 'eine', 'cremige', 'Kürbissuppe', 'mit', 'frischen', 'Gewürzen']",Gewürzen,
"F: Was ist das letzte Wort des Satzes ""Wir gehen heute Abend ins Theater und sehen ein Stück.""? A:","['Wir', 'gehen', 'heute', 'Abend', 'ins', 'Theater', 'und', 'sehen', 'ein', 'Stück']",Stück,
"Schreibe das letzte Wort des Satzes ""Der Vogel zwitschert munter im Baum vor unserem Fenster."": ","['Der', 'Vogel', 'zwitschert', 'munter', 'im', 'Baum', 'vor', 'unserem', 'Fenster']",Fenster,
"F: Was ist das letzte Wort des Satzes ""Die Blumen im Park blühen bunt und duften angenehm.""? A:","['Die', 'Blumen', 'im', 'Park', 'blühen', 'bunt', 'und', 'duften', 'angenehm']",angenehm,
"F: Welches Wort steht am Ende des Satzes ""Er fährt jeden Morgen mit dem Fahrrad zur Arbeit in die Stadt.""? A:","['Er', 'fährt', 'jeden', 'Morgen', 'mit', 'dem', 'Fahrrad', 'zur', 'Arbeit', 'in', 'die', 'Stadt']",Stadt,
"F: Welches Wort steht am Ende des Satzes ""Die Lampe leuchtet hell im Zimmer neben dem Bett und Tisch heute.""? A:","['Die', 'Lampe', 'leuchtet', 'hell', 'im', 'Zimmer', 'neben', 'dem', 'Bett', 'und', 'Tisch', 'heute']",heute,stenerstendenntstescanner
