Input,Options,Expected,Predicted
"F: In dem Satz ""Sie schreibt regelmaessig Briefe an ihre Grosseltern auf dem Land."", welches Wort kommt unmittelbar nach dem Wort ""dem""? A:","['Sie', 'schreibt', 'regelmaessig', 'Briefe', 'an', 'ihre', 'Grosseltern', 'auf', 'dem', 'Land']",Land,auf
"F: In dem Satz ""Sie traegt eine rote Jacke im Winter und warme Stiefel dazu."", welches Wort kommt unmittelbar nach dem Wort ""und""? A:","['Sie', 'traegt', 'eine', 'rote', 'Jacke', 'im', 'Winter', 'und', 'warme', 'Stiefel', 'dazu']",warme,warme
"F: In dem Satz ""Wir machen eine Wanderung durch den Wald bei schoenem Wetter."", welches Wort kommt unmittelbar nach dem Wort ""machen""? A:","['Wir', 'machen', 'eine', 'Wanderung', 'durch', 'den', 'Wald', 'bei', 'schoenem', 'Wetter']",eine,schoenem
"F: In dem Satz ""Der Hund bellt laut, wenn jemand an der Tuer klingelt."", welches Wort folgt direkt auf das Wort ""wenn""? A:","['Der', 'Hund', 'bellt', 'laut', 'wenn', 'jemand', 'an', 'der', 'Tuer', 'klingelt']",jemand,bellt
"Welches Wort steht im Satz ""Der Hund kuschelt sich zufrieden in seine warme Decke."" direkt nach ""sich""? ","['Der', 'Hund', 'kuschelt', 'sich', 'zufrieden', 'in', 'seine', 'warme', 'Decke']",zufrieden,sich
"F: In dem Satz ""Wir besuchen das Schloss im nahegelegenen Ort am Sonntag."", welches Wort kommt unmittelbar nach dem Wort ""im""? A:","['Wir', 'besuchen', 'das', 'Schloss', 'im', 'nahegelegenen', 'Ort', 'am', 'Sonntag']",nahegelegenen,am
"F: In dem Satz ""Ich hoere Musik, waehrend ich meine Hausaufgaben mache zu Hause."", welches Wort kommt unmittelbar nach dem Wort ""zu""? A:","['Ich', 'hoere', 'Musik', 'waehrend', 'ich', 'meine', 'Hausaufgaben', 'mache', 'zu', 'Hause']",Hause,zu
"Welches Wort steht im Satz ""Er faehrt jeden Morgen mit dem Fahrrad zur Arbeit in die Stadt."" direkt nach ""die""? ","['Er', 'faehrt', 'jeden', 'Morgen', 'mit', 'dem', 'Fahrrad', 'zur', 'Arbeit', 'in', 'die', 'Stadt']",Stadt,faehrt
"F: In dem Satz ""Ich koche heute eine Suppe mit frischem Gemuese."", welches Wort folgt direkt auf das Wort ""heute""? A:","['Ich', 'koche', 'heute', 'eine', 'Suppe', 'mit', 'frischem', 'Gemuese']",eine,heute
"Welches Wort steht im Satz ""Die Katze schlaeft zufrieden auf dem gemuetlichen Sofa im Wohnzimmer."" direkt nach ""zufrieden""? ","['Die', 'Katze', 'schlaeft', 'zufrieden', 'auf', 'dem', 'gemuetlichen', 'Sofa', 'im', 'Wohnzimmer']",auf,im
"Welches Wort steht im Satz ""Das Kind malt ein buntes Bild mit Wasserfarben."" direkt nach ""Bild""? ","['Das', 'Kind', 'malt', 'ein', 'buntes', 'Bild', 'mit', 'Wasserfarben']",mit,buntes
"F: In dem Satz ""Der Film war spannend und hat mir gut gefallen."", welches Wort folgt direkt auf das Wort ""Film""? A:","['Der', 'Film', 'war', 'spannend', 'und', 'hat', 'mir', 'gut', 'gefallen']",war,und
"F: In dem Satz ""Der Hund liebt es, im Park mit anderen Hunden zu spielen."", welches Wort folgt direkt auf das Wort ""im""? A:","['Der', 'Hund', 'liebt', 'es', 'im', 'Park', 'mit', 'anderen', 'Hunden', 'zu', 'spielen']",Park,es
"F: In dem Satz ""Sie liest gern Sachbuecher ueber Geschichte und Naturwissenschaften."", welches Wort kommt unmittelbar nach dem Wort ""ueber""? A:","['Sie', 'liest', 'gern', 'Sachbuecher', 'ueber', 'Geschichte', 'und', 'Naturwissenschaften']",Geschichte,ueber
"Welches Wort steht im Satz ""Der Lehrer erklaert geduldig neue Vokabeln im Deutschunterricht der Klasse."" direkt nach ""der""? ","['Der', 'Lehrer', 'erklaert', 'geduldig', 'neue', 'Vokabeln', 'im', 'Deutschunterricht', 'der', 'Klasse']",Klasse,geduldig
"F: In dem Satz ""Ich lese oft Buecher ueber Geschichte und Kultur."", welches Wort folgt direkt auf das Wort ""oft""? A:","['Ich', 'lese', 'oft', 'Buecher', 'ueber', 'Geschichte', 'und', 'Kultur']",Buecher,oft
"F: In dem Satz ""Bitte oeffne das Fenster, es ist warm und stickig im Zimmer."", welches Wort kommt unmittelbar nach dem Wort ""stickig""? A:","['Bitte', 'oeffne', 'das', 'Fenster', 'es', 'ist', 'warm', 'und', 'stickig', 'im', 'Zimmer']",im,im
"F: In dem Satz ""Ich esse morgens oft frisches Obst und Joghurt zum Fruehstueck."", welches Wort folgt direkt auf das Wort ""und""? A:","['Ich', 'esse', 'morgens', 'oft', 'frisches', 'Obst', 'und', 'Joghurt', 'zum', 'Fruehstueck']",Joghurt,frisches
"Welches Wort steht im Satz ""Sie kocht heute ein neues Rezept mit viel Gemuese und Kraeutern."" direkt nach ""viel""? ","['Sie', 'kocht', 'heute', 'ein', 'neues', 'Rezept', 'mit', 'viel', 'Gemuese', 'und', 'Kraeutern']",Gemuese,mit
"Welches Wort steht im Satz ""Die Kinder spielen draussen im Park mit Freunden und Ball."" direkt nach ""mit""? ","['Die', 'Kinder', 'spielen', 'draussen', 'im', 'Park', 'mit', 'Freunden', 'und', 'Ball']",Freunden,draussen
"F: In dem Satz ""Sie schreibt eine E-Mail an ihre beste Freundin."", welches Wort folgt direkt auf das Wort ""E-Mail""? A:","['Sie', 'schreibt', 'eine', 'E-Mail', 'an', 'ihre', 'beste', 'Freundin']",an,ihre
"F: In dem Satz ""Ich mag es, im Herbst durch bunte Blaetter zu laufen."", welches Wort folgt direkt auf das Wort ""im""? A:","['Ich', 'mag', 'es', 'im', 'Herbst', 'durch', 'bunte', 'Blaetter', 'zu', 'laufen']",Herbst,bunte
"F: In dem Satz ""Die Blumen bluehen bunt und duften angenehm im Fruehling."", welches Wort folgt direkt auf das Wort ""angenehm""? A:","['Die', 'Blumen', 'bluehen', 'bunt', 'und', 'duften', 'angenehm', 'im', 'Fruehling']",im,angenehm
"Welches Wort steht im Satz ""Wir machen eine Fahrradtour entlang des Flusses im Sommer."" direkt nach ""Fahrradtour""? ","['Wir', 'machen', 'eine', 'Fahrradtour', 'entlang', 'des', 'Flusses', 'im', 'Sommer']",entlang,im
"F: In dem Satz ""Sie trinkt abends gerne einen warmen Kraeutertee zum Entspannen."", welches Wort kommt unmittelbar nach dem Wort ""einen""? A:","['Sie', 'trinkt', 'abends', 'gerne', 'einen', 'warmen', 'Kraeutertee', 'zum', 'Entspannen']",warmen,warmen
"Welches Wort steht im Satz ""Ich hoere beim Joggen motivierende Musik, die mich antreibt."" direkt nach ""die""? ","['Ich', 'hoere', 'beim', 'Joggen', 'motivierende', 'Musik', 'die', 'mich', 'antreibt']",mich,beim
"Welches Wort steht im Satz ""Sie tanzt voller Freude zu ihrer Lieblingsmusik am Wochenende."" direkt nach ""Freude""? ","['Sie', 'tanzt', 'voller', 'Freude', 'zu', 'ihrer', 'Lieblingsmusik', 'am', 'Wochenende']",zu,zu
"F: In dem Satz ""Die Kinder spielen froehlich im Sandkasten im Garten zusammen."", welches Wort kommt unmittelbar nach dem Wort ""spielen""? A:","['Die', 'Kinder', 'spielen', 'froehlich', 'im', 'Sandkasten', 'im', 'Garten', 'zusammen']",froehlich,spielen
"F: In dem Satz ""Die Katze schlaeft gerne auf dem warmen Sofa."", welches Wort folgt direkt auf das Wort ""schlaeft""? A:","['Die', 'Katze', 'schlaeft', 'gerne', 'auf', 'dem', 'warmen', 'Sofa']",gerne,warmen
"F: In dem Satz ""Wir besuchen das Schloss im nahegelegenen Ort am Sonntag oft."", welches Wort kommt unmittelbar nach dem Wort ""besuchen""? A:","['Wir', 'besuchen', 'das', 'Schloss', 'im', 'nahegelegenen', 'Ort', 'am', 'Sonntag', 'oft']",das,das
"F: In dem Satz ""Sie kocht gern italienische Gerichte fuer ihre Familie am Wochenende."", welches Wort kommt unmittelbar nach dem Wort ""Familie""? A:","['Sie', 'kocht', 'gern', 'italienische', 'Gerichte', 'fuer', 'ihre', 'Familie', 'am', 'Wochenende']",am,fuer
"F: In dem Satz ""Sie tanzt begeistert bei der Tanzstunde am Freitagabend in der Halle."", welches Wort kommt unmittelbar nach dem Wort ""bei""? A:","['Sie', 'tanzt', 'begeistert', 'bei', 'der', 'Tanzstunde', 'am', 'Freitagabend', 'in', 'der', 'Halle']",der,tanzt
"F: In dem Satz ""Die Katze schlaeft gerne auf dem warmen Sofa zu Hause."", welches Wort folgt direkt auf das Wort ""auf""? A:","['Die', 'Katze', 'schlaeft', 'gerne', 'auf', 'dem', 'warmen', 'Sofa', 'zu', 'Hause']",dem,schlaeft
"Welches Wort steht im Satz ""Sie schreibt liebevolle Briefe an ihre Verwandten im Ausland."" direkt nach ""an""? ","['Sie', 'schreibt', 'liebevolle', 'Briefe', 'an', 'ihre', 'Verwandten', 'im', 'Ausland']",ihre,an
"F: In dem Satz ""Wir machen einen Ausflug in den Wald am Wochenende."", welches Wort folgt direkt auf das Wort ""machen""? A:","['Wir', 'machen', 'einen', 'Ausflug', 'in', 'den', 'Wald', 'am', 'Wochenende']",einen,den
"F: In dem Satz ""Sie tanzt jeden Freitag im Tanzkurs mit grosser Freude."", welches Wort folgt direkt auf das Wort ""Tanzkurs""? A:","['Sie', 'tanzt', 'jeden', 'Freitag', 'im', 'Tanzkurs', 'mit', 'grosser', 'Freude']",mit,tanzt
"Welches Wort steht im Satz ""Ich lese abends gern spannende Krimis vor dem Einschlafen."" direkt nach ""lese""? ","['Ich', 'lese', 'abends', 'gern', 'spannende', 'Krimis', 'vor', 'dem', 'Einschlafen']",abends,spannende
"F: In dem Satz ""Bitte oeffne das Fenster, es ist sehr warm hier."", welches Wort folgt direkt auf das Wort ""ist""? A:","['Bitte', 'oeffne', 'das', 'Fenster', 'es', 'ist', 'sehr', 'warm', 'hier']",sehr,sehr
"F: In dem Satz ""Ich gehe jeden Sonntag in die Kirche."", welches Wort folgt direkt auf das Wort ""Sonntag""? A:","['Ich', 'gehe', 'jeden', 'Sonntag', 'in', 'die', 'Kirche']",in,in
"F: In dem Satz ""Die Kinder spielen draussen im Garten mit Freunden und haben viel Spass heute."", welches Wort kommt unmittelbar nach dem Wort ""und""? A:","['Die', 'Kinder', 'spielen', 'draussen', 'im', 'Garten', 'mit', 'Freunden', 'und', 'haben', 'viel', 'Spass', 'heute']",haben,spielen
"F: In dem Satz ""Sie macht jeden Morgen Yoga zur Entspannung."", welches Wort folgt direkt auf das Wort ""macht""? A:","['Sie', 'macht', 'jeden', 'Morgen', 'Yoga', 'zur', 'Entspannung']",jeden,zur
"F: In dem Satz ""Das Buch ist spannend und sehr gut geschrieben."", welches Wort folgt direkt auf das Wort ""spannend""? A:","['Das', 'Buch', 'ist', 'spannend', 'und', 'sehr', 'gut', 'geschrieben']",und,geschrieben
"F: In dem Satz ""Ich gehe jeden Sonntag in die Kirche."", welches Wort folgt direkt auf das Wort ""in""? A:","['Ich', 'gehe', 'jeden', 'Sonntag', 'in', 'die', 'Kirche']",die,in
"F: In dem Satz ""Der Zug faehrt puenktlich um acht Uhr vom Bahnhof ab."", welches Wort folgt direkt auf das Wort ""vom""? A:","['Der', 'Zug', 'faehrt', 'puenktlich', 'um', 'acht', 'Uhr', 'vom', 'Bahnhof', 'ab']",Bahnhof,um
"F: In dem Satz ""Wir besuchen das Schloss im nahegelegenen Ort am Sonntag."", welches Wort kommt unmittelbar nach dem Wort ""nahegelegenen""? A:","['Wir', 'besuchen', 'das', 'Schloss', 'im', 'nahegelegenen', 'Ort', 'am', 'Sonntag']",Ort,im
"F: In dem Satz ""Wir machen eine Radtour am Wochenende entlang des Flusses."", welches Wort kommt unmittelbar nach dem Wort ""am""? A:","['Wir', 'machen', 'eine', 'Radtour', 'am', 'Wochenende', 'entlang', 'des', 'Flusses']",Wochenende,am
"Welches Wort steht im Satz ""Ich mache jeden Morgen Yoga, um entspannt in den Tag zu starten."" direkt nach ""den""? ","['Ich', 'mache', 'jeden', 'Morgen', 'Yoga', 'um', 'entspannt', 'in', 'den', 'Tag', 'zu', 'starten']",Tag,zu
"F: In dem Satz ""Am Wochenende machen wir eine lange Wanderung in den Bergen."", welches Wort folgt direkt auf das Wort ""wir""? A:","['Am', 'Wochenende', 'machen', 'wir', 'eine', 'lange', 'Wanderung', 'in', 'den', 'Bergen']",eine,wir
"Welches Wort steht im Satz ""Der Vogel zwitschert laut und munter in den fruehen Morgenstunden."" direkt nach ""zwitschert""? ","['Der', 'Vogel', 'zwitschert', 'laut', 'und', 'munter', 'in', 'den', 'fruehen', 'Morgenstunden']",laut,munter
"F: In dem Satz ""Wir feiern Ostern traditionell mit bunten Eiern und der Familie."", welches Wort kommt unmittelbar nach dem Wort ""der""? A:","['Wir', 'feiern', 'Ostern', 'traditionell', 'mit', 'bunten', 'Eiern', 'und', 'der', 'Familie']",Familie,bunten
"F: In dem Satz ""Der Hund rennt schnell ueber die Wiese im Park."", welches Wort kommt unmittelbar nach dem Wort ""die""? A:","['Der', 'Hund', 'rennt', 'schnell', 'ueber', 'die', 'Wiese', 'im', 'Park']",Wiese,im
"Welches Wort steht im Satz ""Wir feiern Weihnachten mit der Familie und vielen leckeren Plaetzchen."" direkt nach ""der""? ","['Wir', 'feiern', 'Weihnachten', 'mit', 'der', 'Familie', 'und', 'vielen', 'leckeren', 'Plaetzchen']",Familie,mit
"F: In dem Satz ""Die Sonne scheint warm auf die gruenen Wiesen."", welches Wort folgt direkt auf das Wort ""Sonne""? A:","['Die', 'Sonne', 'scheint', 'warm', 'auf', 'die', 'gruenen', 'Wiesen']",scheint,auf
"Welches Wort steht im Satz ""Die Kinder sammeln bunte Blaetter im Park fuer ein Projekt."" direkt nach ""sammeln""? ","['Die', 'Kinder', 'sammeln', 'bunte', 'Blaetter', 'im', 'Park', 'fuer', 'ein', 'Projekt']",bunte,bunte
"F: In dem Satz ""Die Katze schlaeft den ganzen Tag auf dem Sofa."", welches Wort folgt direkt auf das Wort ""den""? A:","['Die', 'Katze', 'schlaeft', 'den', 'ganzen', 'Tag', 'auf', 'dem', 'Sofa']",ganzen,schlaeft
"Welches Wort steht im Satz ""Die Kinder spielen draussen im Garten Verstecken und haben Spass."" direkt nach ""Kinder""? ","['Die', 'Kinder', 'spielen', 'draussen', 'im', 'Garten', 'Verstecken', 'und', 'haben', 'Spass']",spielen,spielen
"F: In dem Satz ""Die Katze jagt spielerisch den kleinen roten Laserpunkt im Wohnzimmer."", welches Wort kommt unmittelbar nach dem Wort ""den""? A:","['Die', 'Katze', 'jagt', 'spielerisch', 'den', 'kleinen', 'roten', 'Laserpunkt', 'im', 'Wohnzimmer']",kleinen,den
"F: In dem Satz ""Sie hoert gern Musik beim Arbeiten am Computer."", welches Wort folgt direkt auf das Wort ""gern""? A:","['Sie', 'hoert', 'gern', 'Musik', 'beim', 'Arbeiten', 'am', 'Computer']",Musik,hoert
"Welches Wort steht im Satz ""Der Lehrer erklaert geduldig die schwierigen Aufgaben im Unterricht."" direkt nach ""Aufgaben""? ","['Der', 'Lehrer', 'erklaert', 'geduldig', 'die', 'schwierigen', 'Aufgaben', 'im', 'Unterricht']",im,schwierigen
"F: In dem Satz ""Sie schreibt taeglich in ihr Tagebuch ueber ihre Erlebnisse und Gefuehle."", welches Wort kommt unmittelbar nach dem Wort ""Tagebuch""? A:","['Sie', 'schreibt', 'taeglich', 'in', 'ihr', 'Tagebuch', 'ueber', 'ihre', 'Erlebnisse', 'und', 'Gefuehle']",ueber,ihre
"F: In dem Satz ""Er schreibt eine Postkarte aus dem Urlaub an seine Familie."", welches Wort folgt direkt auf das Wort ""eine""? A:","['Er', 'schreibt', 'eine', 'Postkarte', 'aus', 'dem', 'Urlaub', 'an', 'seine', 'Familie']",Postkarte,aus
"F: In dem Satz ""Sie tanzt jeden Samstag im Tanzkurs mit grosser Freude."", welches Wort folgt direkt auf das Wort ""mit""? A:","['Sie', 'tanzt', 'jeden', 'Samstag', 'im', 'Tanzkurs', 'mit', 'grosser', 'Freude']",grosser,im
"F: In dem Satz ""Ich koche heute eine leckere Suppe mit frischen Zutaten."", welches Wort folgt direkt auf das Wort ""mit""? A:","['Ich', 'koche', 'heute', 'eine', 'leckere', 'Suppe', 'mit', 'frischen', 'Zutaten']",frischen,heute
"F: In dem Satz ""Im Park spielen viele Kinder froehlich und laut."", welches Wort folgt direkt auf das Wort ""und""? A:","['Im', 'Park', 'spielen', 'viele', 'Kinder', 'froehlich', 'und', 'laut']",laut,und
"F: In dem Satz ""Ich koche heute eine leckere Suppe mit Gemuese."", welches Wort folgt direkt auf das Wort ""Suppe""? A:","['Ich', 'koche', 'heute', 'eine', 'leckere', 'Suppe', 'mit', 'Gemuese']",mit,heute
"F: In dem Satz ""Im Park spielen viele Kinder laut auf dem grossen Spielplatz oft."", welches Wort kommt unmittelbar nach dem Wort ""Kinder""? A:","['Im', 'Park', 'spielen', 'viele', 'Kinder', 'laut', 'auf', 'dem', 'grossen', 'Spielplatz', 'oft']",laut,spielen
"F: In dem Satz ""Der Hund liebt es, mit anderen Hunden im Park zu spielen viel."", welches Wort kommt unmittelbar nach dem Wort ""es""? A:","['Der', 'Hund', 'liebt', 'es', 'mit', 'anderen', 'Hunden', 'im', 'Park', 'zu', 'spielen', 'viel']",mit,liebt
"F: In dem Satz ""Wir fahren im Sommer ans Meer zum Schwimmen und Entspannen jedes Jahr."", welches Wort kommt unmittelbar nach dem Wort ""jedes""? A:","['Wir', 'fahren', 'im', 'Sommer', 'ans', 'Meer', 'zum', 'Schwimmen', 'und', 'Entspannen', 'jedes', 'Jahr']",Jahr,im
"F: In dem Satz ""Der Himmel ist klar und die Sonne scheint warm und hell."", welches Wort kommt unmittelbar nach dem Wort ""scheint""? A:","['Der', 'Himmel', 'ist', 'klar', 'und', 'die', 'Sonne', 'scheint', 'warm', 'und', 'hell']",warm,hell
"F: In dem Satz ""Das Wetter im Fruehling ist oft wechselhaft und mild."", welches Wort folgt direkt auf das Wort ""oft""? A:","['Das', 'Wetter', 'im', 'Fruehling', 'ist', 'oft', 'wechselhaft', 'und', 'mild']",wechselhaft,im
"F: In dem Satz ""Das Kind laeuft schnell durch den Park am Nachmittag."", welches Wort kommt unmittelbar nach dem Wort ""durch""? A:","['Das', 'Kind', 'laeuft', 'schnell', 'durch', 'den', 'Park', 'am', 'Nachmittag']",den,am
"Welches Wort steht im Satz ""Der Hund bellt laut, wenn Besucher an der Tuer klingeln."" direkt nach ""der""? ","['Der', 'Hund', 'bellt', 'laut', 'wenn', 'Besucher', 'an', 'der', 'Tuer', 'klingeln']",Tuer,der
"Welches Wort steht im Satz ""Der Himmel ist klar und die Sterne funkeln hell in der Nacht."" direkt nach ""Sterne""? ","['Der', 'Himmel', 'ist', 'klar', 'und', 'die', 'Sterne', 'funkeln', 'hell', 'in', 'der', 'Nacht']",funkeln,klar
"F: In dem Satz ""Er faehrt jeden Morgen mit dem Fahrrad zur Arbeit in die Stadt."", welches Wort kommt unmittelbar nach dem Wort ""faehrt""? A:","['Er', 'faehrt', 'jeden', 'Morgen', 'mit', 'dem', 'Fahrrad', 'zur', 'Arbeit', 'in', 'die', 'Stadt']",jeden,faehrt
"F: In dem Satz ""Das Wetter wird morgen kaelter und regnerisch."", welches Wort folgt direkt auf das Wort ""kaelter""? A:","['Das', 'Wetter', 'wird', 'morgen', 'kaelter', 'und', 'regnerisch']",und,kaelter
"F: In dem Satz ""Der Vogel singt ein schoenes Lied am fruehen Morgen im Garten."", welches Wort folgt direkt auf das Wort ""Lied""? A:","['Der', 'Vogel', 'singt', 'ein', 'schoenes', 'Lied', 'am', 'fruehen', 'Morgen', 'im', 'Garten']",am,im
"Welches Wort steht im Satz ""Sie liest gerne Romane ueber Abenteuer und ferne Laender."" direkt nach ""Abenteuer""? ","['Sie', 'liest', 'gerne', 'Romane', 'ueber', 'Abenteuer', 'und', 'ferne', 'Laender']",und,ueber
"Welches Wort steht im Satz ""Der Hund apportiert den Stock, den ich ins Wasser werfe."" direkt nach ""Stock""? ","['Der', 'Hund', 'apportiert', 'den', 'Stock', 'den', 'ich', 'ins', 'Wasser', 'werfe']",den,werfe
"Welches Wort steht im Satz ""Die Kinder basteln bunte Laternen fuer das Martinsfest in der Schule."" direkt nach ""bunte""? ","['Die', 'Kinder', 'basteln', 'bunte', 'Laternen', 'fuer', 'das', 'Martinsfest', 'in', 'der', 'Schule']",Laternen,bunte
"Welches Wort steht im Satz ""Der Vogel singt sein Lied jeden Morgen vor dem Haus."" direkt nach ""jeden""? ","['Der', 'Vogel', 'singt', 'sein', 'Lied', 'jeden', 'Morgen', 'vor', 'dem', 'Haus']",Morgen,jeden
"F: In dem Satz ""Wir feiern Ostern traditionell mit bunten Eiern und der Familie."", welches Wort kommt unmittelbar nach dem Wort ""Ostern""? A:","['Wir', 'feiern', 'Ostern', 'traditionell', 'mit', 'bunten', 'Eiern', 'und', 'der', 'Familie']",traditionell,feiern
"F: In dem Satz ""Wir geniessen den sonnigen Tag beim Picknick im Park zusammen."", welches Wort kommt unmittelbar nach dem Wort ""den""? A:","['Wir', 'geniessen', 'den', 'sonnigen', 'Tag', 'beim', 'Picknick', 'im', 'Park', 'zusammen']",sonnigen,zusammen
"F: In dem Satz ""Ich koche heute Abend eine Pizza mit Gemuese und Kaese."", welches Wort folgt direkt auf das Wort ""Pizza""? A:","['Ich', 'koche', 'heute', 'Abend', 'eine', 'Pizza', 'mit', 'Gemuese', 'und', 'Kaese']",mit,und
"F: In dem Satz ""Ich gehe abends spazieren, um den Kopf frei zu bekommen."", welches Wort kommt unmittelbar nach dem Wort ""gehe""? A:","['Ich', 'gehe', 'abends', 'spazieren', 'um', 'den', 'Kopf', 'frei', 'zu', 'bekommen']",abends,zu
"Welches Wort steht im Satz ""Ich gehe abends spazieren, um den Kopf frei zu bekommen."" direkt nach ""spazieren""? ","['Ich', 'gehe', 'abends', 'spazieren', 'um', 'den', 'Kopf', 'frei', 'zu', 'bekommen']",um,bekommen
"F: In dem Satz ""Ich esse gern frisches Obst und Gemuese."", welches Wort folgt direkt auf das Wort ""Obst""? A:","['Ich', 'esse', 'gern', 'frisches', 'Obst', 'und', 'Gemuese']",und,esse
"Welches Wort steht im Satz ""Die Kinder spielen froehlich Verstecken im grossen Garten."" direkt nach ""spielen""? ","['Die', 'Kinder', 'spielen', 'froehlich', 'Verstecken', 'im', 'grossen', 'Garten']",froehlich,spielen
"F: In dem Satz ""Sie tanzt elegant auf der Buehne bei der Auffuehrung am Wochenende heute."", welches Wort kommt unmittelbar nach dem Wort ""elegant""? A:","['Sie', 'tanzt', 'elegant', 'auf', 'der', 'Buehne', 'bei', 'der', 'Auffuehrung', 'am', 'Wochenende', 'heute']",auf,heute
"Welches Wort steht im Satz ""Sie traegt einen warmen Schal gegen die kalte Winterluft."" direkt nach ""warmen""? ","['Sie', 'traegt', 'einen', 'warmen', 'Schal', 'gegen', 'die', 'kalte', 'Winterluft']",Schal,warmen
"Welches Wort steht im Satz ""Sie liest jeden Abend ein paar Seiten in ihrem Buch."" direkt nach ""liest""? ","['Sie', 'liest', 'jeden', 'Abend', 'ein', 'paar', 'Seiten', 'in', 'ihrem', 'Buch']",jeden,ein
"F: In dem Satz ""Der Vogel singt ein schoenes Lied am Morgen."", welches Wort folgt direkt auf das Wort ""Vogel""? A:","['Der', 'Vogel', 'singt', 'ein', 'schoenes', 'Lied', 'am', 'Morgen']",singt,schoenes
"F: In dem Satz ""Der Lehrer lobt die Schueler fuer ihre guten Noten im Test."", welches Wort kommt unmittelbar nach dem Wort ""ihre""? A:","['Der', 'Lehrer', 'lobt', 'die', 'Schueler', 'fuer', 'ihre', 'guten', 'Noten', 'im', 'Test']",guten,ihre
"Welches Wort steht im Satz ""Sie traegt eine bunte Jacke bei dem kuehlen Wind."" direkt nach ""Jacke""? ","['Sie', 'traegt', 'eine', 'bunte', 'Jacke', 'bei', 'dem', 'kuehlen', 'Wind']",bei,kuehlen
"F: In dem Satz ""Ich trinke morgens Kaffee mit Milch und Zucker zum Wachwerden heute."", welches Wort kommt unmittelbar nach dem Wort ""trinke""? A:","['Ich', 'trinke', 'morgens', 'Kaffee', 'mit', 'Milch', 'und', 'Zucker', 'zum', 'Wachwerden', 'heute']",morgens,zum
"F: In dem Satz ""Der Himmel ist klar und die Sonne scheint warm und hell."", welches Wort kommt unmittelbar nach dem Wort ""scheint""? A:","['Der', 'Himmel', 'ist', 'klar', 'und', 'die', 'Sonne', 'scheint', 'warm', 'und', 'hell']",warm,hell
"F: In dem Satz ""Die Katze schlaeft auf dem warmen Fensterbrett."", welches Wort folgt direkt auf das Wort ""dem""? A:","['Die', 'Katze', 'schlaeft', 'auf', 'dem', 'warmen', 'Fensterbrett']",warmen,warmen
"Welches Wort steht im Satz ""Wir besuchen das Museum fuer moderne Kunst in der Stadt."" direkt nach ""das""? ","['Wir', 'besuchen', 'das', 'Museum', 'fuer', 'moderne', 'Kunst', 'in', 'der', 'Stadt']",Museum,fuer
"Welches Wort steht im Satz ""Wir fahren im Herbst oft mit dem Auto ins Gebirge zum Wandern."" direkt nach ""im""? ","['Wir', 'fahren', 'im', 'Herbst', 'oft', 'mit', 'dem', 'Auto', 'ins', 'Gebirge', 'zum', 'Wandern']",Herbst,zum
"F: In dem Satz ""Der Zug kommt puenktlich am Bahnhof an."", welches Wort folgt direkt auf das Wort ""puenktlich""? A:","['Der', 'Zug', 'kommt', 'puenktlich', 'am', 'Bahnhof', 'an']",am,puenktlich
"F: In dem Satz ""Die Kinder malen bunte Bilder fuer das Kunstprojekt in der Schule."", welches Wort kommt unmittelbar nach dem Wort ""fuer""? A:","['Die', 'Kinder', 'malen', 'bunte', 'Bilder', 'fuer', 'das', 'Kunstprojekt', 'in', 'der', 'Schule']",das,in
"Welches Wort steht im Satz ""Ich trinke morgens gern Tee mit Honig und frischer Zitrone."" direkt nach ""und""? ","['Ich', 'trinke', 'morgens', 'gern', 'Tee', 'mit', 'Honig', 'und', 'frischer', 'Zitrone']",frischer,frischer
"F: In dem Satz ""Die Lampe im Wohnzimmer leuchtet hell und gemuetlich."", welches Wort folgt direkt auf das Wort ""im""? A:","['Die', 'Lampe', 'im', 'Wohnzimmer', 'leuchtet', 'hell', 'und', 'gemuetlich']",Wohnzimmer,im
"F: In dem Satz ""Der Zug kommt puenktlich am Bahnhof an und faehrt weiter nach Berlin."", welches Wort folgt direkt auf das Wort ""kommt""? A:","['Der', 'Zug', 'kommt', 'puenktlich', 'am', 'Bahnhof', 'an', 'und', 'faehrt', 'weiter', 'nach', 'Berlin']",puenktlich,weiter
"F: In dem Satz ""Er faehrt jeden Morgen mit dem Fahrrad zur Arbeit in die Stadt."", welches Wort kommt unmittelbar nach dem Wort ""faehrt""? A:","['Er', 'faehrt', 'jeden', 'Morgen', 'mit', 'dem', 'Fahrrad', 'zur', 'Arbeit', 'in', 'die', 'Stadt']",jeden,dem
"F: In dem Satz ""Sie traegt im Winter eine warme Jacke und Handschuhe bei Frost."", welches Wort kommt unmittelbar nach dem Wort ""und""? A:","['Sie', 'traegt', 'im', 'Winter', 'eine', 'warme', 'Jacke', 'und', 'Handschuhe', 'bei', 'Frost']",Handschuhe,warme
"F: In dem Satz ""Er faehrt mit dem Bus zur Arbeit jeden Morgen."", welches Wort folgt direkt auf das Wort ""Bus""? A:","['Er', 'faehrt', 'mit', 'dem', 'Bus', 'zur', 'Arbeit', 'jeden', 'Morgen']",zur,faehrt
"F: In dem Satz ""Wir gehen abends spazieren und geniessen die frische Luft."", welches Wort kommt unmittelbar nach dem Wort ""spazieren""? A:","['Wir', 'gehen', 'abends', 'spazieren', 'und', 'geniessen', 'die', 'frische', 'Luft']",und,abends
"F: In dem Satz ""Das Wetter ist heute warm und sonnig."", welches Wort folgt direkt auf das Wort ""heute""? A:","['Das', 'Wetter', 'ist', 'heute', 'warm', 'und', 'sonnig']",warm,heute
"F: In dem Satz ""Das Fruehstueck ist fertig, bitte setzt euch an den Tisch."", welches Wort folgt direkt auf das Wort ""euch""? A:","['Das', 'Fruehstueck', 'ist', 'fertig', 'bitte', 'setzt', 'euch', 'an', 'den', 'Tisch']",an,fertig
"F: In dem Satz ""Sie traegt im Winter eine dicke Jacke und warme Handschuhe."", welches Wort kommt unmittelbar nach dem Wort ""traegt""? A:","['Sie', 'traegt', 'im', 'Winter', 'eine', 'dicke', 'Jacke', 'und', 'warme', 'Handschuhe']",im,traegt
"Welches Wort steht im Satz ""Der Hund apportiert den Ball, den ich ins Wasser werfe."" direkt nach ""apportiert""? ","['Der', 'Hund', 'apportiert', 'den', 'Ball', 'den', 'ich', 'ins', 'Wasser', 'werfe']",den,werfe
"F: In dem Satz ""Wir essen heute Abend frische Pasta mit Tomatensosse."", welches Wort folgt direkt auf das Wort ""Abend""? A:","['Wir', 'essen', 'heute', 'Abend', 'frische', 'Pasta', 'mit', 'Tomatensosse']",frische,essen
"Welches Wort steht im Satz ""Sie liest im Park unter einem Baum ein spannendes Buch."" direkt nach ""Baum""? ","['Sie', 'liest', 'im', 'Park', 'unter', 'einem', 'Baum', 'ein', 'spannendes', 'Buch']",ein,ein
"Welches Wort steht im Satz ""Ich gehe abends spazieren, um den Kopf frei zu bekommen."" direkt nach ""um""? ","['Ich', 'gehe', 'abends', 'spazieren', 'um', 'den', 'Kopf', 'frei', 'zu', 'bekommen']",den,bekommen
"F: In dem Satz ""Das Fruehstueck ist die wichtigste Mahlzeit des Tages."", welches Wort folgt direkt auf das Wort ""Mahlzeit""? A:","['Das', 'Fruehstueck', 'ist', 'die', 'wichtigste', 'Mahlzeit', 'des', 'Tages']",des,wichtigste
"Welches Wort steht im Satz ""Die Blumen auf dem Balkon bluehen schoen in der warmen Sonne."" direkt nach ""bluehen""? ","['Die', 'Blumen', 'auf', 'dem', 'Balkon', 'bluehen', 'schoen', 'in', 'der', 'warmen', 'Sonne']",schoen,bluehen
"F: In dem Satz ""Der Hund laeuft schnell durch den grossen Garten."", welches Wort folgt direkt auf das Wort ""grossen""? A:","['Der', 'Hund', 'laeuft', 'schnell', 'durch', 'den', 'grossen', 'Garten']",Garten,grossen
"F: In dem Satz ""Der Berg ist hoch und bietet eine tolle Aussicht."", welches Wort folgt direkt auf das Wort ""hoch""? A:","['Der', 'Berg', 'ist', 'hoch', 'und', 'bietet', 'eine', 'tolle', 'Aussicht']",und,bietet
"F: In dem Satz ""Die Kinder spielen froehlich im Sandkasten im Garten zusammen oft."", welches Wort kommt unmittelbar nach dem Wort ""Kinder""? A:","['Die', 'Kinder', 'spielen', 'froehlich', 'im', 'Sandkasten', 'im', 'Garten', 'zusammen', 'oft']",spielen,froehlich
"F: In dem Satz ""Sie schreibt eine Karte an ihre Freundin zum Geburtstag."", welches Wort kommt unmittelbar nach dem Wort ""schreibt""? A:","['Sie', 'schreibt', 'eine', 'Karte', 'an', 'ihre', 'Freundin', 'zum', 'Geburtstag']",eine,zum
"Welches Wort steht im Satz ""Ich trinke morgens immer eine Tasse starken schwarzen Kaffee."" direkt nach ""eine""? ","['Ich', 'trinke', 'morgens', 'immer', 'eine', 'Tasse', 'starken', 'schwarzen', 'Kaffee']",Tasse,starken
"F: In dem Satz ""Der Berg ist hoch und bietet tolle Aussicht auf das Tal heute."", welches Wort kommt unmittelbar nach dem Wort ""Berg""? A:","['Der', 'Berg', 'ist', 'hoch', 'und', 'bietet', 'tolle', 'Aussicht', 'auf', 'das', 'Tal', 'heute']",ist,bietet
"F: In dem Satz ""Ich hoere Musik beim Lernen, das hilft mir sehr."", welches Wort folgt direkt auf das Wort ""Musik""? A:","['Ich', 'hoere', 'Musik', 'beim', 'Lernen', 'das', 'hilft', 'mir', 'sehr']",beim,sehr
"F: In dem Satz ""Sie spielt Geige und uebt regelmaessig fuer das Konzert naechste Woche."", welches Wort kommt unmittelbar nach dem Wort ""und""? A:","['Sie', 'spielt', 'Geige', 'und', 'uebt', 'regelmaessig', 'fuer', 'das', 'Konzert', 'naechste', 'Woche']",uebt,fuer
"F: In dem Satz ""Ich lerne neue deutsche Woerter und Redewendungen taeglich und fleissig."", welches Wort kommt unmittelbar nach dem Wort ""neue""? A:","['Ich', 'lerne', 'neue', 'deutsche', 'Woerter', 'und', 'Redewendungen', 'taeglich', 'und', 'fleissig']",deutsche,fleissig
"Welches Wort steht im Satz ""Sie spielt Geige und uebt fleissig fuer das Konzert naechste Woche."" direkt nach ""Geige""? ","['Sie', 'spielt', 'Geige', 'und', 'uebt', 'fleissig', 'fuer', 'das', 'Konzert', 'naechste', 'Woche']",und,fuer
"F: In dem Satz ""Wir geniessen den sonnigen Tag beim Picknick im Park zusammen."", welches Wort kommt unmittelbar nach dem Wort ""im""? A:","['Wir', 'geniessen', 'den', 'sonnigen', 'Tag', 'beim', 'Picknick', 'im', 'Park', 'zusammen']",Park,im
"F: In dem Satz ""Wir essen zum Abendbrot frische Nudeln mit Tomatensosse."", welches Wort folgt direkt auf das Wort ""Abendbrot""? A:","['Wir', 'essen', 'zum', 'Abendbrot', 'frische', 'Nudeln', 'mit', 'Tomatensosse']",frische,zum
"F: In dem Satz ""Der Vogel singt jeden Morgen ein schoenes Lied."", welches Wort folgt direkt auf das Wort ""Vogel""? A:","['Der', 'Vogel', 'singt', 'jeden', 'Morgen', 'ein', 'schoenes', 'Lied']",singt,schoenes
"F: In dem Satz ""Der Lehrer gibt viele Hausaufgaben fuer das Wochenende auf."", welches Wort folgt direkt auf das Wort ""gibt""? A:","['Der', 'Lehrer', 'gibt', 'viele', 'Hausaufgaben', 'fuer', 'das', 'Wochenende', 'auf']",viele,auf
"Welches Wort steht im Satz ""Der Lehrer erklaert geduldig die schwierigen Grammatikregeln im Unterricht."" direkt nach ""die""? ","['Der', 'Lehrer', 'erklaert', 'geduldig', 'die', 'schwierigen', 'Grammatikregeln', 'im', 'Unterricht']",schwierigen,schwierigen
"F: In dem Satz ""Er schreibt jeden Tag in sein Tagebuch ueber Erlebnisse und Gedanken."", welches Wort kommt unmittelbar nach dem Wort ""und""? A:","['Er', 'schreibt', 'jeden', 'Tag', 'in', 'sein', 'Tagebuch', 'ueber', 'Erlebnisse', 'und', 'Gedanken']",Gedanken,sein
"F: In dem Satz ""Sie schreibt eine Karte aus dem Urlaub an ihre Familie."", welches Wort kommt unmittelbar nach dem Wort ""Karte""? A:","['Sie', 'schreibt', 'eine', 'Karte', 'aus', 'dem', 'Urlaub', 'an', 'ihre', 'Familie']",aus,dem
"F: In dem Satz ""Der Vogel zwitschert laut im Baum frueh am Morgen."", welches Wort kommt unmittelbar nach dem Wort ""am""? A:","['Der', 'Vogel', 'zwitschert', 'laut', 'im', 'Baum', 'frueh', 'am', 'Morgen']",Morgen,frueh
"F: In dem Satz ""Die Katze schlaeft auf dem Fensterbrett und traeumt."", welches Wort folgt direkt auf das Wort ""Katze""? A:","['Die', 'Katze', 'schlaeft', 'auf', 'dem', 'Fensterbrett', 'und', 'traeumt']",schlaeft,dem
"F: In dem Satz ""Der Vogel singt ein schoenes Lied am Morgen."", welches Wort folgt direkt auf das Wort ""Lied""? A:","['Der', 'Vogel', 'singt', 'ein', 'schoenes', 'Lied', 'am', 'Morgen']",am,schoenes
"F: In dem Satz ""Der Hund schlaeft friedlich auf dem weichen Teppich."", welches Wort folgt direkt auf das Wort ""dem""? A:","['Der', 'Hund', 'schlaeft', 'friedlich', 'auf', 'dem', 'weichen', 'Teppich']",weichen,schlaeft
"F: In dem Satz ""Die Kinder malen Bilder fuer den Kunstwettbewerb in der Schule."", welches Wort kommt unmittelbar nach dem Wort ""den""? A:","['Die', 'Kinder', 'malen', 'Bilder', 'fuer', 'den', 'Kunstwettbewerb', 'in', 'der', 'Schule']",Kunstwettbewerb,den
"F: In dem Satz ""Die Blumen bluehen bunt im Fruehling und Sommer in unserem Garten."", welches Wort kommt unmittelbar nach dem Wort ""und""? A:","['Die', 'Blumen', 'bluehen', 'bunt', 'im', 'Fruehling', 'und', 'Sommer', 'in', 'unserem', 'Garten']",Sommer,bluehen
"Welches Wort steht im Satz ""Wir fahren im Herbst oft mit dem Auto ins Gebirge zum Wandern."" direkt nach ""im""? ","['Wir', 'fahren', 'im', 'Herbst', 'oft', 'mit', 'dem', 'Auto', 'ins', 'Gebirge', 'zum', 'Wandern']",Herbst,dem
"Welches Wort steht im Satz ""Der Vogel fliegt hoch ueber die Baeume und singt laut."" direkt nach ""fliegt""? ","['Der', 'Vogel', 'fliegt', 'hoch', 'ueber', 'die', 'Baeume', 'und', 'singt', 'laut']",hoch,singt
"F: In dem Satz ""Sie traegt im Winter eine warme Jacke und Handschuhe bei Frost oft."", welches Wort kommt unmittelbar nach dem Wort ""und""? A:","['Sie', 'traegt', 'im', 'Winter', 'eine', 'warme', 'Jacke', 'und', 'Handschuhe', 'bei', 'Frost', 'oft']",Handschuhe,warme
"Welches Wort steht im Satz ""Die Kinder basteln bunte Laternen fuer das Laternenfest in der Schule."" direkt nach ""der""? ","['Die', 'Kinder', 'basteln', 'bunte', 'Laternen', 'fuer', 'das', 'Laternenfest', 'in', 'der', 'Schule']",Schule,bunte
"Welches Wort steht im Satz ""Er faehrt jeden Tag mit dem Fahrrad zur Arbeit in die Stadt."" direkt nach ""Arbeit""? ","['Er', 'faehrt', 'jeden', 'Tag', 'mit', 'dem', 'Fahrrad', 'zur', 'Arbeit', 'in', 'die', 'Stadt']",in,zur
"Welches Wort steht im Satz ""Wir feiern Geburtstag mit Familie, Freunden und leckerem Essen."" direkt nach ""leckerem""? ","['Wir', 'feiern', 'Geburtstag', 'mit', 'Familie', 'Freunden', 'und', 'leckerem', 'Essen']",Essen,feiern
"F: In dem Satz ""Das Wetter im Fruehling ist oft wechselhaft."", welches Wort folgt direkt auf das Wort ""im""? A:","['Das', 'Wetter', 'im', 'Fruehling', 'ist', 'oft', 'wechselhaft']",Fruehling,wechselhaft
"Welches Wort steht im Satz ""Er faehrt jeden Morgen mit dem Fahrrad zur Arbeit in der Stadt."" direkt nach ""zur""? ","['Er', 'faehrt', 'jeden', 'Morgen', 'mit', 'dem', 'Fahrrad', 'zur', 'Arbeit', 'in', 'der', 'Stadt']",Arbeit,faehrt
"Welches Wort steht im Satz ""Der Hund liegt faul in der Sonne und geniesst das Wetter."" direkt nach ""faul""? ","['Der', 'Hund', 'liegt', 'faul', 'in', 'der', 'Sonne', 'und', 'geniesst', 'das', 'Wetter']",in,liegt
"Welches Wort steht im Satz ""Das Kind lacht laut beim Spielen im Garten draussen."" direkt nach ""beim""? ","['Das', 'Kind', 'lacht', 'laut', 'beim', 'Spielen', 'im', 'Garten', 'draussen']",Spielen,draussen
"F: In dem Satz ""Die Lampe leuchtet hell im dunklen Zimmer."", welches Wort folgt direkt auf das Wort ""leuchtet""? A:","['Die', 'Lampe', 'leuchtet', 'hell', 'im', 'dunklen', 'Zimmer']",hell,dunklen
"F: In dem Satz ""Ich gehe abends spazieren, um den Kopf frei zu bekommen."", welches Wort kommt unmittelbar nach dem Wort ""um""? A:","['Ich', 'gehe', 'abends', 'spazieren', 'um', 'den', 'Kopf', 'frei', 'zu', 'bekommen']",den,den
"Welches Wort steht im Satz ""Die Sonne scheint warm auf die bunten Blaetter im Park."" direkt nach ""im""? ","['Die', 'Sonne', 'scheint', 'warm', 'auf', 'die', 'bunten', 'Blaetter', 'im', 'Park']",Park,scheint
"F: In dem Satz ""Ich gehe jeden Tag mindestens eine Stunde spazieren im Park."", welches Wort folgt direkt auf das Wort ""spazieren""? A:","['Ich', 'gehe', 'jeden', 'Tag', 'mindestens', 'eine', 'Stunde', 'spazieren', 'im', 'Park']",im,spazieren
"Welches Wort steht im Satz ""Die Kinder spielen draussen im Park mit Freunden und Ball."" direkt nach ""Freunden""? ","['Die', 'Kinder', 'spielen', 'draussen', 'im', 'Park', 'mit', 'Freunden', 'und', 'Ball']",und,im
"F: In dem Satz ""Ich koche heute eine Pizza mit frischem Gemuese."", welches Wort folgt direkt auf das Wort ""eine""? A:","['Ich', 'koche', 'heute', 'eine', 'Pizza', 'mit', 'frischem', 'Gemuese']",Pizza,heute
"F: In dem Satz ""Wir besuchen im Sommer oft den See zum Schwimmen und Entspannen."", welches Wort kommt unmittelbar nach dem Wort ""oft""? A:","['Wir', 'besuchen', 'im', 'Sommer', 'oft', 'den', 'See', 'zum', 'Schwimmen', 'und', 'Entspannen']",den,im
"F: In dem Satz ""Im Park spielen viele Kinder froehlich und laut."", welches Wort folgt direkt auf das Wort ""und""? A:","['Im', 'Park', 'spielen', 'viele', 'Kinder', 'froehlich', 'und', 'laut']",laut,froehlich
"Welches Wort steht im Satz ""Wir besuchen das Museum fuer moderne Kunst in der Stadt."" direkt nach ""fuer""? ","['Wir', 'besuchen', 'das', 'Museum', 'fuer', 'moderne', 'Kunst', 'in', 'der', 'Stadt']",moderne,fuer
"F: In dem Satz ""Die Katze klettert geschickt auf den Baum im Garten hoch."", welches Wort kommt unmittelbar nach dem Wort ""Baum""? A:","['Die', 'Katze', 'klettert', 'geschickt', 'auf', 'den', 'Baum', 'im', 'Garten', 'hoch']",im,im
"Welches Wort steht im Satz ""Ich trinke abends gerne eine Tasse warmen Kraeutertee zur Entspannung."" direkt nach ""Kraeutertee""? ","['Ich', 'trinke', 'abends', 'gerne', 'eine', 'Tasse', 'warmen', 'Kraeutertee', 'zur', 'Entspannung']",zur,trinke
"F: In dem Satz ""Wir fahren am Wochenende mit dem Fahrrad durch die Stadt."", welches Wort kommt unmittelbar nach dem Wort ""Fahrrad""? A:","['Wir', 'fahren', 'am', 'Wochenende', 'mit', 'dem', 'Fahrrad', 'durch', 'die', 'Stadt']",durch,dem
"F: In dem Satz ""Ich trinke morgens gern schwarzen Kaffee ohne Zucker und Milch."", welches Wort kommt unmittelbar nach dem Wort ""trinke""? A:","['Ich', 'trinke', 'morgens', 'gern', 'schwarzen', 'Kaffee', 'ohne', 'Zucker', 'und', 'Milch']",morgens,schwarzen
"F: In dem Satz ""Der Lehrer erklaert die Aufgaben sehr verstaendlich."", welches Wort folgt direkt auf das Wort ""Aufgaben""? A:","['Der', 'Lehrer', 'erklaert', 'die', 'Aufgaben', 'sehr', 'verstaendlich']",sehr,sehr
"F: In dem Satz ""Die Kinder spielen draussen im Garten mit ihren Freunden und haben Spass."", welches Wort folgt direkt auf das Wort ""Freunden""? A:","['Die', 'Kinder', 'spielen', 'draussen', 'im', 'Garten', 'mit', 'ihren', 'Freunden', 'und', 'haben', 'Spass']",und,draussen
"F: In dem Satz ""Ich hoere oft Podcasts beim Autofahren zur Unterhaltung."", welches Wort kommt unmittelbar nach dem Wort ""Podcasts""? A:","['Ich', 'hoere', 'oft', 'Podcasts', 'beim', 'Autofahren', 'zur', 'Unterhaltung']",beim,zur
"F: In dem Satz ""Sie traegt im Winter eine dicke Jacke und warme Stiefel."", welches Wort kommt unmittelbar nach dem Wort ""warme""? A:","['Sie', 'traegt', 'im', 'Winter', 'eine', 'dicke', 'Jacke', 'und', 'warme', 'Stiefel']",Stiefel,im
"F: In dem Satz ""Wir feiern Weihnachten mit der ganzen Familie zusammen."", welches Wort folgt direkt auf das Wort ""Weihnachten""? A:","['Wir', 'feiern', 'Weihnachten', 'mit', 'der', 'ganzen', 'Familie', 'zusammen']",mit,zusammen
"Welches Wort steht im Satz ""Wir feiern heute ein Fest mit Musik und guter Laune."" direkt nach ""ein""? ","['Wir', 'feiern', 'heute', 'ein', 'Fest', 'mit', 'Musik', 'und', 'guter', 'Laune']",Fest,ein
"Welches Wort steht im Satz ""Wir geniessen den sonnigen Tag beim Picknick im Park zusammen."" direkt nach ""Picknick""? ","['Wir', 'geniessen', 'den', 'sonnigen', 'Tag', 'beim', 'Picknick', 'im', 'Park', 'zusammen']",im,zusammen
"F: In dem Satz ""Der Hund liebt es, im Park zu rennen und zu spielen den ganzen Tag."", welches Wort folgt direkt auf das Wort ""Park""? A:","['Der', 'Hund', 'liebt', 'es', 'im', 'Park', 'zu', 'rennen', 'und', 'zu', 'spielen', 'den', 'ganzen', 'Tag']",zu,spielen
"Welches Wort steht im Satz ""Er faehrt mit dem Fahrrad durch den Park jeden Morgen."" direkt nach ""dem""? ","['Er', 'faehrt', 'mit', 'dem', 'Fahrrad', 'durch', 'den', 'Park', 'jeden', 'Morgen']",Fahrrad,faehrt
"Welches Wort steht im Satz ""Ich koche heute eine bunte Gemuesesuppe mit frischen Kraeutern."" direkt nach ""heute""? ","['Ich', 'koche', 'heute', 'eine', 'bunte', 'Gemuesesuppe', 'mit', 'frischen', 'Kraeutern']",eine,frischen
"F: In dem Satz ""Wir machen einen Spaziergang am Flussufer im warmen Sonnenschein."", welches Wort kommt unmittelbar nach dem Wort ""Spaziergang""? A:","['Wir', 'machen', 'einen', 'Spaziergang', 'am', 'Flussufer', 'im', 'warmen', 'Sonnenschein']",am,im
"F: In dem Satz ""Wir machen einen Spaziergang durch den Park am Abend."", welches Wort folgt direkt auf das Wort ""am""? A:","['Wir', 'machen', 'einen', 'Spaziergang', 'durch', 'den', 'Park', 'am', 'Abend']",Abend,den
"Welches Wort steht im Satz ""Wir treffen uns am Sonntag zum Fruehstueck im kleinen Café in der Stadt."" direkt nach ""treffen""? ","['Wir', 'treffen', 'uns', 'am', 'Sonntag', 'zum', 'Fruehstueck', 'im', 'kleinen', 'Café', 'in', 'der', 'Stadt']",uns,uns
"F: In dem Satz ""Das Wetter im Fruehling ist oft wechselhaft und mild mit Sonne."", welches Wort kommt unmittelbar nach dem Wort ""mild""? A:","['Das', 'Wetter', 'im', 'Fruehling', 'ist', 'oft', 'wechselhaft', 'und', 'mild', 'mit', 'Sonne']",mit,oft
"Welches Wort steht im Satz ""Ich gehe abends spazieren, um den Kopf frei zu bekommen."" direkt nach ""spazieren""? ","['Ich', 'gehe', 'abends', 'spazieren', 'um', 'den', 'Kopf', 'frei', 'zu', 'bekommen']",um,spazieren
"F: In dem Satz ""Er spielt jeden Abend Klavier und uebt neue Stuecke."", welches Wort kommt unmittelbar nach dem Wort ""Klavier""? A:","['Er', 'spielt', 'jeden', 'Abend', 'Klavier', 'und', 'uebt', 'neue', 'Stuecke']",und,uebt
"F: In dem Satz ""Sie malt ein Bild von der schoenen Landschaft im Herbst."", welches Wort folgt direkt auf das Wort ""der""? A:","['Sie', 'malt', 'ein', 'Bild', 'von', 'der', 'schoenen', 'Landschaft', 'im', 'Herbst']",schoenen,schoenen
"F: In dem Satz ""Sie kocht gern leckere Gerichte aus verschiedenen Laendern Europas."", welches Wort kommt unmittelbar nach dem Wort ""aus""? A:","['Sie', 'kocht', 'gern', 'leckere', 'Gerichte', 'aus', 'verschiedenen', 'Laendern', 'Europas']",verschiedenen,aus
"F: In dem Satz ""Wir machen eine Wanderung durch den Wald am Wochenende."", welches Wort folgt direkt auf das Wort ""am""? A:","['Wir', 'machen', 'eine', 'Wanderung', 'durch', 'den', 'Wald', 'am', 'Wochenende']",Wochenende,den
"Welches Wort steht im Satz ""Ich koche heute Abend eine leckere Gemuesesuppe mit Kraeutern."" direkt nach ""eine""? ","['Ich', 'koche', 'heute', 'Abend', 'eine', 'leckere', 'Gemuesesuppe', 'mit', 'Kraeutern']",leckere,heute
"F: In dem Satz ""Sie kocht gern leckere Gerichte aus verschiedenen Laendern Europas."", welches Wort kommt unmittelbar nach dem Wort ""aus""? A:","['Sie', 'kocht', 'gern', 'leckere', 'Gerichte', 'aus', 'verschiedenen', 'Laendern', 'Europas']",verschiedenen,gern
"Welches Wort steht im Satz ""Sie liest gern spannende Krimis bei Kerzenschein am Abend."" direkt nach ""Krimis""? ","['Sie', 'liest', 'gern', 'spannende', 'Krimis', 'bei', 'Kerzenschein', 'am', 'Abend']",bei,spannende
"F: In dem Satz ""Ich lerne Deutsch, um besser kommunizieren zu koennen."", welches Wort folgt direkt auf das Wort ""besser""? A:","['Ich', 'lerne', 'Deutsch', 'um', 'besser', 'kommunizieren', 'zu', 'koennen']",kommunizieren,zu
"F: In dem Satz ""Ich lese oft spannende Buecher ueber Geschichte und Kultur."", welches Wort folgt direkt auf das Wort ""lese""? A:","['Ich', 'lese', 'oft', 'spannende', 'Buecher', 'ueber', 'Geschichte', 'und', 'Kultur']",oft,spannende
"F: In dem Satz ""Ich lese gern spannende Romane und Geschichten."", welches Wort folgt direkt auf das Wort ""lese""? A:","['Ich', 'lese', 'gern', 'spannende', 'Romane', 'und', 'Geschichten']",gern,und
"Welches Wort steht im Satz ""Wir besuchen den Wochenmarkt und kaufen frisches Gemuese ein."" direkt nach ""Gemuese""? ","['Wir', 'besuchen', 'den', 'Wochenmarkt', 'und', 'kaufen', 'frisches', 'Gemuese', 'ein']",ein,den
"F: In dem Satz ""Ich lese oft Buecher ueber Geschichte und interessante Kulturen weltweit."", welches Wort kommt unmittelbar nach dem Wort ""lese""? A:","['Ich', 'lese', 'oft', 'Buecher', 'ueber', 'Geschichte', 'und', 'interessante', 'Kulturen', 'weltweit']",oft,weltweit
"F: In dem Satz ""Die Katze spielt mit ihrem Lieblingsspielzeug im Wohnzimmer froehlich."", welches Wort kommt unmittelbar nach dem Wort ""mit""? A:","['Die', 'Katze', 'spielt', 'mit', 'ihrem', 'Lieblingsspielzeug', 'im', 'Wohnzimmer', 'froehlich']",ihrem,im
"F: In dem Satz ""Die Kinder basteln bunte Laternen fuer das Laternenfest."", welches Wort folgt direkt auf das Wort ""basteln""? A:","['Die', 'Kinder', 'basteln', 'bunte', 'Laternen', 'fuer', 'das', 'Laternenfest']",bunte,bunte
"F: In dem Satz ""Ich esse gern frisches Obst und Gemuese zum Mittagessen und Abendessen."", welches Wort kommt unmittelbar nach dem Wort ""frisches""? A:","['Ich', 'esse', 'gern', 'frisches', 'Obst', 'und', 'Gemuese', 'zum', 'Mittagessen', 'und', 'Abendessen']",Obst,zum
"F: In dem Satz ""Die Katze schnurrt zufrieden, wenn sie auf dem Schoss liegt."", welches Wort kommt unmittelbar nach dem Wort ""dem""? A:","['Die', 'Katze', 'schnurrt', 'zufrieden', 'wenn', 'sie', 'auf', 'dem', 'Schoss', 'liegt']",Schoss,dem
"F: In dem Satz ""Der Lehrer erklaert die Grammatik sehr verstaendlich und geduldig."", welches Wort folgt direkt auf das Wort ""erklaert""? A:","['Der', 'Lehrer', 'erklaert', 'die', 'Grammatik', 'sehr', 'verstaendlich', 'und', 'geduldig']",die,sehr
"F: In dem Satz ""Wir fahren im Sommer an den See zum Schwimmen und Picknicken."", welches Wort kommt unmittelbar nach dem Wort ""Schwimmen""? A:","['Wir', 'fahren', 'im', 'Sommer', 'an', 'den', 'See', 'zum', 'Schwimmen', 'und', 'Picknicken']",und,und
"Welches Wort steht im Satz ""Wir feiern Weihnachten mit der Familie und vielen leckeren Plaetzchen."" direkt nach ""mit""? ","['Wir', 'feiern', 'Weihnachten', 'mit', 'der', 'Familie', 'und', 'vielen', 'leckeren', 'Plaetzchen']",der,mit
"F: In dem Satz ""Sie kocht gern italienische Gerichte fuer ihre Freunde."", welches Wort folgt direkt auf das Wort ""ihre""? A:","['Sie', 'kocht', 'gern', 'italienische', 'Gerichte', 'fuer', 'ihre', 'Freunde']",Freunde,ihre
"Welches Wort steht im Satz ""Die Blumen im Park bluehen in vielen verschiedenen Farben."" direkt nach ""im""? ","['Die', 'Blumen', 'im', 'Park', 'bluehen', 'in', 'vielen', 'verschiedenen', 'Farben']",Park,im
"F: In dem Satz ""Er schreibt regelmaessig Briefe an seine Freunde in Deutschland."", welches Wort folgt direkt auf das Wort ""in""? A:","['Er', 'schreibt', 'regelmaessig', 'Briefe', 'an', 'seine', 'Freunde', 'in', 'Deutschland']",Deutschland,schreibt
"F: In dem Satz ""Der Zug kommt puenktlich am Bahnhof an."", welches Wort folgt direkt auf das Wort ""am""? A:","['Der', 'Zug', 'kommt', 'puenktlich', 'am', 'Bahnhof', 'an']",Bahnhof,puenktlich
"F: In dem Satz ""Sie tanzt gern Ballett und uebt jeden Tag fleissig zu Hause."", welches Wort kommt unmittelbar nach dem Wort ""jeden""? A:","['Sie', 'tanzt', 'gern', 'Ballett', 'und', 'uebt', 'jeden', 'Tag', 'fleissig', 'zu', 'Hause']",Tag,zu
"F: In dem Satz ""Die Katze schnurrt zufrieden, wenn sie gestreichelt wird vom Besitzer."", welches Wort kommt unmittelbar nach dem Wort ""zufrieden""? A:","['Die', 'Katze', 'schnurrt', 'zufrieden', 'wenn', 'sie', 'gestreichelt', 'wird', 'vom', 'Besitzer']",wenn,schnurrt
"F: In dem Satz ""Der Zug kommt puenktlich um acht Uhr am Bahnhof an."", welches Wort folgt direkt auf das Wort ""Bahnhof""? A:","['Der', 'Zug', 'kommt', 'puenktlich', 'um', 'acht', 'Uhr', 'am', 'Bahnhof', 'an']",an,um
"Welches Wort steht im Satz ""Sie kocht ein neues Rezept mit viel frischem Gemuese."" direkt nach ""Rezept""? ","['Sie', 'kocht', 'ein', 'neues', 'Rezept', 'mit', 'viel', 'frischem', 'Gemuese']",mit,mit
"F: In dem Satz ""Er liest ein spannendes Buch auf dem Sofa am Abend."", welches Wort kommt unmittelbar nach dem Wort ""auf""? A:","['Er', 'liest', 'ein', 'spannendes', 'Buch', 'auf', 'dem', 'Sofa', 'am', 'Abend']",dem,spannendes
"F: In dem Satz ""Wir feiern Weihnachten traditionell mit der ganzen Familie und viel Essen."", welches Wort kommt unmittelbar nach dem Wort ""der""? A:","['Wir', 'feiern', 'Weihnachten', 'traditionell', 'mit', 'der', 'ganzen', 'Familie', 'und', 'viel', 'Essen']",ganzen,feiern
"Welches Wort steht im Satz ""Der Vogel singt frueh am Morgen ein wunderschoenes Lied draussen."" direkt nach ""Vogel""? ","['Der', 'Vogel', 'singt', 'frueh', 'am', 'Morgen', 'ein', 'wunderschoenes', 'Lied', 'draussen']",singt,ein
"Welches Wort steht im Satz ""Die Blumen bluehen bunt und duften herrlich im Fruehlingsgarten."" direkt nach ""herrlich""? ","['Die', 'Blumen', 'bluehen', 'bunt', 'und', 'duften', 'herrlich', 'im', 'Fruehlingsgarten']",im,duften
"F: In dem Satz ""Ich gehe gerne joggen im Wald am Morgen und geniesse die frische Luft."", welches Wort folgt direkt auf das Wort ""geniesse""? A:","['Ich', 'gehe', 'gerne', 'joggen', 'im', 'Wald', 'am', 'Morgen', 'und', 'geniesse', 'die', 'frische', 'Luft']",die,gehe
"Welches Wort steht im Satz ""Der Hund bellt laut, wenn Fremde das Grundstueck betreten."" direkt nach ""wenn""? ","['Der', 'Hund', 'bellt', 'laut', 'wenn', 'Fremde', 'das', 'Grundstueck', 'betreten']",Fremde,das
"Welches Wort steht im Satz ""Wir gehen abends spazieren und geniessen die frische Luft draussen."" direkt nach ""abends""? ","['Wir', 'gehen', 'abends', 'spazieren', 'und', 'geniessen', 'die', 'frische', 'Luft', 'draussen']",spazieren,frische
"F: In dem Satz ""Der Lehrer erklaert die neue Grammatik im Unterricht sehr geduldig."", welches Wort kommt unmittelbar nach dem Wort ""im""? A:","['Der', 'Lehrer', 'erklaert', 'die', 'neue', 'Grammatik', 'im', 'Unterricht', 'sehr', 'geduldig']",Unterricht,sehr
"F: In dem Satz ""Die Katze sitzt auf dem Fensterbrett und beobachtet die Voegel draussen."", welches Wort kommt unmittelbar nach dem Wort ""auf""? A:","['Die', 'Katze', 'sitzt', 'auf', 'dem', 'Fensterbrett', 'und', 'beobachtet', 'die', 'Voegel', 'draussen']",dem,beobachtet
"Welches Wort steht im Satz ""Sie spielt Geige und uebt fleissig fuer das Konzert naechste Woche."" direkt nach ""Geige""? ","['Sie', 'spielt', 'Geige', 'und', 'uebt', 'fleissig', 'fuer', 'das', 'Konzert', 'naechste', 'Woche']",und,uebt
"F: In dem Satz ""Sie malt ein Bild von der Landschaft im Herbst."", welches Wort folgt direkt auf das Wort ""im""? A:","['Sie', 'malt', 'ein', 'Bild', 'von', 'der', 'Landschaft', 'im', 'Herbst']",Herbst,im
"F: In dem Satz ""Der Lehrer erklaert die Grammatik sehr verstaendlich."", welches Wort folgt direkt auf das Wort ""sehr""? A:","['Der', 'Lehrer', 'erklaert', 'die', 'Grammatik', 'sehr', 'verstaendlich']",verstaendlich,sehr
"F: In dem Satz ""Sie traegt eine schoene rote Jacke im Winter."", welches Wort folgt direkt auf das Wort ""Jacke""? A:","['Sie', 'traegt', 'eine', 'schoene', 'rote', 'Jacke', 'im', 'Winter']",im,im
"F: In dem Satz ""Der Lehrer erklaert die Aufgaben sehr verstaendlich."", welches Wort folgt direkt auf das Wort ""erklaert""? A:","['Der', 'Lehrer', 'erklaert', 'die', 'Aufgaben', 'sehr', 'verstaendlich']",die,verstaendlich
"F: In dem Satz ""Wir gehen am Abend spazieren und geniessen die frische Luft."", welches Wort kommt unmittelbar nach dem Wort ""geniessen""? A:","['Wir', 'gehen', 'am', 'Abend', 'spazieren', 'und', 'geniessen', 'die', 'frische', 'Luft']",die,geniessen
"Welches Wort steht im Satz ""Die Kinder spielen draussen im Park mit Freunden und Ball."" direkt nach ""Park""? ","['Die', 'Kinder', 'spielen', 'draussen', 'im', 'Park', 'mit', 'Freunden', 'und', 'Ball']",mit,spielen
"F: In dem Satz ""Der Vogel singt am fruehen Morgen im Garten und freut sich oft."", welches Wort kommt unmittelbar nach dem Wort ""freut""? A:","['Der', 'Vogel', 'singt', 'am', 'fruehen', 'Morgen', 'im', 'Garten', 'und', 'freut', 'sich', 'oft']",sich,und
"F: In dem Satz ""Die Kinder basteln Laternen fuer das Martinsfest in der Schule."", welches Wort kommt unmittelbar nach dem Wort ""in""? A:","['Die', 'Kinder', 'basteln', 'Laternen', 'fuer', 'das', 'Martinsfest', 'in', 'der', 'Schule']",der,der
"F: In dem Satz ""Der Lehrer erklaert die Grammatik sehr gut und geduldig."", welches Wort folgt direkt auf das Wort ""die""? A:","['Der', 'Lehrer', 'erklaert', 'die', 'Grammatik', 'sehr', 'gut', 'und', 'geduldig']",Grammatik,sehr
"Welches Wort steht im Satz ""Der Vogel singt laut auf dem Ast eines alten Baumes."" direkt nach ""alten""? ","['Der', 'Vogel', 'singt', 'laut', 'auf', 'dem', 'Ast', 'eines', 'alten', 'Baumes']",Baumes,auf
"F: In dem Satz ""Die Blumen brauchen taeglich Wasser und viel Sonne zum Gedeihen."", welches Wort kommt unmittelbar nach dem Wort ""zum""? A:","['Die', 'Blumen', 'brauchen', 'taeglich', 'Wasser', 'und', 'viel', 'Sonne', 'zum', 'Gedeihen']",Gedeihen,zum
"F: In dem Satz ""Das Kind spielt froehlich mit seinen Freunden im Park."", welches Wort folgt direkt auf das Wort ""mit""? A:","['Das', 'Kind', 'spielt', 'froehlich', 'mit', 'seinen', 'Freunden', 'im', 'Park']",seinen,froehlich
"F: In dem Satz ""Ich trinke morgens immer einen Kaffee mit Milch und Zucker."", welches Wort folgt direkt auf das Wort ""immer""? A:","['Ich', 'trinke', 'morgens', 'immer', 'einen', 'Kaffee', 'mit', 'Milch', 'und', 'Zucker']",einen,mit
"Welches Wort steht im Satz ""Sie liest gern Romane ueber Freundschaft und Abenteuer in der Jugend."" direkt nach ""und""? ","['Sie', 'liest', 'gern', 'Romane', 'ueber', 'Freundschaft', 'und', 'Abenteuer', 'in', 'der', 'Jugend']",Abenteuer,und
"F: In dem Satz ""Ich lese oft Buecher ueber Geschichte und Kultur in meiner Freizeit."", welches Wort kommt unmittelbar nach dem Wort ""Kultur""? A:","['Ich', 'lese', 'oft', 'Buecher', 'ueber', 'Geschichte', 'und', 'Kultur', 'in', 'meiner', 'Freizeit']",in,meiner
"F: In dem Satz ""Ich lese jeden Tag die Nachrichten im Internet."", welches Wort folgt direkt auf das Wort ""jeden""? A:","['Ich', 'lese', 'jeden', 'Tag', 'die', 'Nachrichten', 'im', 'Internet']",Tag,im
"F: In dem Satz ""Sie schreibt eine Postkarte an ihre beste Freundin aus dem Urlaub."", welches Wort kommt unmittelbar nach dem Wort ""eine""? A:","['Sie', 'schreibt', 'eine', 'Postkarte', 'an', 'ihre', 'beste', 'Freundin', 'aus', 'dem', 'Urlaub']",Postkarte,ihre
"F: In dem Satz ""Die Katze schnurrt zufrieden, wenn sie gestreichelt wird vom Besitzer."", welches Wort kommt unmittelbar nach dem Wort ""gestreichelt""? A:","['Die', 'Katze', 'schnurrt', 'zufrieden', 'wenn', 'sie', 'gestreichelt', 'wird', 'vom', 'Besitzer']",wird,schnurrt
"Welches Wort steht im Satz ""Ich trinke morgens gern schwarzen Kaffee ohne Zucker und Milch."" direkt nach ""gern""? ","['Ich', 'trinke', 'morgens', 'gern', 'schwarzen', 'Kaffee', 'ohne', 'Zucker', 'und', 'Milch']",schwarzen,schwarzen
"F: In dem Satz ""Das Wetter ist heute sonnig und warm."", welches Wort folgt direkt auf das Wort ""und""? A:","['Das', 'Wetter', 'ist', 'heute', 'sonnig', 'und', 'warm']",warm,heute
"F: In dem Satz ""Die Kinder basteln bunte Laternen fuer das Laternenfest."", welches Wort folgt direkt auf das Wort ""basteln""? A:","['Die', 'Kinder', 'basteln', 'bunte', 'Laternen', 'fuer', 'das', 'Laternenfest']",bunte,basteln
"F: In dem Satz ""Wir feiern Silvester mit Freunden und geniessen das Feuerwerk am Himmel."", welches Wort kommt unmittelbar nach dem Wort ""das""? A:","['Wir', 'feiern', 'Silvester', 'mit', 'Freunden', 'und', 'geniessen', 'das', 'Feuerwerk', 'am', 'Himmel']",Feuerwerk,feiern
"F: In dem Satz ""Der Zug kommt puenktlich am Bahnhof an und faehrt weiter nach Berlin."", welches Wort folgt direkt auf das Wort ""kommt""? A:","['Der', 'Zug', 'kommt', 'puenktlich', 'am', 'Bahnhof', 'an', 'und', 'faehrt', 'weiter', 'nach', 'Berlin']",puenktlich,weiter
"F: In dem Satz ""Wir essen heute Abend Spaghetti mit Tomatensosse und Parmesan."", welches Wort kommt unmittelbar nach dem Wort ""Spaghetti""? A:","['Wir', 'essen', 'heute', 'Abend', 'Spaghetti', 'mit', 'Tomatensosse', 'und', 'Parmesan']",mit,heute
"Welches Wort steht im Satz ""Wir feiern Weihnachten mit der ganzen Familie und vielen Geschenken."" direkt nach ""der""? ","['Wir', 'feiern', 'Weihnachten', 'mit', 'der', 'ganzen', 'Familie', 'und', 'vielen', 'Geschenken']",ganzen,und
"F: In dem Satz ""Sie schreibt einen Brief an ihre Grosseltern zum Geburtstag."", welches Wort folgt direkt auf das Wort ""an""? A:","['Sie', 'schreibt', 'einen', 'Brief', 'an', 'ihre', 'Grosseltern', 'zum', 'Geburtstag']",ihre,ihre
"Welches Wort steht im Satz ""Der Hund laeuft schnell ueber die Wiese und faengt den Ball."" direkt nach ""die""? ","['Der', 'Hund', 'laeuft', 'schnell', 'ueber', 'die', 'Wiese', 'und', 'faengt', 'den', 'Ball']",Wiese,laeuft
"F: In dem Satz ""Das Kind malt ein buntes Bild mit Farben."", welches Wort folgt direkt auf das Wort ""buntes""? A:","['Das', 'Kind', 'malt', 'ein', 'buntes', 'Bild', 'mit', 'Farben']",Bild,malt
"Welches Wort steht im Satz ""Die Katze schnurrt zufrieden, wenn sie gestreichelt wird vom Besitzer."" direkt nach ""Katze""? ","['Die', 'Katze', 'schnurrt', 'zufrieden', 'wenn', 'sie', 'gestreichelt', 'wird', 'vom', 'Besitzer']",schnurrt,schnurrt
"F: In dem Satz ""Die Blumen duften wunderbar im Garten nach einem Regen."", welches Wort kommt unmittelbar nach dem Wort ""nach""? A:","['Die', 'Blumen', 'duften', 'wunderbar', 'im', 'Garten', 'nach', 'einem', 'Regen']",einem,im
"F: In dem Satz ""Der Hund laeuft froehlich durch den Park."", welches Wort folgt direkt auf das Wort ""den""? A:","['Der', 'Hund', 'laeuft', 'froehlich', 'durch', 'den', 'Park']",Park,froehlich
"F: In dem Satz ""Der Himmel ist blau und die Sonne scheint."", welches Wort folgt direkt auf das Wort ""die""? A:","['Der', 'Himmel', 'ist', 'blau', 'und', 'die', 'Sonne', 'scheint']",Sonne,scheint
"F: In dem Satz ""Die Kinder spielen draussen im Garten mit Freunden und haben viel Spass."", welches Wort kommt unmittelbar nach dem Wort ""haben""? A:","['Die', 'Kinder', 'spielen', 'draussen', 'im', 'Garten', 'mit', 'Freunden', 'und', 'haben', 'viel', 'Spass']",viel,draussen
"F: In dem Satz ""Ich trinke abends gern eine heisse Tasse Tee."", welches Wort folgt direkt auf das Wort ""gern""? A:","['Ich', 'trinke', 'abends', 'gern', 'eine', 'heisse', 'Tasse', 'Tee']",eine,abends
"F: In dem Satz ""Der Hund bellt laut, wenn Fremde das Haus betreten."", welches Wort folgt direkt auf das Wort ""laut""? A:","['Der', 'Hund', 'bellt', 'laut', 'wenn', 'Fremde', 'das', 'Haus', 'betreten']",wenn,bellt
"Welches Wort steht im Satz ""Die Katze klettert geschickt auf den hoechsten Baum im Garten."" direkt nach ""auf""? ","['Die', 'Katze', 'klettert', 'geschickt', 'auf', 'den', 'hoechsten', 'Baum', 'im', 'Garten']",den,auf
"F: In dem Satz ""Ich hoere Musik, waehrend ich Hausaufgaben mache und mich konzentriere."", welches Wort kommt unmittelbar nach dem Wort ""mich""? A:","['Ich', 'hoere', 'Musik', 'waehrend', 'ich', 'Hausaufgaben', 'mache', 'und', 'mich', 'konzentriere']",konzentriere,ich
"F: In dem Satz ""Sie malt ein Bild von der Landschaft im Herbst mit bunten Farben heute."", welches Wort kommt unmittelbar nach dem Wort ""mit""? A:","['Sie', 'malt', 'ein', 'Bild', 'von', 'der', 'Landschaft', 'im', 'Herbst', 'mit', 'bunten', 'Farben', 'heute']",bunten,bunten
"F: In dem Satz ""Wir besuchen das Museum, um mehr ueber Kunst zu lernen."", welches Wort folgt direkt auf das Wort ""Kunst""? A:","['Wir', 'besuchen', 'das', 'Museum', 'um', 'mehr', 'ueber', 'Kunst', 'zu', 'lernen']",zu,mehr
"F: In dem Satz ""Die Katze schnurrt zufrieden, wenn sie gestreichelt wird vom Besitzer."", welches Wort kommt unmittelbar nach dem Wort ""vom""? A:","['Die', 'Katze', 'schnurrt', 'zufrieden', 'wenn', 'sie', 'gestreichelt', 'wird', 'vom', 'Besitzer']",Besitzer,zufrieden
"Welches Wort steht im Satz ""Wir fahren im Herbst oft in die Berge zum Wandern."" direkt nach ""zum""? ","['Wir', 'fahren', 'im', 'Herbst', 'oft', 'in', 'die', 'Berge', 'zum', 'Wandern']",Wandern,zum
"Welches Wort steht im Satz ""Der Himmel ist klar und die Sterne funkeln hell in der Nacht."" direkt nach ""und""? ","['Der', 'Himmel', 'ist', 'klar', 'und', 'die', 'Sterne', 'funkeln', 'hell', 'in', 'der', 'Nacht']",die,klar
"F: In dem Satz ""Ich koche heute Abend Nudeln mit Tomatensosse und frischem Basilikum."", welches Wort kommt unmittelbar nach dem Wort ""Nudeln""? A:","['Ich', 'koche', 'heute', 'Abend', 'Nudeln', 'mit', 'Tomatensosse', 'und', 'frischem', 'Basilikum']",mit,und
"Welches Wort steht im Satz ""Er faehrt taeglich mit dem Fahrrad zur Arbeit in die Stadt."" direkt nach ""in""? ","['Er', 'faehrt', 'taeglich', 'mit', 'dem', 'Fahrrad', 'zur', 'Arbeit', 'in', 'die', 'Stadt']",die,dem
"Welches Wort steht im Satz ""Die Kinder basteln Laternen fuer das Martinsfest in der Schule."" direkt nach ""Laternen""? ","['Die', 'Kinder', 'basteln', 'Laternen', 'fuer', 'das', 'Martinsfest', 'in', 'der', 'Schule']",fuer,fuer
"Welches Wort steht im Satz ""Ich hoere beim Lernen klassische Musik zur besseren Konzentration."" direkt nach ""Lernen""? ","['Ich', 'hoere', 'beim', 'Lernen', 'klassische', 'Musik', 'zur', 'besseren', 'Konzentration']",klassische,zur
"F: In dem Satz ""Sie liest gern Sachbuecher ueber Geschichte und Naturwissenschaften."", welches Wort kommt unmittelbar nach dem Wort ""Sachbuecher""? A:","['Sie', 'liest', 'gern', 'Sachbuecher', 'ueber', 'Geschichte', 'und', 'Naturwissenschaften']",ueber,liest
"F: In dem Satz ""Sie liest gern Sachbuecher ueber Geschichte und Naturwissenschaften."", welches Wort kommt unmittelbar nach dem Wort ""und""? A:","['Sie', 'liest', 'gern', 'Sachbuecher', 'ueber', 'Geschichte', 'und', 'Naturwissenschaften']",Naturwissenschaften,liest
"F: In dem Satz ""Sie traegt eine schoene rote Jacke im Winter."", welches Wort folgt direkt auf das Wort ""traegt""? A:","['Sie', 'traegt', 'eine', 'schoene', 'rote', 'Jacke', 'im', 'Winter']",eine,im
"F: In dem Satz ""Wir spazieren am Abend oft am Fluss entlang und geniessen die Ruhe."", welches Wort kommt unmittelbar nach dem Wort ""Fluss""? A:","['Wir', 'spazieren', 'am', 'Abend', 'oft', 'am', 'Fluss', 'entlang', 'und', 'geniessen', 'die', 'Ruhe']",entlang,entlang
"F: In dem Satz ""Ich gehe jeden Morgen eine halbe Stunde spazieren."", welches Wort folgt direkt auf das Wort ""Morgen""? A:","['Ich', 'gehe', 'jeden', 'Morgen', 'eine', 'halbe', 'Stunde', 'spazieren']",eine,jeden
"Welches Wort steht im Satz ""Wir essen heute Abend frisch gebackenes Brot mit Kaese und Wurst."" direkt nach ""Abend""? ","['Wir', 'essen', 'heute', 'Abend', 'frisch', 'gebackenes', 'Brot', 'mit', 'Kaese', 'und', 'Wurst']",frisch,essen
"Welches Wort steht im Satz ""Er repariert sein altes Fahrrad in der Garage am Nachmittag."" direkt nach ""Fahrrad""? ","['Er', 'repariert', 'sein', 'altes', 'Fahrrad', 'in', 'der', 'Garage', 'am', 'Nachmittag']",in,sein
"Welches Wort steht im Satz ""Ich trinke morgens gerne schwarzen Kaffee mit Milch."" direkt nach ""morgens""? ","['Ich', 'trinke', 'morgens', 'gerne', 'schwarzen', 'Kaffee', 'mit', 'Milch']",gerne,schwarzen
"Welches Wort steht im Satz ""Die Sonne scheint warm auf die bunten Blaetter im Herbstpark."" direkt nach ""scheint""? ","['Die', 'Sonne', 'scheint', 'warm', 'auf', 'die', 'bunten', 'Blaetter', 'im', 'Herbstpark']",warm,scheint
"F: In dem Satz ""Wir fahren im Winter oft in die Berge zum Skifahren."", welches Wort folgt direkt auf das Wort ""zum""? A:","['Wir', 'fahren', 'im', 'Winter', 'oft', 'in', 'die', 'Berge', 'zum', 'Skifahren']",Skifahren,im
"F: In dem Satz ""Er faehrt jeden Tag mit dem Fahrrad zur Arbeit in der Stadt."", welches Wort kommt unmittelbar nach dem Wort ""zur""? A:","['Er', 'faehrt', 'jeden', 'Tag', 'mit', 'dem', 'Fahrrad', 'zur', 'Arbeit', 'in', 'der', 'Stadt']",Arbeit,faehrt
"F: In dem Satz ""Der Hund bellt, wenn jemand an der Tuer klingelt oder klingelt."", welches Wort kommt unmittelbar nach dem Wort ""jemand""? A:","['Der', 'Hund', 'bellt', 'wenn', 'jemand', 'an', 'der', 'Tuer', 'klingelt', 'oder', 'klingelt']",an,klingelt
"Welches Wort steht im Satz ""Sie tanzt leidenschaftlich gern jeden Samstagabend in der Tanzschule."" direkt nach ""jeden""? ","['Sie', 'tanzt', 'leidenschaftlich', 'gern', 'jeden', 'Samstagabend', 'in', 'der', 'Tanzschule']",Samstagabend,jeden
"F: In dem Satz ""Wir besuchen das Theater und sehen ein neues Stueck am Freitagabend."", welches Wort folgt direkt auf das Wort ""ein""? A:","['Wir', 'besuchen', 'das', 'Theater', 'und', 'sehen', 'ein', 'neues', 'Stueck', 'am', 'Freitagabend']",neues,sehen
"F: In dem Satz ""Ich gehe abends spazieren, um den Kopf frei zu bekommen."", welches Wort kommt unmittelbar nach dem Wort ""zu""? A:","['Ich', 'gehe', 'abends', 'spazieren', 'um', 'den', 'Kopf', 'frei', 'zu', 'bekommen']",bekommen,zu
"F: In dem Satz ""Die Blumen auf dem Balkon bluehen schoen in der Sonne."", welches Wort kommt unmittelbar nach dem Wort ""in""? A:","['Die', 'Blumen', 'auf', 'dem', 'Balkon', 'bluehen', 'schoen', 'in', 'der', 'Sonne']",der,schoen
"Welches Wort steht im Satz ""Er faehrt taeglich mit dem Fahrrad zur Arbeit in die Stadt."" direkt nach ""faehrt""? ","['Er', 'faehrt', 'taeglich', 'mit', 'dem', 'Fahrrad', 'zur', 'Arbeit', 'in', 'die', 'Stadt']",taeglich,mit
"F: In dem Satz ""Die Katze schlaeft auf dem warmen Sofa und traeumt friedlich."", welches Wort kommt unmittelbar nach dem Wort ""auf""? A:","['Die', 'Katze', 'schlaeft', 'auf', 'dem', 'warmen', 'Sofa', 'und', 'traeumt', 'friedlich']",dem,schlaeft
"F: In dem Satz ""Der Berg ist hoch und bietet tolle Aussicht."", welches Wort folgt direkt auf das Wort ""bietet""? A:","['Der', 'Berg', 'ist', 'hoch', 'und', 'bietet', 'tolle', 'Aussicht']",tolle,bietet
"F: In dem Satz ""Sie malt ein Bild von der schoenen Landschaft."", welches Wort folgt direkt auf das Wort ""Bild""? A:","['Sie', 'malt', 'ein', 'Bild', 'von', 'der', 'schoenen', 'Landschaft']",von,schoenen
"F: In dem Satz ""Sie tanzt begeistert bei der Tanzstunde am Freitagabend in der Halle."", welches Wort kommt unmittelbar nach dem Wort ""in""? A:","['Sie', 'tanzt', 'begeistert', 'bei', 'der', 'Tanzstunde', 'am', 'Freitagabend', 'in', 'der', 'Halle']",der,der
"F: In dem Satz ""Der Hund liegt zufrieden in der Sonne auf der Terrasse."", welches Wort folgt direkt auf das Wort ""Sonne""? A:","['Der', 'Hund', 'liegt', 'zufrieden', 'in', 'der', 'Sonne', 'auf', 'der', 'Terrasse']",auf,liegt
"F: In dem Satz ""Sie hoert gern klassische Musik beim Lesen eines Buches."", welches Wort folgt direkt auf das Wort ""eines""? A:","['Sie', 'hoert', 'gern', 'klassische', 'Musik', 'beim', 'Lesen', 'eines', 'Buches']",Buches,gern
"F: In dem Satz ""Die Katze schnurrt laut, wenn sie gestreichelt wird."", welches Wort folgt direkt auf das Wort ""gestreichelt""? A:","['Die', 'Katze', 'schnurrt', 'laut', 'wenn', 'sie', 'gestreichelt', 'wird']",wird,schnurrt
"F: In dem Satz ""Die Katze schlaeft gerne auf dem warmen Sofa zu Hause im Wohnzimmer."", welches Wort folgt direkt auf das Wort ""Hause""? A:","['Die', 'Katze', 'schlaeft', 'gerne', 'auf', 'dem', 'warmen', 'Sofa', 'zu', 'Hause', 'im', 'Wohnzimmer']",im,warmen
"F: In dem Satz ""Wir machen im Sommer eine Bootsfahrt auf dem nahegelegenen See."", welches Wort kommt unmittelbar nach dem Wort ""Sommer""? A:","['Wir', 'machen', 'im', 'Sommer', 'eine', 'Bootsfahrt', 'auf', 'dem', 'nahegelegenen', 'See']",eine,im
"F: In dem Satz ""Die Kinder spielen Fussball auf dem Schulhof."", welches Wort folgt direkt auf das Wort ""spielen""? A:","['Die', 'Kinder', 'spielen', 'Fussball', 'auf', 'dem', 'Schulhof']",Fussball,spielen
"Welches Wort steht im Satz ""Ich geniesse den Duft von frisch gebackenem Brot am Morgen."" direkt nach ""Duft""? ","['Ich', 'geniesse', 'den', 'Duft', 'von', 'frisch', 'gebackenem', 'Brot', 'am', 'Morgen']",von,von
"F: In dem Satz ""Ich gehe gerne joggen im Wald am Morgen."", welches Wort folgt direkt auf das Wort ""im""? A:","['Ich', 'gehe', 'gerne', 'joggen', 'im', 'Wald', 'am', 'Morgen']",Wald,im
"F: In dem Satz ""Sie kocht gern italienische Gerichte fuer ihre Freunde am Wochenende."", welches Wort folgt direkt auf das Wort ""italienische""? A:","['Sie', 'kocht', 'gern', 'italienische', 'Gerichte', 'fuer', 'ihre', 'Freunde', 'am', 'Wochenende']",Gerichte,ihre
"Welches Wort steht im Satz ""Sie liest gern Romane ueber ferne Laender und spannende Abenteuer."" direkt nach ""liest""? ","['Sie', 'liest', 'gern', 'Romane', 'ueber', 'ferne', 'Laender', 'und', 'spannende', 'Abenteuer']",gern,ueber
"Welches Wort steht im Satz ""Die Sonne scheint warm auf die bunten Blaetter im Park."" direkt nach ""Sonne""? ","['Die', 'Sonne', 'scheint', 'warm', 'auf', 'die', 'bunten', 'Blaetter', 'im', 'Park']",scheint,scheint
"F: In dem Satz ""Sie tanzt begeistert bei der Tanzstunde am Freitagabend in der Halle."", welches Wort kommt unmittelbar nach dem Wort ""tanzt""? A:","['Sie', 'tanzt', 'begeistert', 'bei', 'der', 'Tanzstunde', 'am', 'Freitagabend', 'in', 'der', 'Halle']",begeistert,tanzt
"F: In dem Satz ""Ich koche heute eine cremige Kuerbissuppe mit frischen Gewuerzen."", welches Wort kommt unmittelbar nach dem Wort ""frischen""? A:","['Ich', 'koche', 'heute', 'eine', 'cremige', 'Kuerbissuppe', 'mit', 'frischen', 'Gewuerzen']",Gewuerzen,frischen
"F: In dem Satz ""Er schreibt taeglich in sein Tagebuch ueber seine Erlebnisse und Gedanken."", welches Wort kommt unmittelbar nach dem Wort ""und""? A:","['Er', 'schreibt', 'taeglich', 'in', 'sein', 'Tagebuch', 'ueber', 'seine', 'Erlebnisse', 'und', 'Gedanken']",Gedanken,schreibt
"Welches Wort steht im Satz ""Wir machen eine Fahrradtour entlang der schoenen Flussauen heute."" direkt nach ""Flussauen""? ","['Wir', 'machen', 'eine', 'Fahrradtour', 'entlang', 'der', 'schoenen', 'Flussauen', 'heute']",heute,schoenen
"F: In dem Satz ""Ich hoere oft klassische Musik beim Lernen zu Hause."", welches Wort folgt direkt auf das Wort ""zu""? A:","['Ich', 'hoere', 'oft', 'klassische', 'Musik', 'beim', 'Lernen', 'zu', 'Hause']",Hause,oft
"Welches Wort steht im Satz ""Wir feiern ein kleines Fest im Garten mit Freunden."" direkt nach ""kleines""? ","['Wir', 'feiern', 'ein', 'kleines', 'Fest', 'im', 'Garten', 'mit', 'Freunden']",Fest,mit
"Welches Wort steht im Satz ""Die Sonne scheint warm auf die bunten Blaetter im Park."" direkt nach ""Blaetter""? ","['Die', 'Sonne', 'scheint', 'warm', 'auf', 'die', 'bunten', 'Blaetter', 'im', 'Park']",im,scheint
"F: In dem Satz ""Die Katze schlaeft auf dem warmen Fensterbrett."", welches Wort folgt direkt auf das Wort ""auf""? A:","['Die', 'Katze', 'schlaeft', 'auf', 'dem', 'warmen', 'Fensterbrett']",dem,schlaeft
"F: In dem Satz ""Das Kind malt ein buntes Bild mit vielen Farben."", welches Wort folgt direkt auf das Wort ""mit""? A:","['Das', 'Kind', 'malt', 'ein', 'buntes', 'Bild', 'mit', 'vielen', 'Farben']",vielen,buntes
"F: In dem Satz ""Der Himmel ist blau und die Sonne scheint warm und hell heute."", welches Wort kommt unmittelbar nach dem Wort ""warm""? A:","['Der', 'Himmel', 'ist', 'blau', 'und', 'die', 'Sonne', 'scheint', 'warm', 'und', 'hell', 'heute']",und,heute
"F: In dem Satz ""Wir besuchen das Museum, um mehr ueber Kunst zu lernen."", welches Wort folgt direkt auf das Wort ""um""? A:","['Wir', 'besuchen', 'das', 'Museum', 'um', 'mehr', 'ueber', 'Kunst', 'zu', 'lernen']",mehr,mehr
"F: In dem Satz ""Der Himmel ist heute bewoelkt, aber es bleibt trocken und mild."", welches Wort kommt unmittelbar nach dem Wort ""und""? A:","['Der', 'Himmel', 'ist', 'heute', 'bewoelkt', 'aber', 'es', 'bleibt', 'trocken', 'und', 'mild']",mild,aber
"Welches Wort steht im Satz ""Sie liest gern spannende Romane ueber ferne Laender."" direkt nach ""ferne""? ","['Sie', 'liest', 'gern', 'spannende', 'Romane', 'ueber', 'ferne', 'Laender']",Laender,ferne
"F: In dem Satz ""Die Katze jagt gern Schmetterlinge im Garten waehrend des Sommers."", welches Wort folgt direkt auf das Wort ""jagt""? A:","['Die', 'Katze', 'jagt', 'gern', 'Schmetterlinge', 'im', 'Garten', 'waehrend', 'des', 'Sommers']",gern,im
"F: In dem Satz ""Sie tanzt jeden Freitag im Tanzkurs mit grosser Freude und Schwung."", welches Wort kommt unmittelbar nach dem Wort ""grosser""? A:","['Sie', 'tanzt', 'jeden', 'Freitag', 'im', 'Tanzkurs', 'mit', 'grosser', 'Freude', 'und', 'Schwung']",Freude,mit
"F: In dem Satz ""Wir besuchen im Sommer oft den See zum Schwimmen und Entspannen."", welches Wort kommt unmittelbar nach dem Wort ""See""? A:","['Wir', 'besuchen', 'im', 'Sommer', 'oft', 'den', 'See', 'zum', 'Schwimmen', 'und', 'Entspannen']",zum,im
"F: In dem Satz ""Wir fahren im Herbst oft mit dem Auto ins Gebirge zum Wandern."", welches Wort kommt unmittelbar nach dem Wort ""dem""? A:","['Wir', 'fahren', 'im', 'Herbst', 'oft', 'mit', 'dem', 'Auto', 'ins', 'Gebirge', 'zum', 'Wandern']",Auto,zum
"F: In dem Satz ""Sie spielt Klavier seit vielen Jahren sehr gut."", welches Wort folgt direkt auf das Wort ""Jahren""? A:","['Sie', 'spielt', 'Klavier', 'seit', 'vielen', 'Jahren', 'sehr', 'gut']",sehr,seit
"F: In dem Satz ""Er faehrt mit dem Fahrrad zur Arbeit jeden Tag."", welches Wort folgt direkt auf das Wort ""faehrt""? A:","['Er', 'faehrt', 'mit', 'dem', 'Fahrrad', 'zur', 'Arbeit', 'jeden', 'Tag']",mit,faehrt
"F: In dem Satz ""Wir essen heute Abend frisch gebackenes Brot mit Kaese und Wurst."", welches Wort kommt unmittelbar nach dem Wort ""Abend""? A:","['Wir', 'essen', 'heute', 'Abend', 'frisch', 'gebackenes', 'Brot', 'mit', 'Kaese', 'und', 'Wurst']",frisch,heute
"F: In dem Satz ""Wir fahren im Sommer an den See zum Schwimmen und Entspannen."", welches Wort folgt direkt auf das Wort ""fahren""? A:","['Wir', 'fahren', 'im', 'Sommer', 'an', 'den', 'See', 'zum', 'Schwimmen', 'und', 'Entspannen']",im,zum
"Welches Wort steht im Satz ""Wir treffen uns am Sonntag zum Fruehstueck im kleinen Café."" direkt nach ""kleinen""? ","['Wir', 'treffen', 'uns', 'am', 'Sonntag', 'zum', 'Fruehstueck', 'im', 'kleinen', 'Café']",Café,kleinen
"F: In dem Satz ""Wir treffen uns am Sonntag zum gemuetlichen Fruehstueck im Café."", welches Wort kommt unmittelbar nach dem Wort ""gemuetlichen""? A:","['Wir', 'treffen', 'uns', 'am', 'Sonntag', 'zum', 'gemuetlichen', 'Fruehstueck', 'im', 'Café']",Fruehstueck,im
"Welches Wort steht im Satz ""Die Katze schnurrt zufrieden, wenn sie auf dem Sofa liegt."" direkt nach ""dem""? ","['Die', 'Katze', 'schnurrt', 'zufrieden', 'wenn', 'sie', 'auf', 'dem', 'Sofa', 'liegt']",Sofa,sie
"F: In dem Satz ""Wir machen eine Pause und trinken eine Tasse Kaffee zusammen im Buero."", welches Wort folgt direkt auf das Wort ""und""? A:","['Wir', 'machen', 'eine', 'Pause', 'und', 'trinken', 'eine', 'Tasse', 'Kaffee', 'zusammen', 'im', 'Buero']",trinken,im
"Welches Wort steht im Satz ""Sie tanzt froehlich im Regen auf der nassen Strasse."" direkt nach ""nassen""? ","['Sie', 'tanzt', 'froehlich', 'im', 'Regen', 'auf', 'der', 'nassen', 'Strasse']",Strasse,tanzt
"F: In dem Satz ""Die Kinder malen bunte Bilder fuer das Schulprojekt im Kunstunterricht."", welches Wort kommt unmittelbar nach dem Wort ""bunte""? A:","['Die', 'Kinder', 'malen', 'bunte', 'Bilder', 'fuer', 'das', 'Schulprojekt', 'im', 'Kunstunterricht']",Bilder,im
"F: In dem Satz ""Ich koche heute Abend eine leckere Suppe mit frischem Gemuese."", welches Wort kommt unmittelbar nach dem Wort ""heute""? A:","['Ich', 'koche', 'heute', 'Abend', 'eine', 'leckere', 'Suppe', 'mit', 'frischem', 'Gemuese']",Abend,frischem
"F: In dem Satz ""Der Lehrer gibt viele Hausaufgaben fuer das Wochenende auf zur Uebung."", welches Wort kommt unmittelbar nach dem Wort ""auf""? A:","['Der', 'Lehrer', 'gibt', 'viele', 'Hausaufgaben', 'fuer', 'das', 'Wochenende', 'auf', 'zur', 'Uebung']",zur,zur
"F: In dem Satz ""Ich esse gern Schokolade und suesse Kuchen am Nachmittag."", welches Wort folgt direkt auf das Wort ""Schokolade""? A:","['Ich', 'esse', 'gern', 'Schokolade', 'und', 'suesse', 'Kuchen', 'am', 'Nachmittag']",und,esse
"Welches Wort steht im Satz ""Wir besuchen am Wochenende das neue Museum in der Innenstadt."" direkt nach ""in""? ","['Wir', 'besuchen', 'am', 'Wochenende', 'das', 'neue', 'Museum', 'in', 'der', 'Innenstadt']",der,neue
"Welches Wort steht im Satz ""Wir gehen abends spazieren und geniessen die frische Luft draussen."" direkt nach ""geniessen""? ","['Wir', 'gehen', 'abends', 'spazieren', 'und', 'geniessen', 'die', 'frische', 'Luft', 'draussen']",die,frische
"F: In dem Satz ""Ich hoere oft Podcasts beim Autofahren zur Unterhaltung und Information."", welches Wort kommt unmittelbar nach dem Wort ""zur""? A:","['Ich', 'hoere', 'oft', 'Podcasts', 'beim', 'Autofahren', 'zur', 'Unterhaltung', 'und', 'Information']",Unterhaltung,oft
"F: In dem Satz ""Ich schreibe eine E-Mail an meinen Chef wegen eines Meetings."", welches Wort kommt unmittelbar nach dem Wort ""Chef""? A:","['Ich', 'schreibe', 'eine', 'E-Mail', 'an', 'meinen', 'Chef', 'wegen', 'eines', 'Meetings']",wegen,schreibe
"F: In dem Satz ""Sie liest gern spannende Buecher ueber Abenteuer."", welches Wort folgt direkt auf das Wort ""liest""? A:","['Sie', 'liest', 'gern', 'spannende', 'Buecher', 'ueber', 'Abenteuer']",gern,spannende
"Welches Wort steht im Satz ""Ich trinke morgens gern Tee mit Honig und frischer Zitrone."" direkt nach ""Tee""? ","['Ich', 'trinke', 'morgens', 'gern', 'Tee', 'mit', 'Honig', 'und', 'frischer', 'Zitrone']",mit,trinke
"Welches Wort steht im Satz ""Die Katze liegt faul in der Sonne auf dem Fensterbrett."" direkt nach ""auf""? ","['Die', 'Katze', 'liegt', 'faul', 'in', 'der', 'Sonne', 'auf', 'dem', 'Fensterbrett']",dem,liegt
"Welches Wort steht im Satz ""Der Himmel ist heute bewoelkt, aber es bleibt trocken und mild."" direkt nach ""ist""? ","['Der', 'Himmel', 'ist', 'heute', 'bewoelkt', 'aber', 'es', 'bleibt', 'trocken', 'und', 'mild']",heute,bleibt
"F: In dem Satz ""Ich koche heute Abend ein leckeres Gericht mit Fisch."", welches Wort folgt direkt auf das Wort ""Abend""? A:","['Ich', 'koche', 'heute', 'Abend', 'ein', 'leckeres', 'Gericht', 'mit', 'Fisch']",ein,heute
"F: In dem Satz ""Der Vogel singt frueh am Morgen ein froehliches Lied im Garten."", welches Wort kommt unmittelbar nach dem Wort ""singt""? A:","['Der', 'Vogel', 'singt', 'frueh', 'am', 'Morgen', 'ein', 'froehliches', 'Lied', 'im', 'Garten']",frueh,im
"F: In dem Satz ""Sie trinkt morgens gerne Kaffee mit frischer Milch und Zucker."", welches Wort kommt unmittelbar nach dem Wort ""und""? A:","['Sie', 'trinkt', 'morgens', 'gerne', 'Kaffee', 'mit', 'frischer', 'Milch', 'und', 'Zucker']",Zucker,frischer
"F: In dem Satz ""Der Himmel ist bewoelkt, aber es bleibt trocken und mild."", welches Wort kommt unmittelbar nach dem Wort ""ist""? A:","['Der', 'Himmel', 'ist', 'bewoelkt', 'aber', 'es', 'bleibt', 'trocken', 'und', 'mild']",bewoelkt,und
"F: In dem Satz ""Sie kocht gern leckere Gerichte aus verschiedenen Laendern Europas."", welches Wort kommt unmittelbar nach dem Wort ""Gerichte""? A:","['Sie', 'kocht', 'gern', 'leckere', 'Gerichte', 'aus', 'verschiedenen', 'Laendern', 'Europas']",aus,gern
"Welches Wort steht im Satz ""Wir fahren im Herbst oft mit dem Auto ins Gebirge zum Wandern."" direkt nach ""oft""? ","['Wir', 'fahren', 'im', 'Herbst', 'oft', 'mit', 'dem', 'Auto', 'ins', 'Gebirge', 'zum', 'Wandern']",mit,zum
"Welches Wort steht im Satz ""Wir essen heute Abend Pizza mit viel Kaese und Tomaten."" direkt nach ""Kaese""? ","['Wir', 'essen', 'heute', 'Abend', 'Pizza', 'mit', 'viel', 'Kaese', 'und', 'Tomaten']",und,mit
"F: In dem Satz ""Ich schreibe eine E-Mail an meinen Chef wegen des Meetings."", welches Wort kommt unmittelbar nach dem Wort ""schreibe""? A:","['Ich', 'schreibe', 'eine', 'E-Mail', 'an', 'meinen', 'Chef', 'wegen', 'des', 'Meetings']",eine,meinen
"Welches Wort steht im Satz ""Der Vogel zwitschert froehlich auf dem Ast des alten Baums."" direkt nach ""Vogel""? ","['Der', 'Vogel', 'zwitschert', 'froehlich', 'auf', 'dem', 'Ast', 'des', 'alten', 'Baums']",zwitschert,zwitschert
"F: In dem Satz ""Der Vogel singt frueh am Morgen ein froehliches Lied im Garten."", welches Wort kommt unmittelbar nach dem Wort ""Vogel""? A:","['Der', 'Vogel', 'singt', 'frueh', 'am', 'Morgen', 'ein', 'froehliches', 'Lied', 'im', 'Garten']",singt,im
"Welches Wort steht im Satz ""Wir machen eine Bootsfahrt auf dem See bei schoenem Wetter."" direkt nach ""eine""? ","['Wir', 'machen', 'eine', 'Bootsfahrt', 'auf', 'dem', 'See', 'bei', 'schoenem', 'Wetter']",Bootsfahrt,schoenem
"F: In dem Satz ""Sie schreibt eine Postkarte an ihre beste Freundin."", welches Wort folgt direkt auf das Wort ""Postkarte""? A:","['Sie', 'schreibt', 'eine', 'Postkarte', 'an', 'ihre', 'beste', 'Freundin']",an,eine
"F: In dem Satz ""Wir feiern Ostern traditionell mit bunten Eiern und Familie."", welches Wort kommt unmittelbar nach dem Wort ""Eiern""? A:","['Wir', 'feiern', 'Ostern', 'traditionell', 'mit', 'bunten', 'Eiern', 'und', 'Familie']",und,und
"Welches Wort steht im Satz ""Der Vogel baut ein Nest im Baum vor unserem Haus."" direkt nach ""baut""? ","['Der', 'Vogel', 'baut', 'ein', 'Nest', 'im', 'Baum', 'vor', 'unserem', 'Haus']",ein,im
"F: In dem Satz ""Ich lerne Deutsch, um in Deutschland zu arbeiten und mich zu verstaendigen."", welches Wort folgt direkt auf das Wort ""lerne""? A:","['Ich', 'lerne', 'Deutsch', 'um', 'in', 'Deutschland', 'zu', 'arbeiten', 'und', 'mich', 'zu', 'verstaendigen']",Deutsch,zu
"F: In dem Satz ""Wir essen heute frische Pasta mit Tomatensosse und Salat dazu gern."", welches Wort kommt unmittelbar nach dem Wort ""und""? A:","['Wir', 'essen', 'heute', 'frische', 'Pasta', 'mit', 'Tomatensosse', 'und', 'Salat', 'dazu', 'gern']",Salat,frische
"Welches Wort steht im Satz ""Wir treffen uns am Sonntag zum Fruehstueck im Café."" direkt nach ""Sonntag""? ","['Wir', 'treffen', 'uns', 'am', 'Sonntag', 'zum', 'Fruehstueck', 'im', 'Café']",zum,uns
"F: In dem Satz ""Der Junge spielt gerne Fussball auf dem Sportplatz."", welches Wort folgt direkt auf das Wort ""Fussball""? A:","['Der', 'Junge', 'spielt', 'gerne', 'Fussball', 'auf', 'dem', 'Sportplatz']",auf,dem
"F: In dem Satz ""Ich koche heute eine cremige Kuerbissuppe mit frischen Gewuerzen."", welches Wort kommt unmittelbar nach dem Wort ""heute""? A:","['Ich', 'koche', 'heute', 'eine', 'cremige', 'Kuerbissuppe', 'mit', 'frischen', 'Gewuerzen']",eine,mit
"F: In dem Satz ""Die Kinder spielen draussen im Garten mit ihren Freunden."", welches Wort folgt direkt auf das Wort ""spielen""? A:","['Die', 'Kinder', 'spielen', 'draussen', 'im', 'Garten', 'mit', 'ihren', 'Freunden']",draussen,im
"F: In dem Satz ""Sie hoert Musik, waehrend sie Hausaufgaben macht und sich konzentriert."", welches Wort kommt unmittelbar nach dem Wort ""waehrend""? A:","['Sie', 'hoert', 'Musik', 'waehrend', 'sie', 'Hausaufgaben', 'macht', 'und', 'sich', 'konzentriert']",sie,konzentriert
"Welches Wort steht im Satz ""Ich geniesse die Ruhe beim Lesen eines spannenden Romans."" direkt nach ""spannenden""? ","['Ich', 'geniesse', 'die', 'Ruhe', 'beim', 'Lesen', 'eines', 'spannenden', 'Romans']",Romans,beim
"F: In dem Satz ""Sie schreibt ein Gedicht ueber den Fruehling und die Natur."", welches Wort folgt direkt auf das Wort ""schreibt""? A:","['Sie', 'schreibt', 'ein', 'Gedicht', 'ueber', 'den', 'Fruehling', 'und', 'die', 'Natur']",ein,den
"Welches Wort steht im Satz ""Die Blumen bluehen bunt im Fruehling auf dem Balkon zuhause."" direkt nach ""bunt""? ","['Die', 'Blumen', 'bluehen', 'bunt', 'im', 'Fruehling', 'auf', 'dem', 'Balkon', 'zuhause']",im,bluehen
"Welches Wort steht im Satz ""Der Vogel baut ein Nest im Baum vor unserem Haus."" direkt nach ""Baum""? ","['Der', 'Vogel', 'baut', 'ein', 'Nest', 'im', 'Baum', 'vor', 'unserem', 'Haus']",vor,unserem
"F: In dem Satz ""Das Kind malt ein buntes Bild mit vielen Farben."", welches Wort folgt direkt auf das Wort ""ein""? A:","['Das', 'Kind', 'malt', 'ein', 'buntes', 'Bild', 'mit', 'vielen', 'Farben']",buntes,buntes
"Welches Wort steht im Satz ""Der Vogel zwitschert froehlich auf dem Baum im Park."" direkt nach ""zwitschert""? ","['Der', 'Vogel', 'zwitschert', 'froehlich', 'auf', 'dem', 'Baum', 'im', 'Park']",froehlich,auf
"F: In dem Satz ""Der Vogel baut ein Nest hoch oben im Baum."", welches Wort folgt direkt auf das Wort ""hoch""? A:","['Der', 'Vogel', 'baut', 'ein', 'Nest', 'hoch', 'oben', 'im', 'Baum']",oben,baut
"Welches Wort steht im Satz ""Der Regen faellt sanft auf die Blaetter im Garten."" direkt nach ""die""? ","['Der', 'Regen', 'faellt', 'sanft', 'auf', 'die', 'Blaetter', 'im', 'Garten']",Blaetter,faellt
"F: In dem Satz ""Wir besuchen am Sonntag das Museum fuer moderne Kunst in der Stadt."", welches Wort kommt unmittelbar nach dem Wort ""in""? A:","['Wir', 'besuchen', 'am', 'Sonntag', 'das', 'Museum', 'fuer', 'moderne', 'Kunst', 'in', 'der', 'Stadt']",der,das
"Welches Wort steht im Satz ""Der Lehrer erklaert die neue Grammatikregel geduldig und verstaendlich."" direkt nach ""erklaert""? ","['Der', 'Lehrer', 'erklaert', 'die', 'neue', 'Grammatikregel', 'geduldig', 'und', 'verstaendlich']",die,die
"Welches Wort steht im Satz ""Ich koche heute Abend eine leckere Gemuesesuppe mit frischen Kraeutern."" direkt nach ""mit""? ","['Ich', 'koche', 'heute', 'Abend', 'eine', 'leckere', 'Gemuesesuppe', 'mit', 'frischen', 'Kraeutern']",frischen,mit
"F: In dem Satz ""Die Katze spielt mit dem kleinen roten Laserpunkt im Wohnzimmer."", welches Wort kommt unmittelbar nach dem Wort ""im""? A:","['Die', 'Katze', 'spielt', 'mit', 'dem', 'kleinen', 'roten', 'Laserpunkt', 'im', 'Wohnzimmer']",Wohnzimmer,im
"F: In dem Satz ""Der Hund bellt laut, wenn jemand an der Tuer klingelt und begruesst."", welches Wort folgt direkt auf das Wort ""bellt""? A:","['Der', 'Hund', 'bellt', 'laut', 'wenn', 'jemand', 'an', 'der', 'Tuer', 'klingelt', 'und', 'begruesst']",laut,und
"F: In dem Satz ""Die Blumen im Garten bluehen bunt und duften wunderbar."", welches Wort folgt direkt auf das Wort ""im""? A:","['Die', 'Blumen', 'im', 'Garten', 'bluehen', 'bunt', 'und', 'duften', 'wunderbar']",Garten,duften
"F: In dem Satz ""Wir machen einen Ausflug zum See am Samstag."", welches Wort folgt direkt auf das Wort ""machen""? A:","['Wir', 'machen', 'einen', 'Ausflug', 'zum', 'See', 'am', 'Samstag']",einen,am
"F: In dem Satz ""Die Blumen duften herrlich im Garten neben dem Haus."", welches Wort kommt unmittelbar nach dem Wort ""Blumen""? A:","['Die', 'Blumen', 'duften', 'herrlich', 'im', 'Garten', 'neben', 'dem', 'Haus']",duften,herrlich
"F: In dem Satz ""Sie kocht leckere Gerichte aus frischem Gemuese und Kraeutern."", welches Wort kommt unmittelbar nach dem Wort ""leckere""? A:","['Sie', 'kocht', 'leckere', 'Gerichte', 'aus', 'frischem', 'Gemuese', 'und', 'Kraeutern']",Gerichte,aus
"F: In dem Satz ""Wir feiern Silvester mit Freunden und einem grossen Feuerwerk."", welches Wort kommt unmittelbar nach dem Wort ""mit""? A:","['Wir', 'feiern', 'Silvester', 'mit', 'Freunden', 'und', 'einem', 'grossen', 'Feuerwerk']",Freunden,grossen
"Welches Wort steht im Satz ""Sie schreibt eine Karte an ihre Freundin zum Geburtstag."" direkt nach ""eine""? ","['Sie', 'schreibt', 'eine', 'Karte', 'an', 'ihre', 'Freundin', 'zum', 'Geburtstag']",Karte,schreibt
"F: In dem Satz ""Sie faehrt jeden Tag mit dem Fahrrad zur Arbeit."", welches Wort folgt direkt auf das Wort ""mit""? A:","['Sie', 'faehrt', 'jeden', 'Tag', 'mit', 'dem', 'Fahrrad', 'zur', 'Arbeit']",dem,faehrt
"F: In dem Satz ""Wir machen eine Pause und trinken eine Tasse Kaffee zusammen im Café."", welches Wort folgt direkt auf das Wort ""Kaffee""? A:","['Wir', 'machen', 'eine', 'Pause', 'und', 'trinken', 'eine', 'Tasse', 'Kaffee', 'zusammen', 'im', 'Café']",zusammen,im
"F: In dem Satz ""Der Lehrer lobt die Schueler fuer ihre guten Leistungen."", welches Wort kommt unmittelbar nach dem Wort ""guten""? A:","['Der', 'Lehrer', 'lobt', 'die', 'Schueler', 'fuer', 'ihre', 'guten', 'Leistungen']",Leistungen,fuer
"F: In dem Satz ""Ich gehe abends spazieren, um den Kopf frei zu bekommen."", welches Wort kommt unmittelbar nach dem Wort ""gehe""? A:","['Ich', 'gehe', 'abends', 'spazieren', 'um', 'den', 'Kopf', 'frei', 'zu', 'bekommen']",abends,zu
"F: In dem Satz ""Sie liest jeden Abend vor dem Schlafengehen ein Buch."", welches Wort folgt direkt auf das Wort ""Schlafengehen""? A:","['Sie', 'liest', 'jeden', 'Abend', 'vor', 'dem', 'Schlafengehen', 'ein', 'Buch']",ein,dem
"F: In dem Satz ""Sie trinkt morgens warmen Tee mit Honig und Zitrone."", welches Wort kommt unmittelbar nach dem Wort ""mit""? A:","['Sie', 'trinkt', 'morgens', 'warmen', 'Tee', 'mit', 'Honig', 'und', 'Zitrone']",Honig,trinkt
"F: In dem Satz ""Der Vogel zwitschert laut im Garten und begruesst den neuen Tag."", welches Wort kommt unmittelbar nach dem Wort ""laut""? A:","['Der', 'Vogel', 'zwitschert', 'laut', 'im', 'Garten', 'und', 'begruesst', 'den', 'neuen', 'Tag']",im,neuen
"F: In dem Satz ""Wir feiern Weihnachten traditionell mit der ganzen Familie und Geschenken."", welches Wort kommt unmittelbar nach dem Wort ""mit""? A:","['Wir', 'feiern', 'Weihnachten', 'traditionell', 'mit', 'der', 'ganzen', 'Familie', 'und', 'Geschenken']",der,traditionell
"F: In dem Satz ""Das Konzert beginnt um acht Uhr am Abend."", welches Wort folgt direkt auf das Wort ""Uhr""? A:","['Das', 'Konzert', 'beginnt', 'um', 'acht', 'Uhr', 'am', 'Abend']",am,beginnt
"F: In dem Satz ""Die Blumen auf dem Balkon bluehen schoen in der warmen Sonne."", welches Wort kommt unmittelbar nach dem Wort ""bluehen""? A:","['Die', 'Blumen', 'auf', 'dem', 'Balkon', 'bluehen', 'schoen', 'in', 'der', 'warmen', 'Sonne']",schoen,schoen
"F: In dem Satz ""Sie kocht heute eine Suppe mit vielen frischen Kraeutern."", welches Wort folgt direkt auf das Wort ""mit""? A:","['Sie', 'kocht', 'heute', 'eine', 'Suppe', 'mit', 'vielen', 'frischen', 'Kraeutern']",vielen,heute
"Welches Wort steht im Satz ""Der Himmel ist heute bewoelkt, aber es bleibt trocken und mild."" direkt nach ""aber""? ","['Der', 'Himmel', 'ist', 'heute', 'bewoelkt', 'aber', 'es', 'bleibt', 'trocken', 'und', 'mild']",es,es
"F: In dem Satz ""Wir machen einen Ausflug in die Berge und geniessen die Natur."", welches Wort folgt direkt auf das Wort ""in""? A:","['Wir', 'machen', 'einen', 'Ausflug', 'in', 'die', 'Berge', 'und', 'geniessen', 'die', 'Natur']",die,geniessen
"F: In dem Satz ""Die Blumen bluehen bunt und duften angenehm im Fruehling."", welches Wort folgt direkt auf das Wort ""im""? A:","['Die', 'Blumen', 'bluehen', 'bunt', 'und', 'duften', 'angenehm', 'im', 'Fruehling']",Fruehling,bunt
"F: In dem Satz ""Der Zug kommt puenktlich am Bahnhof an."", welches Wort folgt direkt auf das Wort ""am""? A:","['Der', 'Zug', 'kommt', 'puenktlich', 'am', 'Bahnhof', 'an']",Bahnhof,kommt
"Welches Wort steht im Satz ""Die Katze spielt mit ihrem Lieblingsspielzeug im Wohnzimmer froehlich."" direkt nach ""spielt""? ","['Die', 'Katze', 'spielt', 'mit', 'ihrem', 'Lieblingsspielzeug', 'im', 'Wohnzimmer', 'froehlich']",mit,mit
"F: In dem Satz ""Sie spielt Geige und uebt fleissig fuer das Konzert naechste Woche."", welches Wort kommt unmittelbar nach dem Wort ""Konzert""? A:","['Sie', 'spielt', 'Geige', 'und', 'uebt', 'fleissig', 'fuer', 'das', 'Konzert', 'naechste', 'Woche']",naechste,fuer
"F: In dem Satz ""Wir besuchen naechste Woche das Museum fuer moderne Kunst."", welches Wort folgt direkt auf das Wort ""Woche""? A:","['Wir', 'besuchen', 'naechste', 'Woche', 'das', 'Museum', 'fuer', 'moderne', 'Kunst']",das,fuer
"F: In dem Satz ""Sie schreibt eine Karte an ihre Grosseltern zum Geburtstag."", welches Wort folgt direkt auf das Wort ""zum""? A:","['Sie', 'schreibt', 'eine', 'Karte', 'an', 'ihre', 'Grosseltern', 'zum', 'Geburtstag']",Geburtstag,an
"F: In dem Satz ""Wir fahren im Winter in die Berge zum Skifahren und Rodeln oft."", welches Wort kommt unmittelbar nach dem Wort ""fahren""? A:","['Wir', 'fahren', 'im', 'Winter', 'in', 'die', 'Berge', 'zum', 'Skifahren', 'und', 'Rodeln', 'oft']",im,zum
"Welches Wort steht im Satz ""Die Blumen auf dem Balkon bluehen schoen in der warmen Sonne."" direkt nach ""warmen""? ","['Die', 'Blumen', 'auf', 'dem', 'Balkon', 'bluehen', 'schoen', 'in', 'der', 'warmen', 'Sonne']",Sonne,bluehen
"F: In dem Satz ""Die Kinder malen Bilder fuer den Kunstwettbewerb in der Schule."", welches Wort kommt unmittelbar nach dem Wort ""den""? A:","['Die', 'Kinder', 'malen', 'Bilder', 'fuer', 'den', 'Kunstwettbewerb', 'in', 'der', 'Schule']",Kunstwettbewerb,den
"F: In dem Satz ""Wir fahren mit dem Fahrrad durch den Park am Wochenende zum Ausflug."", welches Wort kommt unmittelbar nach dem Wort ""Park""? A:","['Wir', 'fahren', 'mit', 'dem', 'Fahrrad', 'durch', 'den', 'Park', 'am', 'Wochenende', 'zum', 'Ausflug']",am,fahren
"F: In dem Satz ""Sie schreibt eine Postkarte aus dem Urlaub an ihre Freunde."", welches Wort kommt unmittelbar nach dem Wort ""Postkarte""? A:","['Sie', 'schreibt', 'eine', 'Postkarte', 'aus', 'dem', 'Urlaub', 'an', 'ihre', 'Freunde']",aus,dem
"Welches Wort steht im Satz ""Er faehrt jeden Tag mit dem Fahrrad zur Arbeit in der Stadt."" direkt nach ""zur""? ","['Er', 'faehrt', 'jeden', 'Tag', 'mit', 'dem', 'Fahrrad', 'zur', 'Arbeit', 'in', 'der', 'Stadt']",Arbeit,faehrt
"F: In dem Satz ""Die Katze spielt mit ihrem Lieblingsspielzeug im Wohnzimmer froehlich."", welches Wort kommt unmittelbar nach dem Wort ""spielt""? A:","['Die', 'Katze', 'spielt', 'mit', 'ihrem', 'Lieblingsspielzeug', 'im', 'Wohnzimmer', 'froehlich']",mit,froehlich
"F: In dem Satz ""Ich lese oft spannende Buecher ueber Geschichte und Kultur aus aller Welt."", welches Wort folgt direkt auf das Wort ""lese""? A:","['Ich', 'lese', 'oft', 'spannende', 'Buecher', 'ueber', 'Geschichte', 'und', 'Kultur', 'aus', 'aller', 'Welt']",oft,oft
"F: In dem Satz ""Wir feiern Weihnachten mit der ganzen Familie zusammen und essen viel."", welches Wort folgt direkt auf das Wort ""Weihnachten""? A:","['Wir', 'feiern', 'Weihnachten', 'mit', 'der', 'ganzen', 'Familie', 'zusammen', 'und', 'essen', 'viel']",mit,der
"F: In dem Satz ""Im Park spielen viele Kinder laut auf dem Spielplatz."", welches Wort folgt direkt auf das Wort ""spielen""? A:","['Im', 'Park', 'spielen', 'viele', 'Kinder', 'laut', 'auf', 'dem', 'Spielplatz']",viele,spielen
"Welches Wort steht im Satz ""Die Kinder spielen Verstecken im Garten und lachen laut."" direkt nach ""Garten""? ","['Die', 'Kinder', 'spielen', 'Verstecken', 'im', 'Garten', 'und', 'lachen', 'laut']",und,im
"F: In dem Satz ""Er liest die Zeitung beim Fruehstueck jeden Morgen."", welches Wort folgt direkt auf das Wort ""die""? A:","['Er', 'liest', 'die', 'Zeitung', 'beim', 'Fruehstueck', 'jeden', 'Morgen']",Zeitung,die
"Welches Wort steht im Satz ""Er repariert sein Fahrrad in der Werkstatt seines Nachbarn."" direkt nach ""Fahrrad""? ","['Er', 'repariert', 'sein', 'Fahrrad', 'in', 'der', 'Werkstatt', 'seines', 'Nachbarn']",in,in
"F: In dem Satz ""Ich gehe abends spazieren, um den Kopf frei zu bekommen."", welches Wort kommt unmittelbar nach dem Wort ""frei""? A:","['Ich', 'gehe', 'abends', 'spazieren', 'um', 'den', 'Kopf', 'frei', 'zu', 'bekommen']",zu,frei
"Welches Wort steht im Satz ""Die Sonne scheint warm auf das Gesicht im Sommer."" direkt nach ""warm""? ","['Die', 'Sonne', 'scheint', 'warm', 'auf', 'das', 'Gesicht', 'im', 'Sommer']",auf,im
"Welches Wort steht im Satz ""Er repariert das Fahrrad im Keller mit Werkzeug und Geduld."" direkt nach ""Werkzeug""? ","['Er', 'repariert', 'das', 'Fahrrad', 'im', 'Keller', 'mit', 'Werkzeug', 'und', 'Geduld']",und,mit
"F: In dem Satz ""Der Himmel ist klar und die Sonne scheint warm und hell."", welches Wort kommt unmittelbar nach dem Wort ""die""? A:","['Der', 'Himmel', 'ist', 'klar', 'und', 'die', 'Sonne', 'scheint', 'warm', 'und', 'hell']",Sonne,die
"F: In dem Satz ""Der Film im Kino war sehr spannend und lustig."", welches Wort folgt direkt auf das Wort ""Film""? A:","['Der', 'Film', 'im', 'Kino', 'war', 'sehr', 'spannend', 'und', 'lustig']",im,war
"Welches Wort steht im Satz ""Die Blumen bluehen bunt und duften herrlich im Fruehlingsgarten."" direkt nach ""im""? ","['Die', 'Blumen', 'bluehen', 'bunt', 'und', 'duften', 'herrlich', 'im', 'Fruehlingsgarten']",Fruehlingsgarten,herrlich
"F: In dem Satz ""Ich gehe joggen im Wald am Morgen und geniesse."", welches Wort folgt direkt auf das Wort ""Morgen""? A:","['Ich', 'gehe', 'joggen', 'im', 'Wald', 'am', 'Morgen', 'und', 'geniesse']",und,geniesse
"Welches Wort steht im Satz ""Der Hund liebt es, im Park mit anderen Hunden zu spielen."" direkt nach ""zu""? ","['Der', 'Hund', 'liebt', 'es', 'im', 'Park', 'mit', 'anderen', 'Hunden', 'zu', 'spielen']",spielen,zu
"F: In dem Satz ""Sie kocht oft italienische Gerichte mit frischen Kraeutern und Tomaten."", welches Wort kommt unmittelbar nach dem Wort ""und""? A:","['Sie', 'kocht', 'oft', 'italienische', 'Gerichte', 'mit', 'frischen', 'Kraeutern', 'und', 'Tomaten']",Tomaten,oft
"F: In dem Satz ""Ich lese oft spannende Buecher ueber Geschichte und Kultur."", welches Wort folgt direkt auf das Wort ""ueber""? A:","['Ich', 'lese', 'oft', 'spannende', 'Buecher', 'ueber', 'Geschichte', 'und', 'Kultur']",Geschichte,oft
"F: In dem Satz ""Wir treffen uns am Sonntag zum gemuetlichen Fruehstueck im Café."", welches Wort kommt unmittelbar nach dem Wort ""Fruehstueck""? A:","['Wir', 'treffen', 'uns', 'am', 'Sonntag', 'zum', 'gemuetlichen', 'Fruehstueck', 'im', 'Café']",im,im
"F: In dem Satz ""Wir besuchen naechste Woche das Theater und sehen ein neues Stueck."", welches Wort folgt direkt auf das Wort ""naechste""? A:","['Wir', 'besuchen', 'naechste', 'Woche', 'das', 'Theater', 'und', 'sehen', 'ein', 'neues', 'Stueck']",Woche,sehen
"F: In dem Satz ""Der Vogel singt ein schoenes Lied am fruehen Morgen."", welches Wort folgt direkt auf das Wort ""Vogel""? A:","['Der', 'Vogel', 'singt', 'ein', 'schoenes', 'Lied', 'am', 'fruehen', 'Morgen']",singt,schoenes
"F: In dem Satz ""Wir fahren im Sommer ans Meer zum Schwimmen und Entspannen jedes Jahr heute."", welches Wort kommt unmittelbar nach dem Wort ""zum""? A:","['Wir', 'fahren', 'im', 'Sommer', 'ans', 'Meer', 'zum', 'Schwimmen', 'und', 'Entspannen', 'jedes', 'Jahr', 'heute']",Schwimmen,zum
"F: In dem Satz ""Die Blumen auf dem Balkon bluehen schoen in der warmen Sonne."", welches Wort kommt unmittelbar nach dem Wort ""schoen""? A:","['Die', 'Blumen', 'auf', 'dem', 'Balkon', 'bluehen', 'schoen', 'in', 'der', 'warmen', 'Sonne']",in,bluehen
"F: In dem Satz ""Der Hund wartet geduldig vor der Tuer."", welches Wort folgt direkt auf das Wort ""wartet""? A:","['Der', 'Hund', 'wartet', 'geduldig', 'vor', 'der', 'Tuer']",geduldig,wartet
"F: In dem Satz ""Er faehrt jeden Morgen mit dem Fahrrad zur Arbeit in die Stadt."", welches Wort kommt unmittelbar nach dem Wort ""dem""? A:","['Er', 'faehrt', 'jeden', 'Morgen', 'mit', 'dem', 'Fahrrad', 'zur', 'Arbeit', 'in', 'die', 'Stadt']",Fahrrad,zur
"F: In dem Satz ""Wir feiern Weihnachten mit der ganzen Familie zusammen."", welches Wort folgt direkt auf das Wort ""Familie""? A:","['Wir', 'feiern', 'Weihnachten', 'mit', 'der', 'ganzen', 'Familie', 'zusammen']",zusammen,zusammen
"F: In dem Satz ""Wir besuchen morgen das neue Museum in der Stadt."", welches Wort folgt direkt auf das Wort ""besuchen""? A:","['Wir', 'besuchen', 'morgen', 'das', 'neue', 'Museum', 'in', 'der', 'Stadt']",morgen,das
"Welches Wort steht im Satz ""Wir essen heute Abend frische Pasta mit Tomatensosse und Parmesan."" direkt nach ""heute""? ","['Wir', 'essen', 'heute', 'Abend', 'frische', 'Pasta', 'mit', 'Tomatensosse', 'und', 'Parmesan']",Abend,essen
"F: In dem Satz ""Wir machen eine Pause und trinken Kaffee zusammen in der Kueche oft."", welches Wort kommt unmittelbar nach dem Wort ""Kueche""? A:","['Wir', 'machen', 'eine', 'Pause', 'und', 'trinken', 'Kaffee', 'zusammen', 'in', 'der', 'Kueche', 'oft']",oft,oft
"F: In dem Satz ""Ich schreibe eine Nachricht an meine Eltern zum Geburtstag heute."", welches Wort kommt unmittelbar nach dem Wort ""zum""? A:","['Ich', 'schreibe', 'eine', 'Nachricht', 'an', 'meine', 'Eltern', 'zum', 'Geburtstag', 'heute']",Geburtstag,meine
"F: In dem Satz ""Ich schreibe eine E-Mail an meinen Chef wegen Terminen."", welches Wort folgt direkt auf das Wort ""meinen""? A:","['Ich', 'schreibe', 'eine', 'E-Mail', 'an', 'meinen', 'Chef', 'wegen', 'Terminen']",Chef,eine
"F: In dem Satz ""Wir fahren mit dem Fahrrad durch den Park am Wochenende."", welches Wort folgt direkt auf das Wort ""fahren""? A:","['Wir', 'fahren', 'mit', 'dem', 'Fahrrad', 'durch', 'den', 'Park', 'am', 'Wochenende']",mit,fahren
"F: In dem Satz ""Sie schreibt eine E-Mail an ihre Freundin und erzaehlt."", welches Wort folgt direkt auf das Wort ""eine""? A:","['Sie', 'schreibt', 'eine', 'E-Mail', 'an', 'ihre', 'Freundin', 'und', 'erzaehlt']",E-Mail,und
"F: In dem Satz ""Ich lerne jeden Tag neue deutsche Woerter."", welches Wort folgt direkt auf das Wort ""deutsche""? A:","['Ich', 'lerne', 'jeden', 'Tag', 'neue', 'deutsche', 'Woerter']",Woerter,deutsche
"F: In dem Satz ""Der Lehrer gibt viele Hausaufgaben fuer das Wochenende an seine Schueler."", welches Wort folgt direkt auf das Wort ""Wochenende""? A:","['Der', 'Lehrer', 'gibt', 'viele', 'Hausaufgaben', 'fuer', 'das', 'Wochenende', 'an', 'seine', 'Schueler']",an,seine
"F: In dem Satz ""Sie kocht gern mit frischen Kraeutern aus dem Garten."", welches Wort folgt direkt auf das Wort ""gern""? A:","['Sie', 'kocht', 'gern', 'mit', 'frischen', 'Kraeutern', 'aus', 'dem', 'Garten']",mit,mit
"Welches Wort steht im Satz ""Die Kinder freuen sich auf die bevorstehenden Sommerferien sehr."" direkt nach ""die""? ","['Die', 'Kinder', 'freuen', 'sich', 'auf', 'die', 'bevorstehenden', 'Sommerferien', 'sehr']",bevorstehenden,freuen
"F: In dem Satz ""Sie kocht gerne mit frischen Kraeutern aus dem Garten."", welches Wort folgt direkt auf das Wort ""frischen""? A:","['Sie', 'kocht', 'gerne', 'mit', 'frischen', 'Kraeutern', 'aus', 'dem', 'Garten']",Kraeutern,frischen
"Welches Wort steht im Satz ""Wir feiern heute ein Fest mit Freunden und leckerem Essen."" direkt nach ""mit""? ","['Wir', 'feiern', 'heute', 'ein', 'Fest', 'mit', 'Freunden', 'und', 'leckerem', 'Essen']",Freunden,ein
"F: In dem Satz ""Der Berg ist hoch und bietet tolle Aussicht auf das Tal."", welches Wort kommt unmittelbar nach dem Wort ""Aussicht""? A:","['Der', 'Berg', 'ist', 'hoch', 'und', 'bietet', 'tolle', 'Aussicht', 'auf', 'das', 'Tal']",auf,bietet
"F: In dem Satz ""Wir feiern Weihnachten mit der ganzen Familie zusammen und geniessen."", welches Wort kommt unmittelbar nach dem Wort ""Weihnachten""? A:","['Wir', 'feiern', 'Weihnachten', 'mit', 'der', 'ganzen', 'Familie', 'zusammen', 'und', 'geniessen']",mit,zusammen
"F: In dem Satz ""Sie liest gern spannende Krimis und Thriller am Abend vor dem Schlafen."", welches Wort kommt unmittelbar nach dem Wort ""und""? A:","['Sie', 'liest', 'gern', 'spannende', 'Krimis', 'und', 'Thriller', 'am', 'Abend', 'vor', 'dem', 'Schlafen']",Thriller,spannende
"F: In dem Satz ""Sie hoert gern Musik, waehrend sie am Computer arbeitet zu Hause oft."", welches Wort kommt unmittelbar nach dem Wort ""arbeitet""? A:","['Sie', 'hoert', 'gern', 'Musik', 'waehrend', 'sie', 'am', 'Computer', 'arbeitet', 'zu', 'Hause', 'oft']",zu,am
"F: In dem Satz ""Wir feiern Ostern traditionell mit bunten Eiern und der Familie."", welches Wort kommt unmittelbar nach dem Wort ""Ostern""? A:","['Wir', 'feiern', 'Ostern', 'traditionell', 'mit', 'bunten', 'Eiern', 'und', 'der', 'Familie']",traditionell,der
"Welches Wort steht im Satz ""Er faehrt jeden Morgen mit dem Fahrrad zur Arbeit in die Stadt."" direkt nach ""jeden""? ","['Er', 'faehrt', 'jeden', 'Morgen', 'mit', 'dem', 'Fahrrad', 'zur', 'Arbeit', 'in', 'die', 'Stadt']",Morgen,mit
"F: In dem Satz ""Sie hoert Musik, waehrend sie Hausaufgaben macht."", welches Wort folgt direkt auf das Wort ""waehrend""? A:","['Sie', 'hoert', 'Musik', 'waehrend', 'sie', 'Hausaufgaben', 'macht']",sie,waehrend
"F: In dem Satz ""Ich koche heute Abend ein leckeres Abendessen fuer meine Familie."", welches Wort folgt direkt auf das Wort ""fuer""? A:","['Ich', 'koche', 'heute', 'Abend', 'ein', 'leckeres', 'Abendessen', 'fuer', 'meine', 'Familie']",meine,fuer
"F: In dem Satz ""Sie schreibt eine Karte an ihre Freundin zum Geburtstag."", welches Wort kommt unmittelbar nach dem Wort ""Freundin""? A:","['Sie', 'schreibt', 'eine', 'Karte', 'an', 'ihre', 'Freundin', 'zum', 'Geburtstag']",zum,zum
"Welches Wort steht im Satz ""Sie liest gern spannende Romane ueber Abenteuer und ferne Laender."" direkt nach ""ueber""? ","['Sie', 'liest', 'gern', 'spannende', 'Romane', 'ueber', 'Abenteuer', 'und', 'ferne', 'Laender']",Abenteuer,ueber
"F: In dem Satz ""Der Vogel baut ein Nest hoch oben im alten Baum."", welches Wort kommt unmittelbar nach dem Wort ""ein""? A:","['Der', 'Vogel', 'baut', 'ein', 'Nest', 'hoch', 'oben', 'im', 'alten', 'Baum']",Nest,baut
"Welches Wort steht im Satz ""Wir gehen morgen frueh zum Markt, um frisches Obst zu kaufen."" direkt nach ""um""? ","['Wir', 'gehen', 'morgen', 'frueh', 'zum', 'Markt', 'um', 'frisches', 'Obst', 'zu', 'kaufen']",frisches,zu
"F: In dem Satz ""Wir feiern im Sommer ein grosses Familienfest."", welches Wort folgt direkt auf das Wort ""im""? A:","['Wir', 'feiern', 'im', 'Sommer', 'ein', 'grosses', 'Familienfest']",Sommer,ein
"Welches Wort steht im Satz ""Wir feiern heute den Geburtstag meiner Schwester mit vielen Gaesten."" direkt nach ""den""? ","['Wir', 'feiern', 'heute', 'den', 'Geburtstag', 'meiner', 'Schwester', 'mit', 'vielen', 'Gaesten']",Geburtstag,mit
"Welches Wort steht im Satz ""Wir treffen uns am Sonntag zum Fruehstueck im kleinen Café."" direkt nach ""Fruehstueck""? ","['Wir', 'treffen', 'uns', 'am', 'Sonntag', 'zum', 'Fruehstueck', 'im', 'kleinen', 'Café']",im,zum
"F: In dem Satz ""Wir feiern naechsten Monat eine grosse Geburtstagsparty."", welches Wort folgt direkt auf das Wort ""feiern""? A:","['Wir', 'feiern', 'naechsten', 'Monat', 'eine', 'grosse', 'Geburtstagsparty']",naechsten,naechsten
"Welches Wort steht im Satz ""Die Katze springt geschickt auf das hohe Buecherregal oben."" direkt nach ""springt""? ","['Die', 'Katze', 'springt', 'geschickt', 'auf', 'das', 'hohe', 'Buecherregal', 'oben']",geschickt,oben
"Welches Wort steht im Satz ""Der Vogel fliegt hoch in den blauen Himmel ueber uns."" direkt nach ""den""? ","['Der', 'Vogel', 'fliegt', 'hoch', 'in', 'den', 'blauen', 'Himmel', 'ueber', 'uns']",blauen,uns
"F: In dem Satz ""Der Hund laeuft schnell durch den Garten und spielt mit dem Ball."", welches Wort kommt unmittelbar nach dem Wort ""und""? A:","['Der', 'Hund', 'laeuft', 'schnell', 'durch', 'den', 'Garten', 'und', 'spielt', 'mit', 'dem', 'Ball']",spielt,den
"Welches Wort steht im Satz ""Wir feiern Weihnachten mit der ganzen Familie und leckerem Essen."" direkt nach ""ganzen""? ","['Wir', 'feiern', 'Weihnachten', 'mit', 'der', 'ganzen', 'Familie', 'und', 'leckerem', 'Essen']",Familie,leckerem
"F: In dem Satz ""Der Vogel zwitschert laut im Garten und begruesst den neuen Tag."", welches Wort kommt unmittelbar nach dem Wort ""zwitschert""? A:","['Der', 'Vogel', 'zwitschert', 'laut', 'im', 'Garten', 'und', 'begruesst', 'den', 'neuen', 'Tag']",laut,neuen
"F: In dem Satz ""Ich hoere Musik, waehrend ich Hausaufgaben mache und mich konzentriere."", welches Wort kommt unmittelbar nach dem Wort ""Musik""? A:","['Ich', 'hoere', 'Musik', 'waehrend', 'ich', 'Hausaufgaben', 'mache', 'und', 'mich', 'konzentriere']",waehrend,und
"F: In dem Satz ""Das Kind malt ein buntes Bild mit vielen Farben."", welches Wort folgt direkt auf das Wort ""Kind""? A:","['Das', 'Kind', 'malt', 'ein', 'buntes', 'Bild', 'mit', 'vielen', 'Farben']",malt,buntes
"F: In dem Satz ""Wir besuchen im Sommer oft den See zum Schwimmen und Entspannen."", welches Wort kommt unmittelbar nach dem Wort ""See""? A:","['Wir', 'besuchen', 'im', 'Sommer', 'oft', 'den', 'See', 'zum', 'Schwimmen', 'und', 'Entspannen']",zum,im
"F: In dem Satz ""Der Lehrer lobt die Schueler fuer ihre guten Leistungen."", welches Wort folgt direkt auf das Wort ""Lehrer""? A:","['Der', 'Lehrer', 'lobt', 'die', 'Schueler', 'fuer', 'ihre', 'guten', 'Leistungen']",lobt,fuer
"F: In dem Satz ""Wir machen eine Pause und trinken eine Tasse Kaffee."", welches Wort folgt direkt auf das Wort ""Tasse""? A:","['Wir', 'machen', 'eine', 'Pause', 'und', 'trinken', 'eine', 'Tasse', 'Kaffee']",Kaffee,trinken
"F: In dem Satz ""Wir machen eine Pause und trinken eine Tasse Kaffee."", welches Wort folgt direkt auf das Wort ""trinken""? A:","['Wir', 'machen', 'eine', 'Pause', 'und', 'trinken', 'eine', 'Tasse', 'Kaffee']",eine,eine
"F: In dem Satz ""Ich trinke morgens gern Tee mit Honig und frischer Zitrone."", welches Wort kommt unmittelbar nach dem Wort ""trinke""? A:","['Ich', 'trinke', 'morgens', 'gern', 'Tee', 'mit', 'Honig', 'und', 'frischer', 'Zitrone']",morgens,und
"F: In dem Satz ""Der Lehrer gibt uns viele interessante Aufgaben im Unterricht."", welches Wort folgt direkt auf das Wort ""Lehrer""? A:","['Der', 'Lehrer', 'gibt', 'uns', 'viele', 'interessante', 'Aufgaben', 'im', 'Unterricht']",gibt,im
"F: In dem Satz ""Der Hund bellt laut, wenn jemand an der Tuer klingelt."", welches Wort folgt direkt auf das Wort ""bellt""? A:","['Der', 'Hund', 'bellt', 'laut', 'wenn', 'jemand', 'an', 'der', 'Tuer', 'klingelt']",laut,an
"F: In dem Satz ""Sie hat ein neues Kleid fuer die Party gekauft."", welches Wort folgt direkt auf das Wort ""Kleid""? A:","['Sie', 'hat', 'ein', 'neues', 'Kleid', 'fuer', 'die', 'Party', 'gekauft']",fuer,gekauft
"F: In dem Satz ""Bitte oeffne das Fenster, es ist warm und stickig im Zimmer heute."", welches Wort kommt unmittelbar nach dem Wort ""Fenster""? A:","['Bitte', 'oeffne', 'das', 'Fenster', 'es', 'ist', 'warm', 'und', 'stickig', 'im', 'Zimmer', 'heute']",es,im
"F: In dem Satz ""Wir treffen uns am Sonntag zum Fruehstueck im Café."", welches Wort kommt unmittelbar nach dem Wort ""Fruehstueck""? A:","['Wir', 'treffen', 'uns', 'am', 'Sonntag', 'zum', 'Fruehstueck', 'im', 'Café']",im,zum
"F: In dem Satz ""Wir feiern Silvester mit Freunden und viel Spass und Musik in der Stadt."", welches Wort folgt direkt auf das Wort ""mit""? A:","['Wir', 'feiern', 'Silvester', 'mit', 'Freunden', 'und', 'viel', 'Spass', 'und', 'Musik', 'in', 'der', 'Stadt']",Freunden,und
"F: In dem Satz ""Sie kocht heute eine Suppe mit frischen Kraeutern."", welches Wort folgt direkt auf das Wort ""kocht""? A:","['Sie', 'kocht', 'heute', 'eine', 'Suppe', 'mit', 'frischen', 'Kraeutern']",heute,heute
"F: In dem Satz ""Das Wetter im Fruehling ist oft wechselhaft."", welches Wort folgt direkt auf das Wort ""Fruehling""? A:","['Das', 'Wetter', 'im', 'Fruehling', 'ist', 'oft', 'wechselhaft']",ist,wechselhaft
"Welches Wort steht im Satz ""Wir pflanzen gemeinsam Blumen im Garten fuer den Fruehling."" direkt nach ""Garten""? ","['Wir', 'pflanzen', 'gemeinsam', 'Blumen', 'im', 'Garten', 'fuer', 'den', 'Fruehling']",fuer,fuer
"F: In dem Satz ""Im Park spielen viele Kinder froehlich und laut auf dem Spielplatz."", welches Wort folgt direkt auf das Wort ""laut""? A:","['Im', 'Park', 'spielen', 'viele', 'Kinder', 'froehlich', 'und', 'laut', 'auf', 'dem', 'Spielplatz']",auf,viele
"Welches Wort steht im Satz ""Die Blumen im Garten bluehen schoen in der warmen Sonne."" direkt nach ""Garten""? ","['Die', 'Blumen', 'im', 'Garten', 'bluehen', 'schoen', 'in', 'der', 'warmen', 'Sonne']",bluehen,schoen
"Welches Wort steht im Satz ""Der Lehrer lobt die Schueler fuer ihre guten Leistungen im Test."" direkt nach ""Leistungen""? ","['Der', 'Lehrer', 'lobt', 'die', 'Schueler', 'fuer', 'ihre', 'guten', 'Leistungen', 'im', 'Test']",im,lobt
"F: In dem Satz ""Wir besuchen das Museum, um mehr ueber Kunst zu lernen."", welches Wort folgt direkt auf das Wort ""Museum""? A:","['Wir', 'besuchen', 'das', 'Museum', 'um', 'mehr', 'ueber', 'Kunst', 'zu', 'lernen']",um,zu
"Welches Wort steht im Satz ""Der Hund liegt zufrieden in seinem Koerbchen und schlaeft."" direkt nach ""seinem""? ","['Der', 'Hund', 'liegt', 'zufrieden', 'in', 'seinem', 'Koerbchen', 'und', 'schlaeft']",Koerbchen,schlaeft
"Welches Wort steht im Satz ""Die Kinder spielen draussen im Garten Verstecken und haben viel Spass."" direkt nach ""Kinder""? ","['Die', 'Kinder', 'spielen', 'draussen', 'im', 'Garten', 'Verstecken', 'und', 'haben', 'viel', 'Spass']",spielen,spielen
"Welches Wort steht im Satz ""Ich trinke morgens gern schwarzen Kaffee ohne Zucker und Milch."" direkt nach ""Kaffee""? ","['Ich', 'trinke', 'morgens', 'gern', 'schwarzen', 'Kaffee', 'ohne', 'Zucker', 'und', 'Milch']",ohne,schwarzen
"Welches Wort steht im Satz ""Wir machen eine Wanderung durch den Wald und hoeren Voegel."" direkt nach ""durch""? ","['Wir', 'machen', 'eine', 'Wanderung', 'durch', 'den', 'Wald', 'und', 'hoeren', 'Voegel']",den,den
"F: In dem Satz ""Sie liest jeden Abend vor dem Schlafengehen ein interessantes Buch."", welches Wort kommt unmittelbar nach dem Wort ""Schlafengehen""? A:","['Sie', 'liest', 'jeden', 'Abend', 'vor', 'dem', 'Schlafengehen', 'ein', 'interessantes', 'Buch']",ein,dem
"F: In dem Satz ""Wir machen einen Ausflug zum See am Samstag mit der Familie."", welches Wort kommt unmittelbar nach dem Wort ""am""? A:","['Wir', 'machen', 'einen', 'Ausflug', 'zum', 'See', 'am', 'Samstag', 'mit', 'der', 'Familie']",Samstag,am
"Welches Wort steht im Satz ""Der Winter bringt oft Schnee und kalte Temperaturen in unsere Region."" direkt nach ""unsere""? ","['Der', 'Winter', 'bringt', 'oft', 'Schnee', 'und', 'kalte', 'Temperaturen', 'in', 'unsere', 'Region']",Region,und
"F: In dem Satz ""Ich hoere gern Podcasts ueber Wissenschaft und Technik."", welches Wort folgt direkt auf das Wort ""Podcasts""? A:","['Ich', 'hoere', 'gern', 'Podcasts', 'ueber', 'Wissenschaft', 'und', 'Technik']",ueber,gern
"F: In dem Satz ""Der Hund bellt laut, wenn jemand an der Tuer klingelt."", welches Wort kommt unmittelbar nach dem Wort ""Hund""? A:","['Der', 'Hund', 'bellt', 'laut', 'wenn', 'jemand', 'an', 'der', 'Tuer', 'klingelt']",bellt,klingelt
"Welches Wort steht im Satz ""Wir gehen morgen frueh zum Markt, um frisches Obst zu kaufen."" direkt nach ""zu""? ","['Wir', 'gehen', 'morgen', 'frueh', 'zum', 'Markt', 'um', 'frisches', 'Obst', 'zu', 'kaufen']",kaufen,gehen
"Welches Wort steht im Satz ""Der Himmel ist heute bewoelkt, aber es bleibt trocken und mild."" direkt nach ""trocken""? ","['Der', 'Himmel', 'ist', 'heute', 'bewoelkt', 'aber', 'es', 'bleibt', 'trocken', 'und', 'mild']",und,es
"Welches Wort steht im Satz ""Sie naeht eine warme Jacke fuer den kommenden Winter."" direkt nach ""eine""? ","['Sie', 'naeht', 'eine', 'warme', 'Jacke', 'fuer', 'den', 'kommenden', 'Winter']",warme,fuer
"Welches Wort steht im Satz ""Die Katze spielt mit ihrem Lieblingsspielzeug auf dem Wohnzimmerboden."" direkt nach ""mit""? ","['Die', 'Katze', 'spielt', 'mit', 'ihrem', 'Lieblingsspielzeug', 'auf', 'dem', 'Wohnzimmerboden']",ihrem,ihrem
"Welches Wort steht im Satz ""Wir spielen Karten und lachen laut bis spaet in Nacht."" direkt nach ""und""? ","['Wir', 'spielen', 'Karten', 'und', 'lachen', 'laut', 'bis', 'spaet', 'in', 'Nacht']",lachen,spielen
"F: In dem Satz ""Das Wetter wird im Sommer oft sehr heiss und trocken."", welches Wort folgt direkt auf das Wort ""und""? A:","['Das', 'Wetter', 'wird', 'im', 'Sommer', 'oft', 'sehr', 'heiss', 'und', 'trocken']",trocken,oft
"Welches Wort steht im Satz ""Sie schreibt regelmaessig Briefe an ihre Freunde und Verwandten."" direkt nach ""regelmaessig""? ","['Sie', 'schreibt', 'regelmaessig', 'Briefe', 'an', 'ihre', 'Freunde', 'und', 'Verwandten']",Briefe,schreibt
"F: In dem Satz ""Der Hund frisst sein Futter mit grossem Appetit."", welches Wort folgt direkt auf das Wort ""Hund""? A:","['Der', 'Hund', 'frisst', 'sein', 'Futter', 'mit', 'grossem', 'Appetit']",frisst,sein
"F: In dem Satz ""Die Blumen bluehen bunt im Fruehling auf dem Balkon."", welches Wort kommt unmittelbar nach dem Wort ""bunt""? A:","['Die', 'Blumen', 'bluehen', 'bunt', 'im', 'Fruehling', 'auf', 'dem', 'Balkon']",im,bluehen
"Welches Wort steht im Satz ""Die Kinder spielen draussen im Park mit bunten Luftballons."" direkt nach ""mit""? ","['Die', 'Kinder', 'spielen', 'draussen', 'im', 'Park', 'mit', 'bunten', 'Luftballons']",bunten,bunten
"Welches Wort steht im Satz ""Die Kinder spielen draussen im Garten mit ihren bunten Spielsachen."" direkt nach ""spielen""? ","['Die', 'Kinder', 'spielen', 'draussen', 'im', 'Garten', 'mit', 'ihren', 'bunten', 'Spielsachen']",draussen,spielen
"F: In dem Satz ""Sie schreibt regelmaessig Briefe an ihre Grosseltern auf dem Land."", welches Wort kommt unmittelbar nach dem Wort ""auf""? A:","['Sie', 'schreibt', 'regelmaessig', 'Briefe', 'an', 'ihre', 'Grosseltern', 'auf', 'dem', 'Land']",dem,auf
"F: In dem Satz ""Sie tanzt begeistert im Tanzkurs jeden Freitagabend."", welches Wort folgt direkt auf das Wort ""jeden""? A:","['Sie', 'tanzt', 'begeistert', 'im', 'Tanzkurs', 'jeden', 'Freitagabend']",Freitagabend,tanzt
"F: In dem Satz ""Der Vogel zwitschert froehlich im Baum neben dem Haus morgens."", welches Wort folgt direkt auf das Wort ""zwitschert""? A:","['Der', 'Vogel', 'zwitschert', 'froehlich', 'im', 'Baum', 'neben', 'dem', 'Haus', 'morgens']",froehlich,neben
"Welches Wort steht im Satz ""Er liest taeglich die Zeitung am Fruehstueckstisch in der Kueche."" direkt nach ""liest""? ","['Er', 'liest', 'taeglich', 'die', 'Zeitung', 'am', 'Fruehstueckstisch', 'in', 'der', 'Kueche']",taeglich,taeglich
"F: In dem Satz ""Wir feiern naechsten Monat eine grosse Geburtstagsparty."", welches Wort folgt direkt auf das Wort ""grosse""? A:","['Wir', 'feiern', 'naechsten', 'Monat', 'eine', 'grosse', 'Geburtstagsparty']",Geburtstagsparty,grosse
"Welches Wort steht im Satz ""Er schreibt taeglich in sein Tagebuch ueber seine Erlebnisse und Gedanken."" direkt nach ""schreibt""? ","['Er', 'schreibt', 'taeglich', 'in', 'sein', 'Tagebuch', 'ueber', 'seine', 'Erlebnisse', 'und', 'Gedanken']",taeglich,schreibt
"F: In dem Satz ""Wir fahren oft mit dem Auto ins Gebirge zum Wandern."", welches Wort kommt unmittelbar nach dem Wort ""ins""? A:","['Wir', 'fahren', 'oft', 'mit', 'dem', 'Auto', 'ins', 'Gebirge', 'zum', 'Wandern']",Gebirge,zum
"F: In dem Satz ""Wir machen eine Pause und trinken frischen Kaffee in der Sonne."", welches Wort folgt direkt auf das Wort ""und""? A:","['Wir', 'machen', 'eine', 'Pause', 'und', 'trinken', 'frischen', 'Kaffee', 'in', 'der', 'Sonne']",trinken,in
"F: In dem Satz ""Die Lampe leuchtet hell im Zimmer neben dem Bett."", welches Wort folgt direkt auf das Wort ""hell""? A:","['Die', 'Lampe', 'leuchtet', 'hell', 'im', 'Zimmer', 'neben', 'dem', 'Bett']",im,dem
"Welches Wort steht im Satz ""Der Hund rennt schnell durch den Park voller Freude."" direkt nach ""Park""? ","['Der', 'Hund', 'rennt', 'schnell', 'durch', 'den', 'Park', 'voller', 'Freude']",voller,schnell
"F: In dem Satz ""Ich koche heute eine Pizza mit frischem Gemuese."", welches Wort folgt direkt auf das Wort ""koche""? A:","['Ich', 'koche', 'heute', 'eine', 'Pizza', 'mit', 'frischem', 'Gemuese']",heute,mit
"F: In dem Satz ""Die Kinder malen bunte Bilder fuer das Schulprojekt im Kunstunterricht."", welches Wort kommt unmittelbar nach dem Wort ""malen""? A:","['Die', 'Kinder', 'malen', 'bunte', 'Bilder', 'fuer', 'das', 'Schulprojekt', 'im', 'Kunstunterricht']",bunte,bunte
"Welches Wort steht im Satz ""Die Sonne scheint warm durch das Fenster ins Wohnzimmer."" direkt nach ""scheint""? ","['Die', 'Sonne', 'scheint', 'warm', 'durch', 'das', 'Fenster', 'ins', 'Wohnzimmer']",warm,scheint
"F: In dem Satz ""Wir fahren mit dem Fahrrad durch den Park am Wochenende zum Entspannen."", welches Wort kommt unmittelbar nach dem Wort ""mit""? A:","['Wir', 'fahren', 'mit', 'dem', 'Fahrrad', 'durch', 'den', 'Park', 'am', 'Wochenende', 'zum', 'Entspannen']",dem,dem
"Welches Wort steht im Satz ""Wir machen eine Wanderung durch die Berge am Wochenende."" direkt nach ""Berge""? ","['Wir', 'machen', 'eine', 'Wanderung', 'durch', 'die', 'Berge', 'am', 'Wochenende']",am,die
"F: In dem Satz ""Der Hund bellt, wenn jemand an der Tuer klingelt."", welches Wort folgt direkt auf das Wort ""Tuer""? A:","['Der', 'Hund', 'bellt', 'wenn', 'jemand', 'an', 'der', 'Tuer', 'klingelt']",klingelt,bellt
"Welches Wort steht im Satz ""Wir besuchen am Wochenende das neue Theaterstueck in der Stadt."" direkt nach ""neue""? ","['Wir', 'besuchen', 'am', 'Wochenende', 'das', 'neue', 'Theaterstueck', 'in', 'der', 'Stadt']",Theaterstueck,der
"F: In dem Satz ""Ich gehe gerne joggen im Wald am Morgen."", welches Wort folgt direkt auf das Wort ""gehe""? A:","['Ich', 'gehe', 'gerne', 'joggen', 'im', 'Wald', 'am', 'Morgen']",gerne,im
"F: In dem Satz ""Sie schreibt eine E-Mail an ihre beste Freundin und erzaehlt Neuigkeiten."", welches Wort folgt direkt auf das Wort ""an""? A:","['Sie', 'schreibt', 'eine', 'E-Mail', 'an', 'ihre', 'beste', 'Freundin', 'und', 'erzaehlt', 'Neuigkeiten']",ihre,erzaehlt
"F: In dem Satz ""Wir feiern heute Geburtstag mit Familie und Freunden zusammen."", welches Wort kommt unmittelbar nach dem Wort ""Freunden""? A:","['Wir', 'feiern', 'heute', 'Geburtstag', 'mit', 'Familie', 'und', 'Freunden', 'zusammen']",zusammen,und
"F: In dem Satz ""Die Blumen bluehen bunt im Fruehling und Sommer."", welches Wort folgt direkt auf das Wort ""Blumen""? A:","['Die', 'Blumen', 'bluehen', 'bunt', 'im', 'Fruehling', 'und', 'Sommer']",bluehen,im
"Welches Wort steht im Satz ""Wir machen eine Fahrradtour entlang des Flusses bei schoenem Wetter."" direkt nach ""entlang""? ","['Wir', 'machen', 'eine', 'Fahrradtour', 'entlang', 'des', 'Flusses', 'bei', 'schoenem', 'Wetter']",des,entlang
"F: In dem Satz ""Der Hund frisst sein Futter mit grossem Appetit."", welches Wort folgt direkt auf das Wort ""Hund""? A:","['Der', 'Hund', 'frisst', 'sein', 'Futter', 'mit', 'grossem', 'Appetit']",frisst,grossem
"F: In dem Satz ""Ich mag es, im Herbst durch bunte Blaetter zu laufen."", welches Wort folgt direkt auf das Wort ""bunte""? A:","['Ich', 'mag', 'es', 'im', 'Herbst', 'durch', 'bunte', 'Blaetter', 'zu', 'laufen']",Blaetter,im
"F: In dem Satz ""Wir besuchen im Sommer oft den See zum Schwimmen und Entspannen."", welches Wort kommt unmittelbar nach dem Wort ""Sommer""? A:","['Wir', 'besuchen', 'im', 'Sommer', 'oft', 'den', 'See', 'zum', 'Schwimmen', 'und', 'Entspannen']",oft,den
"F: In dem Satz ""Wir feiern heute das Fest mit Freunden und Familie zusammen."", welches Wort kommt unmittelbar nach dem Wort ""mit""? A:","['Wir', 'feiern', 'heute', 'das', 'Fest', 'mit', 'Freunden', 'und', 'Familie', 'zusammen']",Freunden,und
"F: In dem Satz ""Sie kocht gern italienische Gerichte fuer ihre Freunde."", welches Wort folgt direkt auf das Wort ""Gerichte""? A:","['Sie', 'kocht', 'gern', 'italienische', 'Gerichte', 'fuer', 'ihre', 'Freunde']",fuer,fuer
"F: In dem Satz ""Ich lerne Deutsch, um besser arbeiten zu koennen."", welches Wort folgt direkt auf das Wort ""zu""? A:","['Ich', 'lerne', 'Deutsch', 'um', 'besser', 'arbeiten', 'zu', 'koennen']",koennen,besser
"F: In dem Satz ""Er schreibt taeglich in sein Tagebuch ueber seine Gedanken."", welches Wort kommt unmittelbar nach dem Wort ""Tagebuch""? A:","['Er', 'schreibt', 'taeglich', 'in', 'sein', 'Tagebuch', 'ueber', 'seine', 'Gedanken']",ueber,schreibt
"F: In dem Satz ""Sie spielt gern Klavier und uebt jeden Tag fleissig."", welches Wort folgt direkt auf das Wort ""Klavier""? A:","['Sie', 'spielt', 'gern', 'Klavier', 'und', 'uebt', 'jeden', 'Tag', 'fleissig']",und,fleissig
"F: In dem Satz ""Das Auto ist schnell und sparsam im Verbrauch."", welches Wort folgt direkt auf das Wort ""und""? A:","['Das', 'Auto', 'ist', 'schnell', 'und', 'sparsam', 'im', 'Verbrauch']",sparsam,schnell
"F: In dem Satz ""Der Vogel singt frueh am Morgen ein froehliches Lied draussen."", welches Wort kommt unmittelbar nach dem Wort ""singt""? A:","['Der', 'Vogel', 'singt', 'frueh', 'am', 'Morgen', 'ein', 'froehliches', 'Lied', 'draussen']",frueh,froehliches
"Welches Wort steht im Satz ""Der Himmel ist klar und die Sterne leuchten in der Nacht."" direkt nach ""leuchten""? ","['Der', 'Himmel', 'ist', 'klar', 'und', 'die', 'Sterne', 'leuchten', 'in', 'der', 'Nacht']",in,der
"Welches Wort steht im Satz ""Ich koche heute eine leckere Tomatensuppe mit frischen Kraeutern."" direkt nach ""koche""? ","['Ich', 'koche', 'heute', 'eine', 'leckere', 'Tomatensuppe', 'mit', 'frischen', 'Kraeutern']",heute,mit
"F: In dem Satz ""Ich trinke abends gerne warmen Kraeutertee zum Entspannen."", welches Wort kommt unmittelbar nach dem Wort ""warmen""? A:","['Ich', 'trinke', 'abends', 'gerne', 'warmen', 'Kraeutertee', 'zum', 'Entspannen']",Kraeutertee,zum
"Welches Wort steht im Satz ""Wir geniessen den sonnigen Tag beim Spielen im Park zusammen."" direkt nach ""beim""? ","['Wir', 'geniessen', 'den', 'sonnigen', 'Tag', 'beim', 'Spielen', 'im', 'Park', 'zusammen']",Spielen,den
"Welches Wort steht im Satz ""Er liest taeglich die Zeitung am Fruehstueckstisch zu Hause."" direkt nach ""am""? ","['Er', 'liest', 'taeglich', 'die', 'Zeitung', 'am', 'Fruehstueckstisch', 'zu', 'Hause']",Fruehstueckstisch,liest
"F: In dem Satz ""Wir fahren im Herbst oft mit dem Auto ins Gebirge."", welches Wort kommt unmittelbar nach dem Wort ""fahren""? A:","['Wir', 'fahren', 'im', 'Herbst', 'oft', 'mit', 'dem', 'Auto', 'ins', 'Gebirge']",im,im
"F: In dem Satz ""Er faehrt mit dem Zug zur Arbeit in die Stadt jeden Tag heute."", welches Wort kommt unmittelbar nach dem Wort ""dem""? A:","['Er', 'faehrt', 'mit', 'dem', 'Zug', 'zur', 'Arbeit', 'in', 'die', 'Stadt', 'jeden', 'Tag', 'heute']",Zug,zur
"Welches Wort steht im Satz ""Die Sonne scheint warm und hell durch die geoeffneten Fenster."" direkt nach ""hell""? ","['Die', 'Sonne', 'scheint', 'warm', 'und', 'hell', 'durch', 'die', 'geoeffneten', 'Fenster']",durch,scheint
"F: In dem Satz ""Ich esse gern Schokolade und suesse Kuchen."", welches Wort folgt direkt auf das Wort ""Schokolade""? A:","['Ich', 'esse', 'gern', 'Schokolade', 'und', 'suesse', 'Kuchen']",und,esse
"Welches Wort steht im Satz ""Ich gehe abends oft spazieren, um den Kopf frei zu bekommen."" direkt nach ""zu""? ","['Ich', 'gehe', 'abends', 'oft', 'spazieren', 'um', 'den', 'Kopf', 'frei', 'zu', 'bekommen']",bekommen,zu
"F: In dem Satz ""Wir besuchen das Museum, um Kunst zu lernen und zu bewundern."", welches Wort kommt unmittelbar nach dem Wort ""Kunst""? A:","['Wir', 'besuchen', 'das', 'Museum', 'um', 'Kunst', 'zu', 'lernen', 'und', 'zu', 'bewundern']",zu,lernen
"Welches Wort steht im Satz ""Ich geniesse den Duft von frischem Kaffee am fruehen Morgen."" direkt nach ""fruehen""? ","['Ich', 'geniesse', 'den', 'Duft', 'von', 'frischem', 'Kaffee', 'am', 'fruehen', 'Morgen']",Morgen,von
"F: In dem Satz ""Sie liest gern Romane ueber Abenteuer und spannende Geschichten."", welches Wort kommt unmittelbar nach dem Wort ""und""? A:","['Sie', 'liest', 'gern', 'Romane', 'ueber', 'Abenteuer', 'und', 'spannende', 'Geschichten']",spannende,und
"F: In dem Satz ""Ich lese oft Buecher ueber Geschichte und interessante Kulturen weltweit."", welches Wort kommt unmittelbar nach dem Wort ""oft""? A:","['Ich', 'lese', 'oft', 'Buecher', 'ueber', 'Geschichte', 'und', 'interessante', 'Kulturen', 'weltweit']",Buecher,weltweit
"Welches Wort steht im Satz ""Die Katze schnurrt zufrieden, wenn sie gestreichelt wird vom Besitzer."" direkt nach ""schnurrt""? ","['Die', 'Katze', 'schnurrt', 'zufrieden', 'wenn', 'sie', 'gestreichelt', 'wird', 'vom', 'Besitzer']",zufrieden,gestreichelt
"F: In dem Satz ""Die Katze schnurrt zufrieden, wenn sie gestreichelt wird."", welches Wort kommt unmittelbar nach dem Wort ""wenn""? A:","['Die', 'Katze', 'schnurrt', 'zufrieden', 'wenn', 'sie', 'gestreichelt', 'wird']",sie,schnurrt
"F: In dem Satz ""Die Lampe leuchtet hell im dunklen Zimmer."", welches Wort folgt direkt auf das Wort ""dunklen""? A:","['Die', 'Lampe', 'leuchtet', 'hell', 'im', 'dunklen', 'Zimmer']",Zimmer,hell
"Welches Wort steht im Satz ""Der Lehrer erklaert geduldig die schwierigen Grammatikregeln im Unterricht."" direkt nach ""Lehrer""? ","['Der', 'Lehrer', 'erklaert', 'geduldig', 'die', 'schwierigen', 'Grammatikregeln', 'im', 'Unterricht']",erklaert,schwierigen
"F: In dem Satz ""Wir besuchen naechste Woche das neue Museum in der Stadt."", welches Wort folgt direkt auf das Wort ""besuchen""? A:","['Wir', 'besuchen', 'naechste', 'Woche', 'das', 'neue', 'Museum', 'in', 'der', 'Stadt']",naechste,in
"F: In dem Satz ""Wir fahren im Winter in die Berge zum Skifahren und Rodeln oft heute."", welches Wort kommt unmittelbar nach dem Wort ""Rodeln""? A:","['Wir', 'fahren', 'im', 'Winter', 'in', 'die', 'Berge', 'zum', 'Skifahren', 'und', 'Rodeln', 'oft', 'heute']",oft,oft
"F: In dem Satz ""Wir machen einen Spaziergang durch den Wald am Nachmittag."", welches Wort folgt direkt auf das Wort ""den""? A:","['Wir', 'machen', 'einen', 'Spaziergang', 'durch', 'den', 'Wald', 'am', 'Nachmittag']",Wald,den
"Welches Wort steht im Satz ""Die Kinder basteln Laternen fuer das Martinsfest in der Schule."" direkt nach ""Laternen""? ","['Die', 'Kinder', 'basteln', 'Laternen', 'fuer', 'das', 'Martinsfest', 'in', 'der', 'Schule']",fuer,fuer
"Welches Wort steht im Satz ""Sie pflueckt Wildblumen und bindet einen bunten Strauss daraus."" direkt nach ""und""? ","['Sie', 'pflueckt', 'Wildblumen', 'und', 'bindet', 'einen', 'bunten', 'Strauss', 'daraus']",bindet,bunten
"F: In dem Satz ""Der Lehrer erklaert die Grammatik sehr geduldig und klar."", welches Wort folgt direkt auf das Wort ""sehr""? A:","['Der', 'Lehrer', 'erklaert', 'die', 'Grammatik', 'sehr', 'geduldig', 'und', 'klar']",geduldig,sehr
"F: In dem Satz ""Wir machen eine Radtour am Wochenende entlang des Flusses."", welches Wort kommt unmittelbar nach dem Wort ""am""? A:","['Wir', 'machen', 'eine', 'Radtour', 'am', 'Wochenende', 'entlang', 'des', 'Flusses']",Wochenende,entlang
"Welches Wort steht im Satz ""Sie tanzt leidenschaftlich gern jeden Samstagabend in der Tanzschule."" direkt nach ""jeden""? ","['Sie', 'tanzt', 'leidenschaftlich', 'gern', 'jeden', 'Samstagabend', 'in', 'der', 'Tanzschule']",Samstagabend,tanzt
"F: In dem Satz ""Wir fahren mit dem Zug in die naechste Stadt."", welches Wort folgt direkt auf das Wort ""fahren""? A:","['Wir', 'fahren', 'mit', 'dem', 'Zug', 'in', 'die', 'naechste', 'Stadt']",mit,die
"F: In dem Satz ""Er faehrt mit dem Zug puenktlich zur Arbeit in die Stadt."", welches Wort kommt unmittelbar nach dem Wort ""faehrt""? A:","['Er', 'faehrt', 'mit', 'dem', 'Zug', 'puenktlich', 'zur', 'Arbeit', 'in', 'die', 'Stadt']",mit,zur
"F: In dem Satz ""Ich trinke abends gern eine heisse Tasse Tee."", welches Wort folgt direkt auf das Wort ""abends""? A:","['Ich', 'trinke', 'abends', 'gern', 'eine', 'heisse', 'Tasse', 'Tee']",gern,eine
"Welches Wort steht im Satz ""Der Himmel faerbt sich rosa beim Sonnenaufgang ueber den Bergen."" direkt nach ""Sonnenaufgang""? ","['Der', 'Himmel', 'faerbt', 'sich', 'rosa', 'beim', 'Sonnenaufgang', 'ueber', 'den', 'Bergen']",ueber,den
"F: In dem Satz ""Wir treffen uns morgen im Café zum Fruehstuecken."", welches Wort folgt direkt auf das Wort ""im""? A:","['Wir', 'treffen', 'uns', 'morgen', 'im', 'Café', 'zum', 'Fruehstuecken']",Café,zum
"F: In dem Satz ""Der Film war spannend und sehr unterhaltsam."", welches Wort folgt direkt auf das Wort ""sehr""? A:","['Der', 'Film', 'war', 'spannend', 'und', 'sehr', 'unterhaltsam']",unterhaltsam,spannend
"F: In dem Satz ""Der Fluss fliesst ruhig durch die gruene Landschaft."", welches Wort folgt direkt auf das Wort ""Fluss""? A:","['Der', 'Fluss', 'fliesst', 'ruhig', 'durch', 'die', 'gruene', 'Landschaft']",fliesst,fliesst
"F: In dem Satz ""Ich lerne jeden Tag neue deutsche Woerter und Redewendungen fuer den Alltag."", welches Wort folgt direkt auf das Wort ""fuer""? A:","['Ich', 'lerne', 'jeden', 'Tag', 'neue', 'deutsche', 'Woerter', 'und', 'Redewendungen', 'fuer', 'den', 'Alltag']",den,und
"Welches Wort steht im Satz ""Die Kinder spielen draussen im Garten Verstecken und haben viel Spass."" direkt nach ""viel""? ","['Die', 'Kinder', 'spielen', 'draussen', 'im', 'Garten', 'Verstecken', 'und', 'haben', 'viel', 'Spass']",Spass,viel
"Welches Wort steht im Satz ""Die Kinder basteln Laternen fuer das Martinsfest in der Schule."" direkt nach ""der""? ","['Die', 'Kinder', 'basteln', 'Laternen', 'fuer', 'das', 'Martinsfest', 'in', 'der', 'Schule']",Schule,basteln
"Welches Wort steht im Satz ""Er faehrt taeglich mit dem Fahrrad zur Arbeit in die Stadt."" direkt nach ""faehrt""? ","['Er', 'faehrt', 'taeglich', 'mit', 'dem', 'Fahrrad', 'zur', 'Arbeit', 'in', 'die', 'Stadt']",taeglich,faehrt
"F: In dem Satz ""Der Hund bellt, wenn jemand an der Tuer klingelt."", welches Wort folgt direkt auf das Wort ""bellt""? A:","['Der', 'Hund', 'bellt', 'wenn', 'jemand', 'an', 'der', 'Tuer', 'klingelt']",wenn,jemand
"F: In dem Satz ""Sie liest gern spannende Buecher ueber Abenteuer."", welches Wort folgt direkt auf das Wort ""Buecher""? A:","['Sie', 'liest', 'gern', 'spannende', 'Buecher', 'ueber', 'Abenteuer']",ueber,gern
"F: In dem Satz ""Die Katze spielt mit ihrem Lieblingsspielzeug auf dem Wohnzimmerboden."", welches Wort kommt unmittelbar nach dem Wort ""mit""? A:","['Die', 'Katze', 'spielt', 'mit', 'ihrem', 'Lieblingsspielzeug', 'auf', 'dem', 'Wohnzimmerboden']",ihrem,dem
"F: In dem Satz ""Ich trinke gerne schwarzen Kaffee mit etwas Zucker und Milch."", welches Wort kommt unmittelbar nach dem Wort ""etwas""? A:","['Ich', 'trinke', 'gerne', 'schwarzen', 'Kaffee', 'mit', 'etwas', 'Zucker', 'und', 'Milch']",Zucker,mit
"F: In dem Satz ""Sie hoert Musik, waehrend sie ihre Hausaufgaben macht und sich konzentriert."", welches Wort folgt direkt auf das Wort ""und""? A:","['Sie', 'hoert', 'Musik', 'waehrend', 'sie', 'ihre', 'Hausaufgaben', 'macht', 'und', 'sich', 'konzentriert']",sich,ihre
"F: In dem Satz ""Sie liest gern spannende Buecher ueber ferne Laender und Kulturen oft."", welches Wort kommt unmittelbar nach dem Wort ""und""? A:","['Sie', 'liest', 'gern', 'spannende', 'Buecher', 'ueber', 'ferne', 'Laender', 'und', 'Kulturen', 'oft']",Kulturen,ferne
"Welches Wort steht im Satz ""Das Wetter ist heute ideal zum Fahrradfahren im Park."" direkt nach ""Wetter""? ","['Das', 'Wetter', 'ist', 'heute', 'ideal', 'zum', 'Fahrradfahren', 'im', 'Park']",ist,ideal
"F: In dem Satz ""Wir feiern naechsten Monat eine grosse Geburtstagsparty zu Hause mit Freunden und Familie."", welches Wort folgt direkt auf das Wort ""Hause""? A:","['Wir', 'feiern', 'naechsten', 'Monat', 'eine', 'grosse', 'Geburtstagsparty', 'zu', 'Hause', 'mit', 'Freunden', 'und', 'Familie']",mit,naechsten
"F: In dem Satz ""Der Vogel singt ein schoenes Lied am Morgen."", welches Wort folgt direkt auf das Wort ""Lied""? A:","['Der', 'Vogel', 'singt', 'ein', 'schoenes', 'Lied', 'am', 'Morgen']",am,am
"Welches Wort steht im Satz ""Sie schreibt einen Brief an ihre beste Freundin in Berlin."" direkt nach ""Brief""? ","['Sie', 'schreibt', 'einen', 'Brief', 'an', 'ihre', 'beste', 'Freundin', 'in', 'Berlin']",an,einen
"F: In dem Satz ""Der Himmel ist blau und die Sonne scheint hell und warm heute."", welches Wort kommt unmittelbar nach dem Wort ""hell""? A:","['Der', 'Himmel', 'ist', 'blau', 'und', 'die', 'Sonne', 'scheint', 'hell', 'und', 'warm', 'heute']",und,heute
"Welches Wort steht im Satz ""Wir geniessen den sonnigen Tag beim Picknick im Park zusammen."" direkt nach ""den""? ","['Wir', 'geniessen', 'den', 'sonnigen', 'Tag', 'beim', 'Picknick', 'im', 'Park', 'zusammen']",sonnigen,zusammen
"F: In dem Satz ""Wir fahren im Sommer an den See zum Baden."", welches Wort folgt direkt auf das Wort ""fahren""? A:","['Wir', 'fahren', 'im', 'Sommer', 'an', 'den', 'See', 'zum', 'Baden']",im,den
"F: In dem Satz ""Der Hund laeuft schnell durch den grossen Garten und spielt."", welches Wort folgt direkt auf das Wort ""und""? A:","['Der', 'Hund', 'laeuft', 'schnell', 'durch', 'den', 'grossen', 'Garten', 'und', 'spielt']",spielt,grossen
"F: In dem Satz ""Der Zug kommt puenktlich am Bahnhof an."", welches Wort folgt direkt auf das Wort ""am""? A:","['Der', 'Zug', 'kommt', 'puenktlich', 'am', 'Bahnhof', 'an']",Bahnhof,kommt
"F: In dem Satz ""Wir gehen heute Abend ins Restaurant zum gemuetlichen Essen."", welches Wort kommt unmittelbar nach dem Wort ""gemuetlichen""? A:","['Wir', 'gehen', 'heute', 'Abend', 'ins', 'Restaurant', 'zum', 'gemuetlichen', 'Essen']",Essen,heute
"F: In dem Satz ""Sie schreibt eine Postkarte an ihre Grosseltern."", welches Wort folgt direkt auf das Wort ""an""? A:","['Sie', 'schreibt', 'eine', 'Postkarte', 'an', 'ihre', 'Grosseltern']",ihre,ihre
"F: In dem Satz ""Wir fahren im Sommer ans Meer zum Schwimmen."", welches Wort folgt direkt auf das Wort ""zum""? A:","['Wir', 'fahren', 'im', 'Sommer', 'ans', 'Meer', 'zum', 'Schwimmen']",Schwimmen,zum
"F: In dem Satz ""Ich hoere gern Podcasts ueber Wissenschaft und Technik."", welches Wort folgt direkt auf das Wort ""Podcasts""? A:","['Ich', 'hoere', 'gern', 'Podcasts', 'ueber', 'Wissenschaft', 'und', 'Technik']",ueber,gern
"Welches Wort steht im Satz ""Er faehrt jeden Tag mit dem Fahrrad zur Arbeit in die Stadt."" direkt nach ""jeden""? ","['Er', 'faehrt', 'jeden', 'Tag', 'mit', 'dem', 'Fahrrad', 'zur', 'Arbeit', 'in', 'die', 'Stadt']",Tag,die
"Welches Wort steht im Satz ""Der Hund wartet geduldig vor der Haustuer auf seinen Spaziergang."" direkt nach ""vor""? ","['Der', 'Hund', 'wartet', 'geduldig', 'vor', 'der', 'Haustuer', 'auf', 'seinen', 'Spaziergang']",der,vor
"F: In dem Satz ""Wir machen eine Wanderung durch den schoenen Wald."", welches Wort folgt direkt auf das Wort ""machen""? A:","['Wir', 'machen', 'eine', 'Wanderung', 'durch', 'den', 'schoenen', 'Wald']",eine,durch
"F: In dem Satz ""Der Hund liegt entspannt auf dem Teppich vor dem Kamin."", welches Wort kommt unmittelbar nach dem Wort ""liegt""? A:","['Der', 'Hund', 'liegt', 'entspannt', 'auf', 'dem', 'Teppich', 'vor', 'dem', 'Kamin']",entspannt,vor
"Welches Wort steht im Satz ""Ich geniesse die Ruhe beim Lesen eines guten Romans am Abend."" direkt nach ""geniesse""? ","['Ich', 'geniesse', 'die', 'Ruhe', 'beim', 'Lesen', 'eines', 'guten', 'Romans', 'am', 'Abend']",die,geniesse
"F: In dem Satz ""Die Katze spielt mit ihrem Lieblingsspielzeug im Wohnzimmer froehlich."", welches Wort kommt unmittelbar nach dem Wort ""spielt""? A:","['Die', 'Katze', 'spielt', 'mit', 'ihrem', 'Lieblingsspielzeug', 'im', 'Wohnzimmer', 'froehlich']",mit,im
"F: In dem Satz ""Wir fahren im Winter oft in die Berge zum Skifahren."", welches Wort folgt direkt auf das Wort ""in""? A:","['Wir', 'fahren', 'im', 'Winter', 'oft', 'in', 'die', 'Berge', 'zum', 'Skifahren']",die,oft
"F: In dem Satz ""Sie kocht leckere Gerichte mit frischem Gemuese aus dem Garten."", welches Wort kommt unmittelbar nach dem Wort ""Gerichte""? A:","['Sie', 'kocht', 'leckere', 'Gerichte', 'mit', 'frischem', 'Gemuese', 'aus', 'dem', 'Garten']",mit,frischem
"Welches Wort steht im Satz ""Die Kinder spielen draussen im Park mit bunten Luftballons und lachen."" direkt nach ""Park""? ","['Die', 'Kinder', 'spielen', 'draussen', 'im', 'Park', 'mit', 'bunten', 'Luftballons', 'und', 'lachen']",mit,spielen
"Welches Wort steht im Satz ""Ich trinke morgens heissen Kaffee, um wach zu werden."" direkt nach ""heissen""? ","['Ich', 'trinke', 'morgens', 'heissen', 'Kaffee', 'um', 'wach', 'zu', 'werden']",Kaffee,zu
"Welches Wort steht im Satz ""Die Katze schnurrt leise, waehrend sie auf dem Schoss sitzt."" direkt nach ""Katze""? ","['Die', 'Katze', 'schnurrt', 'leise', 'waehrend', 'sie', 'auf', 'dem', 'Schoss', 'sitzt']",schnurrt,schnurrt
"F: In dem Satz ""Ich trinke abends oft einen Kraeutertee zum Entspannen vor dem Schlaf."", welches Wort kommt unmittelbar nach dem Wort ""oft""? A:","['Ich', 'trinke', 'abends', 'oft', 'einen', 'Kraeutertee', 'zum', 'Entspannen', 'vor', 'dem', 'Schlaf']",einen,abends
"F: In dem Satz ""Ich koche heute eine cremige Kuerbissuppe mit frischen Gewuerzen."", welches Wort kommt unmittelbar nach dem Wort ""heute""? A:","['Ich', 'koche', 'heute', 'eine', 'cremige', 'Kuerbissuppe', 'mit', 'frischen', 'Gewuerzen']",eine,heute
"F: In dem Satz ""Wir gehen heute Abend ins Theater und sehen ein Stueck."", welches Wort folgt direkt auf das Wort ""Theater""? A:","['Wir', 'gehen', 'heute', 'Abend', 'ins', 'Theater', 'und', 'sehen', 'ein', 'Stueck']",und,ein
"Welches Wort steht im Satz ""Der Vogel zwitschert munter im Baum vor unserem Fenster."" direkt nach ""im""? ","['Der', 'Vogel', 'zwitschert', 'munter', 'im', 'Baum', 'vor', 'unserem', 'Fenster']",Baum,vor
"F: In dem Satz ""Die Blumen im Park bluehen bunt und duften angenehm."", welches Wort folgt direkt auf das Wort ""duften""? A:","['Die', 'Blumen', 'im', 'Park', 'bluehen', 'bunt', 'und', 'duften', 'angenehm']",angenehm,angenehm
"F: In dem Satz ""Er faehrt jeden Morgen mit dem Fahrrad zur Arbeit in die Stadt."", welches Wort kommt unmittelbar nach dem Wort ""dem""? A:","['Er', 'faehrt', 'jeden', 'Morgen', 'mit', 'dem', 'Fahrrad', 'zur', 'Arbeit', 'in', 'die', 'Stadt']",Fahrrad,faehrt
"F: In dem Satz ""Die Lampe leuchtet hell im Zimmer neben dem Bett und Tisch heute."", welches Wort kommt unmittelbar nach dem Wort ""Lampe""? A:","['Die', 'Lampe', 'leuchtet', 'hell', 'im', 'Zimmer', 'neben', 'dem', 'Bett', 'und', 'Tisch', 'heute']",leuchtet,im
