Input,Options,Expected,Predicted
"F: Welches Wort steht am Anfang des Satzes ""Sie schreibt regelmäßig Briefe an ihre Großeltern auf dem Land.""? A:","['Sie', 'schreibt', 'regelmäßig', 'Briefe', 'an', 'ihre', 'Großeltern', 'auf', 'dem', 'Land']",sie,sie lernt sich sehr gedul
"F: Welches Wort steht am Anfang des Satzes ""Sie trägt eine rote Jacke im Winter und warme Stiefel dazu.""? A:","['Sie', 'trägt', 'eine', 'rote', 'Jacke', 'im', 'Winter', 'und', 'warme', 'Stiefel', 'dazu']",sie,sie schreibt eine warme j
"F: Welches Wort steht am Anfang des Satzes ""Wir machen eine Wanderung durch den Wald bei schönem Wetter.""? A:","['Wir', 'machen', 'eine', 'Wanderung', 'durch', 'den', 'Wald', 'bei', 'schönem', 'Wetter']",wir,wirklichkeit hat mit der 
"F: Was ist das erste Wort des Satzes ""Der Hund bellt laut, wenn jemand an der Tür klingelt.""? A:","['Der', 'Hund', 'bellt', 'laut', 'wenn', 'jemand', 'an', 'der', 'Tür', 'klingelt']",der,der laser läuft schnell ü
"Schreibe das erste Wort des Satzes ""Der Hund kuschelt sich zufrieden in seine warme Decke."": ","['Der', 'Hund', 'kuschelt', 'sich', 'zufrieden', 'in', 'seine', 'warme', 'Decke']",der,der katze schläft friedli
"F: Welches Wort steht am Anfang des Satzes ""Wir besuchen das Schloss im nahegelegenen Ort am Sonntag.""? A:","['Wir', 'besuchen', 'das', 'Schloss', 'im', 'nahegelegenen', 'Ort', 'am', 'Sonntag']",wir,
"F: Welches Wort steht am Anfang des Satzes ""Ich höre Musik, während ich meine Hausaufgaben mache zu Hause.""? A:","['Ich', 'höre', 'Musik', 'während', 'ich', 'meine', 'Hausaufgaben', 'mache', 'zu', 'Hause']",ich,ich habe gesterUNKtelefort 
"Schreibe das erste Wort des Satzes ""Er fährt jeden Morgen mit dem Fahrrad zur Arbeit in die Stadt."": ","['Er', 'fährt', 'jeden', 'Morgen', 'mit', 'dem', 'Fahrrad', 'zur', 'Arbeit', 'in', 'die', 'Stadt']",er,er schreibt eine e-mail a
"F: Was ist das erste Wort des Satzes ""Ich koche heute eine Suppe mit frischem Gemüse.""? A:","['Ich', 'koche', 'heute', 'eine', 'Suppe', 'mit', 'frischem', 'Gemüse']",ich,
"Schreibe das erste Wort des Satzes ""Die Katze schläft zufrieden auf dem gemütlichen Sofa im Wohnzimmer."": ","['Die', 'Katze', 'schläft', 'zufrieden', 'auf', 'dem', 'gemütlichen', 'Sofa', 'im', 'Wohnzimmer']",die,die katze schläft fri tte
"Schreibe das erste Wort des Satzes ""Das Kind malt ein buntes Bild mit Wasserfarben."": ","['Das', 'Kind', 'malt', 'ein', 'buntes', 'Bild', 'mit', 'Wasserfarben']",das,"das ist ein buntes bild."""
"F: Was ist das erste Wort des Satzes ""Der Film war spannend und hat mir gut gefallen.""? A:","['Der', 'Film', 'war', 'spannend', 'und', 'hat', 'mir', 'gut', 'gefallen']",der,der film war sehr gut und
"F: Was ist das erste Wort des Satzes ""Der Hund liebt es, im Park mit anderen Hunden zu spielen.""? A:","['Der', 'Hund', 'liebt', 'es', 'im', 'Park', 'mit', 'anderen', 'Hunden', 'zu', 'spielen']",der,der hund liebt eslaut jed
"F: Welches Wort steht am Anfang des Satzes ""Sie liest gern Sachbücher über Geschichte und Naturwissenschaften.""? A:","['Sie', 'liest', 'gern', 'Sachbücher', 'über', 'Geschichte', 'und', 'Naturwissenschaften']",sie,sie schreibt eine e-mail 
"Schreibe das erste Wort des Satzes ""Der Lehrer erklärt geduldig neue Vokabeln im Deutschunterricht der Klasse."": ","['Der', 'Lehrer', 'erklärt', 'geduldig', 'neue', 'Vokabeln', 'im', 'Deutschunterricht', 'der', 'Klasse']",der,der staat spricht voelig-
"F: Was ist das erste Wort des Satzes ""Ich lese oft Bücher über Geschichte und Kultur.""? A:","['Ich', 'lese', 'oft', 'Bücher', 'über', 'Geschichte', 'und', 'Kultur']",ich,
"F: Welches Wort steht am Anfang des Satzes ""Bitte öffne das Fenster, es ist warm und stickig im Zimmer.""? A:","['Bitte', 'öffne', 'das', 'Fenster', 'es', 'ist', 'warm', 'und', 'stickig', 'im', 'Zimmer']",bitte,
"F: Was ist das erste Wort des Satzes ""Ich esse morgens oft frisches Obst und Joghurt zum Frühstück.""? A:","['Ich', 'esse', 'morgens', 'oft', 'frisches', 'Obst', 'und', 'Joghurt', 'zum', 'Frühstück']",ich,
"Schreibe das erste Wort des Satzes ""Sie kocht heute ein neues Rezept mit viel Gemüse und Kräutern."": ","['Sie', 'kocht', 'heute', 'ein', 'neues', 'Rezept', 'mit', 'viel', 'Gemüse', 'und', 'Kräutern']",sie,"sie schmückt eine rolle."""
"Schreibe das erste Wort des Satzes ""Die Kinder spielen draußen im Park mit Freunden und Ball."": ","['Die', 'Kinder', 'spielen', 'draußen', 'im', 'Park', 'mit', 'Freunden', 'und', 'Ball']",die,die kinder spielen fröhli
"F: Was ist das erste Wort des Satzes ""Sie schreibt eine E-Mail an ihre beste Freundin.""? A:","['Sie', 'schreibt', 'eine', 'E-Mail', 'an', 'ihre', 'beste', 'Freundin']",sie,sie schreibt eine e-mail 
"F: Was ist das erste Wort des Satzes ""Ich mag es, im Herbst durch bunte Blätter zu laufen.""? A:","['Ich', 'mag', 'es', 'im', 'Herbst', 'durch', 'bunte', 'Blätter', 'zu', 'laufen']",ich,ich? ich höre musik beim 
"F: Was ist das erste Wort des Satzes ""Die Blumen blühen bunt und duften angenehm im Frühling.""? A:","['Die', 'Blumen', 'blühen', 'bunt', 'und', 'duften', 'angenehm', 'im', 'Frühling']",die,"dieses schöne wetter.""? a"
"Schreibe das erste Wort des Satzes ""Wir machen eine Fahrradtour entlang des Flusses im Sommer."": ","['Wir', 'machen', 'eine', 'Fahrradtour', 'entlang', 'des', 'Flusses', 'im', 'Sommer']",wir,wir fahren durch die dort
"F: Welches Wort steht am Anfang des Satzes ""Sie trinkt abends gerne einen warmen Kräutertee zum Entspannen.""? A:","['Sie', 'trinkt', 'abends', 'gerne', 'einen', 'warmen', 'Kräutertee', 'zum', 'Entspannen']",sie,sie schmeckt nicht so lan
"Schreibe das erste Wort des Satzes ""Ich höre beim Joggen motivierende Musik, die mich antreibt."": ","['Ich', 'höre', 'beim', 'Joggen', 'motivierende', 'Musik', 'die', 'mich', 'antreibt']",ich,ich höre musik beim lerne
"Schreibe das erste Wort des Satzes ""Sie tanzt voller Freude zu ihrer Lieblingsmusik am Wochenende."": ","['Sie', 'tanzt', 'voller', 'Freude', 'zu', 'ihrer', 'Lieblingsmusik', 'am', 'Wochenende']",sie,sie liest gern spannende 
"F: Welches Wort steht am Anfang des Satzes ""Die Kinder spielen fröhlich im Sandkasten im Garten zusammen.""? A:","['Die', 'Kinder', 'spielen', 'fröhlich', 'im', 'Sandkasten', 'im', 'Garten', 'zusammen']",die,die katze spielt mit ihre
"F: Was ist das erste Wort des Satzes ""Die Katze schläft gerne auf dem warmen Sofa.""? A:","['Die', 'Katze', 'schläft', 'gerne', 'auf', 'dem', 'warmen', 'Sofa']",die,die katze schläft die gan
"F: Welches Wort steht am Anfang des Satzes ""Wir besuchen das Schloss im nahegelegenen Ort am Sonntag oft.""? A:","['Wir', 'besuchen', 'das', 'Schloss', 'im', 'nahegelegenen', 'Ort', 'am', 'Sonntag', 'oft']",wir,wir fahren durch die dorf
"F: Welches Wort steht am Anfang des Satzes ""Sie kocht gern italienische Gerichte für ihre Familie am Wochenende.""? A:","['Sie', 'kocht', 'gern', 'italienische', 'Gerichte', 'für', 'ihre', 'Familie', 'am', 'Wochenende']",sie,sie lernt nun das schwein
"F: Welches Wort steht am Anfang des Satzes ""Sie tanzt begeistert bei der Tanzstunde am Freitagabend in der Halle.""? A:","['Sie', 'tanzt', 'begeistert', 'bei', 'der', 'Tanzstunde', 'am', 'Freitagabend', 'in', 'der', 'Halle']",sie,sie schreibt eine nachric
"F: Was ist das erste Wort des Satzes ""Die Katze schläft gerne auf dem warmen Sofa zu Hause.""? A:","['Die', 'Katze', 'schläft', 'gerne', 'auf', 'dem', 'warmen', 'Sofa', 'zu', 'Hause']",die,die katze schläft gerne a
"Schreibe das erste Wort des Satzes ""Sie schreibt liebevolle Briefe an ihre Verwandten im Ausland."": ","['Sie', 'schreibt', 'liebevolle', 'Briefe', 'an', 'ihre', 'Verwandten', 'im', 'Ausland']",sie,sie schreibt eine e-mail 
"F: Was ist das erste Wort des Satzes ""Wir machen einen Ausflug in den Wald am Wochenende.""? A:","['Wir', 'machen', 'einen', 'Ausflug', 'in', 'den', 'Wald', 'am', 'Wochenende']",wir,wir fahren die stadt weit
"F: Was ist das erste Wort des Satzes ""Sie tanzt jeden Freitag im Tanzkurs mit großer Freude.""? A:","['Sie', 'tanzt', 'jeden', 'Freitag', 'im', 'Tanzkurs', 'mit', 'großer', 'Freude']",sie,sie läuft gernewetwende a
"Schreibe das erste Wort des Satzes ""Ich lese abends gern spannende Krimis vor dem Einschlafen."": ","['Ich', 'lese', 'abends', 'gern', 'spannende', 'Krimis', 'vor', 'dem', 'Einschlafen']",ich,ich höre musik beim arbei
"F: Was ist das erste Wort des Satzes ""Bitte öffne das Fenster, es ist sehr warm hier.""? A:","['Bitte', 'öffne', 'das', 'Fenster', 'es', 'ist', 'sehr', 'warm', 'hier']",bitte,
"F: Was ist das erste Wort des Satzes ""Ich gehe jeden Sonntag in die Kirche.""? A:","['Ich', 'gehe', 'jeden', 'Sonntag', 'in', 'die', 'Kirche']",ich,ich gehe jeden sonntag in
"F: Welches Wort steht am Anfang des Satzes ""Die Kinder spielen draußen im Garten mit Freunden und haben viel Spaß heute.""? A:","['Die', 'Kinder', 'spielen', 'draußen', 'im', 'Garten', 'mit', 'Freunden', 'und', 'haben', 'viel', 'Spaß', 'heute']",die,die kinder spielen im gar
"F: Was ist das erste Wort des Satzes ""Sie macht jeden Morgen Yoga zur Entspannung.""? A:","['Sie', 'macht', 'jeden', 'Morgen', 'Yoga', 'zur', 'Entspannung']",sie,"sie lädt das auto ein.""? "
"F: Was ist das erste Wort des Satzes ""Das Buch ist spannend und sehr gut geschrieben.""? A:","['Das', 'Buch', 'ist', 'spannend', 'und', 'sehr', 'gut', 'geschrieben']",das,
"F: Was ist das erste Wort des Satzes ""Ich gehe jeden Sonntag in die Kirche.""? A:","['Ich', 'gehe', 'jeden', 'Sonntag', 'in', 'die', 'Kirche']",ich,ich gehe jeden sonntag in
"F: Was ist das erste Wort des Satzes ""Der Zug fährt pünktlich um acht Uhr vom Bahnhof ab.""? A:","['Der', 'Zug', 'fährt', 'pünktlich', 'um', 'acht', 'Uhr', 'vom', 'Bahnhof', 'ab']",der,"der bahnhof zum ""auto""? a"
"F: Welches Wort steht am Anfang des Satzes ""Wir besuchen das Schloss im nahegelegenen Ort am Sonntag.""? A:","['Wir', 'besuchen', 'das', 'Schloss', 'im', 'nahegelegenen', 'Ort', 'am', 'Sonntag']",wir,
"F: Welches Wort steht am Anfang des Satzes ""Wir machen eine Radtour am Wochenende entlang des Flusses.""? A:","['Wir', 'machen', 'eine', 'Radtour', 'am', 'Wochenende', 'entlang', 'des', 'Flusses']",wir,wir fahren mit dem fahrra
"Schreibe das erste Wort des Satzes ""Ich mache jeden Morgen Yoga, um entspannt in den Tag zu starten."": ","['Ich', 'mache', 'jeden', 'Morgen', 'Yoga', 'um', 'entspannt', 'in', 'den', 'Tag', 'zu', 'starten']",ich,ich höre musik beim spiel
"F: Was ist das erste Wort des Satzes ""Am Wochenende machen wir eine lange Wanderung in den Bergen.""? A:","['Am', 'Wochenende', 'machen', 'wir', 'eine', 'lange', 'Wanderung', 'in', 'den', 'Bergen']",am,wir fahren durch die stad
"Schreibe das erste Wort des Satzes ""Der Vogel zwitschert laut und munter in den frühen Morgenstunden."": ","['Der', 'Vogel', 'zwitschert', 'laut', 'und', 'munter', 'in', 'den', 'frühen', 'Morgenstunden']",der,der hund läuft schnell du
"F: Welches Wort steht am Anfang des Satzes ""Wir feiern Ostern traditionell mit bunten Eiern und der Familie.""? A:","['Wir', 'feiern', 'Ostern', 'traditionell', 'mit', 'bunten', 'Eiern', 'und', 'der', 'Familie']",wir,
"F: Welches Wort steht am Anfang des Satzes ""Der Hund rennt schnell über die Wiese im Park.""? A:","['Der', 'Hund', 'rennt', 'schnell', 'über', 'die', 'Wiese', 'im', 'Park']",der,der hund läuft schnell üb
"Schreibe das erste Wort des Satzes ""Wir feiern Weihnachten mit der Familie und vielen leckeren Plätzchen."": ","['Wir', 'feiern', 'Weihnachten', 'mit', 'der', 'Familie', 'und', 'vielen', 'leckeren', 'Plätzchen']",wir,wir besuchen das museum i
"F: Was ist das erste Wort des Satzes ""Die Sonne scheint warm auf die grünen Wiesen.""? A:","['Die', 'Sonne', 'scheint', 'warm', 'auf', 'die', 'grünen', 'Wiesen']",die,die sonne scheint weit he
"Schreibe das erste Wort des Satzes ""Die Kinder sammeln bunte Blätter im Park für ein Projekt."": ","['Die', 'Kinder', 'sammeln', 'bunte', 'Blätter', 'im', 'Park', 'für', 'ein', 'Projekt']",die,die kinder spielen fröhli
"F: Was ist das erste Wort des Satzes ""Die Katze schläft den ganzen Tag auf dem Sofa.""? A:","['Die', 'Katze', 'schläft', 'den', 'ganzen', 'Tag', 'auf', 'dem', 'Sofa']",die,die katze schläft den gan
"Schreibe das erste Wort des Satzes ""Die Kinder spielen draußen im Garten Verstecken und haben Spaß."": ","['Die', 'Kinder', 'spielen', 'draußen', 'im', 'Garten', 'Verstecken', 'und', 'haben', 'Spaß']",die,die kinder spielen drauße
"F: Welches Wort steht am Anfang des Satzes ""Die Katze jagt spielerisch den kleinen roten Laserpunkt im Wohnzimmer.""? A:","['Die', 'Katze', 'jagt', 'spielerisch', 'den', 'kleinen', 'roten', 'Laserpunkt', 'im', 'Wohnzimmer']",die,die katze spielt mit ihre
"F: Was ist das erste Wort des Satzes ""Sie hört gern Musik beim Arbeiten am Computer.""? A:","['Sie', 'hört', 'gern', 'Musik', 'beim', 'Arbeiten', 'am', 'Computer']",sie,sie schreibt eine postkar
"Schreibe das erste Wort des Satzes ""Der Lehrer erklärt geduldig die schwierigen Aufgaben im Unterricht."": ","['Der', 'Lehrer', 'erklärt', 'geduldig', 'die', 'schwierigen', 'Aufgaben', 'im', 'Unterricht']",der,der hat schon viele jahre
"F: Welches Wort steht am Anfang des Satzes ""Sie schreibt täglich in ihr Tagebuch über ihre Erlebnisse und Gefühle.""? A:","['Sie', 'schreibt', 'täglich', 'in', 'ihr', 'Tagebuch', 'über', 'ihre', 'Erlebnisse', 'und', 'Gefühle']",sie,sie schreibt eine nachric
"F: Was ist das erste Wort des Satzes ""Er schreibt eine Postkarte aus dem Urlaub an seine Familie.""? A:","['Er', 'schreibt', 'eine', 'Postkarte', 'aus', 'dem', 'Urlaub', 'an', 'seine', 'Familie']",er,er schreibt eine postkart
"F: Was ist das erste Wort des Satzes ""Sie tanzt jeden Samstag im Tanzkurs mit großer Freude.""? A:","['Sie', 'tanzt', 'jeden', 'Samstag', 'im', 'Tanzkurs', 'mit', 'großer', 'Freude']",sie,sie läuft gerne jeden abe
"F: Was ist das erste Wort des Satzes ""Ich koche heute eine leckere Suppe mit frischen Zutaten.""? A:","['Ich', 'koche', 'heute', 'eine', 'leckere', 'Suppe', 'mit', 'frischen', 'Zutaten']",ich,ich koche heute abend ein
"F: Was ist das erste Wort des Satzes ""Im Park spielen viele Kinder fröhlich und laut.""? A:","['Im', 'Park', 'spielen', 'viele', 'Kinder', 'fröhlich', 'und', 'laut']",im,immer noch viele spannend
"F: Was ist das erste Wort des Satzes ""Ich koche heute eine leckere Suppe mit Gemüse.""? A:","['Ich', 'koche', 'heute', 'eine', 'leckere', 'Suppe', 'mit', 'Gemüse']",ich,"ich habe gesagt ""gern""? a"
"F: Welches Wort steht am Anfang des Satzes ""Im Park spielen viele Kinder laut auf dem großen Spielplatz oft.""? A:","['Im', 'Park', 'spielen', 'viele', 'Kinder', 'laut', 'auf', 'dem', 'großen', 'Spielplatz', 'oft']",im,
"F: Welches Wort steht am Anfang des Satzes ""Der Hund liebt es, mit anderen Hunden im Park zu spielen viel.""? A:","['Der', 'Hund', 'liebt', 'es', 'mit', 'anderen', 'Hunden', 'im', 'Park', 'zu', 'spielen', 'viel']",der,der hund liest sein spiel
"F: Welches Wort steht am Anfang des Satzes ""Wir fahren im Sommer ans Meer zum Schwimmen und Entspannen jedes Jahr.""? A:","['Wir', 'fahren', 'im', 'Sommer', 'ans', 'Meer', 'zum', 'Schwimmen', 'und', 'Entspannen', 'jedes', 'Jahr']",wir,wird es nicht mehr am heu
"F: Welches Wort steht am Anfang des Satzes ""Der Himmel ist klar und die Sonne scheint warm und hell.""? A:","['Der', 'Himmel', 'ist', 'klar', 'und', 'die', 'Sonne', 'scheint', 'warm', 'und', 'hell']",der,der kleine junge schelm a
"F: Was ist das erste Wort des Satzes ""Das Wetter im Frühling ist oft wechselhaft und mild.""? A:","['Das', 'Wetter', 'im', 'Frühling', 'ist', 'oft', 'wechselhaft', 'und', 'mild']",das,das wetter ist sehr weit 
"F: Welches Wort steht am Anfang des Satzes ""Das Kind läuft schnell durch den Park am Nachmittag.""? A:","['Das', 'Kind', 'läuft', 'schnell', 'durch', 'den', 'Park', 'am', 'Nachmittag']",das,das wort schläft friedlic
"Schreibe das erste Wort des Satzes ""Der Hund bellt laut, wenn Besucher an der Tür klingeln."": ","['Der', 'Hund', 'bellt', 'laut', 'wenn', 'Besucher', 'an', 'der', 'Tür', 'klingeln']",der,der hund läuft schnell üb
"Schreibe das erste Wort des Satzes ""Der Himmel ist klar und die Sterne funkeln hell in der Nacht."": ","['Der', 'Himmel', 'ist', 'klar', 'und', 'die', 'Sterne', 'funkeln', 'hell', 'in', 'der', 'Nacht']",der,
"F: Welches Wort steht am Anfang des Satzes ""Er fährt jeden Morgen mit dem Fahrrad zur Arbeit in die Stadt.""? A:","['Er', 'fährt', 'jeden', 'Morgen', 'mit', 'dem', 'Fahrrad', 'zur', 'Arbeit', 'in', 'die', 'Stadt']",er,eröffnungszeit statt zur 
"F: Was ist das erste Wort des Satzes ""Das Wetter wird morgen kälter und regnerisch.""? A:","['Das', 'Wetter', 'wird', 'morgen', 'kälter', 'und', 'regnerisch']",das,"das wird sonst sonne.""? a"
"F: Was ist das erste Wort des Satzes ""Der Vogel singt ein schönes Lied am frühen Morgen im Garten.""? A:","['Der', 'Vogel', 'singt', 'ein', 'schönes', 'Lied', 'am', 'frühen', 'Morgen', 'im', 'Garten']",der,"der schöne satz ""der himm"
"Schreibe das erste Wort des Satzes ""Sie liest gerne Romane über Abenteuer und ferne Länder."": ","['Sie', 'liest', 'gerne', 'Romane', 'über', 'Abenteuer', 'und', 'ferne', 'Länder']",sie,sie schreibt eine kleine 
"Schreibe das erste Wort des Satzes ""Der Hund apportiert den Stock, den ich ins Wasser werfe."": ","['Der', 'Hund', 'apportiert', 'den', 'Stock', 'den', 'ich', 'ins', 'Wasser', 'werfe']",der,der hund schläft friedlic
"Schreibe das erste Wort des Satzes ""Die Kinder basteln bunte Laternen für das Martinsfest in der Schule."": ","['Die', 'Kinder', 'basteln', 'bunte', 'Laternen', 'für', 'das', 'Martinsfest', 'in', 'der', 'Schule']",die,die kinder schreiben das 
"Schreibe das erste Wort des Satzes ""Der Vogel singt sein Lied jeden Morgen vor dem Haus."": ","['Der', 'Vogel', 'singt', 'sein', 'Lied', 'jeden', 'Morgen', 'vor', 'dem', 'Haus']",der,der haustiere schläft fri
"F: Welches Wort steht am Anfang des Satzes ""Wir feiern Ostern traditionell mit bunten Eiern und der Familie.""? A:","['Wir', 'feiern', 'Ostern', 'traditionell', 'mit', 'bunten', 'Eiern', 'und', 'der', 'Familie']",wir,
"F: Welches Wort steht am Anfang des Satzes ""Wir genießen den sonnigen Tag beim Picknick im Park zusammen.""? A:","['Wir', 'genießen', 'den', 'sonnigen', 'Tag', 'beim', 'Picknick', 'im', 'Park', 'zusammen']",wir,wir essen das sonnige fta
"F: Was ist das erste Wort des Satzes ""Ich koche heute Abend eine Pizza mit Gemüse und Käse.""? A:","['Ich', 'koche', 'heute', 'Abend', 'eine', 'Pizza', 'mit', 'Gemüse', 'und', 'Käse']",ich,ich kriege einen kuchen m
"F: Welches Wort steht am Anfang des Satzes ""Ich gehe abends spazieren, um den Kopf frei zu bekommen.""? A:","['Ich', 'gehe', 'abends', 'spazieren', 'um', 'den', 'Kopf', 'frei', 'zu', 'bekommen']",ich,
"Schreibe das erste Wort des Satzes ""Ich gehe abends spazieren, um den Kopf frei zu bekommen."": ","['Ich', 'gehe', 'abends', 'spazieren', 'um', 'den', 'Kopf', 'frei', 'zu', 'bekommen']",ich,ich höre musik beim koche
"F: Was ist das erste Wort des Satzes ""Ich esse gern frisches Obst und Gemüse.""? A:","['Ich', 'esse', 'gern', 'frisches', 'Obst', 'und', 'Gemüse']",ich,"ich habe gesagt, dass ich"
"Schreibe das erste Wort des Satzes ""Die Kinder spielen fröhlich Verstecken im großen Garten."": ","['Die', 'Kinder', 'spielen', 'fröhlich', 'Verstecken', 'im', 'großen', 'Garten']",die,die kinder spielen drauße
"F: Welches Wort steht am Anfang des Satzes ""Sie tanzt elegant auf der Bühne bei der Aufführung am Wochenende heute.""? A:","['Sie', 'tanzt', 'elegant', 'auf', 'der', 'Bühne', 'bei', 'der', 'Aufführung', 'am', 'Wochenende', 'heute']",sie,sie liest gerne sandarchi
"Schreibe das erste Wort des Satzes ""Sie trägt einen warmen Schal gegen die kalte Winterluft."": ","['Sie', 'trägt', 'einen', 'warmen', 'Schal', 'gegen', 'die', 'kalte', 'Winterluft']",sie,sie schläft friedlich auf
"Schreibe das erste Wort des Satzes ""Sie liest jeden Abend ein paar Seiten in ihrem Buch."": ","['Sie', 'liest', 'jeden', 'Abend', 'ein', 'paar', 'Seiten', 'in', 'ihrem', 'Buch']",sie,sie schreibt eine e-mail 
"F: Was ist das erste Wort des Satzes ""Der Vogel singt ein schönes Lied am Morgen.""? A:","['Der', 'Vogel', 'singt', 'ein', 'schönes', 'Lied', 'am', 'Morgen']",der,der lehrer lobt das wort 
"F: Welches Wort steht am Anfang des Satzes ""Der Lehrer lobt die Schüler für ihre guten Noten im Test.""? A:","['Der', 'Lehrer', 'lobt', 'die', 'Schüler', 'für', 'ihre', 'guten', 'Noten', 'im', 'Test']",der,
"Schreibe das erste Wort des Satzes ""Sie trägt eine bunte Jacke bei dem kühlen Wind."": ","['Sie', 'trägt', 'eine', 'bunte', 'Jacke', 'bei', 'dem', 'kühlen', 'Wind']",sie,sie schläft friedlich auf
"F: Welches Wort steht am Anfang des Satzes ""Ich trinke morgens Kaffee mit Milch und Zucker zum Wachwerden heute.""? A:","['Ich', 'trinke', 'morgens', 'Kaffee', 'mit', 'Milch', 'und', 'Zucker', 'zum', 'Wachwerden', 'heute']",ich,
"F: Welches Wort steht am Anfang des Satzes ""Der Himmel ist klar und die Sonne scheint warm und hell.""? A:","['Der', 'Himmel', 'ist', 'klar', 'und', 'die', 'Sonne', 'scheint', 'warm', 'und', 'hell']",der,der kleine junge schelm a
"F: Was ist das erste Wort des Satzes ""Die Katze schläft auf dem warmen Fensterbrett.""? A:","['Die', 'Katze', 'schläft', 'auf', 'dem', 'warmen', 'Fensterbrett']",die,die katze schläft auf dem
"Schreibe das erste Wort des Satzes ""Wir besuchen das Museum für moderne Kunst in der Stadt."": ","['Wir', 'besuchen', 'das', 'Museum', 'für', 'moderne', 'Kunst', 'in', 'der', 'Stadt']",wir,wir finden einen spazierg
"Schreibe das erste Wort des Satzes ""Wir fahren im Herbst oft mit dem Auto ins Gebirge zum Wandern."": ","['Wir', 'fahren', 'im', 'Herbst', 'oft', 'mit', 'dem', 'Auto', 'ins', 'Gebirge', 'zum', 'Wandern']",wir,wir fahren durch die dort
"F: Was ist das erste Wort des Satzes ""Der Zug kommt pünktlich am Bahnhof an.""? A:","['Der', 'Zug', 'kommt', 'pünktlich', 'am', 'Bahnhof', 'an']",der,der fährt durch die stadt
"F: Welches Wort steht am Anfang des Satzes ""Die Kinder malen bunte Bilder für das Kunstprojekt in der Schule.""? A:","['Die', 'Kinder', 'malen', 'bunte', 'Bilder', 'für', 'das', 'Kunstprojekt', 'in', 'der', 'Schule']",die,die kinder schreiben eine
"Schreibe das erste Wort des Satzes ""Ich trinke morgens gern Tee mit Honig und frischer Zitrone."": ","['Ich', 'trinke', 'morgens', 'gern', 'Tee', 'mit', 'Honig', 'und', 'frischer', 'Zitrone']",ich,
"F: Was ist das erste Wort des Satzes ""Die Lampe im Wohnzimmer leuchtet hell und gemütlich.""? A:","['Die', 'Lampe', 'im', 'Wohnzimmer', 'leuchtet', 'hell', 'und', 'gemütlich']",die,die katze schläft direkt 
"F: Was ist das erste Wort des Satzes ""Der Zug kommt pünktlich am Bahnhof an und fährt weiter nach Berlin.""? A:","['Der', 'Zug', 'kommt', 'pünktlich', 'am', 'Bahnhof', 'an', 'und', 'fährt', 'weiter', 'nach', 'Berlin']",der,"der fährt jeden tag.""? a:"
"F: Welches Wort steht am Anfang des Satzes ""Er fährt jeden Morgen mit dem Fahrrad zur Arbeit in die Stadt.""? A:","['Er', 'fährt', 'jeden', 'Morgen', 'mit', 'dem', 'Fahrrad', 'zur', 'Arbeit', 'in', 'die', 'Stadt']",er,eröffnungszeit statt zur 
"F: Welches Wort steht am Anfang des Satzes ""Sie trägt im Winter eine warme Jacke und Handschuhe bei Frost.""? A:","['Sie', 'trägt', 'im', 'Winter', 'eine', 'warme', 'Jacke', 'und', 'Handschuhe', 'bei', 'Frost']",sie,
"F: Was ist das erste Wort des Satzes ""Er fährt mit dem Bus zur Arbeit jeden Morgen.""? A:","['Er', 'fährt', 'mit', 'dem', 'Bus', 'zur', 'Arbeit', 'jeden', 'Morgen']",er,er steigt aus dem wagen u
"F: Welches Wort steht am Anfang des Satzes ""Wir gehen abends spazieren und genießen die frische Luft.""? A:","['Wir', 'gehen', 'abends', 'spazieren', 'und', 'genießen', 'die', 'frische', 'Luft']",wir,"wirduhrenessen heute.""? a"
"F: Was ist das erste Wort des Satzes ""Das Wetter ist heute warm und sonnig.""? A:","['Das', 'Wetter', 'ist', 'heute', 'warm', 'und', 'sonnig']",das,das war der sonnenunterga
"F: Was ist das erste Wort des Satzes ""Das Frühstück ist fertig, bitte setzt euch an den Tisch.""? A:","['Das', 'Frühstück', 'ist', 'fertig', 'bitte', 'setzt', 'euch', 'an', 'den', 'Tisch']",das,das wort kommt unmittelba
"F: Welches Wort steht am Anfang des Satzes ""Sie trägt im Winter eine dicke Jacke und warme Handschuhe.""? A:","['Sie', 'trägt', 'im', 'Winter', 'eine', 'dicke', 'Jacke', 'und', 'warme', 'Handschuhe']",sie,sie schläft gerne gerne t
"Schreibe das erste Wort des Satzes ""Der Hund apportiert den Ball, den ich ins Wasser werfe."": ","['Der', 'Hund', 'apportiert', 'den', 'Ball', 'den', 'ich', 'ins', 'Wasser', 'werfe']",der,der hund läuft schnell üb
"F: Was ist das erste Wort des Satzes ""Wir essen heute Abend frische Pasta mit Tomatensoße.""? A:","['Wir', 'essen', 'heute', 'Abend', 'frische', 'Pasta', 'mit', 'Tomatensoße']",wir,wir besuchen das schweinc
"Schreibe das erste Wort des Satzes ""Sie liest im Park unter einem Baum ein spannendes Buch."": ","['Sie', 'liest', 'im', 'Park', 'unter', 'einem', 'Baum', 'ein', 'spannendes', 'Buch']",sie,sie schreibt eine karte a
"Schreibe das erste Wort des Satzes ""Ich gehe abends spazieren, um den Kopf frei zu bekommen."": ","['Ich', 'gehe', 'abends', 'spazieren', 'um', 'den', 'Kopf', 'frei', 'zu', 'bekommen']",ich,ich höre musik beim koche
"F: Was ist das erste Wort des Satzes ""Das Frühstück ist die wichtigste Mahlzeit des Tages.""? A:","['Das', 'Frühstück', 'ist', 'die', 'wichtigste', 'Mahlzeit', 'des', 'Tages']",das,das wort steht für die sc
"Schreibe das erste Wort des Satzes ""Die Blumen auf dem Balkon blühen schön in der warmen Sonne."": ","['Die', 'Blumen', 'auf', 'dem', 'Balkon', 'blühen', 'schön', 'in', 'der', 'warmen', 'Sonne']",die,die katze schnurrt leise.
"F: Was ist das erste Wort des Satzes ""Der Hund läuft schnell durch den großen Garten.""? A:","['Der', 'Hund', 'läuft', 'schnell', 'durch', 'den', 'großen', 'Garten']",der,der hund schläft friedlic
"F: Was ist das erste Wort des Satzes ""Der Berg ist hoch und bietet eine tolle Aussicht.""? A:","['Der', 'Berg', 'ist', 'hoch', 'und', 'bietet', 'eine', 'tolle', 'Aussicht']",der,"der himmel ist bekannt.""?"
"F: Welches Wort steht am Anfang des Satzes ""Die Kinder spielen fröhlich im Sandkasten im Garten zusammen oft.""? A:","['Die', 'Kinder', 'spielen', 'fröhlich', 'im', 'Sandkasten', 'im', 'Garten', 'zusammen', 'oft']",die,die kinder spielen drauße
"F: Welches Wort steht am Anfang des Satzes ""Sie schreibt eine Karte an ihre Freundin zum Geburtstag.""? A:","['Sie', 'schreibt', 'eine', 'Karte', 'an', 'ihre', 'Freundin', 'zum', 'Geburtstag']",sie,sie kocht gerne italiener
"Schreibe das erste Wort des Satzes ""Ich trinke morgens immer eine Tasse starken schwarzen Kaffee."": ","['Ich', 'trinke', 'morgens', 'immer', 'eine', 'Tasse', 'starken', 'schwarzen', 'Kaffee']",ich,ich trinke morgens eine t
"F: Welches Wort steht am Anfang des Satzes ""Der Berg ist hoch und bietet tolle Aussicht auf das Tal heute.""? A:","['Der', 'Berg', 'ist', 'hoch', 'und', 'bietet', 'tolle', 'Aussicht', 'auf', 'das', 'Tal', 'heute']",der,der hat gestern einen bri
"F: Was ist das erste Wort des Satzes ""Ich höre Musik beim Lernen, das hilft mir sehr.""? A:","['Ich', 'höre', 'Musik', 'beim', 'Lernen', 'das', 'hilft', 'mir', 'sehr']",ich,ich höre musik beim spazi
"F: Welches Wort steht am Anfang des Satzes ""Sie spielt Geige und übt regelmäßig für das Konzert nächste Woche.""? A:","['Sie', 'spielt', 'Geige', 'und', 'übt', 'regelmäßig', 'für', 'das', 'Konzert', 'nächste', 'Woche']",sie,sie lädt das wort auf die
"F: Welches Wort steht am Anfang des Satzes ""Ich lerne neue deutsche Wörter und Redewendungen täglich und fleißig.""? A:","['Ich', 'lerne', 'neue', 'deutsche', 'Wörter', 'und', 'Redewendungen', 'täglich', 'und', 'fleißig']",ich,"ich habe das wort ""deutsc"
"Schreibe das erste Wort des Satzes ""Sie spielt Geige und übt fleißig für das Konzert nächste Woche."": ","['Sie', 'spielt', 'Geige', 'und', 'übt', 'fleißig', 'für', 'das', 'Konzert', 'nächste', 'Woche']",sie,sie schreibt eine e-mail 
"F: Welches Wort steht am Anfang des Satzes ""Wir genießen den sonnigen Tag beim Picknick im Park zusammen.""? A:","['Wir', 'genießen', 'den', 'sonnigen', 'Tag', 'beim', 'Picknick', 'im', 'Park', 'zusammen']",wir,wir essen das sonnige fta
"F: Was ist das erste Wort des Satzes ""Wir essen zum Abendbrot frische Nudeln mit Tomatensoße.""? A:","['Wir', 'essen', 'zum', 'Abendbrot', 'frische', 'Nudeln', 'mit', 'Tomatensoße']",wir,"wir besuchen das schiff."""
"F: Was ist das erste Wort des Satzes ""Der Vogel singt jeden Morgen ein schönes Lied.""? A:","['Der', 'Vogel', 'singt', 'jeden', 'Morgen', 'ein', 'schönes', 'Lied']",der,der kleine schneidet eine
"F: Was ist das erste Wort des Satzes ""Der Lehrer gibt viele Hausaufgaben für das Wochenende auf.""? A:","['Der', 'Lehrer', 'gibt', 'viele', 'Hausaufgaben', 'für', 'das', 'Wochenende', 'auf']",der,
"Schreibe das erste Wort des Satzes ""Der Lehrer erklärt geduldig die schwierigen Grammatikregeln im Unterricht."": ","['Der', 'Lehrer', 'erklärt', 'geduldig', 'die', 'schwierigen', 'Grammatikregeln', 'im', 'Unterricht']",der,"der vorsteher wort ""gedul"
"F: Welches Wort steht am Anfang des Satzes ""Er schreibt jeden Tag in sein Tagebuch über Erlebnisse und Gedanken.""? A:","['Er', 'schreibt', 'jeden', 'Tag', 'in', 'sein', 'Tagebuch', 'über', 'Erlebnisse', 'und', 'Gedanken']",er,
"F: Welches Wort steht am Anfang des Satzes ""Sie schreibt eine Karte aus dem Urlaub an ihre Familie.""? A:","['Sie', 'schreibt', 'eine', 'Karte', 'aus', 'dem', 'Urlaub', 'an', 'ihre', 'Familie']",sie,"sie lernt einen brief.""? "
"F: Welches Wort steht am Anfang des Satzes ""Der Vogel zwitschert laut im Baum früh am Morgen.""? A:","['Der', 'Vogel', 'zwitschert', 'laut', 'im', 'Baum', 'früh', 'am', 'Morgen']",der,
"F: Was ist das erste Wort des Satzes ""Die Katze schläft auf dem Fensterbrett und träumt.""? A:","['Die', 'Katze', 'schläft', 'auf', 'dem', 'Fensterbrett', 'und', 'träumt']",die,die kinder spielen drauße
"F: Was ist das erste Wort des Satzes ""Der Vogel singt ein schönes Lied am Morgen.""? A:","['Der', 'Vogel', 'singt', 'ein', 'schönes', 'Lied', 'am', 'Morgen']",der,der lehrer lobt das wort 
"F: Was ist das erste Wort des Satzes ""Der Hund schläft friedlich auf dem weichen Teppich.""? A:","['Der', 'Hund', 'schläft', 'friedlich', 'auf', 'dem', 'weichen', 'Teppich']",der,der hund schläft friedlic
"F: Welches Wort steht am Anfang des Satzes ""Die Kinder malen Bilder für den Kunstwettbewerb in der Schule.""? A:","['Die', 'Kinder', 'malen', 'Bilder', 'für', 'den', 'Kunstwettbewerb', 'in', 'der', 'Schule']",die,die kinder spielen drauße
"F: Welches Wort steht am Anfang des Satzes ""Die Blumen blühen bunt im Frühling und Sommer in unserem Garten.""? A:","['Die', 'Blumen', 'blühen', 'bunt', 'im', 'Frühling', 'und', 'Sommer', 'in', 'unserem', 'Garten']",die,
"Schreibe das erste Wort des Satzes ""Wir fahren im Herbst oft mit dem Auto ins Gebirge zum Wandern."": ","['Wir', 'fahren', 'im', 'Herbst', 'oft', 'mit', 'dem', 'Auto', 'ins', 'Gebirge', 'zum', 'Wandern']",wir,wir fahren durch die dort
"Schreibe das erste Wort des Satzes ""Der Vogel fliegt hoch über die Bäume und singt laut."": ","['Der', 'Vogel', 'fliegt', 'hoch', 'über', 'die', 'Bäume', 'und', 'singt', 'laut']",der,der hund liebt einen schn
"F: Welches Wort steht am Anfang des Satzes ""Sie trägt im Winter eine warme Jacke und Handschuhe bei Frost oft.""? A:","['Sie', 'trägt', 'im', 'Winter', 'eine', 'warme', 'Jacke', 'und', 'Handschuhe', 'bei', 'Frost', 'oft']",sie,"sie schläft friedlich.""? "
"Schreibe das erste Wort des Satzes ""Die Kinder basteln bunte Laternen für das Laternenfest in der Schule."": ","['Die', 'Kinder', 'basteln', 'bunte', 'Laternen', 'für', 'das', 'Laternenfest', 'in', 'der', 'Schule']",die,die kinder schreiben eine
"Schreibe das erste Wort des Satzes ""Er fährt jeden Tag mit dem Fahrrad zur Arbeit in die Stadt."": ","['Er', 'fährt', 'jeden', 'Tag', 'mit', 'dem', 'Fahrrad', 'zur', 'Arbeit', 'in', 'die', 'Stadt']",er,
"Schreibe das erste Wort des Satzes ""Wir feiern Geburtstag mit Familie, Freunden und leckerem Essen."": ","['Wir', 'feiern', 'Geburtstag', 'mit', 'Familie', 'Freunden', 'und', 'leckerem', 'Essen']",wir,wir fahren mit der eisenb
"F: Was ist das erste Wort des Satzes ""Das Wetter im Frühling ist oft wechselhaft.""? A:","['Das', 'Wetter', 'im', 'Frühling', 'ist', 'oft', 'wechselhaft']",das,
"Schreibe das erste Wort des Satzes ""Er fährt jeden Morgen mit dem Fahrrad zur Arbeit in der Stadt."": ","['Er', 'fährt', 'jeden', 'Morgen', 'mit', 'dem', 'Fahrrad', 'zur', 'Arbeit', 'in', 'der', 'Stadt']",er,er fährt jeden sonntag in
"Schreibe das erste Wort des Satzes ""Der Hund liegt faul in der Sonne und genießt das Wetter."": ","['Der', 'Hund', 'liegt', 'faul', 'in', 'der', 'Sonne', 'und', 'genießt', 'das', 'Wetter']",der,der wind weht leise zum b
"Schreibe das erste Wort des Satzes ""Das Kind lacht laut beim Spielen im Garten draußen."": ","['Das', 'Kind', 'lacht', 'laut', 'beim', 'Spielen', 'im', 'Garten', 'draußen']",das,
"F: Was ist das erste Wort des Satzes ""Die Lampe leuchtet hell im dunklen Zimmer.""? A:","['Die', 'Lampe', 'leuchtet', 'hell', 'im', 'dunklen', 'Zimmer']",die,die kinder spielen drauße
"F: Welches Wort steht am Anfang des Satzes ""Ich gehe abends spazieren, um den Kopf frei zu bekommen.""? A:","['Ich', 'gehe', 'abends', 'spazieren', 'um', 'den', 'Kopf', 'frei', 'zu', 'bekommen']",ich,
"Schreibe das erste Wort des Satzes ""Die Sonne scheint warm auf die bunten Blätter im Park."": ","['Die', 'Sonne', 'scheint', 'warm', 'auf', 'die', 'bunten', 'Blätter', 'im', 'Park']",die,die kinder spielen drauße
"F: Was ist das erste Wort des Satzes ""Ich gehe jeden Tag mindestens eine Stunde spazieren im Park.""? A:","['Ich', 'gehe', 'jeden', 'Tag', 'mindestens', 'eine', 'Stunde', 'spazieren', 'im', 'Park']",ich,ich höre musik beim spiel
"Schreibe das erste Wort des Satzes ""Die Kinder spielen draußen im Park mit Freunden und Ball."": ","['Die', 'Kinder', 'spielen', 'draußen', 'im', 'Park', 'mit', 'Freunden', 'und', 'Ball']",die,die kinder spielen fröhli
"F: Was ist das erste Wort des Satzes ""Ich koche heute eine Pizza mit frischem Gemüse.""? A:","['Ich', 'koche', 'heute', 'eine', 'Pizza', 'mit', 'frischem', 'Gemüse']",ich,
"F: Welches Wort steht am Anfang des Satzes ""Wir besuchen im Sommer oft den See zum Schwimmen und Entspannen.""? A:","['Wir', 'besuchen', 'im', 'Sommer', 'oft', 'den', 'See', 'zum', 'Schwimmen', 'und', 'Entspannen']",wir,wir machen einen ausflug 
"F: Was ist das erste Wort des Satzes ""Im Park spielen viele Kinder fröhlich und laut.""? A:","['Im', 'Park', 'spielen', 'viele', 'Kinder', 'fröhlich', 'und', 'laut']",im,immer noch viele spannend
"Schreibe das erste Wort des Satzes ""Wir besuchen das Museum für moderne Kunst in der Stadt."": ","['Wir', 'besuchen', 'das', 'Museum', 'für', 'moderne', 'Kunst', 'in', 'der', 'Stadt']",wir,wir finden einen spazierg
"F: Welches Wort steht am Anfang des Satzes ""Die Katze klettert geschickt auf den Baum im Garten hoch.""? A:","['Die', 'Katze', 'klettert', 'geschickt', 'auf', 'den', 'Baum', 'im', 'Garten', 'hoch']",die,die katze schläft direkt 
"Schreibe das erste Wort des Satzes ""Ich trinke abends gerne eine Tasse warmen Kräutertee zur Entspannung."": ","['Ich', 'trinke', 'abends', 'gerne', 'eine', 'Tasse', 'warmen', 'Kräutertee', 'zur', 'Entspannung']",ich,
"F: Welches Wort steht am Anfang des Satzes ""Wir fahren am Wochenende mit dem Fahrrad durch die Stadt.""? A:","['Wir', 'fahren', 'am', 'Wochenende', 'mit', 'dem', 'Fahrrad', 'durch', 'die', 'Stadt']",wir,wir fahren mit dem fahrra
"F: Welches Wort steht am Anfang des Satzes ""Ich trinke morgens gern schwarzen Kaffee ohne Zucker und Milch.""? A:","['Ich', 'trinke', 'morgens', 'gern', 'schwarzen', 'Kaffee', 'ohne', 'Zucker', 'und', 'Milch']",ich,
"F: Was ist das erste Wort des Satzes ""Der Lehrer erklärt die Aufgaben sehr verständlich.""? A:","['Der', 'Lehrer', 'erklärt', 'die', 'Aufgaben', 'sehr', 'verständlich']",der,der vorstand ist bereits 
"F: Was ist das erste Wort des Satzes ""Die Kinder spielen draußen im Garten mit ihren Freunden und haben Spaß.""? A:","['Die', 'Kinder', 'spielen', 'draußen', 'im', 'Garten', 'mit', 'ihren', 'Freunden', 'und', 'haben', 'Spaß']",die,die kinder spielen fröhli
"F: Welches Wort steht am Anfang des Satzes ""Ich höre oft Podcasts beim Autofahren zur Unterhaltung.""? A:","['Ich', 'höre', 'oft', 'Podcasts', 'beim', 'Autofahren', 'zur', 'Unterhaltung']",ich,"ich höre musik, während i"
"F: Welches Wort steht am Anfang des Satzes ""Sie trägt im Winter eine dicke Jacke und warme Stiefel.""? A:","['Sie', 'trägt', 'im', 'Winter', 'eine', 'dicke', 'Jacke', 'und', 'warme', 'Stiefel']",sie,sie schläft gerne liedein
"F: Was ist das erste Wort des Satzes ""Wir feiern Weihnachten mit der ganzen Familie zusammen.""? A:","['Wir', 'feiern', 'Weihnachten', 'mit', 'der', 'ganzen', 'Familie', 'zusammen']",wir,wir fahren im sommer oft 
"Schreibe das erste Wort des Satzes ""Wir feiern heute ein Fest mit Musik und guter Laune."": ","['Wir', 'feiern', 'heute', 'ein', 'Fest', 'mit', 'Musik', 'und', 'guter', 'Laune']",wir,wir fahren im sommer oft 
"Schreibe das erste Wort des Satzes ""Wir genießen den sonnigen Tag beim Picknick im Park zusammen."": ","['Wir', 'genießen', 'den', 'sonnigen', 'Tag', 'beim', 'Picknick', 'im', 'Park', 'zusammen']",wir,wir fahren im sommer oft 
"F: Was ist das erste Wort des Satzes ""Der Hund liebt es, im Park zu rennen und zu spielen den ganzen Tag.""? A:","['Der', 'Hund', 'liebt', 'es', 'im', 'Park', 'zu', 'rennen', 'und', 'zu', 'spielen', 'den', 'ganzen', 'Tag']",der,
"Schreibe das erste Wort des Satzes ""Er fährt mit dem Fahrrad durch den Park jeden Morgen."": ","['Er', 'fährt', 'mit', 'dem', 'Fahrrad', 'durch', 'den', 'Park', 'jeden', 'Morgen']",er,er schreibt eine e-mail a
"Schreibe das erste Wort des Satzes ""Ich koche heute eine bunte Gemüsesuppe mit frischen Kräutern."": ","['Ich', 'koche', 'heute', 'eine', 'bunte', 'Gemüsesuppe', 'mit', 'frischen', 'Kräutern']",ich,ich koche heute abend ein
"F: Welches Wort steht am Anfang des Satzes ""Wir machen einen Spaziergang am Flussufer im warmen Sonnenschein.""? A:","['Wir', 'machen', 'einen', 'Spaziergang', 'am', 'Flussufer', 'im', 'warmen', 'Sonnenschein']",wir,wir fahren durch den park
"F: Was ist das erste Wort des Satzes ""Wir machen einen Spaziergang durch den Park am Abend.""? A:","['Wir', 'machen', 'einen', 'Spaziergang', 'durch', 'den', 'Park', 'am', 'Abend']",wir,wir fahren durch die stad
"Schreibe das erste Wort des Satzes ""Wir treffen uns am Sonntag zum Frühstück im kleinen Café in der Stadt."": ","['Wir', 'treffen', 'uns', 'am', 'Sonntag', 'zum', 'Frühstück', 'im', 'kleinen', 'Café', 'in', 'der', 'Stadt']",wir,wir fahren im winter in d
"F: Welches Wort steht am Anfang des Satzes ""Das Wetter im Frühling ist oft wechselhaft und mild mit Sonne.""? A:","['Das', 'Wetter', 'im', 'Frühling', 'ist', 'oft', 'wechselhaft', 'und', 'mild', 'mit', 'Sonne']",das,"das wort kommt vom ""das""?"
"Schreibe das erste Wort des Satzes ""Ich gehe abends spazieren, um den Kopf frei zu bekommen."": ","['Ich', 'gehe', 'abends', 'spazieren', 'um', 'den', 'Kopf', 'frei', 'zu', 'bekommen']",ich,ich höre musik beim koche
"F: Welches Wort steht am Anfang des Satzes ""Er spielt jeden Abend Klavier und übt neue Stücke.""? A:","['Er', 'spielt', 'jeden', 'Abend', 'Klavier', 'und', 'übt', 'neue', 'Stücke']",er,
"F: Was ist das erste Wort des Satzes ""Sie malt ein Bild von der schönen Landschaft im Herbst.""? A:","['Sie', 'malt', 'ein', 'Bild', 'von', 'der', 'schönen', 'Landschaft', 'im', 'Herbst']",sie,sie schreibt eine kinderz
"F: Welches Wort steht am Anfang des Satzes ""Sie kocht gern leckere Gerichte aus verschiedenen Ländern Europas.""? A:","['Sie', 'kocht', 'gern', 'leckere', 'Gerichte', 'aus', 'verschiedenen', 'Ländern', 'Europas']",sie,sie lässt sich nicht mehr
"F: Was ist das erste Wort des Satzes ""Wir machen eine Wanderung durch den Wald am Wochenende.""? A:","['Wir', 'machen', 'eine', 'Wanderung', 'durch', 'den', 'Wald', 'am', 'Wochenende']",wir,wir machen eine familienr
"Schreibe das erste Wort des Satzes ""Ich koche heute Abend eine leckere Gemüsesuppe mit Kräutern."": ","['Ich', 'koche', 'heute', 'Abend', 'eine', 'leckere', 'Gemüsesuppe', 'mit', 'Kräutern']",ich,ich koche heute abend ein
"F: Welches Wort steht am Anfang des Satzes ""Sie kocht gern leckere Gerichte aus verschiedenen Ländern Europas.""? A:","['Sie', 'kocht', 'gern', 'leckere', 'Gerichte', 'aus', 'verschiedenen', 'Ländern', 'Europas']",sie,sie lässt sich nicht mehr
"Schreibe das erste Wort des Satzes ""Sie liest gern spannende Krimis bei Kerzenschein am Abend."": ","['Sie', 'liest', 'gern', 'spannende', 'Krimis', 'bei', 'Kerzenschein', 'am', 'Abend']",sie,sie schreibt eine e-mail 
"F: Was ist das erste Wort des Satzes ""Ich lerne Deutsch, um besser kommunizieren zu können.""? A:","['Ich', 'lerne', 'Deutsch', 'um', 'besser', 'kommunizieren', 'zu', 'können']",ich,"ich habe gesprochen.""? a:"
"F: Was ist das erste Wort des Satzes ""Ich lese oft spannende Bücher über Geschichte und Kultur.""? A:","['Ich', 'lese', 'oft', 'spannende', 'Bücher', 'über', 'Geschichte', 'und', 'Kultur']",ich,ich-öffne eine spracheeee
"F: Was ist das erste Wort des Satzes ""Ich lese gern spannende Romane und Geschichten.""? A:","['Ich', 'lese', 'gern', 'spannende', 'Romane', 'und', 'Geschichten']",ich,
"Schreibe das erste Wort des Satzes ""Wir besuchen den Wochenmarkt und kaufen frisches Gemüse ein."": ","['Wir', 'besuchen', 'den', 'Wochenmarkt', 'und', 'kaufen', 'frisches', 'Gemüse', 'ein']",wir,"wir brauchen einen arzt."""
"F: Welches Wort steht am Anfang des Satzes ""Ich lese oft Bücher über Geschichte und interessante Kulturen weltweit.""? A:","['Ich', 'lese', 'oft', 'Bücher', 'über', 'Geschichte', 'und', 'interessante', 'Kulturen', 'weltweit']",ich,
"F: Welches Wort steht am Anfang des Satzes ""Die Katze spielt mit ihrem Lieblingsspielzeug im Wohnzimmer fröhlich.""? A:","['Die', 'Katze', 'spielt', 'mit', 'ihrem', 'Lieblingsspielzeug', 'im', 'Wohnzimmer', 'fröhlich']",die,die katze schläft auf dem
"F: Was ist das erste Wort des Satzes ""Die Kinder basteln bunte Laternen für das Laternenfest.""? A:","['Die', 'Kinder', 'basteln', 'bunte', 'Laternen', 'für', 'das', 'Laternenfest']",die,die kinder spielen im gar
"F: Welches Wort steht am Anfang des Satzes ""Ich esse gern frisches Obst und Gemüse zum Mittagessen und Abendessen.""? A:","['Ich', 'esse', 'gern', 'frisches', 'Obst', 'und', 'Gemüse', 'zum', 'Mittagessen', 'und', 'Abendessen']",ich,ich habe gesterbeates geg
"F: Welches Wort steht am Anfang des Satzes ""Die Katze schnurrt zufrieden, wenn sie auf dem Schoß liegt.""? A:","['Die', 'Katze', 'schnurrt', 'zufrieden', 'wenn', 'sie', 'auf', 'dem', 'Schoß', 'liegt']",die,die katze schläft die gan
"F: Was ist das erste Wort des Satzes ""Der Lehrer erklärt die Grammatik sehr verständlich und geduldig.""? A:","['Der', 'Lehrer', 'erklärt', 'die', 'Grammatik', 'sehr', 'verständlich', 'und', 'geduldig']",der,der general weiß gar nich
"F: Welches Wort steht am Anfang des Satzes ""Wir fahren im Sommer an den See zum Schwimmen und Picknicken.""? A:","['Wir', 'fahren', 'im', 'Sommer', 'an', 'den', 'See', 'zum', 'Schwimmen', 'und', 'Picknicken']",wir,"wir besuchen das wort ""so"
"Schreibe das erste Wort des Satzes ""Wir feiern Weihnachten mit der Familie und vielen leckeren Plätzchen."": ","['Wir', 'feiern', 'Weihnachten', 'mit', 'der', 'Familie', 'und', 'vielen', 'leckeren', 'Plätzchen']",wir,wir besuchen das museum i
"F: Was ist das erste Wort des Satzes ""Sie kocht gern italienische Gerichte für ihre Freunde.""? A:","['Sie', 'kocht', 'gern', 'italienische', 'Gerichte', 'für', 'ihre', 'Freunde']",sie,sie lernt sich aus an ein
"Schreibe das erste Wort des Satzes ""Die Blumen im Park blühen in vielen verschiedenen Farben."": ","['Die', 'Blumen', 'im', 'Park', 'blühen', 'in', 'vielen', 'verschiedenen', 'Farben']",die,"dieselben wörtern ""garten"
"F: Was ist das erste Wort des Satzes ""Er schreibt regelmäßig Briefe an seine Freunde in Deutschland.""? A:","['Er', 'schreibt', 'regelmäßig', 'Briefe', 'an', 'seine', 'Freunde', 'in', 'Deutschland']",er,
"F: Was ist das erste Wort des Satzes ""Der Zug kommt pünktlich am Bahnhof an.""? A:","['Der', 'Zug', 'kommt', 'pünktlich', 'am', 'Bahnhof', 'an']",der,der fährt durch die stadt
"F: Welches Wort steht am Anfang des Satzes ""Sie tanzt gern Ballett und übt jeden Tag fleißig zu Hause.""? A:","['Sie', 'tanzt', 'gern', 'Ballett', 'und', 'übt', 'jeden', 'Tag', 'fleißig', 'zu', 'Hause']",sie,sie läuft schneller über 
"F: Welches Wort steht am Anfang des Satzes ""Die Katze schnurrt zufrieden, wenn sie gestreichelt wird vom Besitzer.""? A:","['Die', 'Katze', 'schnurrt', 'zufrieden', 'wenn', 'sie', 'gestreichelt', 'wird', 'vom', 'Besitzer']",die,die katze schläft auf dem
"F: Was ist das erste Wort des Satzes ""Der Zug kommt pünktlich um acht Uhr am Bahnhof an.""? A:","['Der', 'Zug', 'kommt', 'pünktlich', 'um', 'acht', 'Uhr', 'am', 'Bahnhof', 'an']",der,der hauptbahnhof ist läng
"Schreibe das erste Wort des Satzes ""Sie kocht ein neues Rezept mit viel frischem Gemüse."": ","['Sie', 'kocht', 'ein', 'neues', 'Rezept', 'mit', 'viel', 'frischem', 'Gemüse']",sie,sie kocht gerne italienis
"F: Welches Wort steht am Anfang des Satzes ""Er liest ein spannendes Buch auf dem Sofa am Abend.""? A:","['Er', 'liest', 'ein', 'spannendes', 'Buch', 'auf', 'dem', 'Sofa', 'am', 'Abend']",er,ersteht die geschichte vo
"F: Welches Wort steht am Anfang des Satzes ""Wir feiern Weihnachten traditionell mit der ganzen Familie und viel Essen.""? A:","['Wir', 'feiern', 'Weihnachten', 'traditionell', 'mit', 'der', 'ganzen', 'Familie', 'und', 'viel', 'Essen']",wir,wir fahren mit der famili
"Schreibe das erste Wort des Satzes ""Der Vogel singt früh am Morgen ein wunderschönes Lied draußen."": ","['Der', 'Vogel', 'singt', 'früh', 'am', 'Morgen', 'ein', 'wunderschönes', 'Lied', 'draußen']",der,der läuft schnell und wei
"Schreibe das erste Wort des Satzes ""Die Blumen blühen bunt und duften herrlich im Frühlingsgarten."": ","['Die', 'Blumen', 'blühen', 'bunt', 'und', 'duften', 'herrlich', 'im', 'Frühlingsgarten']",die,die blumen blühen in der 
"F: Was ist das erste Wort des Satzes ""Ich gehe gerne joggen im Wald am Morgen und genieße die frische Luft.""? A:","['Ich', 'gehe', 'gerne', 'joggen', 'im', 'Wald', 'am', 'Morgen', 'und', 'genieße', 'die', 'frische', 'Luft']",ich,ich höre musik beim frühs
"Schreibe das erste Wort des Satzes ""Der Hund bellt laut, wenn Fremde das Grundstück betreten."": ","['Der', 'Hund', 'bellt', 'laut', 'wenn', 'Fremde', 'das', 'Grundstück', 'betreten']",der,der hund liegt faul vor d
"Schreibe das erste Wort des Satzes ""Wir gehen abends spazieren und genießen die frische Luft draußen."": ","['Wir', 'gehen', 'abends', 'spazieren', 'und', 'genießen', 'die', 'frische', 'Luft', 'draußen']",wir,wir fahren im wohnzimmer 
"F: Welches Wort steht am Anfang des Satzes ""Der Lehrer erklärt die neue Grammatik im Unterricht sehr geduldig.""? A:","['Der', 'Lehrer', 'erklärt', 'die', 'neue', 'Grammatik', 'im', 'Unterricht', 'sehr', 'geduldig']",der,der vorstand ist sehr gut
"F: Welches Wort steht am Anfang des Satzes ""Die Katze sitzt auf dem Fensterbrett und beobachtet die Vögel draußen.""? A:","['Die', 'Katze', 'sitzt', 'auf', 'dem', 'Fensterbrett', 'und', 'beobachtet', 'die', 'Vögel', 'draußen']",die,die katze schläft gerne t
"Schreibe das erste Wort des Satzes ""Sie spielt Geige und übt fleißig für das Konzert nächste Woche."": ","['Sie', 'spielt', 'Geige', 'und', 'übt', 'fleißig', 'für', 'das', 'Konzert', 'nächste', 'Woche']",sie,sie schreibt eine e-mail 
"F: Was ist das erste Wort des Satzes ""Sie malt ein Bild von der Landschaft im Herbst.""? A:","['Sie', 'malt', 'ein', 'Bild', 'von', 'der', 'Landschaft', 'im', 'Herbst']",sie,"sie lädt vor dem wort ""ma"
"F: Was ist das erste Wort des Satzes ""Der Lehrer erklärt die Grammatik sehr verständlich.""? A:","['Der', 'Lehrer', 'erklärt', 'die', 'Grammatik', 'sehr', 'verständlich']",der,
"F: Was ist das erste Wort des Satzes ""Sie trägt eine schöne rote Jacke im Winter.""? A:","['Sie', 'trägt', 'eine', 'schöne', 'rote', 'Jacke', 'im', 'Winter']",sie,sie schläft gerne auf dem
"F: Was ist das erste Wort des Satzes ""Der Lehrer erklärt die Aufgaben sehr verständlich.""? A:","['Der', 'Lehrer', 'erklärt', 'die', 'Aufgaben', 'sehr', 'verständlich']",der,der vorstand ist bereits 
"F: Welches Wort steht am Anfang des Satzes ""Wir gehen am Abend spazieren und genießen die frische Luft.""? A:","['Wir', 'gehen', 'am', 'Abend', 'spazieren', 'und', 'genießen', 'die', 'frische', 'Luft']",wir,wir fahren die straßen ru
"Schreibe das erste Wort des Satzes ""Die Kinder spielen draußen im Park mit Freunden und Ball."": ","['Die', 'Kinder', 'spielen', 'draußen', 'im', 'Park', 'mit', 'Freunden', 'und', 'Ball']",die,die kinder spielen fröhli
"F: Welches Wort steht am Anfang des Satzes ""Der Vogel singt am frühen Morgen im Garten und freut sich oft.""? A:","['Der', 'Vogel', 'singt', 'am', 'frühen', 'Morgen', 'im', 'Garten', 'und', 'freut', 'sich', 'oft']",der,der hund liest sich die z
"F: Welches Wort steht am Anfang des Satzes ""Die Kinder basteln Laternen für das Martinsfest in der Schule.""? A:","['Die', 'Kinder', 'basteln', 'Laternen', 'für', 'das', 'Martinsfest', 'in', 'der', 'Schule']",die,die kinder spielen drauße
"F: Was ist das erste Wort des Satzes ""Der Lehrer erklärt die Grammatik sehr gut und geduldig.""? A:","['Der', 'Lehrer', 'erklärt', 'die', 'Grammatik', 'sehr', 'gut', 'und', 'geduldig']",der,"der film war spannend, al"
"Schreibe das erste Wort des Satzes ""Der Vogel singt laut auf dem Ast eines alten Baumes."": ","['Der', 'Vogel', 'singt', 'laut', 'auf', 'dem', 'Ast', 'eines', 'alten', 'Baumes']",der,der hund liebt einen schn
"F: Welches Wort steht am Anfang des Satzes ""Die Blumen brauchen täglich Wasser und viel Sonne zum Gedeihen.""? A:","['Die', 'Blumen', 'brauchen', 'täglich', 'Wasser', 'und', 'viel', 'Sonne', 'zum', 'Gedeihen']",die,die katze schläft auf dem
"F: Was ist das erste Wort des Satzes ""Das Kind spielt fröhlich mit seinen Freunden im Park.""? A:","['Das', 'Kind', 'spielt', 'fröhlich', 'mit', 'seinen', 'Freunden', 'im', 'Park']",das,das kind spielt fröhlich 
"F: Was ist das erste Wort des Satzes ""Ich trinke morgens immer einen Kaffee mit Milch und Zucker.""? A:","['Ich', 'trinke', 'morgens', 'immer', 'einen', 'Kaffee', 'mit', 'Milch', 'und', 'Zucker']",ich,ich habe gestern einen ge
"Schreibe das erste Wort des Satzes ""Sie liest gern Romane über Freundschaft und Abenteuer in der Jugend."": ","['Sie', 'liest', 'gern', 'Romane', 'über', 'Freundschaft', 'und', 'Abenteuer', 'in', 'der', 'Jugend']",sie,sie schreibt eine karte u
"F: Welches Wort steht am Anfang des Satzes ""Ich lese oft Bücher über Geschichte und Kultur in meiner Freizeit.""? A:","['Ich', 'lese', 'oft', 'Bücher', 'über', 'Geschichte', 'und', 'Kultur', 'in', 'meiner', 'Freizeit']",ich,ich höre musik beim lerne
"F: Was ist das erste Wort des Satzes ""Ich lese jeden Tag die Nachrichten im Internet.""? A:","['Ich', 'lese', 'jeden', 'Tag', 'die', 'Nachrichten', 'im', 'Internet']",ich,
"F: Welches Wort steht am Anfang des Satzes ""Sie schreibt eine Postkarte an ihre beste Freundin aus dem Urlaub.""? A:","['Sie', 'schreibt', 'eine', 'Postkarte', 'an', 'ihre', 'beste', 'Freundin', 'aus', 'dem', 'Urlaub']",sie,
"F: Welches Wort steht am Anfang des Satzes ""Die Katze schnurrt zufrieden, wenn sie gestreichelt wird vom Besitzer.""? A:","['Die', 'Katze', 'schnurrt', 'zufrieden', 'wenn', 'sie', 'gestreichelt', 'wird', 'vom', 'Besitzer']",die,die katze schläft auf dem
"Schreibe das erste Wort des Satzes ""Ich trinke morgens gern schwarzen Kaffee ohne Zucker und Milch."": ","['Ich', 'trinke', 'morgens', 'gern', 'schwarzen', 'Kaffee', 'ohne', 'Zucker', 'und', 'Milch']",ich,ich trinke morgens gerne 
"F: Was ist das erste Wort des Satzes ""Das Wetter ist heute sonnig und warm.""? A:","['Das', 'Wetter', 'ist', 'heute', 'sonnig', 'und', 'warm']",das,
"F: Was ist das erste Wort des Satzes ""Die Kinder basteln bunte Laternen für das Laternenfest.""? A:","['Die', 'Kinder', 'basteln', 'bunte', 'Laternen', 'für', 'das', 'Laternenfest']",die,die kinder spielen im gar
"F: Welches Wort steht am Anfang des Satzes ""Wir feiern Silvester mit Freunden und genießen das Feuerwerk am Himmel.""? A:","['Wir', 'feiern', 'Silvester', 'mit', 'Freunden', 'und', 'genießen', 'das', 'Feuerwerk', 'am', 'Himmel']",wir,wir fahren im winter in d
"F: Was ist das erste Wort des Satzes ""Der Zug kommt pünktlich am Bahnhof an und fährt weiter nach Berlin.""? A:","['Der', 'Zug', 'kommt', 'pünktlich', 'am', 'Bahnhof', 'an', 'und', 'fährt', 'weiter', 'nach', 'Berlin']",der,"der fährt jeden tag.""? a:"
"F: Welches Wort steht am Anfang des Satzes ""Wir essen heute Abend Spaghetti mit Tomatensoße und Parmesan.""? A:","['Wir', 'essen', 'heute', 'Abend', 'Spaghetti', 'mit', 'Tomatensoße', 'und', 'Parmesan']",wir,"wir besuchen das wort ""es"
"Schreibe das erste Wort des Satzes ""Wir feiern Weihnachten mit der ganzen Familie und vielen Geschenken."": ","['Wir', 'feiern', 'Weihnachten', 'mit', 'der', 'ganzen', 'Familie', 'und', 'vielen', 'Geschenken']",wir,
"F: Was ist das erste Wort des Satzes ""Sie schreibt einen Brief an ihre Großeltern zum Geburtstag.""? A:","['Sie', 'schreibt', 'einen', 'Brief', 'an', 'ihre', 'Großeltern', 'zum', 'Geburtstag']",sie,sie schreibt eine postkar
"Schreibe das erste Wort des Satzes ""Der Hund läuft schnell über die Wiese und fängt den Ball."": ","['Der', 'Hund', 'läuft', 'schnell', 'über', 'die', 'Wiese', 'und', 'fängt', 'den', 'Ball']",der,der hund schläft friedlic
"F: Was ist das erste Wort des Satzes ""Das Kind malt ein buntes Bild mit Farben.""? A:","['Das', 'Kind', 'malt', 'ein', 'buntes', 'Bild', 'mit', 'Farben']",das,
"Schreibe das erste Wort des Satzes ""Die Katze schnurrt zufrieden, wenn sie gestreichelt wird vom Besitzer."": ","['Die', 'Katze', 'schnurrt', 'zufrieden', 'wenn', 'sie', 'gestreichelt', 'wird', 'vom', 'Besitzer']",die,die katze schnurrt leise 
"F: Welches Wort steht am Anfang des Satzes ""Die Blumen duften wunderbar im Garten nach einem Regen.""? A:","['Die', 'Blumen', 'duften', 'wunderbar', 'im', 'Garten', 'nach', 'einem', 'Regen']",die,diesemal schlief der blum
"F: Was ist das erste Wort des Satzes ""Der Hund läuft fröhlich durch den Park.""? A:","['Der', 'Hund', 'läuft', 'fröhlich', 'durch', 'den', 'Park']",der,der park ist groß und fre
"F: Was ist das erste Wort des Satzes ""Der Himmel ist blau und die Sonne scheint.""? A:","['Der', 'Himmel', 'ist', 'blau', 'und', 'die', 'Sonne', 'scheint']",der,der himmel ist grau und d
"F: Welches Wort steht am Anfang des Satzes ""Die Kinder spielen draußen im Garten mit Freunden und haben viel Spaß.""? A:","['Die', 'Kinder', 'spielen', 'draußen', 'im', 'Garten', 'mit', 'Freunden', 'und', 'haben', 'viel', 'Spaß']",die,die kinder spielen drauße
"F: Was ist das erste Wort des Satzes ""Ich trinke abends gern eine heiße Tasse Tee.""? A:","['Ich', 'trinke', 'abends', 'gern', 'eine', 'heiße', 'Tasse', 'Tee']",ich,"ich höre beim arbeiten.""?"
"F: Was ist das erste Wort des Satzes ""Der Hund bellt laut, wenn Fremde das Haus betreten.""? A:","['Der', 'Hund', 'bellt', 'laut', 'wenn', 'Fremde', 'das', 'Haus', 'betreten']",der,der hat gestern abend ges
"Schreibe das erste Wort des Satzes ""Die Katze klettert geschickt auf den höchsten Baum im Garten."": ","['Die', 'Katze', 'klettert', 'geschickt', 'auf', 'den', 'höchsten', 'Baum', 'im', 'Garten']",die,
"F: Welches Wort steht am Anfang des Satzes ""Ich höre Musik, während ich Hausaufgaben mache und mich konzentriere.""? A:","['Ich', 'höre', 'Musik', 'während', 'ich', 'Hausaufgaben', 'mache', 'und', 'mich', 'konzentriere']",ich,
"F: Welches Wort steht am Anfang des Satzes ""Sie malt ein Bild von der Landschaft im Herbst mit bunten Farben heute.""? A:","['Sie', 'malt', 'ein', 'Bild', 'von', 'der', 'Landschaft', 'im', 'Herbst', 'mit', 'bunten', 'Farben', 'heute']",sie,sieht denn die sonne im f
"F: Was ist das erste Wort des Satzes ""Wir besuchen das Museum, um mehr über Kunst zu lernen.""? A:","['Wir', 'besuchen', 'das', 'Museum', 'um', 'mehr', 'über', 'Kunst', 'zu', 'lernen']",wir,wir machen einen ausflug 
"F: Welches Wort steht am Anfang des Satzes ""Die Katze schnurrt zufrieden, wenn sie gestreichelt wird vom Besitzer.""? A:","['Die', 'Katze', 'schnurrt', 'zufrieden', 'wenn', 'sie', 'gestreichelt', 'wird', 'vom', 'Besitzer']",die,die katze schläft auf dem
"Schreibe das erste Wort des Satzes ""Wir fahren im Herbst oft in die Berge zum Wandern."": ","['Wir', 'fahren', 'im', 'Herbst', 'oft', 'in', 'die', 'Berge', 'zum', 'Wandern']",wir,wir fahren im sommer auf 
"Schreibe das erste Wort des Satzes ""Der Himmel ist klar und die Sterne funkeln hell in der Nacht."": ","['Der', 'Himmel', 'ist', 'klar', 'und', 'die', 'Sterne', 'funkeln', 'hell', 'in', 'der', 'Nacht']",der,
"F: Welches Wort steht am Anfang des Satzes ""Ich koche heute Abend Nudeln mit Tomatensoße und frischem Basilikum.""? A:","['Ich', 'koche', 'heute', 'Abend', 'Nudeln', 'mit', 'Tomatensoße', 'und', 'frischem', 'Basilikum']",ich,
"Schreibe das erste Wort des Satzes ""Er fährt täglich mit dem Fahrrad zur Arbeit in die Stadt."": ","['Er', 'fährt', 'täglich', 'mit', 'dem', 'Fahrrad', 'zur', 'Arbeit', 'in', 'die', 'Stadt']",er,er schreibt eine e-mail a
"Schreibe das erste Wort des Satzes ""Die Kinder basteln Laternen für das Martinsfest in der Schule."": ","['Die', 'Kinder', 'basteln', 'Laternen', 'für', 'das', 'Martinsfest', 'in', 'der', 'Schule']",die,die kinderzeitung ist kla
"Schreibe das erste Wort des Satzes ""Ich höre beim Lernen klassische Musik zur besseren Konzentration."": ","['Ich', 'höre', 'beim', 'Lernen', 'klassische', 'Musik', 'zur', 'besseren', 'Konzentration']",ich,"ich höre musik, während i"
"F: Welches Wort steht am Anfang des Satzes ""Sie liest gern Sachbücher über Geschichte und Naturwissenschaften.""? A:","['Sie', 'liest', 'gern', 'Sachbücher', 'über', 'Geschichte', 'und', 'Naturwissenschaften']",sie,sie schreibt eine e-mail 
"F: Welches Wort steht am Anfang des Satzes ""Sie liest gern Sachbücher über Geschichte und Naturwissenschaften.""? A:","['Sie', 'liest', 'gern', 'Sachbücher', 'über', 'Geschichte', 'und', 'Naturwissenschaften']",sie,sie schreibt eine e-mail 
"F: Was ist das erste Wort des Satzes ""Sie trägt eine schöne rote Jacke im Winter.""? A:","['Sie', 'trägt', 'eine', 'schöne', 'rote', 'Jacke', 'im', 'Winter']",sie,sie schläft gerne auf dem
"F: Welches Wort steht am Anfang des Satzes ""Wir spazieren am Abend oft am Fluss entlang und genießen die Ruhe.""? A:","['Wir', 'spazieren', 'am', 'Abend', 'oft', 'am', 'Fluss', 'entlang', 'und', 'genießen', 'die', 'Ruhe']",wir,wir fahren im wohnzimmer 
"F: Was ist das erste Wort des Satzes ""Ich gehe jeden Morgen eine halbe Stunde spazieren.""? A:","['Ich', 'gehe', 'jeden', 'Morgen', 'eine', 'halbe', 'Stunde', 'spazieren']",ich,ich gehe jeden morgen jed
"Schreibe das erste Wort des Satzes ""Wir essen heute Abend frisch gebackenes Brot mit Käse und Wurst."": ","['Wir', 'essen', 'heute', 'Abend', 'frisch', 'gebackenes', 'Brot', 'mit', 'Käse', 'und', 'Wurst']",wir,wir brauchen einen käse k
"Schreibe das erste Wort des Satzes ""Er repariert sein altes Fahrrad in der Garage am Nachmittag."": ","['Er', 'repariert', 'sein', 'altes', 'Fahrrad', 'in', 'der', 'Garage', 'am', 'Nachmittag']",er,er liest die zeitung beim
"Schreibe das erste Wort des Satzes ""Ich trinke morgens gerne schwarzen Kaffee mit Milch."": ","['Ich', 'trinke', 'morgens', 'gerne', 'schwarzen', 'Kaffee', 'mit', 'Milch']",ich,ich habe gestern geschrik
"Schreibe das erste Wort des Satzes ""Die Sonne scheint warm auf die bunten Blätter im Herbstpark."": ","['Die', 'Sonne', 'scheint', 'warm', 'auf', 'die', 'bunten', 'Blätter', 'im', 'Herbstpark']",die,die kinder bleiben häufig
"F: Was ist das erste Wort des Satzes ""Wir fahren im Winter oft in die Berge zum Skifahren.""? A:","['Wir', 'fahren', 'im', 'Winter', 'oft', 'in', 'die', 'Berge', 'zum', 'Skifahren']",wir,wir fahren die stadt woch
"F: Welches Wort steht am Anfang des Satzes ""Er fährt jeden Tag mit dem Fahrrad zur Arbeit in der Stadt.""? A:","['Er', 'fährt', 'jeden', 'Tag', 'mit', 'dem', 'Fahrrad', 'zur', 'Arbeit', 'in', 'der', 'Stadt']",er,er fährt mit dem fahrrad 
"F: Welches Wort steht am Anfang des Satzes ""Der Hund bellt, wenn jemand an der Tür klingelt oder klingelt.""? A:","['Der', 'Hund', 'bellt', 'wenn', 'jemand', 'an', 'der', 'Tür', 'klingelt', 'oder', 'klingelt']",der,"der lappenfisch ""bellt""? "
"Schreibe das erste Wort des Satzes ""Sie tanzt leidenschaftlich gern jeden Samstagabend in der Tanzschule."": ","['Sie', 'tanzt', 'leidenschaftlich', 'gern', 'jeden', 'Samstagabend', 'in', 'der', 'Tanzschule']",sie,
"F: Was ist das erste Wort des Satzes ""Wir besuchen das Theater und sehen ein neues Stück am Freitagabend.""? A:","['Wir', 'besuchen', 'das', 'Theater', 'und', 'sehen', 'ein', 'neues', 'Stück', 'am', 'Freitagabend']",wir,"wir fahren im herbst.""? a"
"F: Welches Wort steht am Anfang des Satzes ""Ich gehe abends spazieren, um den Kopf frei zu bekommen.""? A:","['Ich', 'gehe', 'abends', 'spazieren', 'um', 'den', 'Kopf', 'frei', 'zu', 'bekommen']",ich,
"F: Welches Wort steht am Anfang des Satzes ""Die Blumen auf dem Balkon blühen schön in der Sonne.""? A:","['Die', 'Blumen', 'auf', 'dem', 'Balkon', 'blühen', 'schön', 'in', 'der', 'Sonne']",die,die blumen blühen bunt un
"Schreibe das erste Wort des Satzes ""Er fährt täglich mit dem Fahrrad zur Arbeit in die Stadt."": ","['Er', 'fährt', 'täglich', 'mit', 'dem', 'Fahrrad', 'zur', 'Arbeit', 'in', 'die', 'Stadt']",er,er schreibt eine e-mail a
"F: Welches Wort steht am Anfang des Satzes ""Die Katze schläft auf dem warmen Sofa und träumt friedlich.""? A:","['Die', 'Katze', 'schläft', 'auf', 'dem', 'warmen', 'Sofa', 'und', 'träumt', 'friedlich']",die,die katze schläft die auf
"F: Was ist das erste Wort des Satzes ""Der Berg ist hoch und bietet tolle Aussicht.""? A:","['Der', 'Berg', 'ist', 'hoch', 'und', 'bietet', 'tolle', 'Aussicht']",der,"der tag ist gekommen.""? a"
"F: Was ist das erste Wort des Satzes ""Sie malt ein Bild von der schönen Landschaft.""? A:","['Sie', 'malt', 'ein', 'Bild', 'von', 'der', 'schönen', 'Landschaft']",sie,sie schreibt eine kinderg
"F: Welches Wort steht am Anfang des Satzes ""Sie tanzt begeistert bei der Tanzstunde am Freitagabend in der Halle.""? A:","['Sie', 'tanzt', 'begeistert', 'bei', 'der', 'Tanzstunde', 'am', 'Freitagabend', 'in', 'der', 'Halle']",sie,sie schreibt eine nachric
"F: Was ist das erste Wort des Satzes ""Der Hund liegt zufrieden in der Sonne auf der Terrasse.""? A:","['Der', 'Hund', 'liegt', 'zufrieden', 'in', 'der', 'Sonne', 'auf', 'der', 'Terrasse']",der,der wind schwimmt laut vo
"F: Was ist das erste Wort des Satzes ""Sie hört gern klassische Musik beim Lesen eines Buches.""? A:","['Sie', 'hört', 'gern', 'klassische', 'Musik', 'beim', 'Lesen', 'eines', 'Buches']",sie,sie schreibt eine postkar
"F: Was ist das erste Wort des Satzes ""Die Katze schnurrt laut, wenn sie gestreichelt wird.""? A:","['Die', 'Katze', 'schnurrt', 'laut', 'wenn', 'sie', 'gestreichelt', 'wird']",die,die katze schläft den gan
"F: Was ist das erste Wort des Satzes ""Die Katze schläft gerne auf dem warmen Sofa zu Hause im Wohnzimmer.""? A:","['Die', 'Katze', 'schläft', 'gerne', 'auf', 'dem', 'warmen', 'Sofa', 'zu', 'Hause', 'im', 'Wohnzimmer']",die,die katze schläft auf dem
"F: Welches Wort steht am Anfang des Satzes ""Wir machen im Sommer eine Bootsfahrt auf dem nahegelegenen See.""? A:","['Wir', 'machen', 'im', 'Sommer', 'eine', 'Bootsfahrt', 'auf', 'dem', 'nahegelegenen', 'See']",wir,wir fahren im wohnzimmer 
"F: Was ist das erste Wort des Satzes ""Die Kinder spielen Fußball auf dem Schulhof.""? A:","['Die', 'Kinder', 'spielen', 'Fußball', 'auf', 'dem', 'Schulhof']",die,die kinder spielen im gar
"Schreibe das erste Wort des Satzes ""Ich genieße den Duft von frisch gebackenem Brot am Morgen."": ","['Ich', 'genieße', 'den', 'Duft', 'von', 'frisch', 'gebackenem', 'Brot', 'am', 'Morgen']",ich,ich koche heute abend ein
"F: Was ist das erste Wort des Satzes ""Ich gehe gerne joggen im Wald am Morgen.""? A:","['Ich', 'gehe', 'gerne', 'joggen', 'im', 'Wald', 'am', 'Morgen']",ich,"ich gehe jeden sonntag.""?"
"F: Was ist das erste Wort des Satzes ""Sie kocht gern italienische Gerichte für ihre Freunde am Wochenende.""? A:","['Sie', 'kocht', 'gern', 'italienische', 'Gerichte', 'für', 'ihre', 'Freunde', 'am', 'Wochenende']",sie,"sie lernt nächste woche."""
"Schreibe das erste Wort des Satzes ""Sie liest gern Romane über ferne Länder und spannende Abenteuer."": ","['Sie', 'liest', 'gern', 'Romane', 'über', 'ferne', 'Länder', 'und', 'spannende', 'Abenteuer']",sie,sie schreibt eine prüfung
"Schreibe das erste Wort des Satzes ""Die Sonne scheint warm auf die bunten Blätter im Park."": ","['Die', 'Sonne', 'scheint', 'warm', 'auf', 'die', 'bunten', 'Blätter', 'im', 'Park']",die,die kinder spielen drauße
"F: Welches Wort steht am Anfang des Satzes ""Sie tanzt begeistert bei der Tanzstunde am Freitagabend in der Halle.""? A:","['Sie', 'tanzt', 'begeistert', 'bei', 'der', 'Tanzstunde', 'am', 'Freitagabend', 'in', 'der', 'Halle']",sie,sie schreibt eine nachric
"F: Welches Wort steht am Anfang des Satzes ""Ich koche heute eine cremige Kürbissuppe mit frischen Gewürzen.""? A:","['Ich', 'koche', 'heute', 'eine', 'cremige', 'Kürbissuppe', 'mit', 'frischen', 'Gewürzen']",ich,ich koche heute einen sam
"F: Welches Wort steht am Anfang des Satzes ""Er schreibt täglich in sein Tagebuch über seine Erlebnisse und Gedanken.""? A:","['Er', 'schreibt', 'täglich', 'in', 'sein', 'Tagebuch', 'über', 'seine', 'Erlebnisse', 'und', 'Gedanken']",er,
"Schreibe das erste Wort des Satzes ""Wir machen eine Fahrradtour entlang der schönen Flussauen heute."": ","['Wir', 'machen', 'eine', 'Fahrradtour', 'entlang', 'der', 'schönen', 'Flussauen', 'heute']",wir,wir fahren durch die stad
"F: Was ist das erste Wort des Satzes ""Ich höre oft klassische Musik beim Lernen zu Hause.""? A:","['Ich', 'höre', 'oft', 'klassische', 'Musik', 'beim', 'Lernen', 'zu', 'Hause']",ich,ich höre musik beim lerne
"Schreibe das erste Wort des Satzes ""Wir feiern ein kleines Fest im Garten mit Freunden."": ","['Wir', 'feiern', 'ein', 'kleines', 'Fest', 'im', 'Garten', 'mit', 'Freunden']",wir,wir fahren mit dem zug in
"Schreibe das erste Wort des Satzes ""Die Sonne scheint warm auf die bunten Blätter im Park."": ","['Die', 'Sonne', 'scheint', 'warm', 'auf', 'die', 'bunten', 'Blätter', 'im', 'Park']",die,die kinder spielen drauße
"F: Was ist das erste Wort des Satzes ""Die Katze schläft auf dem warmen Fensterbrett.""? A:","['Die', 'Katze', 'schläft', 'auf', 'dem', 'warmen', 'Fensterbrett']",die,die katze schläft auf dem
"F: Was ist das erste Wort des Satzes ""Das Kind malt ein buntes Bild mit vielen Farben.""? A:","['Das', 'Kind', 'malt', 'ein', 'buntes', 'Bild', 'mit', 'vielen', 'Farben']",das,
"F: Welches Wort steht am Anfang des Satzes ""Der Himmel ist blau und die Sonne scheint warm und hell heute.""? A:","['Der', 'Himmel', 'ist', 'blau', 'und', 'die', 'Sonne', 'scheint', 'warm', 'und', 'hell', 'heute']",der,"der lange weg zwischen""? "
"F: Was ist das erste Wort des Satzes ""Wir besuchen das Museum, um mehr über Kunst zu lernen.""? A:","['Wir', 'besuchen', 'das', 'Museum', 'um', 'mehr', 'über', 'Kunst', 'zu', 'lernen']",wir,wir machen einen ausflug 
"F: Welches Wort steht am Anfang des Satzes ""Der Himmel ist heute bewölkt, aber es bleibt trocken und mild.""? A:","['Der', 'Himmel', 'ist', 'heute', 'bewölkt', 'aber', 'es', 'bleibt', 'trocken', 'und', 'mild']",der,der tag geht dann im tag.
"Schreibe das erste Wort des Satzes ""Sie liest gern spannende Romane über ferne Länder."": ","['Sie', 'liest', 'gern', 'spannende', 'Romane', 'über', 'ferne', 'Länder']",sie,"sie spricht französisch."""
"F: Was ist das erste Wort des Satzes ""Die Katze jagt gern Schmetterlinge im Garten während des Sommers.""? A:","['Die', 'Katze', 'jagt', 'gern', 'Schmetterlinge', 'im', 'Garten', 'während', 'des', 'Sommers']",die,die katze schläft auf dem
"F: Welches Wort steht am Anfang des Satzes ""Sie tanzt jeden Freitag im Tanzkurs mit großer Freude und Schwung.""? A:","['Sie', 'tanzt', 'jeden', 'Freitag', 'im', 'Tanzkurs', 'mit', 'großer', 'Freude', 'und', 'Schwung']",sie,sie schreibt eine e-mail 
"F: Welches Wort steht am Anfang des Satzes ""Wir besuchen im Sommer oft den See zum Schwimmen und Entspannen.""? A:","['Wir', 'besuchen', 'im', 'Sommer', 'oft', 'den', 'See', 'zum', 'Schwimmen', 'und', 'Entspannen']",wir,wir machen einen ausflug 
"F: Welches Wort steht am Anfang des Satzes ""Wir fahren im Herbst oft mit dem Auto ins Gebirge zum Wandern.""? A:","['Wir', 'fahren', 'im', 'Herbst', 'oft', 'mit', 'dem', 'Auto', 'ins', 'Gebirge', 'zum', 'Wandern']",wir,wir fahren daherbergen zu
"F: Was ist das erste Wort des Satzes ""Sie spielt Klavier seit vielen Jahren sehr gut.""? A:","['Sie', 'spielt', 'Klavier', 'seit', 'vielen', 'Jahren', 'sehr', 'gut']",sie,sie lädt fleißig die wort
"F: Was ist das erste Wort des Satzes ""Er fährt mit dem Fahrrad zur Arbeit jeden Tag.""? A:","['Er', 'fährt', 'mit', 'dem', 'Fahrrad', 'zur', 'Arbeit', 'jeden', 'Tag']",er,er schreibt eine e-mail a
"F: Welches Wort steht am Anfang des Satzes ""Wir essen heute Abend frisch gebackenes Brot mit Käse und Wurst.""? A:","['Wir', 'essen', 'heute', 'Abend', 'frisch', 'gebackenes', 'Brot', 'mit', 'Käse', 'und', 'Wurst']",wir,
"F: Was ist das erste Wort des Satzes ""Wir fahren im Sommer an den See zum Schwimmen und Entspannen.""? A:","['Wir', 'fahren', 'im', 'Sommer', 'an', 'den', 'See', 'zum', 'Schwimmen', 'und', 'Entspannen']",wir,wir machen eine fahrradto
"Schreibe das erste Wort des Satzes ""Wir treffen uns am Sonntag zum Frühstück im kleinen Café."": ","['Wir', 'treffen', 'uns', 'am', 'Sonntag', 'zum', 'Frühstück', 'im', 'kleinen', 'Café']",wir,wir fahren im sommer oft 
"F: Welches Wort steht am Anfang des Satzes ""Wir treffen uns am Sonntag zum gemütlichen Frühstück im Café.""? A:","['Wir', 'treffen', 'uns', 'am', 'Sonntag', 'zum', 'gemütlichen', 'Frühstück', 'im', 'Café']",wir,wir fahren mit dem zug in
"Schreibe das erste Wort des Satzes ""Die Katze schnurrt zufrieden, wenn sie auf dem Sofa liegt."": ","['Die', 'Katze', 'schnurrt', 'zufrieden', 'wenn', 'sie', 'auf', 'dem', 'Sofa', 'liegt']",die,die katze schläft direkt 
"F: Was ist das erste Wort des Satzes ""Wir machen eine Pause und trinken eine Tasse Kaffee zusammen im Büro.""? A:","['Wir', 'machen', 'eine', 'Pause', 'und', 'trinken', 'eine', 'Tasse', 'Kaffee', 'zusammen', 'im', 'Büro']",wir,wir brauchen eine tasse k
"Schreibe das erste Wort des Satzes ""Sie tanzt fröhlich im Regen auf der nassen Straße."": ","['Sie', 'tanzt', 'fröhlich', 'im', 'Regen', 'auf', 'der', 'nassen', 'Straße']",sie,sie läuft gerne auf dem s
"F: Welches Wort steht am Anfang des Satzes ""Die Kinder malen bunte Bilder für das Schulprojekt im Kunstunterricht.""? A:","['Die', 'Kinder', 'malen', 'bunte', 'Bilder', 'für', 'das', 'Schulprojekt', 'im', 'Kunstunterricht']",die,die kinder spielen drauße
"F: Welches Wort steht am Anfang des Satzes ""Ich koche heute Abend eine leckere Suppe mit frischem Gemüse.""? A:","['Ich', 'koche', 'heute', 'Abend', 'eine', 'leckere', 'Suppe', 'mit', 'frischem', 'Gemüse']",ich,ich koche heute abend ein
"F: Welches Wort steht am Anfang des Satzes ""Der Lehrer gibt viele Hausaufgaben für das Wochenende auf zur Übung.""? A:","['Der', 'Lehrer', 'gibt', 'viele', 'Hausaufgaben', 'für', 'das', 'Wochenende', 'auf', 'zur', 'Übung']",der,
"F: Was ist das erste Wort des Satzes ""Ich esse gern Schokolade und süße Kuchen am Nachmittag.""? A:","['Ich', 'esse', 'gern', 'Schokolade', 'und', 'süße', 'Kuchen', 'am', 'Nachmittag']",ich,ich gehe jeden schwarzen 
"Schreibe das erste Wort des Satzes ""Wir besuchen am Wochenende das neue Museum in der Innenstadt."": ","['Wir', 'besuchen', 'am', 'Wochenende', 'das', 'neue', 'Museum', 'in', 'der', 'Innenstadt']",wir,wir fahren mit dem fahrra
"Schreibe das erste Wort des Satzes ""Wir gehen abends spazieren und genießen die frische Luft draußen."": ","['Wir', 'gehen', 'abends', 'spazieren', 'und', 'genießen', 'die', 'frische', 'Luft', 'draußen']",wir,wir fahren im wohnzimmer 
"F: Welches Wort steht am Anfang des Satzes ""Ich höre oft Podcasts beim Autofahren zur Unterhaltung und Information.""? A:","['Ich', 'höre', 'oft', 'Podcasts', 'beim', 'Autofahren', 'zur', 'Unterhaltung', 'und', 'Information']",ich,"ich höre musik, wörter un"
"F: Welches Wort steht am Anfang des Satzes ""Ich schreibe eine E-Mail an meinen Chef wegen eines Meetings.""? A:","['Ich', 'schreibe', 'eine', 'E-Mail', 'an', 'meinen', 'Chef', 'wegen', 'eines', 'Meetings']",ich,ich höre musik beim schre
"F: Was ist das erste Wort des Satzes ""Sie liest gern spannende Bücher über Abenteuer.""? A:","['Sie', 'liest', 'gern', 'spannende', 'Bücher', 'über', 'Abenteuer']",sie,sie schreibt eine postkar
"Schreibe das erste Wort des Satzes ""Ich trinke morgens gern Tee mit Honig und frischer Zitrone."": ","['Ich', 'trinke', 'morgens', 'gern', 'Tee', 'mit', 'Honig', 'und', 'frischer', 'Zitrone']",ich,
"Schreibe das erste Wort des Satzes ""Die Katze liegt faul in der Sonne auf dem Fensterbrett."": ","['Die', 'Katze', 'liegt', 'faul', 'in', 'der', 'Sonne', 'auf', 'dem', 'Fensterbrett']",die,die katze schläft gerne a
"Schreibe das erste Wort des Satzes ""Der Himmel ist heute bewölkt, aber es bleibt trocken und mild."": ","['Der', 'Himmel', 'ist', 'heute', 'bewölkt', 'aber', 'es', 'bleibt', 'trocken', 'und', 'mild']",der,der tod ist klar und die 
"F: Was ist das erste Wort des Satzes ""Ich koche heute Abend ein leckeres Gericht mit Fisch.""? A:","['Ich', 'koche', 'heute', 'Abend', 'ein', 'leckeres', 'Gericht', 'mit', 'Fisch']",ich,ich koche heute abend pas
"F: Welches Wort steht am Anfang des Satzes ""Der Vogel singt früh am Morgen ein fröhliches Lied im Garten.""? A:","['Der', 'Vogel', 'singt', 'früh', 'am', 'Morgen', 'ein', 'fröhliches', 'Lied', 'im', 'Garten']",der,der langen sommermorgen o
"F: Welches Wort steht am Anfang des Satzes ""Sie trinkt morgens gerne Kaffee mit frischer Milch und Zucker.""? A:","['Sie', 'trinkt', 'morgens', 'gerne', 'Kaffee', 'mit', 'frischer', 'Milch', 'und', 'Zucker']",sie,sie schmeckt besser am ab
"F: Welches Wort steht am Anfang des Satzes ""Der Himmel ist bewölkt, aber es bleibt trocken und mild.""? A:","['Der', 'Himmel', 'ist', 'bewölkt', 'aber', 'es', 'bleibt', 'trocken', 'und', 'mild']",der,der sonne scheint hell un
"F: Welches Wort steht am Anfang des Satzes ""Sie kocht gern leckere Gerichte aus verschiedenen Ländern Europas.""? A:","['Sie', 'kocht', 'gern', 'leckere', 'Gerichte', 'aus', 'verschiedenen', 'Ländern', 'Europas']",sie,sie lässt sich nicht mehr
"Schreibe das erste Wort des Satzes ""Wir fahren im Herbst oft mit dem Auto ins Gebirge zum Wandern."": ","['Wir', 'fahren', 'im', 'Herbst', 'oft', 'mit', 'dem', 'Auto', 'ins', 'Gebirge', 'zum', 'Wandern']",wir,wir fahren durch die dort
"Schreibe das erste Wort des Satzes ""Wir essen heute Abend Pizza mit viel Käse und Tomaten."": ","['Wir', 'essen', 'heute', 'Abend', 'Pizza', 'mit', 'viel', 'Käse', 'und', 'Tomaten']",wir,wir besuchen das mustoile
"F: Welches Wort steht am Anfang des Satzes ""Ich schreibe eine E-Mail an meinen Chef wegen des Meetings.""? A:","['Ich', 'schreibe', 'eine', 'E-Mail', 'an', 'meinen', 'Chef', 'wegen', 'des', 'Meetings']",ich,
"Schreibe das erste Wort des Satzes ""Der Vogel zwitschert fröhlich auf dem Ast des alten Baums."": ","['Der', 'Vogel', 'zwitschert', 'fröhlich', 'auf', 'dem', 'Ast', 'des', 'alten', 'Baums']",der,der baum schwammt vor dem
"F: Welches Wort steht am Anfang des Satzes ""Der Vogel singt früh am Morgen ein fröhliches Lied im Garten.""? A:","['Der', 'Vogel', 'singt', 'früh', 'am', 'Morgen', 'ein', 'fröhliches', 'Lied', 'im', 'Garten']",der,der langen sommermorgen o
"Schreibe das erste Wort des Satzes ""Wir machen eine Bootsfahrt auf dem See bei schönem Wetter."": ","['Wir', 'machen', 'eine', 'Bootsfahrt', 'auf', 'dem', 'See', 'bei', 'schönem', 'Wetter']",wir,wir besuchen das museum i
"F: Was ist das erste Wort des Satzes ""Sie schreibt eine Postkarte an ihre beste Freundin.""? A:","['Sie', 'schreibt', 'eine', 'Postkarte', 'an', 'ihre', 'beste', 'Freundin']",sie,sie lädt eine postkarte e
"F: Welches Wort steht am Anfang des Satzes ""Wir feiern Ostern traditionell mit bunten Eiern und Familie.""? A:","['Wir', 'feiern', 'Ostern', 'traditionell', 'mit', 'bunten', 'Eiern', 'und', 'Familie']",wir,wir fangen an zu schwiere
"Schreibe das erste Wort des Satzes ""Der Vogel baut ein Nest im Baum vor unserem Haus."": ","['Der', 'Vogel', 'baut', 'ein', 'Nest', 'im', 'Baum', 'vor', 'unserem', 'Haus']",der,der haustiere schläft fri
"F: Was ist das erste Wort des Satzes ""Ich lerne Deutsch, um in Deutschland zu arbeiten und mich zu verständigen.""? A:","['Ich', 'lerne', 'Deutsch', 'um', 'in', 'Deutschland', 'zu', 'arbeiten', 'und', 'mich', 'zu', 'verständigen']",ich,ich habe gestern gearbeit
"F: Welches Wort steht am Anfang des Satzes ""Wir essen heute frische Pasta mit Tomatensoße und Salat dazu gern.""? A:","['Wir', 'essen', 'heute', 'frische', 'Pasta', 'mit', 'Tomatensoße', 'und', 'Salat', 'dazu', 'gern']",wir,wir besuchen das spielfel
"Schreibe das erste Wort des Satzes ""Wir treffen uns am Sonntag zum Frühstück im Café."": ","['Wir', 'treffen', 'uns', 'am', 'Sonntag', 'zum', 'Frühstück', 'im', 'Café']",wir,wir fahren im sommer oft 
"F: Was ist das erste Wort des Satzes ""Der Junge spielt gerne Fußball auf dem Sportplatz.""? A:","['Der', 'Junge', 'spielt', 'gerne', 'Fußball', 'auf', 'dem', 'Sportplatz']",der,der wollte die schüssel s
"F: Welches Wort steht am Anfang des Satzes ""Ich koche heute eine cremige Kürbissuppe mit frischen Gewürzen.""? A:","['Ich', 'koche', 'heute', 'eine', 'cremige', 'Kürbissuppe', 'mit', 'frischen', 'Gewürzen']",ich,ich koche heute einen sam
"F: Was ist das erste Wort des Satzes ""Die Kinder spielen draußen im Garten mit ihren Freunden.""? A:","['Die', 'Kinder', 'spielen', 'draußen', 'im', 'Garten', 'mit', 'ihren', 'Freunden']",die,die katze schläft die jah
"F: Welches Wort steht am Anfang des Satzes ""Sie hört Musik, während sie Hausaufgaben macht und sich konzentriert.""? A:","['Sie', 'hört', 'Musik', 'während', 'sie', 'Hausaufgaben', 'macht', 'und', 'sich', 'konzentriert']",sie,sie schreibt eine nachric
"Schreibe das erste Wort des Satzes ""Ich genieße die Ruhe beim Lesen eines spannenden Romans."": ","['Ich', 'genieße', 'die', 'Ruhe', 'beim', 'Lesen', 'eines', 'spannenden', 'Romans']",ich,
"F: Was ist das erste Wort des Satzes ""Sie schreibt ein Gedicht über den Frühling und die Natur.""? A:","['Sie', 'schreibt', 'ein', 'Gedicht', 'über', 'den', 'Frühling', 'und', 'die', 'Natur']",sie,sie schreibt eine postkar
"Schreibe das erste Wort des Satzes ""Die Blumen blühen bunt im Frühling auf dem Balkon zuhause."": ","['Die', 'Blumen', 'blühen', 'bunt', 'im', 'Frühling', 'auf', 'dem', 'Balkon', 'zuhause']",die,
"Schreibe das erste Wort des Satzes ""Der Vogel baut ein Nest im Baum vor unserem Haus."": ","['Der', 'Vogel', 'baut', 'ein', 'Nest', 'im', 'Baum', 'vor', 'unserem', 'Haus']",der,der haustiere schläft fri
"F: Was ist das erste Wort des Satzes ""Das Kind malt ein buntes Bild mit vielen Farben.""? A:","['Das', 'Kind', 'malt', 'ein', 'buntes', 'Bild', 'mit', 'vielen', 'Farben']",das,
"Schreibe das erste Wort des Satzes ""Der Vogel zwitschert fröhlich auf dem Baum im Park."": ","['Der', 'Vogel', 'zwitschert', 'fröhlich', 'auf', 'dem', 'Baum', 'im', 'Park']",der,
"F: Was ist das erste Wort des Satzes ""Der Vogel baut ein Nest hoch oben im Baum.""? A:","['Der', 'Vogel', 'baut', 'ein', 'Nest', 'hoch', 'oben', 'im', 'Baum']",der,
"Schreibe das erste Wort des Satzes ""Der Regen fällt sanft auf die Blätter im Garten."": ","['Der', 'Regen', 'fällt', 'sanft', 'auf', 'die', 'Blätter', 'im', 'Garten']",der,der kaffee ist groß und h
"F: Welches Wort steht am Anfang des Satzes ""Wir besuchen am Sonntag das Museum für moderne Kunst in der Stadt.""? A:","['Wir', 'besuchen', 'am', 'Sonntag', 'das', 'Museum', 'für', 'moderne', 'Kunst', 'in', 'der', 'Stadt']",wir,wir besuchen das museum f
"Schreibe das erste Wort des Satzes ""Der Lehrer erklärt die neue Grammatikregel geduldig und verständlich."": ","['Der', 'Lehrer', 'erklärt', 'die', 'neue', 'Grammatikregel', 'geduldig', 'und', 'verständlich']",der,der wortschatz spricht vo
"Schreibe das erste Wort des Satzes ""Ich koche heute Abend eine leckere Gemüsesuppe mit frischen Kräutern."": ","['Ich', 'koche', 'heute', 'Abend', 'eine', 'leckere', 'Gemüsesuppe', 'mit', 'frischen', 'Kräutern']",ich,ich koche heute abend pas
"F: Welches Wort steht am Anfang des Satzes ""Die Katze spielt mit dem kleinen roten Laserpunkt im Wohnzimmer.""? A:","['Die', 'Katze', 'spielt', 'mit', 'dem', 'kleinen', 'roten', 'Laserpunkt', 'im', 'Wohnzimmer']",die,die katze schläft auf dem
"F: Was ist das erste Wort des Satzes ""Der Hund bellt laut, wenn jemand an der Tür klingelt und begrüßt.""? A:","['Der', 'Hund', 'bellt', 'laut', 'wenn', 'jemand', 'an', 'der', 'Tür', 'klingelt', 'und', 'begrüßt']",der,der hund läuft schnell du
"F: Was ist das erste Wort des Satzes ""Die Blumen im Garten blühen bunt und duften wunderbar.""? A:","['Die', 'Blumen', 'im', 'Garten', 'blühen', 'bunt', 'und', 'duften', 'wunderbar']",die,die blumen blühen bunt un
"F: Was ist das erste Wort des Satzes ""Wir machen einen Ausflug zum See am Samstag.""? A:","['Wir', 'machen', 'einen', 'Ausflug', 'zum', 'See', 'am', 'Samstag']",wir,wir fahren das spielfeld 
"F: Welches Wort steht am Anfang des Satzes ""Die Blumen duften herrlich im Garten neben dem Haus.""? A:","['Die', 'Blumen', 'duften', 'herrlich', 'im', 'Garten', 'neben', 'dem', 'Haus']",die,
"F: Welches Wort steht am Anfang des Satzes ""Sie kocht leckere Gerichte aus frischem Gemüse und Kräutern.""? A:","['Sie', 'kocht', 'leckere', 'Gerichte', 'aus', 'frischem', 'Gemüse', 'und', 'Kräutern']",sie,sie kocht gerne gerichtet
"F: Welches Wort steht am Anfang des Satzes ""Wir feiern Silvester mit Freunden und einem großen Feuerwerk.""? A:","['Wir', 'feiern', 'Silvester', 'mit', 'Freunden', 'und', 'einem', 'großen', 'Feuerwerk']",wir,wir fahren mit dem fahrra
"Schreibe das erste Wort des Satzes ""Sie schreibt eine Karte an ihre Freundin zum Geburtstag."": ","['Sie', 'schreibt', 'eine', 'Karte', 'an', 'ihre', 'Freundin', 'zum', 'Geburtstag']",sie,sie kocht gerne italrote 
"F: Was ist das erste Wort des Satzes ""Sie fährt jeden Tag mit dem Fahrrad zur Arbeit.""? A:","['Sie', 'fährt', 'jeden', 'Tag', 'mit', 'dem', 'Fahrrad', 'zur', 'Arbeit']",sie,"sie schafft es, wenn.""? a"
"F: Was ist das erste Wort des Satzes ""Wir machen eine Pause und trinken eine Tasse Kaffee zusammen im Café.""? A:","['Wir', 'machen', 'eine', 'Pause', 'und', 'trinken', 'eine', 'Tasse', 'Kaffee', 'zusammen', 'im', 'Café']",wir,wir brauchen eine tasse k
"F: Welches Wort steht am Anfang des Satzes ""Der Lehrer lobt die Schüler für ihre guten Leistungen.""? A:","['Der', 'Lehrer', 'lobt', 'die', 'Schüler', 'für', 'ihre', 'guten', 'Leistungen']",der,der vorstand wartet auf d
"F: Welches Wort steht am Anfang des Satzes ""Ich gehe abends spazieren, um den Kopf frei zu bekommen.""? A:","['Ich', 'gehe', 'abends', 'spazieren', 'um', 'den', 'Kopf', 'frei', 'zu', 'bekommen']",ich,
"F: Was ist das erste Wort des Satzes ""Sie liest jeden Abend vor dem Schlafengehen ein Buch.""? A:","['Sie', 'liest', 'jeden', 'Abend', 'vor', 'dem', 'Schlafengehen', 'ein', 'Buch']",sie,sie schreibt eine pause e
"F: Welches Wort steht am Anfang des Satzes ""Sie trinkt morgens warmen Tee mit Honig und Zitrone.""? A:","['Sie', 'trinkt', 'morgens', 'warmen', 'Tee', 'mit', 'Honig', 'und', 'Zitrone']",sie,"siebert von der familie."""
"F: Welches Wort steht am Anfang des Satzes ""Der Vogel zwitschert laut im Garten und begrüßt den neuen Tag.""? A:","['Der', 'Vogel', 'zwitschert', 'laut', 'im', 'Garten', 'und', 'begrüßt', 'den', 'neuen', 'Tag']",der,der katze schläft auf dem
"F: Welches Wort steht am Anfang des Satzes ""Wir feiern Weihnachten traditionell mit der ganzen Familie und Geschenken.""? A:","['Wir', 'feiern', 'Weihnachten', 'traditionell', 'mit', 'der', 'ganzen', 'Familie', 'und', 'Geschenken']",wir,wir machen das wort kurz 
"F: Was ist das erste Wort des Satzes ""Das Konzert beginnt um acht Uhr am Abend.""? A:","['Das', 'Konzert', 'beginnt', 'um', 'acht', 'Uhr', 'am', 'Abend']",das,das wort steht seit viele
"F: Welches Wort steht am Anfang des Satzes ""Die Blumen auf dem Balkon blühen schön in der warmen Sonne.""? A:","['Die', 'Blumen', 'auf', 'dem', 'Balkon', 'blühen', 'schön', 'in', 'der', 'warmen', 'Sonne']",die,die sonne scheint hell un
"F: Was ist das erste Wort des Satzes ""Sie kocht heute eine Suppe mit vielen frischen Kräutern.""? A:","['Sie', 'kocht', 'heute', 'eine', 'Suppe', 'mit', 'vielen', 'frischen', 'Kräutern']",sie,sie kocht gerne italiencr
"Schreibe das erste Wort des Satzes ""Der Himmel ist heute bewölkt, aber es bleibt trocken und mild."": ","['Der', 'Himmel', 'ist', 'heute', 'bewölkt', 'aber', 'es', 'bleibt', 'trocken', 'und', 'mild']",der,der tod ist klar und die 
"F: Was ist das erste Wort des Satzes ""Wir machen einen Ausflug in die Berge und genießen die Natur.""? A:","['Wir', 'machen', 'einen', 'Ausflug', 'in', 'die', 'Berge', 'und', 'genießen', 'die', 'Natur']",wir,wir machen einen spazierg
"F: Was ist das erste Wort des Satzes ""Die Blumen blühen bunt und duften angenehm im Frühling.""? A:","['Die', 'Blumen', 'blühen', 'bunt', 'und', 'duften', 'angenehm', 'im', 'Frühling']",die,"dieses schöne wetter.""? a"
"F: Was ist das erste Wort des Satzes ""Der Zug kommt pünktlich am Bahnhof an.""? A:","['Der', 'Zug', 'kommt', 'pünktlich', 'am', 'Bahnhof', 'an']",der,der fährt durch die stadt
"Schreibe das erste Wort des Satzes ""Die Katze spielt mit ihrem Lieblingsspielzeug im Wohnzimmer fröhlich."": ","['Die', 'Katze', 'spielt', 'mit', 'ihrem', 'Lieblingsspielzeug', 'im', 'Wohnzimmer', 'fröhlich']",die,die katze schläft direkt 
"F: Welches Wort steht am Anfang des Satzes ""Sie spielt Geige und übt fleißig für das Konzert nächste Woche.""? A:","['Sie', 'spielt', 'Geige', 'und', 'übt', 'fleißig', 'für', 'das', 'Konzert', 'nächste', 'Woche']",sie,
"F: Was ist das erste Wort des Satzes ""Wir besuchen nächste Woche das Museum für moderne Kunst.""? A:","['Wir', 'besuchen', 'nächste', 'Woche', 'das', 'Museum', 'für', 'moderne', 'Kunst']",wir,wir sehen das buch des mo
"F: Was ist das erste Wort des Satzes ""Sie schreibt eine Karte an ihre Großeltern zum Geburtstag.""? A:","['Sie', 'schreibt', 'eine', 'Karte', 'an', 'ihre', 'Großeltern', 'zum', 'Geburtstag']",sie,sie schreibt eine pause g
"F: Welches Wort steht am Anfang des Satzes ""Wir fahren im Winter in die Berge zum Skifahren und Rodeln oft.""? A:","['Wir', 'fahren', 'im', 'Winter', 'in', 'die', 'Berge', 'zum', 'Skifahren', 'und', 'Rodeln', 'oft']",wir,wir fahren im herbst oft 
"Schreibe das erste Wort des Satzes ""Die Blumen auf dem Balkon blühen schön in der warmen Sonne."": ","['Die', 'Blumen', 'auf', 'dem', 'Balkon', 'blühen', 'schön', 'in', 'der', 'warmen', 'Sonne']",die,die katze schnurrt leise.
"F: Welches Wort steht am Anfang des Satzes ""Die Kinder malen Bilder für den Kunstwettbewerb in der Schule.""? A:","['Die', 'Kinder', 'malen', 'Bilder', 'für', 'den', 'Kunstwettbewerb', 'in', 'der', 'Schule']",die,die kinder spielen drauße
"F: Welches Wort steht am Anfang des Satzes ""Wir fahren mit dem Fahrrad durch den Park am Wochenende zum Ausflug.""? A:","['Wir', 'fahren', 'mit', 'dem', 'Fahrrad', 'durch', 'den', 'Park', 'am', 'Wochenende', 'zum', 'Ausflug']",wir,wir fahren im wohnzimmer 
"F: Welches Wort steht am Anfang des Satzes ""Sie schreibt eine Postkarte aus dem Urlaub an ihre Freunde.""? A:","['Sie', 'schreibt', 'eine', 'Postkarte', 'aus', 'dem', 'Urlaub', 'an', 'ihre', 'Freunde']",sie,sie schreibt eine postkar
"Schreibe das erste Wort des Satzes ""Er fährt jeden Tag mit dem Fahrrad zur Arbeit in der Stadt."": ","['Er', 'fährt', 'jeden', 'Tag', 'mit', 'dem', 'Fahrrad', 'zur', 'Arbeit', 'in', 'der', 'Stadt']",er,
"F: Welches Wort steht am Anfang des Satzes ""Die Katze spielt mit ihrem Lieblingsspielzeug im Wohnzimmer fröhlich.""? A:","['Die', 'Katze', 'spielt', 'mit', 'ihrem', 'Lieblingsspielzeug', 'im', 'Wohnzimmer', 'fröhlich']",die,die katze schläft auf dem
"F: Was ist das erste Wort des Satzes ""Ich lese oft spannende Bücher über Geschichte und Kultur aus aller Welt.""? A:","['Ich', 'lese', 'oft', 'spannende', 'Bücher', 'über', 'Geschichte', 'und', 'Kultur', 'aus', 'aller', 'Welt']",ich,ich höre musik beim lerne
"F: Was ist das erste Wort des Satzes ""Wir feiern Weihnachten mit der ganzen Familie zusammen und essen viel.""? A:","['Wir', 'feiern', 'Weihnachten', 'mit', 'der', 'ganzen', 'Familie', 'zusammen', 'und', 'essen', 'viel']",wir,wir fahren dannach im wor
"F: Was ist das erste Wort des Satzes ""Im Park spielen viele Kinder laut auf dem Spielplatz.""? A:","['Im', 'Park', 'spielen', 'viele', 'Kinder', 'laut', 'auf', 'dem', 'Spielplatz']",im,
"Schreibe das erste Wort des Satzes ""Die Kinder spielen Verstecken im Garten und lachen laut."": ","['Die', 'Kinder', 'spielen', 'Verstecken', 'im', 'Garten', 'und', 'lachen', 'laut']",die,die kinder spielen fröhli
"F: Was ist das erste Wort des Satzes ""Er liest die Zeitung beim Frühstück jeden Morgen.""? A:","['Er', 'liest', 'die', 'Zeitung', 'beim', 'Frühstück', 'jeden', 'Morgen']",er,
"Schreibe das erste Wort des Satzes ""Er repariert sein Fahrrad in der Werkstatt seines Nachbarn."": ","['Er', 'repariert', 'sein', 'Fahrrad', 'in', 'der', 'Werkstatt', 'seines', 'Nachbarn']",er,er hat einen nachtzug geb
"F: Welches Wort steht am Anfang des Satzes ""Ich gehe abends spazieren, um den Kopf frei zu bekommen.""? A:","['Ich', 'gehe', 'abends', 'spazieren', 'um', 'den', 'Kopf', 'frei', 'zu', 'bekommen']",ich,
"Schreibe das erste Wort des Satzes ""Die Sonne scheint warm auf das Gesicht im Sommer."": ","['Die', 'Sonne', 'scheint', 'warm', 'auf', 'das', 'Gesicht', 'im', 'Sommer']",die,die kinder spielen drauße
"Schreibe das erste Wort des Satzes ""Er repariert das Fahrrad im Keller mit Werkzeug und Geduld."": ","['Er', 'repariert', 'das', 'Fahrrad', 'im', 'Keller', 'mit', 'Werkzeug', 'und', 'Geduld']",er,er liest einen schneemann
"F: Welches Wort steht am Anfang des Satzes ""Der Himmel ist klar und die Sonne scheint warm und hell.""? A:","['Der', 'Himmel', 'ist', 'klar', 'und', 'die', 'Sonne', 'scheint', 'warm', 'und', 'hell']",der,der kleine junge schelm a
"F: Was ist das erste Wort des Satzes ""Der Film im Kino war sehr spannend und lustig.""? A:","['Der', 'Film', 'im', 'Kino', 'war', 'sehr', 'spannend', 'und', 'lustig']",der,"der weltweite bewerber.""?"
"Schreibe das erste Wort des Satzes ""Die Blumen blühen bunt und duften herrlich im Frühlingsgarten."": ","['Die', 'Blumen', 'blühen', 'bunt', 'und', 'duften', 'herrlich', 'im', 'Frühlingsgarten']",die,die blumen blühen in der 
"F: Was ist das erste Wort des Satzes ""Ich gehe joggen im Wald am Morgen und genieße.""? A:","['Ich', 'gehe', 'joggen', 'im', 'Wald', 'am', 'Morgen', 'und', 'genieße']",ich,ich höre beim arbeiten ge
"Schreibe das erste Wort des Satzes ""Der Hund liebt es, im Park mit anderen Hunden zu spielen."": ","['Der', 'Hund', 'liebt', 'es', 'im', 'Park', 'mit', 'anderen', 'Hunden', 'zu', 'spielen']",der,der hund liebt eine schön
"F: Welches Wort steht am Anfang des Satzes ""Sie kocht oft italienische Gerichte mit frischen Kräutern und Tomaten.""? A:","['Sie', 'kocht', 'oft', 'italienische', 'Gerichte', 'mit', 'frischen', 'Kräutern', 'und', 'Tomaten']",sie,sie schreibt eine pizza m
"F: Was ist das erste Wort des Satzes ""Ich lese oft spannende Bücher über Geschichte und Kultur.""? A:","['Ich', 'lese', 'oft', 'spannende', 'Bücher', 'über', 'Geschichte', 'und', 'Kultur']",ich,ich-öffne eine spracheeee
"F: Welches Wort steht am Anfang des Satzes ""Wir treffen uns am Sonntag zum gemütlichen Frühstück im Café.""? A:","['Wir', 'treffen', 'uns', 'am', 'Sonntag', 'zum', 'gemütlichen', 'Frühstück', 'im', 'Café']",wir,wir fahren mit dem zug in
"F: Was ist das erste Wort des Satzes ""Wir besuchen nächste Woche das Theater und sehen ein neues Stück.""? A:","['Wir', 'besuchen', 'nächste', 'Woche', 'das', 'Theater', 'und', 'sehen', 'ein', 'neues', 'Stück']",wir,wir besuchen das museum f
"F: Was ist das erste Wort des Satzes ""Der Vogel singt ein schönes Lied am frühen Morgen.""? A:","['Der', 'Vogel', 'singt', 'ein', 'schönes', 'Lied', 'am', 'frühen', 'Morgen']",der,der lehrer lacht schön un
"F: Welches Wort steht am Anfang des Satzes ""Wir fahren im Sommer ans Meer zum Schwimmen und Entspannen jedes Jahr heute.""? A:","['Wir', 'fahren', 'im', 'Sommer', 'ans', 'Meer', 'zum', 'Schwimmen', 'und', 'Entspannen', 'jedes', 'Jahr', 'heute']",wir,wir fahren dann durch die
"F: Welches Wort steht am Anfang des Satzes ""Die Blumen auf dem Balkon blühen schön in der warmen Sonne.""? A:","['Die', 'Blumen', 'auf', 'dem', 'Balkon', 'blühen', 'schön', 'in', 'der', 'warmen', 'Sonne']",die,die sonne scheint hell un
"F: Was ist das erste Wort des Satzes ""Der Hund wartet geduldig vor der Tür.""? A:","['Der', 'Hund', 'wartet', 'geduldig', 'vor', 'der', 'Tür']",der,der vortrag wartet auf da
"F: Welches Wort steht am Anfang des Satzes ""Er fährt jeden Morgen mit dem Fahrrad zur Arbeit in die Stadt.""? A:","['Er', 'fährt', 'jeden', 'Morgen', 'mit', 'dem', 'Fahrrad', 'zur', 'Arbeit', 'in', 'die', 'Stadt']",er,eröffnungszeit statt zur 
"F: Was ist das erste Wort des Satzes ""Wir feiern Weihnachten mit der ganzen Familie zusammen.""? A:","['Wir', 'feiern', 'Weihnachten', 'mit', 'der', 'ganzen', 'Familie', 'zusammen']",wir,wir fahren im sommer oft 
"F: Was ist das erste Wort des Satzes ""Wir besuchen morgen das neue Museum in der Stadt.""? A:","['Wir', 'besuchen', 'morgen', 'das', 'neue', 'Museum', 'in', 'der', 'Stadt']",wir,wir fahren im sommer oft 
"Schreibe das erste Wort des Satzes ""Wir essen heute Abend frische Pasta mit Tomatensoße und Parmesan."": ","['Wir', 'essen', 'heute', 'Abend', 'frische', 'Pasta', 'mit', 'Tomatensoße', 'und', 'Parmesan']",wir,
"F: Welches Wort steht am Anfang des Satzes ""Wir machen eine Pause und trinken Kaffee zusammen in der Küche oft.""? A:","['Wir', 'machen', 'eine', 'Pause', 'und', 'trinken', 'Kaffee', 'zusammen', 'in', 'der', 'Küche', 'oft']",wir,wir besuchen das museum i
"F: Welches Wort steht am Anfang des Satzes ""Ich schreibe eine Nachricht an meine Eltern zum Geburtstag heute.""? A:","['Ich', 'schreibe', 'eine', 'Nachricht', 'an', 'meine', 'Eltern', 'zum', 'Geburtstag', 'heute']",ich,ich habe gestern einen in
"F: Was ist das erste Wort des Satzes ""Ich schreibe eine E-Mail an meinen Chef wegen Terminen.""? A:","['Ich', 'schreibe', 'eine', 'E-Mail', 'an', 'meinen', 'Chef', 'wegen', 'Terminen']",ich,ich schreibe eine e-mail 
"F: Was ist das erste Wort des Satzes ""Wir fahren mit dem Fahrrad durch den Park am Wochenende.""? A:","['Wir', 'fahren', 'mit', 'dem', 'Fahrrad', 'durch', 'den', 'Park', 'am', 'Wochenende']",wir,wir fahren durch die durc
"F: Was ist das erste Wort des Satzes ""Sie schreibt eine E-Mail an ihre Freundin und erzählt.""? A:","['Sie', 'schreibt', 'eine', 'E-Mail', 'an', 'ihre', 'Freundin', 'und', 'erzählt']",sie,
"F: Was ist das erste Wort des Satzes ""Ich lerne jeden Tag neue deutsche Wörter.""? A:","['Ich', 'lerne', 'jeden', 'Tag', 'neue', 'deutsche', 'Wörter']",ich,"ich lerne deutsch und ""de"
"F: Was ist das erste Wort des Satzes ""Der Lehrer gibt viele Hausaufgaben für das Wochenende an seine Schüler.""? A:","['Der', 'Lehrer', 'gibt', 'viele', 'Hausaufgaben', 'für', 'das', 'Wochenende', 'an', 'seine', 'Schüler']",der,"der film war erklärt.""? a"
"F: Was ist das erste Wort des Satzes ""Sie kocht gern mit frischen Kräutern aus dem Garten.""? A:","['Sie', 'kocht', 'gern', 'mit', 'frischen', 'Kräutern', 'aus', 'dem', 'Garten']",sie,sie schläft friedlich auf
"Schreibe das erste Wort des Satzes ""Die Kinder freuen sich auf die bevorstehenden Sommerferien sehr."": ","['Die', 'Kinder', 'freuen', 'sich', 'auf', 'die', 'bevorstehenden', 'Sommerferien', 'sehr']",die,die kinder spielen fröhli
"F: Was ist das erste Wort des Satzes ""Sie kocht gerne mit frischen Kräutern aus dem Garten.""? A:","['Sie', 'kocht', 'gerne', 'mit', 'frischen', 'Kräutern', 'aus', 'dem', 'Garten']",sie,sie schläft gernen auf de
"Schreibe das erste Wort des Satzes ""Wir feiern heute ein Fest mit Freunden und leckerem Essen."": ","['Wir', 'feiern', 'heute', 'ein', 'Fest', 'mit', 'Freunden', 'und', 'leckerem', 'Essen']",wir,wir fahren im see im woch
"F: Welches Wort steht am Anfang des Satzes ""Der Berg ist hoch und bietet tolle Aussicht auf das Tal.""? A:","['Der', 'Berg', 'ist', 'hoch', 'und', 'bietet', 'tolle', 'Aussicht', 'auf', 'das', 'Tal']",der,der text wurde am wochene
"F: Welches Wort steht am Anfang des Satzes ""Wir feiern Weihnachten mit der ganzen Familie zusammen und genießen.""? A:","['Wir', 'feiern', 'Weihnachten', 'mit', 'der', 'ganzen', 'Familie', 'zusammen', 'und', 'genießen']",wir,wir fahren im dorf im som
"F: Welches Wort steht am Anfang des Satzes ""Sie liest gern spannende Krimis und Thriller am Abend vor dem Schlafen.""? A:","['Sie', 'liest', 'gern', 'spannende', 'Krimis', 'und', 'Thriller', 'am', 'Abend', 'vor', 'dem', 'Schlafen']",sie,sie schreibt eine kleiner
"F: Welches Wort steht am Anfang des Satzes ""Sie hört gern Musik, während sie am Computer arbeitet zu Hause oft.""? A:","['Sie', 'hört', 'gern', 'Musik', 'während', 'sie', 'am', 'Computer', 'arbeitet', 'zu', 'Hause', 'oft']",sie,sie schreibt e-momente un
"F: Welches Wort steht am Anfang des Satzes ""Wir feiern Ostern traditionell mit bunten Eiern und der Familie.""? A:","['Wir', 'feiern', 'Ostern', 'traditionell', 'mit', 'bunten', 'Eiern', 'und', 'der', 'Familie']",wir,
"Schreibe das erste Wort des Satzes ""Er fährt jeden Morgen mit dem Fahrrad zur Arbeit in die Stadt."": ","['Er', 'fährt', 'jeden', 'Morgen', 'mit', 'dem', 'Fahrrad', 'zur', 'Arbeit', 'in', 'die', 'Stadt']",er,er schreibt eine e-mail a
"F: Was ist das erste Wort des Satzes ""Sie hört Musik, während sie Hausaufgaben macht.""? A:","['Sie', 'hört', 'Musik', 'während', 'sie', 'Hausaufgaben', 'macht']",sie,sie schreibt eine postkar
"F: Was ist das erste Wort des Satzes ""Ich koche heute Abend ein leckeres Abendessen für meine Familie.""? A:","['Ich', 'koche', 'heute', 'Abend', 'ein', 'leckeres', 'Abendessen', 'für', 'meine', 'Familie']",ich,
"F: Welches Wort steht am Anfang des Satzes ""Sie schreibt eine Karte an ihre Freundin zum Geburtstag.""? A:","['Sie', 'schreibt', 'eine', 'Karte', 'an', 'ihre', 'Freundin', 'zum', 'Geburtstag']",sie,sie kocht gerne italiener
"Schreibe das erste Wort des Satzes ""Sie liest gern spannende Romane über Abenteuer und ferne Länder."": ","['Sie', 'liest', 'gern', 'spannende', 'Romane', 'über', 'Abenteuer', 'und', 'ferne', 'Länder']",sie,
"F: Welches Wort steht am Anfang des Satzes ""Der Vogel baut ein Nest hoch oben im alten Baum.""? A:","['Der', 'Vogel', 'baut', 'ein', 'Nest', 'hoch', 'oben', 'im', 'alten', 'Baum']",der,der baum ist bunt und die
"Schreibe das erste Wort des Satzes ""Wir gehen morgen früh zum Markt, um frisches Obst zu kaufen."": ","['Wir', 'gehen', 'morgen', 'früh', 'zum', 'Markt', 'um', 'frisches', 'Obst', 'zu', 'kaufen']",wir,
"F: Was ist das erste Wort des Satzes ""Wir feiern im Sommer ein großes Familienfest.""? A:","['Wir', 'feiern', 'im', 'Sommer', 'ein', 'großes', 'Familienfest']",wir,wir fahren mit dem zug in
"Schreibe das erste Wort des Satzes ""Wir feiern heute den Geburtstag meiner Schwester mit vielen Gästen."": ","['Wir', 'feiern', 'heute', 'den', 'Geburtstag', 'meiner', 'Schwester', 'mit', 'vielen', 'Gästen']",wir,wir fahren mit dem fahrra
"Schreibe das erste Wort des Satzes ""Wir treffen uns am Sonntag zum Frühstück im kleinen Café."": ","['Wir', 'treffen', 'uns', 'am', 'Sonntag', 'zum', 'Frühstück', 'im', 'kleinen', 'Café']",wir,wir fahren im sommer oft 
"F: Was ist das erste Wort des Satzes ""Wir feiern nächsten Monat eine große Geburtstagsparty.""? A:","['Wir', 'feiern', 'nächsten', 'Monat', 'eine', 'große', 'Geburtstagsparty']",wir,wir fahren die stadt zum 
"Schreibe das erste Wort des Satzes ""Die Katze springt geschickt auf das hohe Bücherregal oben."": ","['Die', 'Katze', 'springt', 'geschickt', 'auf', 'das', 'hohe', 'Bücherregal', 'oben']",die,die kinder spielen fröhli
"Schreibe das erste Wort des Satzes ""Der Vogel fliegt hoch in den blauen Himmel über uns."": ","['Der', 'Vogel', 'fliegt', 'hoch', 'in', 'den', 'blauen', 'Himmel', 'über', 'uns']",der,der himmel ist hell und w
"F: Welches Wort steht am Anfang des Satzes ""Der Hund läuft schnell durch den Garten und spielt mit dem Ball.""? A:","['Der', 'Hund', 'läuft', 'schnell', 'durch', 'den', 'Garten', 'und', 'spielt', 'mit', 'dem', 'Ball']",der,der ball spielt fröhlich 
"Schreibe das erste Wort des Satzes ""Wir feiern Weihnachten mit der ganzen Familie und leckerem Essen."": ","['Wir', 'feiern', 'Weihnachten', 'mit', 'der', 'ganzen', 'Familie', 'und', 'leckerem', 'Essen']",wir,wir fangen an und wir fan
"F: Welches Wort steht am Anfang des Satzes ""Der Vogel zwitschert laut im Garten und begrüßt den neuen Tag.""? A:","['Der', 'Vogel', 'zwitschert', 'laut', 'im', 'Garten', 'und', 'begrüßt', 'den', 'neuen', 'Tag']",der,der katze schläft auf dem
"F: Welches Wort steht am Anfang des Satzes ""Ich höre Musik, während ich Hausaufgaben mache und mich konzentriere.""? A:","['Ich', 'höre', 'Musik', 'während', 'ich', 'Hausaufgaben', 'mache', 'und', 'mich', 'konzentriere']",ich,
"F: Was ist das erste Wort des Satzes ""Das Kind malt ein buntes Bild mit vielen Farben.""? A:","['Das', 'Kind', 'malt', 'ein', 'buntes', 'Bild', 'mit', 'vielen', 'Farben']",das,
"F: Welches Wort steht am Anfang des Satzes ""Wir besuchen im Sommer oft den See zum Schwimmen und Entspannen.""? A:","['Wir', 'besuchen', 'im', 'Sommer', 'oft', 'den', 'See', 'zum', 'Schwimmen', 'und', 'Entspannen']",wir,wir machen einen ausflug 
"F: Was ist das erste Wort des Satzes ""Der Lehrer lobt die Schüler für ihre guten Leistungen.""? A:","['Der', 'Lehrer', 'lobt', 'die', 'Schüler', 'für', 'ihre', 'guten', 'Leistungen']",der,
"F: Was ist das erste Wort des Satzes ""Wir machen eine Pause und trinken eine Tasse Kaffee.""? A:","['Wir', 'machen', 'eine', 'Pause', 'und', 'trinken', 'eine', 'Tasse', 'Kaffee']",wir,wir brauchen einen starke
"F: Was ist das erste Wort des Satzes ""Wir machen eine Pause und trinken eine Tasse Kaffee.""? A:","['Wir', 'machen', 'eine', 'Pause', 'und', 'trinken', 'eine', 'Tasse', 'Kaffee']",wir,wir brauchen einen starke
"F: Welches Wort steht am Anfang des Satzes ""Ich trinke morgens gern Tee mit Honig und frischer Zitrone.""? A:","['Ich', 'trinke', 'morgens', 'gern', 'Tee', 'mit', 'Honig', 'und', 'frischer', 'Zitrone']",ich,ich habe einen kuchen geb
"F: Was ist das erste Wort des Satzes ""Der Lehrer gibt uns viele interessante Aufgaben im Unterricht.""? A:","['Der', 'Lehrer', 'gibt', 'uns', 'viele', 'interessante', 'Aufgaben', 'im', 'Unterricht']",der,der war sehr gemütlich un
"F: Was ist das erste Wort des Satzes ""Der Hund bellt laut, wenn jemand an der Tür klingelt.""? A:","['Der', 'Hund', 'bellt', 'laut', 'wenn', 'jemand', 'an', 'der', 'Tür', 'klingelt']",der,der laser läuft schnell ü
"F: Was ist das erste Wort des Satzes ""Sie hat ein neues Kleid für die Party gekauft.""? A:","['Sie', 'hat', 'ein', 'neues', 'Kleid', 'für', 'die', 'Party', 'gekauft']",sie,sie hat gestern einen nam
"F: Welches Wort steht am Anfang des Satzes ""Bitte öffne das Fenster, es ist warm und stickig im Zimmer heute.""? A:","['Bitte', 'öffne', 'das', 'Fenster', 'es', 'ist', 'warm', 'und', 'stickig', 'im', 'Zimmer', 'heute']",bitte,
"F: Welches Wort steht am Anfang des Satzes ""Wir treffen uns am Sonntag zum Frühstück im Café.""? A:","['Wir', 'treffen', 'uns', 'am', 'Sonntag', 'zum', 'Frühstück', 'im', 'Café']",wir,wir fahren im sommer oft 
"F: Was ist das erste Wort des Satzes ""Wir feiern Silvester mit Freunden und viel Spaß und Musik in der Stadt.""? A:","['Wir', 'feiern', 'Silvester', 'mit', 'Freunden', 'und', 'viel', 'Spaß', 'und', 'Musik', 'in', 'der', 'Stadt']",wir,wir fahren mit dem fahrra
"F: Was ist das erste Wort des Satzes ""Sie kocht heute eine Suppe mit frischen Kräutern.""? A:","['Sie', 'kocht', 'heute', 'eine', 'Suppe', 'mit', 'frischen', 'Kräutern']",sie,
"F: Was ist das erste Wort des Satzes ""Das Wetter im Frühling ist oft wechselhaft.""? A:","['Das', 'Wetter', 'im', 'Frühling', 'ist', 'oft', 'wechselhaft']",das,
"Schreibe das erste Wort des Satzes ""Wir pflanzen gemeinsam Blumen im Garten für den Frühling."": ","['Wir', 'pflanzen', 'gemeinsam', 'Blumen', 'im', 'Garten', 'für', 'den', 'Frühling']",wir,wir machen einen ausflug 
"F: Was ist das erste Wort des Satzes ""Im Park spielen viele Kinder fröhlich und laut auf dem Spielplatz.""? A:","['Im', 'Park', 'spielen', 'viele', 'Kinder', 'fröhlich', 'und', 'laut', 'auf', 'dem', 'Spielplatz']",im,
"Schreibe das erste Wort des Satzes ""Die Blumen im Garten blühen schön in der warmen Sonne."": ","['Die', 'Blumen', 'im', 'Garten', 'blühen', 'schön', 'in', 'der', 'warmen', 'Sonne']",die,die sonne scheint hell au
"Schreibe das erste Wort des Satzes ""Der Lehrer lobt die Schüler für ihre guten Leistungen im Test."": ","['Der', 'Lehrer', 'lobt', 'die', 'Schüler', 'für', 'ihre', 'guten', 'Leistungen', 'im', 'Test']",der,
"F: Was ist das erste Wort des Satzes ""Wir besuchen das Museum, um mehr über Kunst zu lernen.""? A:","['Wir', 'besuchen', 'das', 'Museum', 'um', 'mehr', 'über', 'Kunst', 'zu', 'lernen']",wir,wir machen einen ausflug 
"Schreibe das erste Wort des Satzes ""Der Hund liegt zufrieden in seinem Körbchen und schläft."": ","['Der', 'Hund', 'liegt', 'zufrieden', 'in', 'seinem', 'Körbchen', 'und', 'schläft']",der,der katze schläft friedli
"Schreibe das erste Wort des Satzes ""Die Kinder spielen draußen im Garten Verstecken und haben viel Spaß."": ","['Die', 'Kinder', 'spielen', 'draußen', 'im', 'Garten', 'Verstecken', 'und', 'haben', 'viel', 'Spaß']",die,die kinder spielen drauße
"Schreibe das erste Wort des Satzes ""Ich trinke morgens gern schwarzen Kaffee ohne Zucker und Milch."": ","['Ich', 'trinke', 'morgens', 'gern', 'schwarzen', 'Kaffee', 'ohne', 'Zucker', 'und', 'Milch']",ich,ich trinke morgens gerne 
"Schreibe das erste Wort des Satzes ""Wir machen eine Wanderung durch den Wald und hören Vögel."": ","['Wir', 'machen', 'eine', 'Wanderung', 'durch', 'den', 'Wald', 'und', 'hören', 'Vögel']",wir,wir bewachen das feuerwer
"F: Welches Wort steht am Anfang des Satzes ""Sie liest jeden Abend vor dem Schlafengehen ein interessantes Buch.""? A:","['Sie', 'liest', 'jeden', 'Abend', 'vor', 'dem', 'Schlafengehen', 'ein', 'interessantes', 'Buch']",sie,sie schreibt eine e-mail 
"F: Welches Wort steht am Anfang des Satzes ""Wir machen einen Ausflug zum See am Samstag mit der Familie.""? A:","['Wir', 'machen', 'einen', 'Ausflug', 'zum', 'See', 'am', 'Samstag', 'mit', 'der', 'Familie']",wir,"wir fahren im herbst.""? a"
"Schreibe das erste Wort des Satzes ""Der Winter bringt oft Schnee und kalte Temperaturen in unsere Region."": ","['Der', 'Winter', 'bringt', 'oft', 'Schnee', 'und', 'kalte', 'Temperaturen', 'in', 'unsere', 'Region']",der,
"F: Was ist das erste Wort des Satzes ""Ich höre gern Podcasts über Wissenschaft und Technik.""? A:","['Ich', 'höre', 'gern', 'Podcasts', 'über', 'Wissenschaft', 'und', 'Technik']",ich,
"F: Welches Wort steht am Anfang des Satzes ""Der Hund bellt laut, wenn jemand an der Tür klingelt.""? A:","['Der', 'Hund', 'bellt', 'laut', 'wenn', 'jemand', 'an', 'der', 'Tür', 'klingelt']",der,der kleine kleine kleine 
"Schreibe das erste Wort des Satzes ""Wir gehen morgen früh zum Markt, um frisches Obst zu kaufen."": ","['Wir', 'gehen', 'morgen', 'früh', 'zum', 'Markt', 'um', 'frisches', 'Obst', 'zu', 'kaufen']",wir,
"Schreibe das erste Wort des Satzes ""Der Himmel ist heute bewölkt, aber es bleibt trocken und mild."": ","['Der', 'Himmel', 'ist', 'heute', 'bewölkt', 'aber', 'es', 'bleibt', 'trocken', 'und', 'mild']",der,der tod ist klar und die 
"Schreibe das erste Wort des Satzes ""Sie näht eine warme Jacke für den kommenden Winter."": ","['Sie', 'näht', 'eine', 'warme', 'Jacke', 'für', 'den', 'kommenden', 'Winter']",sie,sie schläft gewöhnlich au
"Schreibe das erste Wort des Satzes ""Die Katze spielt mit ihrem Lieblingsspielzeug auf dem Wohnzimmerboden."": ","['Die', 'Katze', 'spielt', 'mit', 'ihrem', 'Lieblingsspielzeug', 'auf', 'dem', 'Wohnzimmerboden']",die,die katze schläft den gan
"Schreibe das erste Wort des Satzes ""Wir spielen Karten und lachen laut bis spät in Nacht."": ","['Wir', 'spielen', 'Karten', 'und', 'lachen', 'laut', 'bis', 'spät', 'in', 'Nacht']",wir,wir fahren im sport zum a
"F: Was ist das erste Wort des Satzes ""Das Wetter wird im Sommer oft sehr heiß und trocken.""? A:","['Das', 'Wetter', 'wird', 'im', 'Sommer', 'oft', 'sehr', 'heiß', 'und', 'trocken']",das,"das wetter ist sonnig.""? "
"Schreibe das erste Wort des Satzes ""Sie schreibt regelmäßig Briefe an ihre Freunde und Verwandten."": ","['Sie', 'schreibt', 'regelmäßig', 'Briefe', 'an', 'ihre', 'Freunde', 'und', 'Verwandten']",sie,sie schreibt eine postkar
"F: Was ist das erste Wort des Satzes ""Der Hund frisst sein Futter mit großem Appetit.""? A:","['Der', 'Hund', 'frisst', 'sein', 'Futter', 'mit', 'großem', 'Appetit']",der,der katze schläft auf dem
"F: Welches Wort steht am Anfang des Satzes ""Die Blumen blühen bunt im Frühling auf dem Balkon.""? A:","['Die', 'Blumen', 'blühen', 'bunt', 'im', 'Frühling', 'auf', 'dem', 'Balkon']",die,dieselben stehen am frühe
"Schreibe das erste Wort des Satzes ""Die Kinder spielen draußen im Park mit bunten Luftballons."": ","['Die', 'Kinder', 'spielen', 'draußen', 'im', 'Park', 'mit', 'bunten', 'Luftballons']",die,die kinder spielen fröhli
"Schreibe das erste Wort des Satzes ""Die Kinder spielen draußen im Garten mit ihren bunten Spielsachen."": ","['Die', 'Kinder', 'spielen', 'draußen', 'im', 'Garten', 'mit', 'ihren', 'bunten', 'Spielsachen']",die,die kinder spielen im gar
"F: Welches Wort steht am Anfang des Satzes ""Sie schreibt regelmäßig Briefe an ihre Großeltern auf dem Land.""? A:","['Sie', 'schreibt', 'regelmäßig', 'Briefe', 'an', 'ihre', 'Großeltern', 'auf', 'dem', 'Land']",sie,sie lernt sich sehr gedul
"F: Was ist das erste Wort des Satzes ""Sie tanzt begeistert im Tanzkurs jeden Freitagabend.""? A:","['Sie', 'tanzt', 'begeistert', 'im', 'Tanzkurs', 'jeden', 'Freitagabend']",sie,sie schreibt eine karte a
"F: Was ist das erste Wort des Satzes ""Der Vogel zwitschert fröhlich im Baum neben dem Haus morgens.""? A:","['Der', 'Vogel', 'zwitschert', 'fröhlich', 'im', 'Baum', 'neben', 'dem', 'Haus', 'morgens']",der,der himmel ist bestimmt u
"Schreibe das erste Wort des Satzes ""Er liest täglich die Zeitung am Frühstückstisch in der Küche."": ","['Er', 'liest', 'täglich', 'die', 'Zeitung', 'am', 'Frühstückstisch', 'in', 'der', 'Küche']",er,erzählt dem kind geschich
"F: Was ist das erste Wort des Satzes ""Wir feiern nächsten Monat eine große Geburtstagsparty.""? A:","['Wir', 'feiern', 'nächsten', 'Monat', 'eine', 'große', 'Geburtstagsparty']",wir,wir fahren die stadt zum 
"Schreibe das erste Wort des Satzes ""Er schreibt täglich in sein Tagebuch über seine Erlebnisse und Gedanken."": ","['Er', 'schreibt', 'täglich', 'in', 'sein', 'Tagebuch', 'über', 'seine', 'Erlebnisse', 'und', 'Gedanken']",er,
"F: Welches Wort steht am Anfang des Satzes ""Wir fahren oft mit dem Auto ins Gebirge zum Wandern.""? A:","['Wir', 'fahren', 'oft', 'mit', 'dem', 'Auto', 'ins', 'Gebirge', 'zum', 'Wandern']",wir,wir fahren durch die dort
"F: Was ist das erste Wort des Satzes ""Wir machen eine Pause und trinken frischen Kaffee in der Sonne.""? A:","['Wir', 'machen', 'eine', 'Pause', 'und', 'trinken', 'frischen', 'Kaffee', 'in', 'der', 'Sonne']",wir,wir machen eine tolle arb
"F: Was ist das erste Wort des Satzes ""Die Lampe leuchtet hell im Zimmer neben dem Bett.""? A:","['Die', 'Lampe', 'leuchtet', 'hell', 'im', 'Zimmer', 'neben', 'dem', 'Bett']",die,
"Schreibe das erste Wort des Satzes ""Der Hund rennt schnell durch den Park voller Freude."": ","['Der', 'Hund', 'rennt', 'schnell', 'durch', 'den', 'Park', 'voller', 'Freude']",der,der hund liebt den schnab
"F: Was ist das erste Wort des Satzes ""Ich koche heute eine Pizza mit frischem Gemüse.""? A:","['Ich', 'koche', 'heute', 'eine', 'Pizza', 'mit', 'frischem', 'Gemüse']",ich,
"F: Welches Wort steht am Anfang des Satzes ""Die Kinder malen bunte Bilder für das Schulprojekt im Kunstunterricht.""? A:","['Die', 'Kinder', 'malen', 'bunte', 'Bilder', 'für', 'das', 'Schulprojekt', 'im', 'Kunstunterricht']",die,die kinder spielen drauße
"Schreibe das erste Wort des Satzes ""Die Sonne scheint warm durch das Fenster ins Wohnzimmer."": ","['Die', 'Sonne', 'scheint', 'warm', 'durch', 'das', 'Fenster', 'ins', 'Wohnzimmer']",die,die kinder spielen fröhli
"F: Welches Wort steht am Anfang des Satzes ""Wir fahren mit dem Fahrrad durch den Park am Wochenende zum Entspannen.""? A:","['Wir', 'fahren', 'mit', 'dem', 'Fahrrad', 'durch', 'den', 'Park', 'am', 'Wochenende', 'zum', 'Entspannen']",wir,wir fahren durch den park
"Schreibe das erste Wort des Satzes ""Wir machen eine Wanderung durch die Berge am Wochenende."": ","['Wir', 'machen', 'eine', 'Wanderung', 'durch', 'die', 'Berge', 'am', 'Wochenende']",wir,wir fahren im winter durc
"F: Was ist das erste Wort des Satzes ""Der Hund bellt, wenn jemand an der Tür klingelt.""? A:","['Der', 'Hund', 'bellt', 'wenn', 'jemand', 'an', 'der', 'Tür', 'klingelt']",der,der laster läuft schnell 
"Schreibe das erste Wort des Satzes ""Wir besuchen am Wochenende das neue Theaterstück in der Stadt."": ","['Wir', 'besuchen', 'am', 'Wochenende', 'das', 'neue', 'Theaterstück', 'in', 'der', 'Stadt']",wir,wir fahren im sommer durc
"F: Was ist das erste Wort des Satzes ""Ich gehe gerne joggen im Wald am Morgen.""? A:","['Ich', 'gehe', 'gerne', 'joggen', 'im', 'Wald', 'am', 'Morgen']",ich,"ich gehe jeden sonntag.""?"
"F: Was ist das erste Wort des Satzes ""Sie schreibt eine E-Mail an ihre beste Freundin und erzählt Neuigkeiten.""? A:","['Sie', 'schreibt', 'eine', 'E-Mail', 'an', 'ihre', 'beste', 'Freundin', 'und', 'erzählt', 'Neuigkeiten']",sie,sie schreibt eine pause i
"F: Welches Wort steht am Anfang des Satzes ""Wir feiern heute Geburtstag mit Familie und Freunden zusammen.""? A:","['Wir', 'feiern', 'heute', 'Geburtstag', 'mit', 'Familie', 'und', 'Freunden', 'zusammen']",wir,wir fahren mit dem fahrra
"F: Was ist das erste Wort des Satzes ""Die Blumen blühen bunt im Frühling und Sommer.""? A:","['Die', 'Blumen', 'blühen', 'bunt', 'im', 'Frühling', 'und', 'Sommer']",die,die sonne scheint hell am
"Schreibe das erste Wort des Satzes ""Wir machen eine Fahrradtour entlang des Flusses bei schönem Wetter."": ","['Wir', 'machen', 'eine', 'Fahrradtour', 'entlang', 'des', 'Flusses', 'bei', 'schönem', 'Wetter']",wir,"wir besuchen das museum, "
"F: Was ist das erste Wort des Satzes ""Der Hund frisst sein Futter mit großem Appetit.""? A:","['Der', 'Hund', 'frisst', 'sein', 'Futter', 'mit', 'großem', 'Appetit']",der,der katze schläft auf dem
"F: Was ist das erste Wort des Satzes ""Ich mag es, im Herbst durch bunte Blätter zu laufen.""? A:","['Ich', 'mag', 'es', 'im', 'Herbst', 'durch', 'bunte', 'Blätter', 'zu', 'laufen']",ich,ich? ich höre musik beim 
"F: Welches Wort steht am Anfang des Satzes ""Wir besuchen im Sommer oft den See zum Schwimmen und Entspannen.""? A:","['Wir', 'besuchen', 'im', 'Sommer', 'oft', 'den', 'See', 'zum', 'Schwimmen', 'und', 'Entspannen']",wir,wir machen einen ausflug 
"F: Welches Wort steht am Anfang des Satzes ""Wir feiern heute das Fest mit Freunden und Familie zusammen.""? A:","['Wir', 'feiern', 'heute', 'das', 'Fest', 'mit', 'Freunden', 'und', 'Familie', 'zusammen']",wir,wir fahren mit dem fahrra
"F: Was ist das erste Wort des Satzes ""Sie kocht gern italienische Gerichte für ihre Freunde.""? A:","['Sie', 'kocht', 'gern', 'italienische', 'Gerichte', 'für', 'ihre', 'Freunde']",sie,sie lernt sich aus an ein
"F: Was ist das erste Wort des Satzes ""Ich lerne Deutsch, um besser arbeiten zu können.""? A:","['Ich', 'lerne', 'Deutsch', 'um', 'besser', 'arbeiten', 'zu', 'können']",ich,ich höre musik beim lerne
"F: Welches Wort steht am Anfang des Satzes ""Er schreibt täglich in sein Tagebuch über seine Gedanken.""? A:","['Er', 'schreibt', 'täglich', 'in', 'sein', 'Tagebuch', 'über', 'seine', 'Gedanken']",er,erlebnisse geben solche e
"F: Was ist das erste Wort des Satzes ""Sie spielt gern Klavier und übt jeden Tag fleißig.""? A:","['Sie', 'spielt', 'gern', 'Klavier', 'und', 'übt', 'jeden', 'Tag', 'fleißig']",sie,sie läuft gerne jeden mor
"F: Was ist das erste Wort des Satzes ""Das Auto ist schnell und sparsam im Verbrauch.""? A:","['Das', 'Auto', 'ist', 'schnell', 'und', 'sparsam', 'im', 'Verbrauch']",das,
"F: Welches Wort steht am Anfang des Satzes ""Der Vogel singt früh am Morgen ein fröhliches Lied draußen.""? A:","['Der', 'Vogel', 'singt', 'früh', 'am', 'Morgen', 'ein', 'fröhliches', 'Lied', 'draußen']",der,der katze schläft derweih
"Schreibe das erste Wort des Satzes ""Der Himmel ist klar und die Sterne leuchten in der Nacht."": ","['Der', 'Himmel', 'ist', 'klar', 'und', 'die', 'Sterne', 'leuchten', 'in', 'der', 'Nacht']",der,
"Schreibe das erste Wort des Satzes ""Ich koche heute eine leckere Tomatensuppe mit frischen Kräutern."": ","['Ich', 'koche', 'heute', 'eine', 'leckere', 'Tomatensuppe', 'mit', 'frischen', 'Kräutern']",ich,
"F: Welches Wort steht am Anfang des Satzes ""Ich trinke abends gerne warmen Kräutertee zum Entspannen.""? A:","['Ich', 'trinke', 'abends', 'gerne', 'warmen', 'Kräutertee', 'zum', 'Entspannen']",ich,
"Schreibe das erste Wort des Satzes ""Wir genießen den sonnigen Tag beim Spielen im Park zusammen."": ","['Wir', 'genießen', 'den', 'sonnigen', 'Tag', 'beim', 'Spielen', 'im', 'Park', 'zusammen']",wir,wir machen einen ausflug 
"Schreibe das erste Wort des Satzes ""Er liest täglich die Zeitung am Frühstückstisch zu Hause."": ","['Er', 'liest', 'täglich', 'die', 'Zeitung', 'am', 'Frühstückstisch', 'zu', 'Hause']",er,er schreibt eine e-mail a
"F: Welches Wort steht am Anfang des Satzes ""Wir fahren im Herbst oft mit dem Auto ins Gebirge.""? A:","['Wir', 'fahren', 'im', 'Herbst', 'oft', 'mit', 'dem', 'Auto', 'ins', 'Gebirge']",wir,wir fahren im sommer oft 
"F: Welches Wort steht am Anfang des Satzes ""Er fährt mit dem Zug zur Arbeit in die Stadt jeden Tag heute.""? A:","['Er', 'fährt', 'mit', 'dem', 'Zug', 'zur', 'Arbeit', 'in', 'die', 'Stadt', 'jeden', 'Tag', 'heute']",er,erhalten sollte die gebur
"Schreibe das erste Wort des Satzes ""Die Sonne scheint warm und hell durch die geöffneten Fenster."": ","['Die', 'Sonne', 'scheint', 'warm', 'und', 'hell', 'durch', 'die', 'geöffneten', 'Fenster']",die,die sonne scheint hell un
"F: Was ist das erste Wort des Satzes ""Ich esse gern Schokolade und süße Kuchen.""? A:","['Ich', 'esse', 'gern', 'Schokolade', 'und', 'süße', 'Kuchen']",ich,ich schwimme mit einem ba
"Schreibe das erste Wort des Satzes ""Ich gehe abends oft spazieren, um den Kopf frei zu bekommen."": ","['Ich', 'gehe', 'abends', 'oft', 'spazieren', 'um', 'den', 'Kopf', 'frei', 'zu', 'bekommen']",ich,ich höre meine brille kla
"F: Welches Wort steht am Anfang des Satzes ""Wir besuchen das Museum, um Kunst zu lernen und zu bewundern.""? A:","['Wir', 'besuchen', 'das', 'Museum', 'um', 'Kunst', 'zu', 'lernen', 'und', 'zu', 'bewundern']",wir,wir machen eine woche lan
"Schreibe das erste Wort des Satzes ""Ich genieße den Duft von frischem Kaffee am frühen Morgen."": ","['Ich', 'genieße', 'den', 'Duft', 'von', 'frischem', 'Kaffee', 'am', 'frühen', 'Morgen']",ich,
"F: Welches Wort steht am Anfang des Satzes ""Sie liest gern Romane über Abenteuer und spannende Geschichten.""? A:","['Sie', 'liest', 'gern', 'Romane', 'über', 'Abenteuer', 'und', 'spannende', 'Geschichten']",sie,sie schreibt eine e-mail 
"F: Welches Wort steht am Anfang des Satzes ""Ich lese oft Bücher über Geschichte und interessante Kulturen weltweit.""? A:","['Ich', 'lese', 'oft', 'Bücher', 'über', 'Geschichte', 'und', 'interessante', 'Kulturen', 'weltweit']",ich,
"Schreibe das erste Wort des Satzes ""Die Katze schnurrt zufrieden, wenn sie gestreichelt wird vom Besitzer."": ","['Die', 'Katze', 'schnurrt', 'zufrieden', 'wenn', 'sie', 'gestreichelt', 'wird', 'vom', 'Besitzer']",die,die katze schnurrt leise 
"F: Welches Wort steht am Anfang des Satzes ""Die Katze schnurrt zufrieden, wenn sie gestreichelt wird.""? A:","['Die', 'Katze', 'schnurrt', 'zufrieden', 'wenn', 'sie', 'gestreichelt', 'wird']",die,die katze schnurrt leise 
"F: Was ist das erste Wort des Satzes ""Die Lampe leuchtet hell im dunklen Zimmer.""? A:","['Die', 'Lampe', 'leuchtet', 'hell', 'im', 'dunklen', 'Zimmer']",die,die kinder spielen drauße
"Schreibe das erste Wort des Satzes ""Der Lehrer erklärt geduldig die schwierigen Grammatikregeln im Unterricht."": ","['Der', 'Lehrer', 'erklärt', 'geduldig', 'die', 'schwierigen', 'Grammatikregeln', 'im', 'Unterricht']",der,"der vorsteher wort ""gedul"
"F: Was ist das erste Wort des Satzes ""Wir besuchen nächste Woche das neue Museum in der Stadt.""? A:","['Wir', 'besuchen', 'nächste', 'Woche', 'das', 'neue', 'Museum', 'in', 'der', 'Stadt']",wir,wir besuchen das schulfes
"F: Welches Wort steht am Anfang des Satzes ""Wir fahren im Winter in die Berge zum Skifahren und Rodeln oft heute.""? A:","['Wir', 'fahren', 'im', 'Winter', 'in', 'die', 'Berge', 'zum', 'Skifahren', 'und', 'Rodeln', 'oft', 'heute']",wir,wir fahren im winter oft 
"F: Was ist das erste Wort des Satzes ""Wir machen einen Spaziergang durch den Wald am Nachmittag.""? A:","['Wir', 'machen', 'einen', 'Spaziergang', 'durch', 'den', 'Wald', 'am', 'Nachmittag']",wir,wir fahren durch die durc
"Schreibe das erste Wort des Satzes ""Die Kinder basteln Laternen für das Martinsfest in der Schule."": ","['Die', 'Kinder', 'basteln', 'Laternen', 'für', 'das', 'Martinsfest', 'in', 'der', 'Schule']",die,die kinderzeitung ist kla
"Schreibe das erste Wort des Satzes ""Sie pflückt Wildblumen und bindet einen bunten Strauß daraus."": ","['Sie', 'pflückt', 'Wildblumen', 'und', 'bindet', 'einen', 'bunten', 'Strauß', 'daraus']",sie,sie schläft friedlich und
"F: Was ist das erste Wort des Satzes ""Der Lehrer erklärt die Grammatik sehr geduldig und klar.""? A:","['Der', 'Lehrer', 'erklärt', 'die', 'Grammatik', 'sehr', 'geduldig', 'und', 'klar']",der,der wortheutertag kommt v
"F: Welches Wort steht am Anfang des Satzes ""Wir machen eine Radtour am Wochenende entlang des Flusses.""? A:","['Wir', 'machen', 'eine', 'Radtour', 'am', 'Wochenende', 'entlang', 'des', 'Flusses']",wir,wir fahren mit dem fahrra
"Schreibe das erste Wort des Satzes ""Sie tanzt leidenschaftlich gern jeden Samstagabend in der Tanzschule."": ","['Sie', 'tanzt', 'leidenschaftlich', 'gern', 'jeden', 'Samstagabend', 'in', 'der', 'Tanzschule']",sie,
"F: Was ist das erste Wort des Satzes ""Wir fahren mit dem Zug in die nächste Stadt.""? A:","['Wir', 'fahren', 'mit', 'dem', 'Zug', 'in', 'die', 'nächste', 'Stadt']",wir,wir fahren durch die nach
"F: Welches Wort steht am Anfang des Satzes ""Er fährt mit dem Zug pünktlich zur Arbeit in die Stadt.""? A:","['Er', 'fährt', 'mit', 'dem', 'Zug', 'pünktlich', 'zur', 'Arbeit', 'in', 'die', 'Stadt']",er,"erinnerung gedanken.""? a:"
"F: Was ist das erste Wort des Satzes ""Ich trinke abends gern eine heiße Tasse Tee.""? A:","['Ich', 'trinke', 'abends', 'gern', 'eine', 'heiße', 'Tasse', 'Tee']",ich,"ich höre beim arbeiten.""?"
"Schreibe das erste Wort des Satzes ""Der Himmel färbt sich rosa beim Sonnenaufgang über den Bergen."": ","['Der', 'Himmel', 'färbt', 'sich', 'rosa', 'beim', 'Sonnenaufgang', 'über', 'den', 'Bergen']",der,der himmel ist heute weg.
"F: Was ist das erste Wort des Satzes ""Wir treffen uns morgen im Café zum Frühstücken.""? A:","['Wir', 'treffen', 'uns', 'morgen', 'im', 'Café', 'zum', 'Frühstücken']",wir,"wir fahren im winter.""? a"
"F: Was ist das erste Wort des Satzes ""Der Film war spannend und sehr unterhaltsam.""? A:","['Der', 'Film', 'war', 'spannend', 'und', 'sehr', 'unterhaltsam']",der,der film war sehr gemeins
"F: Was ist das erste Wort des Satzes ""Der Fluss fließt ruhig durch die grüne Landschaft.""? A:","['Der', 'Fluss', 'fließt', 'ruhig', 'durch', 'die', 'grüne', 'Landschaft']",der,der himmel ist bekannt. w
"F: Was ist das erste Wort des Satzes ""Ich lerne jeden Tag neue deutsche Wörter und Redewendungen für den Alltag.""? A:","['Ich', 'lerne', 'jeden', 'Tag', 'neue', 'deutsche', 'Wörter', 'und', 'Redewendungen', 'für', 'den', 'Alltag']",ich,"ich habe gesprochen.""? a:"
"Schreibe das erste Wort des Satzes ""Die Kinder spielen draußen im Garten Verstecken und haben viel Spaß."": ","['Die', 'Kinder', 'spielen', 'draußen', 'im', 'Garten', 'Verstecken', 'und', 'haben', 'viel', 'Spaß']",die,die kinder spielen drauße
"Schreibe das erste Wort des Satzes ""Die Kinder basteln Laternen für das Martinsfest in der Schule."": ","['Die', 'Kinder', 'basteln', 'Laternen', 'für', 'das', 'Martinsfest', 'in', 'der', 'Schule']",die,die kinderzeitung ist kla
"Schreibe das erste Wort des Satzes ""Er fährt täglich mit dem Fahrrad zur Arbeit in die Stadt."": ","['Er', 'fährt', 'täglich', 'mit', 'dem', 'Fahrrad', 'zur', 'Arbeit', 'in', 'die', 'Stadt']",er,er schreibt eine e-mail a
"F: Was ist das erste Wort des Satzes ""Der Hund bellt, wenn jemand an der Tür klingelt.""? A:","['Der', 'Hund', 'bellt', 'wenn', 'jemand', 'an', 'der', 'Tür', 'klingelt']",der,der laster läuft schnell 
"F: Was ist das erste Wort des Satzes ""Sie liest gern spannende Bücher über Abenteuer.""? A:","['Sie', 'liest', 'gern', 'spannende', 'Bücher', 'über', 'Abenteuer']",sie,sie schreibt eine postkar
"F: Welches Wort steht am Anfang des Satzes ""Die Katze spielt mit ihrem Lieblingsspielzeug auf dem Wohnzimmerboden.""? A:","['Die', 'Katze', 'spielt', 'mit', 'ihrem', 'Lieblingsspielzeug', 'auf', 'dem', 'Wohnzimmerboden']",die,die katze schläft auf dem
"F: Welches Wort steht am Anfang des Satzes ""Ich trinke gerne schwarzen Kaffee mit etwas Zucker und Milch.""? A:","['Ich', 'trinke', 'gerne', 'schwarzen', 'Kaffee', 'mit', 'etwas', 'Zucker', 'und', 'Milch']",ich,
"F: Was ist das erste Wort des Satzes ""Sie hört Musik, während sie ihre Hausaufgaben macht und sich konzentriert.""? A:","['Sie', 'hört', 'Musik', 'während', 'sie', 'ihre', 'Hausaufgaben', 'macht', 'und', 'sich', 'konzentriert']",sie,sie schreibt eine postkar
"F: Welches Wort steht am Anfang des Satzes ""Sie liest gern spannende Bücher über ferne Länder und Kulturen oft.""? A:","['Sie', 'liest', 'gern', 'spannende', 'Bücher', 'über', 'ferne', 'Länder', 'und', 'Kulturen', 'oft']",sie,sieht man den buchstaben?
"Schreibe das erste Wort des Satzes ""Das Wetter ist heute ideal zum Fahrradfahren im Park."": ","['Das', 'Wetter', 'ist', 'heute', 'ideal', 'zum', 'Fahrradfahren', 'im', 'Park']",das,
"F: Was ist das erste Wort des Satzes ""Wir feiern nächsten Monat eine große Geburtstagsparty zu Hause mit Freunden und Familie.""? A:","['Wir', 'feiern', 'nächsten', 'Monat', 'eine', 'große', 'Geburtstagsparty', 'zu', 'Hause', 'mit', 'Freunden', 'und', 'Familie']",wir,wir fahren mit dem fahrra
"F: Was ist das erste Wort des Satzes ""Der Vogel singt ein schönes Lied am Morgen.""? A:","['Der', 'Vogel', 'singt', 'ein', 'schönes', 'Lied', 'am', 'Morgen']",der,der lehrer lobt das wort 
"Schreibe das erste Wort des Satzes ""Sie schreibt einen Brief an ihre beste Freundin in Berlin."": ","['Sie', 'schreibt', 'einen', 'Brief', 'an', 'ihre', 'beste', 'Freundin', 'in', 'Berlin']",sie,sie lernt seit einem buch
"F: Welches Wort steht am Anfang des Satzes ""Der Himmel ist blau und die Sonne scheint hell und warm heute.""? A:","['Der', 'Himmel', 'ist', 'blau', 'und', 'die', 'Sonne', 'scheint', 'hell', 'und', 'warm', 'heute']",der,der winter im wochenenker
"Schreibe das erste Wort des Satzes ""Wir genießen den sonnigen Tag beim Picknick im Park zusammen."": ","['Wir', 'genießen', 'den', 'sonnigen', 'Tag', 'beim', 'Picknick', 'im', 'Park', 'zusammen']",wir,wir fahren im sommer oft 
"F: Was ist das erste Wort des Satzes ""Wir fahren im Sommer an den See zum Baden.""? A:","['Wir', 'fahren', 'im', 'Sommer', 'an', 'den', 'See', 'zum', 'Baden']",wir,wir fahren im sommer am w
"F: Was ist das erste Wort des Satzes ""Der Hund läuft schnell durch den großen Garten und spielt.""? A:","['Der', 'Hund', 'läuft', 'schnell', 'durch', 'den', 'großen', 'Garten', 'und', 'spielt']",der,der vogel schläft fröhlic
"F: Was ist das erste Wort des Satzes ""Der Zug kommt pünktlich am Bahnhof an.""? A:","['Der', 'Zug', 'kommt', 'pünktlich', 'am', 'Bahnhof', 'an']",der,der fährt durch die stadt
"F: Welches Wort steht am Anfang des Satzes ""Wir gehen heute Abend ins Restaurant zum gemütlichen Essen.""? A:","['Wir', 'gehen', 'heute', 'Abend', 'ins', 'Restaurant', 'zum', 'gemütlichen', 'Essen']",wir,wir fahren mit dem fahrra
"F: Was ist das erste Wort des Satzes ""Sie schreibt eine Postkarte an ihre Großeltern.""? A:","['Sie', 'schreibt', 'eine', 'Postkarte', 'an', 'ihre', 'Großeltern']",sie,sie schreibt eine postkar
"F: Was ist das erste Wort des Satzes ""Wir fahren im Sommer ans Meer zum Schwimmen.""? A:","['Wir', 'fahren', 'im', 'Sommer', 'ans', 'Meer', 'zum', 'Schwimmen']",wir,wir fahren mit dem fahrra
"F: Was ist das erste Wort des Satzes ""Ich höre gern Podcasts über Wissenschaft und Technik.""? A:","['Ich', 'höre', 'gern', 'Podcasts', 'über', 'Wissenschaft', 'und', 'Technik']",ich,
"Schreibe das erste Wort des Satzes ""Er fährt jeden Tag mit dem Fahrrad zur Arbeit in die Stadt."": ","['Er', 'fährt', 'jeden', 'Tag', 'mit', 'dem', 'Fahrrad', 'zur', 'Arbeit', 'in', 'die', 'Stadt']",er,
"Schreibe das erste Wort des Satzes ""Der Hund wartet geduldig vor der Haustür auf seinen Spaziergang."": ","['Der', 'Hund', 'wartet', 'geduldig', 'vor', 'der', 'Haustür', 'auf', 'seinen', 'Spaziergang']",der,der hund schläft friedlic
"F: Was ist das erste Wort des Satzes ""Wir machen eine Wanderung durch den schönen Wald.""? A:","['Wir', 'machen', 'eine', 'Wanderung', 'durch', 'den', 'schönen', 'Wald']",wir,wir fahren im winter in d
"F: Welches Wort steht am Anfang des Satzes ""Der Hund liegt entspannt auf dem Teppich vor dem Kamin.""? A:","['Der', 'Hund', 'liegt', 'entspannt', 'auf', 'dem', 'Teppich', 'vor', 'dem', 'Kamin']",der,der kamin begraben konnte
"Schreibe das erste Wort des Satzes ""Ich genieße die Ruhe beim Lesen eines guten Romans am Abend."": ","['Ich', 'genieße', 'die', 'Ruhe', 'beim', 'Lesen', 'eines', 'guten', 'Romans', 'am', 'Abend']",ich,ich lese oft spannende ro
"F: Welches Wort steht am Anfang des Satzes ""Die Katze spielt mit ihrem Lieblingsspielzeug im Wohnzimmer fröhlich.""? A:","['Die', 'Katze', 'spielt', 'mit', 'ihrem', 'Lieblingsspielzeug', 'im', 'Wohnzimmer', 'fröhlich']",die,die katze schläft auf dem
"F: Was ist das erste Wort des Satzes ""Wir fahren im Winter oft in die Berge zum Skifahren.""? A:","['Wir', 'fahren', 'im', 'Winter', 'oft', 'in', 'die', 'Berge', 'zum', 'Skifahren']",wir,wir fahren die stadt woch
"F: Welches Wort steht am Anfang des Satzes ""Sie kocht leckere Gerichte mit frischem Gemüse aus dem Garten.""? A:","['Sie', 'kocht', 'leckere', 'Gerichte', 'mit', 'frischem', 'Gemüse', 'aus', 'dem', 'Garten']",sie,sie kocht gerne gerichtig
"Schreibe das erste Wort des Satzes ""Die Kinder spielen draußen im Park mit bunten Luftballons und lachen."": ","['Die', 'Kinder', 'spielen', 'draußen', 'im', 'Park', 'mit', 'bunten', 'Luftballons', 'und', 'lachen']",die,die katzen spielen im gar
"Schreibe das erste Wort des Satzes ""Ich trinke morgens heißen Kaffee, um wach zu werden."": ","['Ich', 'trinke', 'morgens', 'heißen', 'Kaffee', 'um', 'wach', 'zu', 'werden']",ich,ich höre musik beim koche
"Schreibe das erste Wort des Satzes ""Die Katze schnurrt leise, während sie auf dem Schoß sitzt."": ","['Die', 'Katze', 'schnurrt', 'leise', 'während', 'sie', 'auf', 'dem', 'Schoß', 'sitzt']",die,dieser schläft schon schö
"F: Welches Wort steht am Anfang des Satzes ""Ich trinke abends oft einen Kräutertee zum Entspannen vor dem Schlaf.""? A:","['Ich', 'trinke', 'abends', 'oft', 'einen', 'Kräutertee', 'zum', 'Entspannen', 'vor', 'dem', 'Schlaf']",ich,ich trinke morgens eine t
"F: Welches Wort steht am Anfang des Satzes ""Ich koche heute eine cremige Kürbissuppe mit frischen Gewürzen.""? A:","['Ich', 'koche', 'heute', 'eine', 'cremige', 'Kürbissuppe', 'mit', 'frischen', 'Gewürzen']",ich,ich koche heute einen sam
"F: Was ist das erste Wort des Satzes ""Wir gehen heute Abend ins Theater und sehen ein Stück.""? A:","['Wir', 'gehen', 'heute', 'Abend', 'ins', 'Theater', 'und', 'sehen', 'ein', 'Stück']",wir,wir fahren die straßen am
"Schreibe das erste Wort des Satzes ""Der Vogel zwitschert munter im Baum vor unserem Fenster."": ","['Der', 'Vogel', 'zwitschert', 'munter', 'im', 'Baum', 'vor', 'unserem', 'Fenster']",der,der himmel und himmel heu
"F: Was ist das erste Wort des Satzes ""Die Blumen im Park blühen bunt und duften angenehm.""? A:","['Die', 'Blumen', 'im', 'Park', 'blühen', 'bunt', 'und', 'duften', 'angenehm']",die,dieselben schönen sonnens
"F: Welches Wort steht am Anfang des Satzes ""Er fährt jeden Morgen mit dem Fahrrad zur Arbeit in die Stadt.""? A:","['Er', 'fährt', 'jeden', 'Morgen', 'mit', 'dem', 'Fahrrad', 'zur', 'Arbeit', 'in', 'die', 'Stadt']",er,eröffnungszeit statt zur 
"F: Welches Wort steht am Anfang des Satzes ""Die Lampe leuchtet hell im Zimmer neben dem Bett und Tisch heute.""? A:","['Die', 'Lampe', 'leuchtet', 'hell', 'im', 'Zimmer', 'neben', 'dem', 'Bett', 'und', 'Tisch', 'heute']",die,
