Input,Options,Expected,Predicted
"F: Welches Wort steht am Ende des Satzes ""Sie schreibt regelmäßig Briefe an ihre Großeltern auf dem Land.""? A:","['Sie', 'schreibt', 'regelmäßig', 'Briefe', 'an', 'ihre', 'Großeltern', 'auf', 'dem', 'Land']",Land,dem
"F: Welches Wort steht am Ende des Satzes ""Sie trägt eine rote Jacke im Winter und warme Stiefel dazu.""? A:","['Sie', 'trägt', 'eine', 'rote', 'Jacke', 'im', 'Winter', 'und', 'warme', 'Stiefel', 'dazu']",dazu,winter
"F: Welches Wort steht am Ende des Satzes ""Wir machen eine Wanderung durch den Wald bei schönem Wetter.""? A:","['Wir', 'machen', 'eine', 'Wanderung', 'durch', 'den', 'Wald', 'bei', 'schönem', 'Wetter']",Wetter,schönem
"F: Was ist das letzte Wort des Satzes ""Der Hund bellt laut, wenn jemand an der Tür klingelt.""? A:","['Der', 'Hund', 'bellt', 'laut', 'wenn', 'jemand', 'an', 'der', 'Tür', 'klingelt']",klingelt,tür
"Schreibe das letzte Wort des Satzes ""Der Hund kuschelt sich zufrieden in seine warme Decke."": ","['Der', 'Hund', 'kuschelt', 'sich', 'zufrieden', 'in', 'seine', 'warme', 'Decke']",Decke,in
"F: Welches Wort steht am Ende des Satzes ""Wir besuchen das Schloss im nahegelegenen Ort am Sonntag.""? A:","['Wir', 'besuchen', 'das', 'Schloss', 'im', 'nahegelegenen', 'Ort', 'am', 'Sonntag']",Sonntag,schloss
"F: Welches Wort steht am Ende des Satzes ""Ich höre Musik, während ich meine Hausaufgaben mache zu Hause.""? A:","['Ich', 'höre', 'Musik', 'während', 'ich', 'meine', 'Hausaufgaben', 'mache', 'zu', 'Hause']",Hause,mache
"Schreibe das letzte Wort des Satzes ""Er fährt jeden Morgen mit dem Fahrrad zur Arbeit in die Stadt."": ","['Er', 'fährt', 'jeden', 'Morgen', 'mit', 'dem', 'Fahrrad', 'zur', 'Arbeit', 'in', 'die', 'Stadt']",Stadt,dem
"F: Was ist das letzte Wort des Satzes ""Ich koche heute eine Suppe mit frischem Gemüse.""? A:","['Ich', 'koche', 'heute', 'eine', 'Suppe', 'mit', 'frischem', 'Gemüse']",Gemüse,heute
"Schreibe das letzte Wort des Satzes ""Die Katze schläft zufrieden auf dem gemütlichen Sofa im Wohnzimmer."": ","['Die', 'Katze', 'schläft', 'zufrieden', 'auf', 'dem', 'gemütlichen', 'Sofa', 'im', 'Wohnzimmer']",Wohnzimmer,schläft
"Schreibe das letzte Wort des Satzes ""Das Kind malt ein buntes Bild mit Wasserfarben."": ","['Das', 'Kind', 'malt', 'ein', 'buntes', 'Bild', 'mit', 'Wasserfarben']",Wasserfarben,mit
"F: Was ist das letzte Wort des Satzes ""Der Film war spannend und hat mir gut gefallen.""? A:","['Der', 'Film', 'war', 'spannend', 'und', 'hat', 'mir', 'gut', 'gefallen']",gefallen,mir
"F: Was ist das letzte Wort des Satzes ""Der Hund liebt es, im Park mit anderen Hunden zu spielen.""? A:","['Der', 'Hund', 'liebt', 'es', 'im', 'Park', 'mit', 'anderen', 'Hunden', 'zu', 'spielen']",spielen,spielen
"F: Welches Wort steht am Ende des Satzes ""Sie liest gern Sachbücher über Geschichte und Naturwissenschaften.""? A:","['Sie', 'liest', 'gern', 'Sachbücher', 'über', 'Geschichte', 'und', 'Naturwissenschaften']",Naturwissenschaften,sie
"Schreibe das letzte Wort des Satzes ""Der Lehrer erklärt geduldig neue Vokabeln im Deutschunterricht der Klasse."": ","['Der', 'Lehrer', 'erklärt', 'geduldig', 'neue', 'Vokabeln', 'im', 'Deutschunterricht', 'der', 'Klasse']",Klasse,der
"F: Was ist das letzte Wort des Satzes ""Ich lese oft Bücher über Geschichte und Kultur.""? A:","['Ich', 'lese', 'oft', 'Bücher', 'über', 'Geschichte', 'und', 'Kultur']",Kultur,kultur
"F: Welches Wort steht am Ende des Satzes ""Bitte öffne das Fenster, es ist warm und stickig im Zimmer.""? A:","['Bitte', 'öffne', 'das', 'Fenster', 'es', 'ist', 'warm', 'und', 'stickig', 'im', 'Zimmer']",Zimmer,warm
"F: Was ist das letzte Wort des Satzes ""Ich esse morgens oft frisches Obst und Joghurt zum Frühstück.""? A:","['Ich', 'esse', 'morgens', 'oft', 'frisches', 'Obst', 'und', 'Joghurt', 'zum', 'Frühstück']",Frühstück,frisches
"Schreibe das letzte Wort des Satzes ""Sie kocht heute ein neues Rezept mit viel Gemüse und Kräutern."": ","['Sie', 'kocht', 'heute', 'ein', 'neues', 'Rezept', 'mit', 'viel', 'Gemüse', 'und', 'Kräutern']",Kräutern,sie
"Schreibe das letzte Wort des Satzes ""Die Kinder spielen draußen im Park mit Freunden und Ball."": ","['Die', 'Kinder', 'spielen', 'draußen', 'im', 'Park', 'mit', 'Freunden', 'und', 'Ball']",Ball,kinder
"F: Was ist das letzte Wort des Satzes ""Sie schreibt eine E-Mail an ihre beste Freundin.""? A:","['Sie', 'schreibt', 'eine', 'E-Mail', 'an', 'ihre', 'beste', 'Freundin']",Freundin,beste
"F: Was ist das letzte Wort des Satzes ""Ich mag es, im Herbst durch bunte Blätter zu laufen.""? A:","['Ich', 'mag', 'es', 'im', 'Herbst', 'durch', 'bunte', 'Blätter', 'zu', 'laufen']",laufen,ich
"F: Was ist das letzte Wort des Satzes ""Die Blumen blühen bunt und duften angenehm im Frühling.""? A:","['Die', 'Blumen', 'blühen', 'bunt', 'und', 'duften', 'angenehm', 'im', 'Frühling']",Frühling,bunt
"Schreibe das letzte Wort des Satzes ""Wir machen eine Fahrradtour entlang des Flusses im Sommer."": ","['Wir', 'machen', 'eine', 'Fahrradtour', 'entlang', 'des', 'Flusses', 'im', 'Sommer']",Sommer,fahrradtour
"F: Welches Wort steht am Ende des Satzes ""Sie trinkt abends gerne einen warmen Kräutertee zum Entspannen.""? A:","['Sie', 'trinkt', 'abends', 'gerne', 'einen', 'warmen', 'Kräutertee', 'zum', 'Entspannen']",Entspannen,entspannen
"Schreibe das letzte Wort des Satzes ""Ich höre beim Joggen motivierende Musik, die mich antreibt."": ","['Ich', 'höre', 'beim', 'Joggen', 'motivierende', 'Musik', 'die', 'mich', 'antreibt']",antreibt,die
"Schreibe das letzte Wort des Satzes ""Sie tanzt voller Freude zu ihrer Lieblingsmusik am Wochenende."": ","['Sie', 'tanzt', 'voller', 'Freude', 'zu', 'ihrer', 'Lieblingsmusik', 'am', 'Wochenende']",Wochenende,lieblingsmusik
"F: Welches Wort steht am Ende des Satzes ""Die Kinder spielen fröhlich im Sandkasten im Garten zusammen.""? A:","['Die', 'Kinder', 'spielen', 'fröhlich', 'im', 'Sandkasten', 'im', 'Garten', 'zusammen']",zusammen,spielen
"F: Was ist das letzte Wort des Satzes ""Die Katze schläft gerne auf dem warmen Sofa.""? A:","['Die', 'Katze', 'schläft', 'gerne', 'auf', 'dem', 'warmen', 'Sofa']",Sofa,katze
"F: Welches Wort steht am Ende des Satzes ""Wir besuchen das Schloss im nahegelegenen Ort am Sonntag oft.""? A:","['Wir', 'besuchen', 'das', 'Schloss', 'im', 'nahegelegenen', 'Ort', 'am', 'Sonntag', 'oft']",oft,im
"F: Welches Wort steht am Ende des Satzes ""Sie kocht gern italienische Gerichte für ihre Familie am Wochenende.""? A:","['Sie', 'kocht', 'gern', 'italienische', 'Gerichte', 'für', 'ihre', 'Familie', 'am', 'Wochenende']",Wochenende,sie
"F: Welches Wort steht am Ende des Satzes ""Sie tanzt begeistert bei der Tanzstunde am Freitagabend in der Halle.""? A:","['Sie', 'tanzt', 'begeistert', 'bei', 'der', 'Tanzstunde', 'am', 'Freitagabend', 'in', 'der', 'Halle']",Halle,freitagabend
"F: Was ist das letzte Wort des Satzes ""Die Katze schläft gerne auf dem warmen Sofa zu Hause.""? A:","['Die', 'Katze', 'schläft', 'gerne', 'auf', 'dem', 'warmen', 'Sofa', 'zu', 'Hause']",Hause,gerne
"Schreibe das letzte Wort des Satzes ""Sie schreibt liebevolle Briefe an ihre Verwandten im Ausland."": ","['Sie', 'schreibt', 'liebevolle', 'Briefe', 'an', 'ihre', 'Verwandten', 'im', 'Ausland']",Ausland,sie
"F: Was ist das letzte Wort des Satzes ""Wir machen einen Ausflug in den Wald am Wochenende.""? A:","['Wir', 'machen', 'einen', 'Ausflug', 'in', 'den', 'Wald', 'am', 'Wochenende']",Wochenende,wir
"F: Was ist das letzte Wort des Satzes ""Sie tanzt jeden Freitag im Tanzkurs mit großer Freude.""? A:","['Sie', 'tanzt', 'jeden', 'Freitag', 'im', 'Tanzkurs', 'mit', 'großer', 'Freude']",Freude,mit
"Schreibe das letzte Wort des Satzes ""Ich lese abends gern spannende Krimis vor dem Einschlafen."": ","['Ich', 'lese', 'abends', 'gern', 'spannende', 'Krimis', 'vor', 'dem', 'Einschlafen']",Einschlafen,ich
"F: Was ist das letzte Wort des Satzes ""Bitte öffne das Fenster, es ist sehr warm hier.""? A:","['Bitte', 'öffne', 'das', 'Fenster', 'es', 'ist', 'sehr', 'warm', 'hier']",hier,ist
"F: Was ist das letzte Wort des Satzes ""Ich gehe jeden Sonntag in die Kirche.""? A:","['Ich', 'gehe', 'jeden', 'Sonntag', 'in', 'die', 'Kirche']",Kirche,ich
"F: Welches Wort steht am Ende des Satzes ""Die Kinder spielen draußen im Garten mit Freunden und haben viel Spaß heute.""? A:","['Die', 'Kinder', 'spielen', 'draußen', 'im', 'Garten', 'mit', 'Freunden', 'und', 'haben', 'viel', 'Spaß', 'heute']",heute,garten
"F: Was ist das letzte Wort des Satzes ""Sie macht jeden Morgen Yoga zur Entspannung.""? A:","['Sie', 'macht', 'jeden', 'Morgen', 'Yoga', 'zur', 'Entspannung']",Entspannung,sie
"F: Was ist das letzte Wort des Satzes ""Das Buch ist spannend und sehr gut geschrieben.""? A:","['Das', 'Buch', 'ist', 'spannend', 'und', 'sehr', 'gut', 'geschrieben']",geschrieben,geschrieben
"F: Was ist das letzte Wort des Satzes ""Ich gehe jeden Sonntag in die Kirche.""? A:","['Ich', 'gehe', 'jeden', 'Sonntag', 'in', 'die', 'Kirche']",Kirche,gehe
"F: Was ist das letzte Wort des Satzes ""Der Zug fährt pünktlich um acht Uhr vom Bahnhof ab.""? A:","['Der', 'Zug', 'fährt', 'pünktlich', 'um', 'acht', 'Uhr', 'vom', 'Bahnhof', 'ab']",ab,pünktlich
"F: Welches Wort steht am Ende des Satzes ""Wir besuchen das Schloss im nahegelegenen Ort am Sonntag.""? A:","['Wir', 'besuchen', 'das', 'Schloss', 'im', 'nahegelegenen', 'Ort', 'am', 'Sonntag']",Sonntag,im
"F: Welches Wort steht am Ende des Satzes ""Wir machen eine Radtour am Wochenende entlang des Flusses.""? A:","['Wir', 'machen', 'eine', 'Radtour', 'am', 'Wochenende', 'entlang', 'des', 'Flusses']",Flusses,wir
"Schreibe das letzte Wort des Satzes ""Ich mache jeden Morgen Yoga, um entspannt in den Tag zu starten."": ","['Ich', 'mache', 'jeden', 'Morgen', 'Yoga', 'um', 'entspannt', 'in', 'den', 'Tag', 'zu', 'starten']",starten,starten
"F: Was ist das letzte Wort des Satzes ""Am Wochenende machen wir eine lange Wanderung in den Bergen.""? A:","['Am', 'Wochenende', 'machen', 'wir', 'eine', 'lange', 'Wanderung', 'in', 'den', 'Bergen']",Bergen,lange
"Schreibe das letzte Wort des Satzes ""Der Vogel zwitschert laut und munter in den frühen Morgenstunden."": ","['Der', 'Vogel', 'zwitschert', 'laut', 'und', 'munter', 'in', 'den', 'frühen', 'Morgenstunden']",Morgenstunden,munter
"F: Welches Wort steht am Ende des Satzes ""Wir feiern Ostern traditionell mit bunten Eiern und der Familie.""? A:","['Wir', 'feiern', 'Ostern', 'traditionell', 'mit', 'bunten', 'Eiern', 'und', 'der', 'Familie']",Familie,familie
"F: Welches Wort steht am Ende des Satzes ""Der Hund rennt schnell über die Wiese im Park.""? A:","['Der', 'Hund', 'rennt', 'schnell', 'über', 'die', 'Wiese', 'im', 'Park']",Park,im
"Schreibe das letzte Wort des Satzes ""Wir feiern Weihnachten mit der Familie und vielen leckeren Plätzchen."": ","['Wir', 'feiern', 'Weihnachten', 'mit', 'der', 'Familie', 'und', 'vielen', 'leckeren', 'Plätzchen']",Plätzchen,feiern
"F: Was ist das letzte Wort des Satzes ""Die Sonne scheint warm auf die grünen Wiesen.""? A:","['Die', 'Sonne', 'scheint', 'warm', 'auf', 'die', 'grünen', 'Wiesen']",Wiesen,wiesen
"Schreibe das letzte Wort des Satzes ""Die Kinder sammeln bunte Blätter im Park für ein Projekt."": ","['Die', 'Kinder', 'sammeln', 'bunte', 'Blätter', 'im', 'Park', 'für', 'ein', 'Projekt']",Projekt,kinder
"F: Was ist das letzte Wort des Satzes ""Die Katze schläft den ganzen Tag auf dem Sofa.""? A:","['Die', 'Katze', 'schläft', 'den', 'ganzen', 'Tag', 'auf', 'dem', 'Sofa']",Sofa,tag
"Schreibe das letzte Wort des Satzes ""Die Kinder spielen draußen im Garten Verstecken und haben Spaß."": ","['Die', 'Kinder', 'spielen', 'draußen', 'im', 'Garten', 'Verstecken', 'und', 'haben', 'Spaß']",Spaß,kinder
"F: Welches Wort steht am Ende des Satzes ""Die Katze jagt spielerisch den kleinen roten Laserpunkt im Wohnzimmer.""? A:","['Die', 'Katze', 'jagt', 'spielerisch', 'den', 'kleinen', 'roten', 'Laserpunkt', 'im', 'Wohnzimmer']",Wohnzimmer,katze
"F: Was ist das letzte Wort des Satzes ""Sie hört gern Musik beim Arbeiten am Computer.""? A:","['Sie', 'hört', 'gern', 'Musik', 'beim', 'Arbeiten', 'am', 'Computer']",Computer,sie
"Schreibe das letzte Wort des Satzes ""Der Lehrer erklärt geduldig die schwierigen Aufgaben im Unterricht."": ","['Der', 'Lehrer', 'erklärt', 'geduldig', 'die', 'schwierigen', 'Aufgaben', 'im', 'Unterricht']",Unterricht,schwierigen
"F: Welches Wort steht am Ende des Satzes ""Sie schreibt täglich in ihr Tagebuch über ihre Erlebnisse und Gefühle.""? A:","['Sie', 'schreibt', 'täglich', 'in', 'ihr', 'Tagebuch', 'über', 'ihre', 'Erlebnisse', 'und', 'Gefühle']",Gefühle,schreibt
"F: Was ist das letzte Wort des Satzes ""Er schreibt eine Postkarte aus dem Urlaub an seine Familie.""? A:","['Er', 'schreibt', 'eine', 'Postkarte', 'aus', 'dem', 'Urlaub', 'an', 'seine', 'Familie']",Familie,aus
"F: Was ist das letzte Wort des Satzes ""Sie tanzt jeden Samstag im Tanzkurs mit großer Freude.""? A:","['Sie', 'tanzt', 'jeden', 'Samstag', 'im', 'Tanzkurs', 'mit', 'großer', 'Freude']",Freude,freude
"F: Was ist das letzte Wort des Satzes ""Ich koche heute eine leckere Suppe mit frischen Zutaten.""? A:","['Ich', 'koche', 'heute', 'eine', 'leckere', 'Suppe', 'mit', 'frischen', 'Zutaten']",Zutaten,heute
"F: Was ist das letzte Wort des Satzes ""Im Park spielen viele Kinder fröhlich und laut.""? A:","['Im', 'Park', 'spielen', 'viele', 'Kinder', 'fröhlich', 'und', 'laut']",laut,fröhlich
"F: Was ist das letzte Wort des Satzes ""Ich koche heute eine leckere Suppe mit Gemüse.""? A:","['Ich', 'koche', 'heute', 'eine', 'leckere', 'Suppe', 'mit', 'Gemüse']",Gemüse,leckere
"F: Welches Wort steht am Ende des Satzes ""Im Park spielen viele Kinder laut auf dem großen Spielplatz oft.""? A:","['Im', 'Park', 'spielen', 'viele', 'Kinder', 'laut', 'auf', 'dem', 'großen', 'Spielplatz', 'oft']",oft,spielen
"F: Welches Wort steht am Ende des Satzes ""Der Hund liebt es, mit anderen Hunden im Park zu spielen viel.""? A:","['Der', 'Hund', 'liebt', 'es', 'mit', 'anderen', 'Hunden', 'im', 'Park', 'zu', 'spielen', 'viel']",viel,spielen
"F: Welches Wort steht am Ende des Satzes ""Wir fahren im Sommer ans Meer zum Schwimmen und Entspannen jedes Jahr.""? A:","['Wir', 'fahren', 'im', 'Sommer', 'ans', 'Meer', 'zum', 'Schwimmen', 'und', 'Entspannen', 'jedes', 'Jahr']",Jahr,meer
"F: Welches Wort steht am Ende des Satzes ""Der Himmel ist klar und die Sonne scheint warm und hell.""? A:","['Der', 'Himmel', 'ist', 'klar', 'und', 'die', 'Sonne', 'scheint', 'warm', 'und', 'hell']",hell,sonne
"F: Was ist das letzte Wort des Satzes ""Das Wetter im Frühling ist oft wechselhaft und mild.""? A:","['Das', 'Wetter', 'im', 'Frühling', 'ist', 'oft', 'wechselhaft', 'und', 'mild']",mild,mild
"F: Welches Wort steht am Ende des Satzes ""Das Kind läuft schnell durch den Park am Nachmittag.""? A:","['Das', 'Kind', 'läuft', 'schnell', 'durch', 'den', 'Park', 'am', 'Nachmittag']",Nachmittag,nachmittag
"Schreibe das letzte Wort des Satzes ""Der Hund bellt laut, wenn Besucher an der Tür klingeln."": ","['Der', 'Hund', 'bellt', 'laut', 'wenn', 'Besucher', 'an', 'der', 'Tür', 'klingeln']",klingeln,der
"Schreibe das letzte Wort des Satzes ""Der Himmel ist klar und die Sterne funkeln hell in der Nacht."": ","['Der', 'Himmel', 'ist', 'klar', 'und', 'die', 'Sterne', 'funkeln', 'hell', 'in', 'der', 'Nacht']",Nacht,der
"F: Welches Wort steht am Ende des Satzes ""Er fährt jeden Morgen mit dem Fahrrad zur Arbeit in die Stadt.""? A:","['Er', 'fährt', 'jeden', 'Morgen', 'mit', 'dem', 'Fahrrad', 'zur', 'Arbeit', 'in', 'die', 'Stadt']",Stadt,arbeit
"F: Was ist das letzte Wort des Satzes ""Das Wetter wird morgen kälter und regnerisch.""? A:","['Das', 'Wetter', 'wird', 'morgen', 'kälter', 'und', 'regnerisch']",regnerisch,kälter
"F: Was ist das letzte Wort des Satzes ""Der Vogel singt ein schönes Lied am frühen Morgen im Garten.""? A:","['Der', 'Vogel', 'singt', 'ein', 'schönes', 'Lied', 'am', 'frühen', 'Morgen', 'im', 'Garten']",Garten,morgen
"Schreibe das letzte Wort des Satzes ""Sie liest gerne Romane über Abenteuer und ferne Länder."": ","['Sie', 'liest', 'gerne', 'Romane', 'über', 'Abenteuer', 'und', 'ferne', 'Länder']",Länder,ferne
"Schreibe das letzte Wort des Satzes ""Der Hund apportiert den Stock, den ich ins Wasser werfe."": ","['Der', 'Hund', 'apportiert', 'den', 'Stock', 'den', 'ich', 'ins', 'Wasser', 'werfe']",werfe,stock
"Schreibe das letzte Wort des Satzes ""Die Kinder basteln bunte Laternen für das Martinsfest in der Schule."": ","['Die', 'Kinder', 'basteln', 'bunte', 'Laternen', 'für', 'das', 'Martinsfest', 'in', 'der', 'Schule']",Schule,der
"Schreibe das letzte Wort des Satzes ""Der Vogel singt sein Lied jeden Morgen vor dem Haus."": ","['Der', 'Vogel', 'singt', 'sein', 'Lied', 'jeden', 'Morgen', 'vor', 'dem', 'Haus']",Haus,morgen
"F: Welches Wort steht am Ende des Satzes ""Wir feiern Ostern traditionell mit bunten Eiern und der Familie.""? A:","['Wir', 'feiern', 'Ostern', 'traditionell', 'mit', 'bunten', 'Eiern', 'und', 'der', 'Familie']",Familie,wir
"F: Welches Wort steht am Ende des Satzes ""Wir genießen den sonnigen Tag beim Picknick im Park zusammen.""? A:","['Wir', 'genießen', 'den', 'sonnigen', 'Tag', 'beim', 'Picknick', 'im', 'Park', 'zusammen']",zusammen,sonnigen
"F: Was ist das letzte Wort des Satzes ""Ich koche heute Abend eine Pizza mit Gemüse und Käse.""? A:","['Ich', 'koche', 'heute', 'Abend', 'eine', 'Pizza', 'mit', 'Gemüse', 'und', 'Käse']",Käse,mit
"F: Welches Wort steht am Ende des Satzes ""Ich gehe abends spazieren, um den Kopf frei zu bekommen.""? A:","['Ich', 'gehe', 'abends', 'spazieren', 'um', 'den', 'Kopf', 'frei', 'zu', 'bekommen']",bekommen,bekommen
"Schreibe das letzte Wort des Satzes ""Ich gehe abends spazieren, um den Kopf frei zu bekommen."": ","['Ich', 'gehe', 'abends', 'spazieren', 'um', 'den', 'Kopf', 'frei', 'zu', 'bekommen']",bekommen,frei
"F: Was ist das letzte Wort des Satzes ""Ich esse gern frisches Obst und Gemüse.""? A:","['Ich', 'esse', 'gern', 'frisches', 'Obst', 'und', 'Gemüse']",Gemüse,obst
"Schreibe das letzte Wort des Satzes ""Die Kinder spielen fröhlich Verstecken im großen Garten."": ","['Die', 'Kinder', 'spielen', 'fröhlich', 'Verstecken', 'im', 'großen', 'Garten']",Garten,die
"F: Welches Wort steht am Ende des Satzes ""Sie tanzt elegant auf der Bühne bei der Aufführung am Wochenende heute.""? A:","['Sie', 'tanzt', 'elegant', 'auf', 'der', 'Bühne', 'bei', 'der', 'Aufführung', 'am', 'Wochenende', 'heute']",heute,heute
"Schreibe das letzte Wort des Satzes ""Sie trägt einen warmen Schal gegen die kalte Winterluft."": ","['Sie', 'trägt', 'einen', 'warmen', 'Schal', 'gegen', 'die', 'kalte', 'Winterluft']",Winterluft,einen
"Schreibe das letzte Wort des Satzes ""Sie liest jeden Abend ein paar Seiten in ihrem Buch."": ","['Sie', 'liest', 'jeden', 'Abend', 'ein', 'paar', 'Seiten', 'in', 'ihrem', 'Buch']",Buch,jeden
"F: Was ist das letzte Wort des Satzes ""Der Vogel singt ein schönes Lied am Morgen.""? A:","['Der', 'Vogel', 'singt', 'ein', 'schönes', 'Lied', 'am', 'Morgen']",Morgen,am
"F: Welches Wort steht am Ende des Satzes ""Der Lehrer lobt die Schüler für ihre guten Noten im Test.""? A:","['Der', 'Lehrer', 'lobt', 'die', 'Schüler', 'für', 'ihre', 'guten', 'Noten', 'im', 'Test']",Test,guten
"Schreibe das letzte Wort des Satzes ""Sie trägt eine bunte Jacke bei dem kühlen Wind."": ","['Sie', 'trägt', 'eine', 'bunte', 'Jacke', 'bei', 'dem', 'kühlen', 'Wind']",Wind,eine
"F: Welches Wort steht am Ende des Satzes ""Ich trinke morgens Kaffee mit Milch und Zucker zum Wachwerden heute.""? A:","['Ich', 'trinke', 'morgens', 'Kaffee', 'mit', 'Milch', 'und', 'Zucker', 'zum', 'Wachwerden', 'heute']",heute,ich
"F: Welches Wort steht am Ende des Satzes ""Der Himmel ist klar und die Sonne scheint warm und hell.""? A:","['Der', 'Himmel', 'ist', 'klar', 'und', 'die', 'Sonne', 'scheint', 'warm', 'und', 'hell']",hell,ist
"F: Was ist das letzte Wort des Satzes ""Die Katze schläft auf dem warmen Fensterbrett.""? A:","['Die', 'Katze', 'schläft', 'auf', 'dem', 'warmen', 'Fensterbrett']",Fensterbrett,katze
"Schreibe das letzte Wort des Satzes ""Wir besuchen das Museum für moderne Kunst in der Stadt."": ","['Wir', 'besuchen', 'das', 'Museum', 'für', 'moderne', 'Kunst', 'in', 'der', 'Stadt']",Stadt,in
"Schreibe das letzte Wort des Satzes ""Wir fahren im Herbst oft mit dem Auto ins Gebirge zum Wandern."": ","['Wir', 'fahren', 'im', 'Herbst', 'oft', 'mit', 'dem', 'Auto', 'ins', 'Gebirge', 'zum', 'Wandern']",Wandern,mit
"F: Was ist das letzte Wort des Satzes ""Der Zug kommt pünktlich am Bahnhof an.""? A:","['Der', 'Zug', 'kommt', 'pünktlich', 'am', 'Bahnhof', 'an']",an,bahnhof
"F: Welches Wort steht am Ende des Satzes ""Die Kinder malen bunte Bilder für das Kunstprojekt in der Schule.""? A:","['Die', 'Kinder', 'malen', 'bunte', 'Bilder', 'für', 'das', 'Kunstprojekt', 'in', 'der', 'Schule']",Schule,der
"Schreibe das letzte Wort des Satzes ""Ich trinke morgens gern Tee mit Honig und frischer Zitrone."": ","['Ich', 'trinke', 'morgens', 'gern', 'Tee', 'mit', 'Honig', 'und', 'frischer', 'Zitrone']",Zitrone,gern
"F: Was ist das letzte Wort des Satzes ""Die Lampe im Wohnzimmer leuchtet hell und gemütlich.""? A:","['Die', 'Lampe', 'im', 'Wohnzimmer', 'leuchtet', 'hell', 'und', 'gemütlich']",gemütlich,gemütlich
"F: Was ist das letzte Wort des Satzes ""Der Zug kommt pünktlich am Bahnhof an und fährt weiter nach Berlin.""? A:","['Der', 'Zug', 'kommt', 'pünktlich', 'am', 'Bahnhof', 'an', 'und', 'fährt', 'weiter', 'nach', 'Berlin']",Berlin,fährt
"F: Welches Wort steht am Ende des Satzes ""Er fährt jeden Morgen mit dem Fahrrad zur Arbeit in die Stadt.""? A:","['Er', 'fährt', 'jeden', 'Morgen', 'mit', 'dem', 'Fahrrad', 'zur', 'Arbeit', 'in', 'die', 'Stadt']",Stadt,fährt
"F: Welches Wort steht am Ende des Satzes ""Sie trägt im Winter eine warme Jacke und Handschuhe bei Frost.""? A:","['Sie', 'trägt', 'im', 'Winter', 'eine', 'warme', 'Jacke', 'und', 'Handschuhe', 'bei', 'Frost']",Frost,warme
"F: Was ist das letzte Wort des Satzes ""Er fährt mit dem Bus zur Arbeit jeden Morgen.""? A:","['Er', 'fährt', 'mit', 'dem', 'Bus', 'zur', 'Arbeit', 'jeden', 'Morgen']",Morgen,er
"F: Welches Wort steht am Ende des Satzes ""Wir gehen abends spazieren und genießen die frische Luft.""? A:","['Wir', 'gehen', 'abends', 'spazieren', 'und', 'genießen', 'die', 'frische', 'Luft']",Luft,wir
"F: Was ist das letzte Wort des Satzes ""Das Wetter ist heute warm und sonnig.""? A:","['Das', 'Wetter', 'ist', 'heute', 'warm', 'und', 'sonnig']",sonnig,heute
"F: Was ist das letzte Wort des Satzes ""Das Frühstück ist fertig, bitte setzt euch an den Tisch.""? A:","['Das', 'Frühstück', 'ist', 'fertig', 'bitte', 'setzt', 'euch', 'an', 'den', 'Tisch']",Tisch,tisch
"F: Welches Wort steht am Ende des Satzes ""Sie trägt im Winter eine dicke Jacke und warme Handschuhe.""? A:","['Sie', 'trägt', 'im', 'Winter', 'eine', 'dicke', 'Jacke', 'und', 'warme', 'Handschuhe']",Handschuhe,im
"Schreibe das letzte Wort des Satzes ""Der Hund apportiert den Ball, den ich ins Wasser werfe."": ","['Der', 'Hund', 'apportiert', 'den', 'Ball', 'den', 'ich', 'ins', 'Wasser', 'werfe']",werfe,den
"F: Was ist das letzte Wort des Satzes ""Wir essen heute Abend frische Pasta mit Tomatensoße.""? A:","['Wir', 'essen', 'heute', 'Abend', 'frische', 'Pasta', 'mit', 'Tomatensoße']",Tomatensoße,mit
"Schreibe das letzte Wort des Satzes ""Sie liest im Park unter einem Baum ein spannendes Buch."": ","['Sie', 'liest', 'im', 'Park', 'unter', 'einem', 'Baum', 'ein', 'spannendes', 'Buch']",Buch,sie
"Schreibe das letzte Wort des Satzes ""Ich gehe abends spazieren, um den Kopf frei zu bekommen."": ","['Ich', 'gehe', 'abends', 'spazieren', 'um', 'den', 'Kopf', 'frei', 'zu', 'bekommen']",bekommen,kopf
"F: Was ist das letzte Wort des Satzes ""Das Frühstück ist die wichtigste Mahlzeit des Tages.""? A:","['Das', 'Frühstück', 'ist', 'die', 'wichtigste', 'Mahlzeit', 'des', 'Tages']",Tages,ist
"Schreibe das letzte Wort des Satzes ""Die Blumen auf dem Balkon blühen schön in der warmen Sonne."": ","['Die', 'Blumen', 'auf', 'dem', 'Balkon', 'blühen', 'schön', 'in', 'der', 'warmen', 'Sonne']",Sonne,der
"F: Was ist das letzte Wort des Satzes ""Der Hund läuft schnell durch den großen Garten.""? A:","['Der', 'Hund', 'läuft', 'schnell', 'durch', 'den', 'großen', 'Garten']",Garten,läuft
"F: Was ist das letzte Wort des Satzes ""Der Berg ist hoch und bietet eine tolle Aussicht.""? A:","['Der', 'Berg', 'ist', 'hoch', 'und', 'bietet', 'eine', 'tolle', 'Aussicht']",Aussicht,tolle
"F: Welches Wort steht am Ende des Satzes ""Die Kinder spielen fröhlich im Sandkasten im Garten zusammen oft.""? A:","['Die', 'Kinder', 'spielen', 'fröhlich', 'im', 'Sandkasten', 'im', 'Garten', 'zusammen', 'oft']",oft,spielen
"F: Welches Wort steht am Ende des Satzes ""Sie schreibt eine Karte an ihre Freundin zum Geburtstag.""? A:","['Sie', 'schreibt', 'eine', 'Karte', 'an', 'ihre', 'Freundin', 'zum', 'Geburtstag']",Geburtstag,sie
"Schreibe das letzte Wort des Satzes ""Ich trinke morgens immer eine Tasse starken schwarzen Kaffee."": ","['Ich', 'trinke', 'morgens', 'immer', 'eine', 'Tasse', 'starken', 'schwarzen', 'Kaffee']",Kaffee,ich
"F: Welches Wort steht am Ende des Satzes ""Der Berg ist hoch und bietet tolle Aussicht auf das Tal heute.""? A:","['Der', 'Berg', 'ist', 'hoch', 'und', 'bietet', 'tolle', 'Aussicht', 'auf', 'das', 'Tal', 'heute']",heute,der
"F: Was ist das letzte Wort des Satzes ""Ich höre Musik beim Lernen, das hilft mir sehr.""? A:","['Ich', 'höre', 'Musik', 'beim', 'Lernen', 'das', 'hilft', 'mir', 'sehr']",sehr,höre
"F: Welches Wort steht am Ende des Satzes ""Sie spielt Geige und übt regelmäßig für das Konzert nächste Woche.""? A:","['Sie', 'spielt', 'Geige', 'und', 'übt', 'regelmäßig', 'für', 'das', 'Konzert', 'nächste', 'Woche']",Woche,für
"F: Welches Wort steht am Ende des Satzes ""Ich lerne neue deutsche Wörter und Redewendungen täglich und fleißig.""? A:","['Ich', 'lerne', 'neue', 'deutsche', 'Wörter', 'und', 'Redewendungen', 'täglich', 'und', 'fleißig']",fleißig,lerne
"Schreibe das letzte Wort des Satzes ""Sie spielt Geige und übt fleißig für das Konzert nächste Woche."": ","['Sie', 'spielt', 'Geige', 'und', 'übt', 'fleißig', 'für', 'das', 'Konzert', 'nächste', 'Woche']",Woche,das
"F: Welches Wort steht am Ende des Satzes ""Wir genießen den sonnigen Tag beim Picknick im Park zusammen.""? A:","['Wir', 'genießen', 'den', 'sonnigen', 'Tag', 'beim', 'Picknick', 'im', 'Park', 'zusammen']",zusammen,wir
"F: Was ist das letzte Wort des Satzes ""Wir essen zum Abendbrot frische Nudeln mit Tomatensoße.""? A:","['Wir', 'essen', 'zum', 'Abendbrot', 'frische', 'Nudeln', 'mit', 'Tomatensoße']",Tomatensoße,frische
"F: Was ist das letzte Wort des Satzes ""Der Vogel singt jeden Morgen ein schönes Lied.""? A:","['Der', 'Vogel', 'singt', 'jeden', 'Morgen', 'ein', 'schönes', 'Lied']",Lied,lied
"F: Was ist das letzte Wort des Satzes ""Der Lehrer gibt viele Hausaufgaben für das Wochenende auf.""? A:","['Der', 'Lehrer', 'gibt', 'viele', 'Hausaufgaben', 'für', 'das', 'Wochenende', 'auf']",auf,für
"Schreibe das letzte Wort des Satzes ""Der Lehrer erklärt geduldig die schwierigen Grammatikregeln im Unterricht."": ","['Der', 'Lehrer', 'erklärt', 'geduldig', 'die', 'schwierigen', 'Grammatikregeln', 'im', 'Unterricht']",Unterricht,schwierigen
"F: Welches Wort steht am Ende des Satzes ""Er schreibt jeden Tag in sein Tagebuch über Erlebnisse und Gedanken.""? A:","['Er', 'schreibt', 'jeden', 'Tag', 'in', 'sein', 'Tagebuch', 'über', 'Erlebnisse', 'und', 'Gedanken']",Gedanken,erlebnisse
"F: Welches Wort steht am Ende des Satzes ""Sie schreibt eine Karte aus dem Urlaub an ihre Familie.""? A:","['Sie', 'schreibt', 'eine', 'Karte', 'aus', 'dem', 'Urlaub', 'an', 'ihre', 'Familie']",Familie,sie
"F: Welches Wort steht am Ende des Satzes ""Der Vogel zwitschert laut im Baum früh am Morgen.""? A:","['Der', 'Vogel', 'zwitschert', 'laut', 'im', 'Baum', 'früh', 'am', 'Morgen']",Morgen,früh
"F: Was ist das letzte Wort des Satzes ""Die Katze schläft auf dem Fensterbrett und träumt.""? A:","['Die', 'Katze', 'schläft', 'auf', 'dem', 'Fensterbrett', 'und', 'träumt']",träumt,träumt
"F: Was ist das letzte Wort des Satzes ""Der Vogel singt ein schönes Lied am Morgen.""? A:","['Der', 'Vogel', 'singt', 'ein', 'schönes', 'Lied', 'am', 'Morgen']",Morgen,schönes
"F: Was ist das letzte Wort des Satzes ""Der Hund schläft friedlich auf dem weichen Teppich.""? A:","['Der', 'Hund', 'schläft', 'friedlich', 'auf', 'dem', 'weichen', 'Teppich']",Teppich,friedlich
"F: Welches Wort steht am Ende des Satzes ""Die Kinder malen Bilder für den Kunstwettbewerb in der Schule.""? A:","['Die', 'Kinder', 'malen', 'Bilder', 'für', 'den', 'Kunstwettbewerb', 'in', 'der', 'Schule']",Schule,schule
"F: Welches Wort steht am Ende des Satzes ""Die Blumen blühen bunt im Frühling und Sommer in unserem Garten.""? A:","['Die', 'Blumen', 'blühen', 'bunt', 'im', 'Frühling', 'und', 'Sommer', 'in', 'unserem', 'Garten']",Garten,sommer
"Schreibe das letzte Wort des Satzes ""Wir fahren im Herbst oft mit dem Auto ins Gebirge zum Wandern."": ","['Wir', 'fahren', 'im', 'Herbst', 'oft', 'mit', 'dem', 'Auto', 'ins', 'Gebirge', 'zum', 'Wandern']",Wandern,herbst
"Schreibe das letzte Wort des Satzes ""Der Vogel fliegt hoch über die Bäume und singt laut."": ","['Der', 'Vogel', 'fliegt', 'hoch', 'über', 'die', 'Bäume', 'und', 'singt', 'laut']",laut,fliegt
"F: Welches Wort steht am Ende des Satzes ""Sie trägt im Winter eine warme Jacke und Handschuhe bei Frost oft.""? A:","['Sie', 'trägt', 'im', 'Winter', 'eine', 'warme', 'Jacke', 'und', 'Handschuhe', 'bei', 'Frost', 'oft']",oft,winter
"Schreibe das letzte Wort des Satzes ""Die Kinder basteln bunte Laternen für das Laternenfest in der Schule."": ","['Die', 'Kinder', 'basteln', 'bunte', 'Laternen', 'für', 'das', 'Laternenfest', 'in', 'der', 'Schule']",Schule,für
"Schreibe das letzte Wort des Satzes ""Er fährt jeden Tag mit dem Fahrrad zur Arbeit in die Stadt."": ","['Er', 'fährt', 'jeden', 'Tag', 'mit', 'dem', 'Fahrrad', 'zur', 'Arbeit', 'in', 'die', 'Stadt']",Stadt,arbeit
"Schreibe das letzte Wort des Satzes ""Wir feiern Geburtstag mit Familie, Freunden und leckerem Essen."": ","['Wir', 'feiern', 'Geburtstag', 'mit', 'Familie', 'Freunden', 'und', 'leckerem', 'Essen']",Essen,freunden
"F: Was ist das letzte Wort des Satzes ""Das Wetter im Frühling ist oft wechselhaft.""? A:","['Das', 'Wetter', 'im', 'Frühling', 'ist', 'oft', 'wechselhaft']",wechselhaft,das
"Schreibe das letzte Wort des Satzes ""Er fährt jeden Morgen mit dem Fahrrad zur Arbeit in der Stadt."": ","['Er', 'fährt', 'jeden', 'Morgen', 'mit', 'dem', 'Fahrrad', 'zur', 'Arbeit', 'in', 'der', 'Stadt']",Stadt,jeden
"Schreibe das letzte Wort des Satzes ""Der Hund liegt faul in der Sonne und genießt das Wetter."": ","['Der', 'Hund', 'liegt', 'faul', 'in', 'der', 'Sonne', 'und', 'genießt', 'das', 'Wetter']",Wetter,genießt
"Schreibe das letzte Wort des Satzes ""Das Kind lacht laut beim Spielen im Garten draußen."": ","['Das', 'Kind', 'lacht', 'laut', 'beim', 'Spielen', 'im', 'Garten', 'draußen']",draußen,beim
"F: Was ist das letzte Wort des Satzes ""Die Lampe leuchtet hell im dunklen Zimmer.""? A:","['Die', 'Lampe', 'leuchtet', 'hell', 'im', 'dunklen', 'Zimmer']",Zimmer,die
"F: Welches Wort steht am Ende des Satzes ""Ich gehe abends spazieren, um den Kopf frei zu bekommen.""? A:","['Ich', 'gehe', 'abends', 'spazieren', 'um', 'den', 'Kopf', 'frei', 'zu', 'bekommen']",bekommen,bekommen
"Schreibe das letzte Wort des Satzes ""Die Sonne scheint warm auf die bunten Blätter im Park."": ","['Die', 'Sonne', 'scheint', 'warm', 'auf', 'die', 'bunten', 'Blätter', 'im', 'Park']",Park,die
"F: Was ist das letzte Wort des Satzes ""Ich gehe jeden Tag mindestens eine Stunde spazieren im Park.""? A:","['Ich', 'gehe', 'jeden', 'Tag', 'mindestens', 'eine', 'Stunde', 'spazieren', 'im', 'Park']",Park,mindestens
"Schreibe das letzte Wort des Satzes ""Die Kinder spielen draußen im Park mit Freunden und Ball."": ","['Die', 'Kinder', 'spielen', 'draußen', 'im', 'Park', 'mit', 'Freunden', 'und', 'Ball']",Ball,ball
"F: Was ist das letzte Wort des Satzes ""Ich koche heute eine Pizza mit frischem Gemüse.""? A:","['Ich', 'koche', 'heute', 'eine', 'Pizza', 'mit', 'frischem', 'Gemüse']",Gemüse,gemüse
"F: Welches Wort steht am Ende des Satzes ""Wir besuchen im Sommer oft den See zum Schwimmen und Entspannen.""? A:","['Wir', 'besuchen', 'im', 'Sommer', 'oft', 'den', 'See', 'zum', 'Schwimmen', 'und', 'Entspannen']",Entspannen,wir
"F: Was ist das letzte Wort des Satzes ""Im Park spielen viele Kinder fröhlich und laut.""? A:","['Im', 'Park', 'spielen', 'viele', 'Kinder', 'fröhlich', 'und', 'laut']",laut,park
"Schreibe das letzte Wort des Satzes ""Wir besuchen das Museum für moderne Kunst in der Stadt."": ","['Wir', 'besuchen', 'das', 'Museum', 'für', 'moderne', 'Kunst', 'in', 'der', 'Stadt']",Stadt,für
"F: Welches Wort steht am Ende des Satzes ""Die Katze klettert geschickt auf den Baum im Garten hoch.""? A:","['Die', 'Katze', 'klettert', 'geschickt', 'auf', 'den', 'Baum', 'im', 'Garten', 'hoch']",hoch,den
"Schreibe das letzte Wort des Satzes ""Ich trinke abends gerne eine Tasse warmen Kräutertee zur Entspannung."": ","['Ich', 'trinke', 'abends', 'gerne', 'eine', 'Tasse', 'warmen', 'Kräutertee', 'zur', 'Entspannung']",Entspannung,kräutertee
"F: Welches Wort steht am Ende des Satzes ""Wir fahren am Wochenende mit dem Fahrrad durch die Stadt.""? A:","['Wir', 'fahren', 'am', 'Wochenende', 'mit', 'dem', 'Fahrrad', 'durch', 'die', 'Stadt']",Stadt,am
"F: Welches Wort steht am Ende des Satzes ""Ich trinke morgens gern schwarzen Kaffee ohne Zucker und Milch.""? A:","['Ich', 'trinke', 'morgens', 'gern', 'schwarzen', 'Kaffee', 'ohne', 'Zucker', 'und', 'Milch']",Milch,ich
"F: Was ist das letzte Wort des Satzes ""Der Lehrer erklärt die Aufgaben sehr verständlich.""? A:","['Der', 'Lehrer', 'erklärt', 'die', 'Aufgaben', 'sehr', 'verständlich']",verständlich,aufgaben
"F: Was ist das letzte Wort des Satzes ""Die Kinder spielen draußen im Garten mit ihren Freunden und haben Spaß.""? A:","['Die', 'Kinder', 'spielen', 'draußen', 'im', 'Garten', 'mit', 'ihren', 'Freunden', 'und', 'haben', 'Spaß']",Spaß,spaß
"F: Welches Wort steht am Ende des Satzes ""Ich höre oft Podcasts beim Autofahren zur Unterhaltung.""? A:","['Ich', 'höre', 'oft', 'Podcasts', 'beim', 'Autofahren', 'zur', 'Unterhaltung']",Unterhaltung,ich
"F: Welches Wort steht am Ende des Satzes ""Sie trägt im Winter eine dicke Jacke und warme Stiefel.""? A:","['Sie', 'trägt', 'im', 'Winter', 'eine', 'dicke', 'Jacke', 'und', 'warme', 'Stiefel']",Stiefel,eine
"F: Was ist das letzte Wort des Satzes ""Wir feiern Weihnachten mit der ganzen Familie zusammen.""? A:","['Wir', 'feiern', 'Weihnachten', 'mit', 'der', 'ganzen', 'Familie', 'zusammen']",zusammen,ganzen
"Schreibe das letzte Wort des Satzes ""Wir feiern heute ein Fest mit Musik und guter Laune."": ","['Wir', 'feiern', 'heute', 'ein', 'Fest', 'mit', 'Musik', 'und', 'guter', 'Laune']",Laune,wir
"Schreibe das letzte Wort des Satzes ""Wir genießen den sonnigen Tag beim Picknick im Park zusammen."": ","['Wir', 'genießen', 'den', 'sonnigen', 'Tag', 'beim', 'Picknick', 'im', 'Park', 'zusammen']",zusammen,den
"F: Was ist das letzte Wort des Satzes ""Der Hund liebt es, im Park zu rennen und zu spielen den ganzen Tag.""? A:","['Der', 'Hund', 'liebt', 'es', 'im', 'Park', 'zu', 'rennen', 'und', 'zu', 'spielen', 'den', 'ganzen', 'Tag']",Tag,im
"Schreibe das letzte Wort des Satzes ""Er fährt mit dem Fahrrad durch den Park jeden Morgen."": ","['Er', 'fährt', 'mit', 'dem', 'Fahrrad', 'durch', 'den', 'Park', 'jeden', 'Morgen']",Morgen,fahrrad
"Schreibe das letzte Wort des Satzes ""Ich koche heute eine bunte Gemüsesuppe mit frischen Kräutern."": ","['Ich', 'koche', 'heute', 'eine', 'bunte', 'Gemüsesuppe', 'mit', 'frischen', 'Kräutern']",Kräutern,heute
"F: Welches Wort steht am Ende des Satzes ""Wir machen einen Spaziergang am Flussufer im warmen Sonnenschein.""? A:","['Wir', 'machen', 'einen', 'Spaziergang', 'am', 'Flussufer', 'im', 'warmen', 'Sonnenschein']",Sonnenschein,spaziergang
"F: Was ist das letzte Wort des Satzes ""Wir machen einen Spaziergang durch den Park am Abend.""? A:","['Wir', 'machen', 'einen', 'Spaziergang', 'durch', 'den', 'Park', 'am', 'Abend']",Abend,spaziergang
"Schreibe das letzte Wort des Satzes ""Wir treffen uns am Sonntag zum Frühstück im kleinen Café in der Stadt."": ","['Wir', 'treffen', 'uns', 'am', 'Sonntag', 'zum', 'Frühstück', 'im', 'kleinen', 'Café', 'in', 'der', 'Stadt']",Stadt,kleinen
"F: Welches Wort steht am Ende des Satzes ""Das Wetter im Frühling ist oft wechselhaft und mild mit Sonne.""? A:","['Das', 'Wetter', 'im', 'Frühling', 'ist', 'oft', 'wechselhaft', 'und', 'mild', 'mit', 'Sonne']",Sonne,frühling
"Schreibe das letzte Wort des Satzes ""Ich gehe abends spazieren, um den Kopf frei zu bekommen."": ","['Ich', 'gehe', 'abends', 'spazieren', 'um', 'den', 'Kopf', 'frei', 'zu', 'bekommen']",bekommen,kopf
"F: Welches Wort steht am Ende des Satzes ""Er spielt jeden Abend Klavier und übt neue Stücke.""? A:","['Er', 'spielt', 'jeden', 'Abend', 'Klavier', 'und', 'übt', 'neue', 'Stücke']",Stücke,er
"F: Was ist das letzte Wort des Satzes ""Sie malt ein Bild von der schönen Landschaft im Herbst.""? A:","['Sie', 'malt', 'ein', 'Bild', 'von', 'der', 'schönen', 'Landschaft', 'im', 'Herbst']",Herbst,im
"F: Welches Wort steht am Ende des Satzes ""Sie kocht gern leckere Gerichte aus verschiedenen Ländern Europas.""? A:","['Sie', 'kocht', 'gern', 'leckere', 'Gerichte', 'aus', 'verschiedenen', 'Ländern', 'Europas']",Europas,sie
"F: Was ist das letzte Wort des Satzes ""Wir machen eine Wanderung durch den Wald am Wochenende.""? A:","['Wir', 'machen', 'eine', 'Wanderung', 'durch', 'den', 'Wald', 'am', 'Wochenende']",Wochenende,machen
"Schreibe das letzte Wort des Satzes ""Ich koche heute Abend eine leckere Gemüsesuppe mit Kräutern."": ","['Ich', 'koche', 'heute', 'Abend', 'eine', 'leckere', 'Gemüsesuppe', 'mit', 'Kräutern']",Kräutern,koche
"F: Welches Wort steht am Ende des Satzes ""Sie kocht gern leckere Gerichte aus verschiedenen Ländern Europas.""? A:","['Sie', 'kocht', 'gern', 'leckere', 'Gerichte', 'aus', 'verschiedenen', 'Ländern', 'Europas']",Europas,sie
"Schreibe das letzte Wort des Satzes ""Sie liest gern spannende Krimis bei Kerzenschein am Abend."": ","['Sie', 'liest', 'gern', 'spannende', 'Krimis', 'bei', 'Kerzenschein', 'am', 'Abend']",Abend,gern
"F: Was ist das letzte Wort des Satzes ""Ich lerne Deutsch, um besser kommunizieren zu können.""? A:","['Ich', 'lerne', 'Deutsch', 'um', 'besser', 'kommunizieren', 'zu', 'können']",können,ich
"F: Was ist das letzte Wort des Satzes ""Ich lese oft spannende Bücher über Geschichte und Kultur.""? A:","['Ich', 'lese', 'oft', 'spannende', 'Bücher', 'über', 'Geschichte', 'und', 'Kultur']",Kultur,bücher
"F: Was ist das letzte Wort des Satzes ""Ich lese gern spannende Romane und Geschichten.""? A:","['Ich', 'lese', 'gern', 'spannende', 'Romane', 'und', 'Geschichten']",Geschichten,ich
"Schreibe das letzte Wort des Satzes ""Wir besuchen den Wochenmarkt und kaufen frisches Gemüse ein."": ","['Wir', 'besuchen', 'den', 'Wochenmarkt', 'und', 'kaufen', 'frisches', 'Gemüse', 'ein']",ein,ein
"F: Welches Wort steht am Ende des Satzes ""Ich lese oft Bücher über Geschichte und interessante Kulturen weltweit.""? A:","['Ich', 'lese', 'oft', 'Bücher', 'über', 'Geschichte', 'und', 'interessante', 'Kulturen', 'weltweit']",weltweit,kulturen
"F: Welches Wort steht am Ende des Satzes ""Die Katze spielt mit ihrem Lieblingsspielzeug im Wohnzimmer fröhlich.""? A:","['Die', 'Katze', 'spielt', 'mit', 'ihrem', 'Lieblingsspielzeug', 'im', 'Wohnzimmer', 'fröhlich']",fröhlich,spielt
"F: Was ist das letzte Wort des Satzes ""Die Kinder basteln bunte Laternen für das Laternenfest.""? A:","['Die', 'Kinder', 'basteln', 'bunte', 'Laternen', 'für', 'das', 'Laternenfest']",Laternenfest,für
"F: Welches Wort steht am Ende des Satzes ""Ich esse gern frisches Obst und Gemüse zum Mittagessen und Abendessen.""? A:","['Ich', 'esse', 'gern', 'frisches', 'Obst', 'und', 'Gemüse', 'zum', 'Mittagessen', 'und', 'Abendessen']",Abendessen,zum
"F: Welches Wort steht am Ende des Satzes ""Die Katze schnurrt zufrieden, wenn sie auf dem Schoß liegt.""? A:","['Die', 'Katze', 'schnurrt', 'zufrieden', 'wenn', 'sie', 'auf', 'dem', 'Schoß', 'liegt']",liegt,auf
"F: Was ist das letzte Wort des Satzes ""Der Lehrer erklärt die Grammatik sehr verständlich und geduldig.""? A:","['Der', 'Lehrer', 'erklärt', 'die', 'Grammatik', 'sehr', 'verständlich', 'und', 'geduldig']",geduldig,sehr
"F: Welches Wort steht am Ende des Satzes ""Wir fahren im Sommer an den See zum Schwimmen und Picknicken.""? A:","['Wir', 'fahren', 'im', 'Sommer', 'an', 'den', 'See', 'zum', 'Schwimmen', 'und', 'Picknicken']",Picknicken,im
"Schreibe das letzte Wort des Satzes ""Wir feiern Weihnachten mit der Familie und vielen leckeren Plätzchen."": ","['Wir', 'feiern', 'Weihnachten', 'mit', 'der', 'Familie', 'und', 'vielen', 'leckeren', 'Plätzchen']",Plätzchen,mit
"F: Was ist das letzte Wort des Satzes ""Sie kocht gern italienische Gerichte für ihre Freunde.""? A:","['Sie', 'kocht', 'gern', 'italienische', 'Gerichte', 'für', 'ihre', 'Freunde']",Freunde,sie
"Schreibe das letzte Wort des Satzes ""Die Blumen im Park blühen in vielen verschiedenen Farben."": ","['Die', 'Blumen', 'im', 'Park', 'blühen', 'in', 'vielen', 'verschiedenen', 'Farben']",Farben,farben
"F: Was ist das letzte Wort des Satzes ""Er schreibt regelmäßig Briefe an seine Freunde in Deutschland.""? A:","['Er', 'schreibt', 'regelmäßig', 'Briefe', 'an', 'seine', 'Freunde', 'in', 'Deutschland']",Deutschland,deutschland
"F: Was ist das letzte Wort des Satzes ""Der Zug kommt pünktlich am Bahnhof an.""? A:","['Der', 'Zug', 'kommt', 'pünktlich', 'am', 'Bahnhof', 'an']",an,zug
"F: Welches Wort steht am Ende des Satzes ""Sie tanzt gern Ballett und übt jeden Tag fleißig zu Hause.""? A:","['Sie', 'tanzt', 'gern', 'Ballett', 'und', 'übt', 'jeden', 'Tag', 'fleißig', 'zu', 'Hause']",Hause,fleißig
"F: Welches Wort steht am Ende des Satzes ""Die Katze schnurrt zufrieden, wenn sie gestreichelt wird vom Besitzer.""? A:","['Die', 'Katze', 'schnurrt', 'zufrieden', 'wenn', 'sie', 'gestreichelt', 'wird', 'vom', 'Besitzer']",Besitzer,schnurrt
"F: Was ist das letzte Wort des Satzes ""Der Zug kommt pünktlich um acht Uhr am Bahnhof an.""? A:","['Der', 'Zug', 'kommt', 'pünktlich', 'um', 'acht', 'Uhr', 'am', 'Bahnhof', 'an']",an,am
"Schreibe das letzte Wort des Satzes ""Sie kocht ein neues Rezept mit viel frischem Gemüse."": ","['Sie', 'kocht', 'ein', 'neues', 'Rezept', 'mit', 'viel', 'frischem', 'Gemüse']",Gemüse,frischem
"F: Welches Wort steht am Ende des Satzes ""Er liest ein spannendes Buch auf dem Sofa am Abend.""? A:","['Er', 'liest', 'ein', 'spannendes', 'Buch', 'auf', 'dem', 'Sofa', 'am', 'Abend']",Abend,er
"F: Welches Wort steht am Ende des Satzes ""Wir feiern Weihnachten traditionell mit der ganzen Familie und viel Essen.""? A:","['Wir', 'feiern', 'Weihnachten', 'traditionell', 'mit', 'der', 'ganzen', 'Familie', 'und', 'viel', 'Essen']",Essen,der
"Schreibe das letzte Wort des Satzes ""Der Vogel singt früh am Morgen ein wunderschönes Lied draußen."": ","['Der', 'Vogel', 'singt', 'früh', 'am', 'Morgen', 'ein', 'wunderschönes', 'Lied', 'draußen']",draußen,der
"Schreibe das letzte Wort des Satzes ""Die Blumen blühen bunt und duften herrlich im Frühlingsgarten."": ","['Die', 'Blumen', 'blühen', 'bunt', 'und', 'duften', 'herrlich', 'im', 'Frühlingsgarten']",Frühlingsgarten,die
"F: Was ist das letzte Wort des Satzes ""Ich gehe gerne joggen im Wald am Morgen und genieße die frische Luft.""? A:","['Ich', 'gehe', 'gerne', 'joggen', 'im', 'Wald', 'am', 'Morgen', 'und', 'genieße', 'die', 'frische', 'Luft']",Luft,morgen
"Schreibe das letzte Wort des Satzes ""Der Hund bellt laut, wenn Fremde das Grundstück betreten."": ","['Der', 'Hund', 'bellt', 'laut', 'wenn', 'Fremde', 'das', 'Grundstück', 'betreten']",betreten,grundstück
"Schreibe das letzte Wort des Satzes ""Wir gehen abends spazieren und genießen die frische Luft draußen."": ","['Wir', 'gehen', 'abends', 'spazieren', 'und', 'genießen', 'die', 'frische', 'Luft', 'draußen']",draußen,spazieren
"F: Welches Wort steht am Ende des Satzes ""Der Lehrer erklärt die neue Grammatik im Unterricht sehr geduldig.""? A:","['Der', 'Lehrer', 'erklärt', 'die', 'neue', 'Grammatik', 'im', 'Unterricht', 'sehr', 'geduldig']",geduldig,sehr
"F: Welches Wort steht am Ende des Satzes ""Die Katze sitzt auf dem Fensterbrett und beobachtet die Vögel draußen.""? A:","['Die', 'Katze', 'sitzt', 'auf', 'dem', 'Fensterbrett', 'und', 'beobachtet', 'die', 'Vögel', 'draußen']",draußen,sitzt
"Schreibe das letzte Wort des Satzes ""Sie spielt Geige und übt fleißig für das Konzert nächste Woche."": ","['Sie', 'spielt', 'Geige', 'und', 'übt', 'fleißig', 'für', 'das', 'Konzert', 'nächste', 'Woche']",Woche,konzert
"F: Was ist das letzte Wort des Satzes ""Sie malt ein Bild von der Landschaft im Herbst.""? A:","['Sie', 'malt', 'ein', 'Bild', 'von', 'der', 'Landschaft', 'im', 'Herbst']",Herbst,herbst
"F: Was ist das letzte Wort des Satzes ""Der Lehrer erklärt die Grammatik sehr verständlich.""? A:","['Der', 'Lehrer', 'erklärt', 'die', 'Grammatik', 'sehr', 'verständlich']",verständlich,der
"F: Was ist das letzte Wort des Satzes ""Sie trägt eine schöne rote Jacke im Winter.""? A:","['Sie', 'trägt', 'eine', 'schöne', 'rote', 'Jacke', 'im', 'Winter']",Winter,eine
"F: Was ist das letzte Wort des Satzes ""Der Lehrer erklärt die Aufgaben sehr verständlich.""? A:","['Der', 'Lehrer', 'erklärt', 'die', 'Aufgaben', 'sehr', 'verständlich']",verständlich,der
"F: Welches Wort steht am Ende des Satzes ""Wir gehen am Abend spazieren und genießen die frische Luft.""? A:","['Wir', 'gehen', 'am', 'Abend', 'spazieren', 'und', 'genießen', 'die', 'frische', 'Luft']",Luft,spazieren
"Schreibe das letzte Wort des Satzes ""Die Kinder spielen draußen im Park mit Freunden und Ball."": ","['Die', 'Kinder', 'spielen', 'draußen', 'im', 'Park', 'mit', 'Freunden', 'und', 'Ball']",Ball,spielen
"F: Welches Wort steht am Ende des Satzes ""Der Vogel singt am frühen Morgen im Garten und freut sich oft.""? A:","['Der', 'Vogel', 'singt', 'am', 'frühen', 'Morgen', 'im', 'Garten', 'und', 'freut', 'sich', 'oft']",oft,freut
"F: Welches Wort steht am Ende des Satzes ""Die Kinder basteln Laternen für das Martinsfest in der Schule.""? A:","['Die', 'Kinder', 'basteln', 'Laternen', 'für', 'das', 'Martinsfest', 'in', 'der', 'Schule']",Schule,für
"F: Was ist das letzte Wort des Satzes ""Der Lehrer erklärt die Grammatik sehr gut und geduldig.""? A:","['Der', 'Lehrer', 'erklärt', 'die', 'Grammatik', 'sehr', 'gut', 'und', 'geduldig']",geduldig,geduldig
"Schreibe das letzte Wort des Satzes ""Der Vogel singt laut auf dem Ast eines alten Baumes."": ","['Der', 'Vogel', 'singt', 'laut', 'auf', 'dem', 'Ast', 'eines', 'alten', 'Baumes']",Baumes,laut
"F: Welches Wort steht am Ende des Satzes ""Die Blumen brauchen täglich Wasser und viel Sonne zum Gedeihen.""? A:","['Die', 'Blumen', 'brauchen', 'täglich', 'Wasser', 'und', 'viel', 'Sonne', 'zum', 'Gedeihen']",Gedeihen,sonne
"F: Was ist das letzte Wort des Satzes ""Das Kind spielt fröhlich mit seinen Freunden im Park.""? A:","['Das', 'Kind', 'spielt', 'fröhlich', 'mit', 'seinen', 'Freunden', 'im', 'Park']",Park,mit
"F: Was ist das letzte Wort des Satzes ""Ich trinke morgens immer einen Kaffee mit Milch und Zucker.""? A:","['Ich', 'trinke', 'morgens', 'immer', 'einen', 'Kaffee', 'mit', 'Milch', 'und', 'Zucker']",Zucker,ich
"Schreibe das letzte Wort des Satzes ""Sie liest gern Romane über Freundschaft und Abenteuer in der Jugend."": ","['Sie', 'liest', 'gern', 'Romane', 'über', 'Freundschaft', 'und', 'Abenteuer', 'in', 'der', 'Jugend']",Jugend,sie
"F: Welches Wort steht am Ende des Satzes ""Ich lese oft Bücher über Geschichte und Kultur in meiner Freizeit.""? A:","['Ich', 'lese', 'oft', 'Bücher', 'über', 'Geschichte', 'und', 'Kultur', 'in', 'meiner', 'Freizeit']",Freizeit,geschichte
"F: Was ist das letzte Wort des Satzes ""Ich lese jeden Tag die Nachrichten im Internet.""? A:","['Ich', 'lese', 'jeden', 'Tag', 'die', 'Nachrichten', 'im', 'Internet']",Internet,tag
"F: Welches Wort steht am Ende des Satzes ""Sie schreibt eine Postkarte an ihre beste Freundin aus dem Urlaub.""? A:","['Sie', 'schreibt', 'eine', 'Postkarte', 'an', 'ihre', 'beste', 'Freundin', 'aus', 'dem', 'Urlaub']",Urlaub,freundin
"F: Welches Wort steht am Ende des Satzes ""Die Katze schnurrt zufrieden, wenn sie gestreichelt wird vom Besitzer.""? A:","['Die', 'Katze', 'schnurrt', 'zufrieden', 'wenn', 'sie', 'gestreichelt', 'wird', 'vom', 'Besitzer']",Besitzer,gestreichelt
"Schreibe das letzte Wort des Satzes ""Ich trinke morgens gern schwarzen Kaffee ohne Zucker und Milch."": ","['Ich', 'trinke', 'morgens', 'gern', 'schwarzen', 'Kaffee', 'ohne', 'Zucker', 'und', 'Milch']",Milch,ich
"F: Was ist das letzte Wort des Satzes ""Das Wetter ist heute sonnig und warm.""? A:","['Das', 'Wetter', 'ist', 'heute', 'sonnig', 'und', 'warm']",warm,sonnig
"F: Was ist das letzte Wort des Satzes ""Die Kinder basteln bunte Laternen für das Laternenfest.""? A:","['Die', 'Kinder', 'basteln', 'bunte', 'Laternen', 'für', 'das', 'Laternenfest']",Laternenfest,die
"F: Welches Wort steht am Ende des Satzes ""Wir feiern Silvester mit Freunden und genießen das Feuerwerk am Himmel.""? A:","['Wir', 'feiern', 'Silvester', 'mit', 'Freunden', 'und', 'genießen', 'das', 'Feuerwerk', 'am', 'Himmel']",Himmel,himmel
"F: Was ist das letzte Wort des Satzes ""Der Zug kommt pünktlich am Bahnhof an und fährt weiter nach Berlin.""? A:","['Der', 'Zug', 'kommt', 'pünktlich', 'am', 'Bahnhof', 'an', 'und', 'fährt', 'weiter', 'nach', 'Berlin']",Berlin,weiter
"F: Welches Wort steht am Ende des Satzes ""Wir essen heute Abend Spaghetti mit Tomatensoße und Parmesan.""? A:","['Wir', 'essen', 'heute', 'Abend', 'Spaghetti', 'mit', 'Tomatensoße', 'und', 'Parmesan']",Parmesan,heute
"Schreibe das letzte Wort des Satzes ""Wir feiern Weihnachten mit der ganzen Familie und vielen Geschenken."": ","['Wir', 'feiern', 'Weihnachten', 'mit', 'der', 'ganzen', 'Familie', 'und', 'vielen', 'Geschenken']",Geschenken,geschenken
"F: Was ist das letzte Wort des Satzes ""Sie schreibt einen Brief an ihre Großeltern zum Geburtstag.""? A:","['Sie', 'schreibt', 'einen', 'Brief', 'an', 'ihre', 'Großeltern', 'zum', 'Geburtstag']",Geburtstag,geburtstag
"Schreibe das letzte Wort des Satzes ""Der Hund läuft schnell über die Wiese und fängt den Ball."": ","['Der', 'Hund', 'läuft', 'schnell', 'über', 'die', 'Wiese', 'und', 'fängt', 'den', 'Ball']",Ball,fängt
"F: Was ist das letzte Wort des Satzes ""Das Kind malt ein buntes Bild mit Farben.""? A:","['Das', 'Kind', 'malt', 'ein', 'buntes', 'Bild', 'mit', 'Farben']",Farben,bild
"Schreibe das letzte Wort des Satzes ""Die Katze schnurrt zufrieden, wenn sie gestreichelt wird vom Besitzer."": ","['Die', 'Katze', 'schnurrt', 'zufrieden', 'wenn', 'sie', 'gestreichelt', 'wird', 'vom', 'Besitzer']",Besitzer,zufrieden
"F: Welches Wort steht am Ende des Satzes ""Die Blumen duften wunderbar im Garten nach einem Regen.""? A:","['Die', 'Blumen', 'duften', 'wunderbar', 'im', 'Garten', 'nach', 'einem', 'Regen']",Regen,einem
"F: Was ist das letzte Wort des Satzes ""Der Hund läuft fröhlich durch den Park.""? A:","['Der', 'Hund', 'läuft', 'fröhlich', 'durch', 'den', 'Park']",Park,fröhlich
"F: Was ist das letzte Wort des Satzes ""Der Himmel ist blau und die Sonne scheint.""? A:","['Der', 'Himmel', 'ist', 'blau', 'und', 'die', 'Sonne', 'scheint']",scheint,himmel
"F: Welches Wort steht am Ende des Satzes ""Die Kinder spielen draußen im Garten mit Freunden und haben viel Spaß.""? A:","['Die', 'Kinder', 'spielen', 'draußen', 'im', 'Garten', 'mit', 'Freunden', 'und', 'haben', 'viel', 'Spaß']",Spaß,spaß
"F: Was ist das letzte Wort des Satzes ""Ich trinke abends gern eine heiße Tasse Tee.""? A:","['Ich', 'trinke', 'abends', 'gern', 'eine', 'heiße', 'Tasse', 'Tee']",Tee,trinke
"F: Was ist das letzte Wort des Satzes ""Der Hund bellt laut, wenn Fremde das Haus betreten.""? A:","['Der', 'Hund', 'bellt', 'laut', 'wenn', 'Fremde', 'das', 'Haus', 'betreten']",betreten,betreten
"Schreibe das letzte Wort des Satzes ""Die Katze klettert geschickt auf den höchsten Baum im Garten."": ","['Die', 'Katze', 'klettert', 'geschickt', 'auf', 'den', 'höchsten', 'Baum', 'im', 'Garten']",Garten,auf
"F: Welches Wort steht am Ende des Satzes ""Ich höre Musik, während ich Hausaufgaben mache und mich konzentriere.""? A:","['Ich', 'höre', 'Musik', 'während', 'ich', 'Hausaufgaben', 'mache', 'und', 'mich', 'konzentriere']",konzentriere,während
"F: Welches Wort steht am Ende des Satzes ""Sie malt ein Bild von der Landschaft im Herbst mit bunten Farben heute.""? A:","['Sie', 'malt', 'ein', 'Bild', 'von', 'der', 'Landschaft', 'im', 'Herbst', 'mit', 'bunten', 'Farben', 'heute']",heute,heute
"F: Was ist das letzte Wort des Satzes ""Wir besuchen das Museum, um mehr über Kunst zu lernen.""? A:","['Wir', 'besuchen', 'das', 'Museum', 'um', 'mehr', 'über', 'Kunst', 'zu', 'lernen']",lernen,wir
"F: Welches Wort steht am Ende des Satzes ""Die Katze schnurrt zufrieden, wenn sie gestreichelt wird vom Besitzer.""? A:","['Die', 'Katze', 'schnurrt', 'zufrieden', 'wenn', 'sie', 'gestreichelt', 'wird', 'vom', 'Besitzer']",Besitzer,sie
"Schreibe das letzte Wort des Satzes ""Wir fahren im Herbst oft in die Berge zum Wandern."": ","['Wir', 'fahren', 'im', 'Herbst', 'oft', 'in', 'die', 'Berge', 'zum', 'Wandern']",Wandern,fahren
"Schreibe das letzte Wort des Satzes ""Der Himmel ist klar und die Sterne funkeln hell in der Nacht."": ","['Der', 'Himmel', 'ist', 'klar', 'und', 'die', 'Sterne', 'funkeln', 'hell', 'in', 'der', 'Nacht']",Nacht,und
"F: Welches Wort steht am Ende des Satzes ""Ich koche heute Abend Nudeln mit Tomatensoße und frischem Basilikum.""? A:","['Ich', 'koche', 'heute', 'Abend', 'Nudeln', 'mit', 'Tomatensoße', 'und', 'frischem', 'Basilikum']",Basilikum,frischem
"Schreibe das letzte Wort des Satzes ""Er fährt täglich mit dem Fahrrad zur Arbeit in die Stadt."": ","['Er', 'fährt', 'täglich', 'mit', 'dem', 'Fahrrad', 'zur', 'Arbeit', 'in', 'die', 'Stadt']",Stadt,arbeit
"Schreibe das letzte Wort des Satzes ""Die Kinder basteln Laternen für das Martinsfest in der Schule."": ","['Die', 'Kinder', 'basteln', 'Laternen', 'für', 'das', 'Martinsfest', 'in', 'der', 'Schule']",Schule,die
"Schreibe das letzte Wort des Satzes ""Ich höre beim Lernen klassische Musik zur besseren Konzentration."": ","['Ich', 'höre', 'beim', 'Lernen', 'klassische', 'Musik', 'zur', 'besseren', 'Konzentration']",Konzentration,zur
"F: Welches Wort steht am Ende des Satzes ""Sie liest gern Sachbücher über Geschichte und Naturwissenschaften.""? A:","['Sie', 'liest', 'gern', 'Sachbücher', 'über', 'Geschichte', 'und', 'Naturwissenschaften']",Naturwissenschaften,gern
"F: Welches Wort steht am Ende des Satzes ""Sie liest gern Sachbücher über Geschichte und Naturwissenschaften.""? A:","['Sie', 'liest', 'gern', 'Sachbücher', 'über', 'Geschichte', 'und', 'Naturwissenschaften']",Naturwissenschaften,sie
"F: Was ist das letzte Wort des Satzes ""Sie trägt eine schöne rote Jacke im Winter.""? A:","['Sie', 'trägt', 'eine', 'schöne', 'rote', 'Jacke', 'im', 'Winter']",Winter,winter
"F: Welches Wort steht am Ende des Satzes ""Wir spazieren am Abend oft am Fluss entlang und genießen die Ruhe.""? A:","['Wir', 'spazieren', 'am', 'Abend', 'oft', 'am', 'Fluss', 'entlang', 'und', 'genießen', 'die', 'Ruhe']",Ruhe,wir
"F: Was ist das letzte Wort des Satzes ""Ich gehe jeden Morgen eine halbe Stunde spazieren.""? A:","['Ich', 'gehe', 'jeden', 'Morgen', 'eine', 'halbe', 'Stunde', 'spazieren']",spazieren,morgen
"Schreibe das letzte Wort des Satzes ""Wir essen heute Abend frisch gebackenes Brot mit Käse und Wurst."": ","['Wir', 'essen', 'heute', 'Abend', 'frisch', 'gebackenes', 'Brot', 'mit', 'Käse', 'und', 'Wurst']",Wurst,frisch
"Schreibe das letzte Wort des Satzes ""Er repariert sein altes Fahrrad in der Garage am Nachmittag."": ","['Er', 'repariert', 'sein', 'altes', 'Fahrrad', 'in', 'der', 'Garage', 'am', 'Nachmittag']",Nachmittag,fahrrad
"Schreibe das letzte Wort des Satzes ""Ich trinke morgens gerne schwarzen Kaffee mit Milch."": ","['Ich', 'trinke', 'morgens', 'gerne', 'schwarzen', 'Kaffee', 'mit', 'Milch']",Milch,schwarzen
"Schreibe das letzte Wort des Satzes ""Die Sonne scheint warm auf die bunten Blätter im Herbstpark."": ","['Die', 'Sonne', 'scheint', 'warm', 'auf', 'die', 'bunten', 'Blätter', 'im', 'Herbstpark']",Herbstpark,herbstpark
"F: Was ist das letzte Wort des Satzes ""Wir fahren im Winter oft in die Berge zum Skifahren.""? A:","['Wir', 'fahren', 'im', 'Winter', 'oft', 'in', 'die', 'Berge', 'zum', 'Skifahren']",Skifahren,zum
"F: Welches Wort steht am Ende des Satzes ""Er fährt jeden Tag mit dem Fahrrad zur Arbeit in der Stadt.""? A:","['Er', 'fährt', 'jeden', 'Tag', 'mit', 'dem', 'Fahrrad', 'zur', 'Arbeit', 'in', 'der', 'Stadt']",Stadt,der
"F: Welches Wort steht am Ende des Satzes ""Der Hund bellt, wenn jemand an der Tür klingelt oder klingelt.""? A:","['Der', 'Hund', 'bellt', 'wenn', 'jemand', 'an', 'der', 'Tür', 'klingelt', 'oder', 'klingelt']",klingelt,der
"Schreibe das letzte Wort des Satzes ""Sie tanzt leidenschaftlich gern jeden Samstagabend in der Tanzschule."": ","['Sie', 'tanzt', 'leidenschaftlich', 'gern', 'jeden', 'Samstagabend', 'in', 'der', 'Tanzschule']",Tanzschule,der
"F: Was ist das letzte Wort des Satzes ""Wir besuchen das Theater und sehen ein neues Stück am Freitagabend.""? A:","['Wir', 'besuchen', 'das', 'Theater', 'und', 'sehen', 'ein', 'neues', 'Stück', 'am', 'Freitagabend']",Freitagabend,wir
"F: Welches Wort steht am Ende des Satzes ""Ich gehe abends spazieren, um den Kopf frei zu bekommen.""? A:","['Ich', 'gehe', 'abends', 'spazieren', 'um', 'den', 'Kopf', 'frei', 'zu', 'bekommen']",bekommen,ich
"F: Welches Wort steht am Ende des Satzes ""Die Blumen auf dem Balkon blühen schön in der Sonne.""? A:","['Die', 'Blumen', 'auf', 'dem', 'Balkon', 'blühen', 'schön', 'in', 'der', 'Sonne']",Sonne,balkon
"Schreibe das letzte Wort des Satzes ""Er fährt täglich mit dem Fahrrad zur Arbeit in die Stadt."": ","['Er', 'fährt', 'täglich', 'mit', 'dem', 'Fahrrad', 'zur', 'Arbeit', 'in', 'die', 'Stadt']",Stadt,täglich
"F: Welches Wort steht am Ende des Satzes ""Die Katze schläft auf dem warmen Sofa und träumt friedlich.""? A:","['Die', 'Katze', 'schläft', 'auf', 'dem', 'warmen', 'Sofa', 'und', 'träumt', 'friedlich']",friedlich,auf
"F: Was ist das letzte Wort des Satzes ""Der Berg ist hoch und bietet tolle Aussicht.""? A:","['Der', 'Berg', 'ist', 'hoch', 'und', 'bietet', 'tolle', 'Aussicht']",Aussicht,tolle
"F: Was ist das letzte Wort des Satzes ""Sie malt ein Bild von der schönen Landschaft.""? A:","['Sie', 'malt', 'ein', 'Bild', 'von', 'der', 'schönen', 'Landschaft']",Landschaft,malt
"F: Welches Wort steht am Ende des Satzes ""Sie tanzt begeistert bei der Tanzstunde am Freitagabend in der Halle.""? A:","['Sie', 'tanzt', 'begeistert', 'bei', 'der', 'Tanzstunde', 'am', 'Freitagabend', 'in', 'der', 'Halle']",Halle,der
"F: Was ist das letzte Wort des Satzes ""Der Hund liegt zufrieden in der Sonne auf der Terrasse.""? A:","['Der', 'Hund', 'liegt', 'zufrieden', 'in', 'der', 'Sonne', 'auf', 'der', 'Terrasse']",Terrasse,hund
"F: Was ist das letzte Wort des Satzes ""Sie hört gern klassische Musik beim Lesen eines Buches.""? A:","['Sie', 'hört', 'gern', 'klassische', 'Musik', 'beim', 'Lesen', 'eines', 'Buches']",Buches,sie
"F: Was ist das letzte Wort des Satzes ""Die Katze schnurrt laut, wenn sie gestreichelt wird.""? A:","['Die', 'Katze', 'schnurrt', 'laut', 'wenn', 'sie', 'gestreichelt', 'wird']",wird,katze
"F: Was ist das letzte Wort des Satzes ""Die Katze schläft gerne auf dem warmen Sofa zu Hause im Wohnzimmer.""? A:","['Die', 'Katze', 'schläft', 'gerne', 'auf', 'dem', 'warmen', 'Sofa', 'zu', 'Hause', 'im', 'Wohnzimmer']",Wohnzimmer,katze
"F: Welches Wort steht am Ende des Satzes ""Wir machen im Sommer eine Bootsfahrt auf dem nahegelegenen See.""? A:","['Wir', 'machen', 'im', 'Sommer', 'eine', 'Bootsfahrt', 'auf', 'dem', 'nahegelegenen', 'See']",See,eine
"F: Was ist das letzte Wort des Satzes ""Die Kinder spielen Fußball auf dem Schulhof.""? A:","['Die', 'Kinder', 'spielen', 'Fußball', 'auf', 'dem', 'Schulhof']",Schulhof,schulhof
"Schreibe das letzte Wort des Satzes ""Ich genieße den Duft von frisch gebackenem Brot am Morgen."": ","['Ich', 'genieße', 'den', 'Duft', 'von', 'frisch', 'gebackenem', 'Brot', 'am', 'Morgen']",Morgen,ich
"F: Was ist das letzte Wort des Satzes ""Ich gehe gerne joggen im Wald am Morgen.""? A:","['Ich', 'gehe', 'gerne', 'joggen', 'im', 'Wald', 'am', 'Morgen']",Morgen,morgen
"F: Was ist das letzte Wort des Satzes ""Sie kocht gern italienische Gerichte für ihre Freunde am Wochenende.""? A:","['Sie', 'kocht', 'gern', 'italienische', 'Gerichte', 'für', 'ihre', 'Freunde', 'am', 'Wochenende']",Wochenende,kocht
"Schreibe das letzte Wort des Satzes ""Sie liest gern Romane über ferne Länder und spannende Abenteuer."": ","['Sie', 'liest', 'gern', 'Romane', 'über', 'ferne', 'Länder', 'und', 'spannende', 'Abenteuer']",Abenteuer,gern
"Schreibe das letzte Wort des Satzes ""Die Sonne scheint warm auf die bunten Blätter im Park."": ","['Die', 'Sonne', 'scheint', 'warm', 'auf', 'die', 'bunten', 'Blätter', 'im', 'Park']",Park,park
"F: Welches Wort steht am Ende des Satzes ""Sie tanzt begeistert bei der Tanzstunde am Freitagabend in der Halle.""? A:","['Sie', 'tanzt', 'begeistert', 'bei', 'der', 'Tanzstunde', 'am', 'Freitagabend', 'in', 'der', 'Halle']",Halle,der
"F: Welches Wort steht am Ende des Satzes ""Ich koche heute eine cremige Kürbissuppe mit frischen Gewürzen.""? A:","['Ich', 'koche', 'heute', 'eine', 'cremige', 'Kürbissuppe', 'mit', 'frischen', 'Gewürzen']",Gewürzen,ich
"F: Welches Wort steht am Ende des Satzes ""Er schreibt täglich in sein Tagebuch über seine Erlebnisse und Gedanken.""? A:","['Er', 'schreibt', 'täglich', 'in', 'sein', 'Tagebuch', 'über', 'seine', 'Erlebnisse', 'und', 'Gedanken']",Gedanken,gedanken
"Schreibe das letzte Wort des Satzes ""Wir machen eine Fahrradtour entlang der schönen Flussauen heute."": ","['Wir', 'machen', 'eine', 'Fahrradtour', 'entlang', 'der', 'schönen', 'Flussauen', 'heute']",heute,der
"F: Was ist das letzte Wort des Satzes ""Ich höre oft klassische Musik beim Lernen zu Hause.""? A:","['Ich', 'höre', 'oft', 'klassische', 'Musik', 'beim', 'Lernen', 'zu', 'Hause']",Hause,ich
"Schreibe das letzte Wort des Satzes ""Wir feiern ein kleines Fest im Garten mit Freunden."": ","['Wir', 'feiern', 'ein', 'kleines', 'Fest', 'im', 'Garten', 'mit', 'Freunden']",Freunden,fest
"Schreibe das letzte Wort des Satzes ""Die Sonne scheint warm auf die bunten Blätter im Park."": ","['Die', 'Sonne', 'scheint', 'warm', 'auf', 'die', 'bunten', 'Blätter', 'im', 'Park']",Park,die
"F: Was ist das letzte Wort des Satzes ""Die Katze schläft auf dem warmen Fensterbrett.""? A:","['Die', 'Katze', 'schläft', 'auf', 'dem', 'warmen', 'Fensterbrett']",Fensterbrett,fensterbrett
"F: Was ist das letzte Wort des Satzes ""Das Kind malt ein buntes Bild mit vielen Farben.""? A:","['Das', 'Kind', 'malt', 'ein', 'buntes', 'Bild', 'mit', 'vielen', 'Farben']",Farben,farben
"F: Welches Wort steht am Ende des Satzes ""Der Himmel ist blau und die Sonne scheint warm und hell heute.""? A:","['Der', 'Himmel', 'ist', 'blau', 'und', 'die', 'Sonne', 'scheint', 'warm', 'und', 'hell', 'heute']",heute,scheint
"F: Was ist das letzte Wort des Satzes ""Wir besuchen das Museum, um mehr über Kunst zu lernen.""? A:","['Wir', 'besuchen', 'das', 'Museum', 'um', 'mehr', 'über', 'Kunst', 'zu', 'lernen']",lernen,wir
"F: Welches Wort steht am Ende des Satzes ""Der Himmel ist heute bewölkt, aber es bleibt trocken und mild.""? A:","['Der', 'Himmel', 'ist', 'heute', 'bewölkt', 'aber', 'es', 'bleibt', 'trocken', 'und', 'mild']",mild,mild
"Schreibe das letzte Wort des Satzes ""Sie liest gern spannende Romane über ferne Länder."": ","['Sie', 'liest', 'gern', 'spannende', 'Romane', 'über', 'ferne', 'Länder']",Länder,ferne
"F: Was ist das letzte Wort des Satzes ""Die Katze jagt gern Schmetterlinge im Garten während des Sommers.""? A:","['Die', 'Katze', 'jagt', 'gern', 'Schmetterlinge', 'im', 'Garten', 'während', 'des', 'Sommers']",Sommers,gern
"F: Welches Wort steht am Ende des Satzes ""Sie tanzt jeden Freitag im Tanzkurs mit großer Freude und Schwung.""? A:","['Sie', 'tanzt', 'jeden', 'Freitag', 'im', 'Tanzkurs', 'mit', 'großer', 'Freude', 'und', 'Schwung']",Schwung,schwung
"F: Welches Wort steht am Ende des Satzes ""Wir besuchen im Sommer oft den See zum Schwimmen und Entspannen.""? A:","['Wir', 'besuchen', 'im', 'Sommer', 'oft', 'den', 'See', 'zum', 'Schwimmen', 'und', 'Entspannen']",Entspannen,schwimmen
"F: Welches Wort steht am Ende des Satzes ""Wir fahren im Herbst oft mit dem Auto ins Gebirge zum Wandern.""? A:","['Wir', 'fahren', 'im', 'Herbst', 'oft', 'mit', 'dem', 'Auto', 'ins', 'Gebirge', 'zum', 'Wandern']",Wandern,oft
"F: Was ist das letzte Wort des Satzes ""Sie spielt Klavier seit vielen Jahren sehr gut.""? A:","['Sie', 'spielt', 'Klavier', 'seit', 'vielen', 'Jahren', 'sehr', 'gut']",gut,sie
"F: Was ist das letzte Wort des Satzes ""Er fährt mit dem Fahrrad zur Arbeit jeden Tag.""? A:","['Er', 'fährt', 'mit', 'dem', 'Fahrrad', 'zur', 'Arbeit', 'jeden', 'Tag']",Tag,er
"F: Welches Wort steht am Ende des Satzes ""Wir essen heute Abend frisch gebackenes Brot mit Käse und Wurst.""? A:","['Wir', 'essen', 'heute', 'Abend', 'frisch', 'gebackenes', 'Brot', 'mit', 'Käse', 'und', 'Wurst']",Wurst,wir
"F: Was ist das letzte Wort des Satzes ""Wir fahren im Sommer an den See zum Schwimmen und Entspannen.""? A:","['Wir', 'fahren', 'im', 'Sommer', 'an', 'den', 'See', 'zum', 'Schwimmen', 'und', 'Entspannen']",Entspannen,entspannen
"Schreibe das letzte Wort des Satzes ""Wir treffen uns am Sonntag zum Frühstück im kleinen Café."": ","['Wir', 'treffen', 'uns', 'am', 'Sonntag', 'zum', 'Frühstück', 'im', 'kleinen', 'Café']",Café,im
"F: Welches Wort steht am Ende des Satzes ""Wir treffen uns am Sonntag zum gemütlichen Frühstück im Café.""? A:","['Wir', 'treffen', 'uns', 'am', 'Sonntag', 'zum', 'gemütlichen', 'Frühstück', 'im', 'Café']",Café,frühstück
"Schreibe das letzte Wort des Satzes ""Die Katze schnurrt zufrieden, wenn sie auf dem Sofa liegt."": ","['Die', 'Katze', 'schnurrt', 'zufrieden', 'wenn', 'sie', 'auf', 'dem', 'Sofa', 'liegt']",liegt,die
"F: Was ist das letzte Wort des Satzes ""Wir machen eine Pause und trinken eine Tasse Kaffee zusammen im Büro.""? A:","['Wir', 'machen', 'eine', 'Pause', 'und', 'trinken', 'eine', 'Tasse', 'Kaffee', 'zusammen', 'im', 'Büro']",Büro,machen
"Schreibe das letzte Wort des Satzes ""Sie tanzt fröhlich im Regen auf der nassen Straße."": ","['Sie', 'tanzt', 'fröhlich', 'im', 'Regen', 'auf', 'der', 'nassen', 'Straße']",Straße,sie
"F: Welches Wort steht am Ende des Satzes ""Die Kinder malen bunte Bilder für das Schulprojekt im Kunstunterricht.""? A:","['Die', 'Kinder', 'malen', 'bunte', 'Bilder', 'für', 'das', 'Schulprojekt', 'im', 'Kunstunterricht']",Kunstunterricht,kinder
"F: Welches Wort steht am Ende des Satzes ""Ich koche heute Abend eine leckere Suppe mit frischem Gemüse.""? A:","['Ich', 'koche', 'heute', 'Abend', 'eine', 'leckere', 'Suppe', 'mit', 'frischem', 'Gemüse']",Gemüse,gemüse
"F: Welches Wort steht am Ende des Satzes ""Der Lehrer gibt viele Hausaufgaben für das Wochenende auf zur Übung.""? A:","['Der', 'Lehrer', 'gibt', 'viele', 'Hausaufgaben', 'für', 'das', 'Wochenende', 'auf', 'zur', 'Übung']",Übung,für
"F: Was ist das letzte Wort des Satzes ""Ich esse gern Schokolade und süße Kuchen am Nachmittag.""? A:","['Ich', 'esse', 'gern', 'Schokolade', 'und', 'süße', 'Kuchen', 'am', 'Nachmittag']",Nachmittag,esse
"Schreibe das letzte Wort des Satzes ""Wir besuchen am Wochenende das neue Museum in der Innenstadt."": ","['Wir', 'besuchen', 'am', 'Wochenende', 'das', 'neue', 'Museum', 'in', 'der', 'Innenstadt']",Innenstadt,der
"Schreibe das letzte Wort des Satzes ""Wir gehen abends spazieren und genießen die frische Luft draußen."": ","['Wir', 'gehen', 'abends', 'spazieren', 'und', 'genießen', 'die', 'frische', 'Luft', 'draußen']",draußen,genießen
"F: Welches Wort steht am Ende des Satzes ""Ich höre oft Podcasts beim Autofahren zur Unterhaltung und Information.""? A:","['Ich', 'höre', 'oft', 'Podcasts', 'beim', 'Autofahren', 'zur', 'Unterhaltung', 'und', 'Information']",Information,zur
"F: Welches Wort steht am Ende des Satzes ""Ich schreibe eine E-Mail an meinen Chef wegen eines Meetings.""? A:","['Ich', 'schreibe', 'eine', 'E-Mail', 'an', 'meinen', 'Chef', 'wegen', 'eines', 'Meetings']",Meetings,meetings
"F: Was ist das letzte Wort des Satzes ""Sie liest gern spannende Bücher über Abenteuer.""? A:","['Sie', 'liest', 'gern', 'spannende', 'Bücher', 'über', 'Abenteuer']",Abenteuer,gern
"Schreibe das letzte Wort des Satzes ""Ich trinke morgens gern Tee mit Honig und frischer Zitrone."": ","['Ich', 'trinke', 'morgens', 'gern', 'Tee', 'mit', 'Honig', 'und', 'frischer', 'Zitrone']",Zitrone,ich
"Schreibe das letzte Wort des Satzes ""Die Katze liegt faul in der Sonne auf dem Fensterbrett."": ","['Die', 'Katze', 'liegt', 'faul', 'in', 'der', 'Sonne', 'auf', 'dem', 'Fensterbrett']",Fensterbrett,katze
"Schreibe das letzte Wort des Satzes ""Der Himmel ist heute bewölkt, aber es bleibt trocken und mild."": ","['Der', 'Himmel', 'ist', 'heute', 'bewölkt', 'aber', 'es', 'bleibt', 'trocken', 'und', 'mild']",mild,bewölkt
"F: Was ist das letzte Wort des Satzes ""Ich koche heute Abend ein leckeres Gericht mit Fisch.""? A:","['Ich', 'koche', 'heute', 'Abend', 'ein', 'leckeres', 'Gericht', 'mit', 'Fisch']",Fisch,heute
"F: Welches Wort steht am Ende des Satzes ""Der Vogel singt früh am Morgen ein fröhliches Lied im Garten.""? A:","['Der', 'Vogel', 'singt', 'früh', 'am', 'Morgen', 'ein', 'fröhliches', 'Lied', 'im', 'Garten']",Garten,im
"F: Welches Wort steht am Ende des Satzes ""Sie trinkt morgens gerne Kaffee mit frischer Milch und Zucker.""? A:","['Sie', 'trinkt', 'morgens', 'gerne', 'Kaffee', 'mit', 'frischer', 'Milch', 'und', 'Zucker']",Zucker,gerne
"F: Welches Wort steht am Ende des Satzes ""Der Himmel ist bewölkt, aber es bleibt trocken und mild.""? A:","['Der', 'Himmel', 'ist', 'bewölkt', 'aber', 'es', 'bleibt', 'trocken', 'und', 'mild']",mild,bewölkt
"F: Welches Wort steht am Ende des Satzes ""Sie kocht gern leckere Gerichte aus verschiedenen Ländern Europas.""? A:","['Sie', 'kocht', 'gern', 'leckere', 'Gerichte', 'aus', 'verschiedenen', 'Ländern', 'Europas']",Europas,leckere
"Schreibe das letzte Wort des Satzes ""Wir fahren im Herbst oft mit dem Auto ins Gebirge zum Wandern."": ","['Wir', 'fahren', 'im', 'Herbst', 'oft', 'mit', 'dem', 'Auto', 'ins', 'Gebirge', 'zum', 'Wandern']",Wandern,zum
"Schreibe das letzte Wort des Satzes ""Wir essen heute Abend Pizza mit viel Käse und Tomaten."": ","['Wir', 'essen', 'heute', 'Abend', 'Pizza', 'mit', 'viel', 'Käse', 'und', 'Tomaten']",Tomaten,heute
"F: Welches Wort steht am Ende des Satzes ""Ich schreibe eine E-Mail an meinen Chef wegen des Meetings.""? A:","['Ich', 'schreibe', 'eine', 'E-Mail', 'an', 'meinen', 'Chef', 'wegen', 'des', 'Meetings']",Meetings,eine
"Schreibe das letzte Wort des Satzes ""Der Vogel zwitschert fröhlich auf dem Ast des alten Baums."": ","['Der', 'Vogel', 'zwitschert', 'fröhlich', 'auf', 'dem', 'Ast', 'des', 'alten', 'Baums']",Baums,zwitschert
"F: Welches Wort steht am Ende des Satzes ""Der Vogel singt früh am Morgen ein fröhliches Lied im Garten.""? A:","['Der', 'Vogel', 'singt', 'früh', 'am', 'Morgen', 'ein', 'fröhliches', 'Lied', 'im', 'Garten']",Garten,singt
"Schreibe das letzte Wort des Satzes ""Wir machen eine Bootsfahrt auf dem See bei schönem Wetter."": ","['Wir', 'machen', 'eine', 'Bootsfahrt', 'auf', 'dem', 'See', 'bei', 'schönem', 'Wetter']",Wetter,auf
"F: Was ist das letzte Wort des Satzes ""Sie schreibt eine Postkarte an ihre beste Freundin.""? A:","['Sie', 'schreibt', 'eine', 'Postkarte', 'an', 'ihre', 'beste', 'Freundin']",Freundin,sie
"F: Welches Wort steht am Ende des Satzes ""Wir feiern Ostern traditionell mit bunten Eiern und Familie.""? A:","['Wir', 'feiern', 'Ostern', 'traditionell', 'mit', 'bunten', 'Eiern', 'und', 'Familie']",Familie,familie
"Schreibe das letzte Wort des Satzes ""Der Vogel baut ein Nest im Baum vor unserem Haus."": ","['Der', 'Vogel', 'baut', 'ein', 'Nest', 'im', 'Baum', 'vor', 'unserem', 'Haus']",Haus,ein
"F: Was ist das letzte Wort des Satzes ""Ich lerne Deutsch, um in Deutschland zu arbeiten und mich zu verständigen.""? A:","['Ich', 'lerne', 'Deutsch', 'um', 'in', 'Deutschland', 'zu', 'arbeiten', 'und', 'mich', 'zu', 'verständigen']",verständigen,zu
"F: Welches Wort steht am Ende des Satzes ""Wir essen heute frische Pasta mit Tomatensoße und Salat dazu gern.""? A:","['Wir', 'essen', 'heute', 'frische', 'Pasta', 'mit', 'Tomatensoße', 'und', 'Salat', 'dazu', 'gern']",gern,essen
"Schreibe das letzte Wort des Satzes ""Wir treffen uns am Sonntag zum Frühstück im Café."": ","['Wir', 'treffen', 'uns', 'am', 'Sonntag', 'zum', 'Frühstück', 'im', 'Café']",Café,am
"F: Was ist das letzte Wort des Satzes ""Der Junge spielt gerne Fußball auf dem Sportplatz.""? A:","['Der', 'Junge', 'spielt', 'gerne', 'Fußball', 'auf', 'dem', 'Sportplatz']",Sportplatz,spielt
"F: Welches Wort steht am Ende des Satzes ""Ich koche heute eine cremige Kürbissuppe mit frischen Gewürzen.""? A:","['Ich', 'koche', 'heute', 'eine', 'cremige', 'Kürbissuppe', 'mit', 'frischen', 'Gewürzen']",Gewürzen,ich
"F: Was ist das letzte Wort des Satzes ""Die Kinder spielen draußen im Garten mit ihren Freunden.""? A:","['Die', 'Kinder', 'spielen', 'draußen', 'im', 'Garten', 'mit', 'ihren', 'Freunden']",Freunden,freunden
"F: Welches Wort steht am Ende des Satzes ""Sie hört Musik, während sie Hausaufgaben macht und sich konzentriert.""? A:","['Sie', 'hört', 'Musik', 'während', 'sie', 'Hausaufgaben', 'macht', 'und', 'sich', 'konzentriert']",konzentriert,konzentriert
"Schreibe das letzte Wort des Satzes ""Ich genieße die Ruhe beim Lesen eines spannenden Romans."": ","['Ich', 'genieße', 'die', 'Ruhe', 'beim', 'Lesen', 'eines', 'spannenden', 'Romans']",Romans,genieße
"F: Was ist das letzte Wort des Satzes ""Sie schreibt ein Gedicht über den Frühling und die Natur.""? A:","['Sie', 'schreibt', 'ein', 'Gedicht', 'über', 'den', 'Frühling', 'und', 'die', 'Natur']",Natur,schreibt
"Schreibe das letzte Wort des Satzes ""Die Blumen blühen bunt im Frühling auf dem Balkon zuhause."": ","['Die', 'Blumen', 'blühen', 'bunt', 'im', 'Frühling', 'auf', 'dem', 'Balkon', 'zuhause']",zuhause,die
"Schreibe das letzte Wort des Satzes ""Der Vogel baut ein Nest im Baum vor unserem Haus."": ","['Der', 'Vogel', 'baut', 'ein', 'Nest', 'im', 'Baum', 'vor', 'unserem', 'Haus']",Haus,unserem
"F: Was ist das letzte Wort des Satzes ""Das Kind malt ein buntes Bild mit vielen Farben.""? A:","['Das', 'Kind', 'malt', 'ein', 'buntes', 'Bild', 'mit', 'vielen', 'Farben']",Farben,kind
"Schreibe das letzte Wort des Satzes ""Der Vogel zwitschert fröhlich auf dem Baum im Park."": ","['Der', 'Vogel', 'zwitschert', 'fröhlich', 'auf', 'dem', 'Baum', 'im', 'Park']",Park,fröhlich
"F: Was ist das letzte Wort des Satzes ""Der Vogel baut ein Nest hoch oben im Baum.""? A:","['Der', 'Vogel', 'baut', 'ein', 'Nest', 'hoch', 'oben', 'im', 'Baum']",Baum,baut
"Schreibe das letzte Wort des Satzes ""Der Regen fällt sanft auf die Blätter im Garten."": ","['Der', 'Regen', 'fällt', 'sanft', 'auf', 'die', 'Blätter', 'im', 'Garten']",Garten,sanft
"F: Welches Wort steht am Ende des Satzes ""Wir besuchen am Sonntag das Museum für moderne Kunst in der Stadt.""? A:","['Wir', 'besuchen', 'am', 'Sonntag', 'das', 'Museum', 'für', 'moderne', 'Kunst', 'in', 'der', 'Stadt']",Stadt,für
"Schreibe das letzte Wort des Satzes ""Der Lehrer erklärt die neue Grammatikregel geduldig und verständlich."": ","['Der', 'Lehrer', 'erklärt', 'die', 'neue', 'Grammatikregel', 'geduldig', 'und', 'verständlich']",verständlich,die
"Schreibe das letzte Wort des Satzes ""Ich koche heute Abend eine leckere Gemüsesuppe mit frischen Kräutern."": ","['Ich', 'koche', 'heute', 'Abend', 'eine', 'leckere', 'Gemüsesuppe', 'mit', 'frischen', 'Kräutern']",Kräutern,gemüsesuppe
"F: Welches Wort steht am Ende des Satzes ""Die Katze spielt mit dem kleinen roten Laserpunkt im Wohnzimmer.""? A:","['Die', 'Katze', 'spielt', 'mit', 'dem', 'kleinen', 'roten', 'Laserpunkt', 'im', 'Wohnzimmer']",Wohnzimmer,mit
"F: Was ist das letzte Wort des Satzes ""Der Hund bellt laut, wenn jemand an der Tür klingelt und begrüßt.""? A:","['Der', 'Hund', 'bellt', 'laut', 'wenn', 'jemand', 'an', 'der', 'Tür', 'klingelt', 'und', 'begrüßt']",begrüßt,der
"F: Was ist das letzte Wort des Satzes ""Die Blumen im Garten blühen bunt und duften wunderbar.""? A:","['Die', 'Blumen', 'im', 'Garten', 'blühen', 'bunt', 'und', 'duften', 'wunderbar']",wunderbar,garten
"F: Was ist das letzte Wort des Satzes ""Wir machen einen Ausflug zum See am Samstag.""? A:","['Wir', 'machen', 'einen', 'Ausflug', 'zum', 'See', 'am', 'Samstag']",Samstag,see
"F: Welches Wort steht am Ende des Satzes ""Die Blumen duften herrlich im Garten neben dem Haus.""? A:","['Die', 'Blumen', 'duften', 'herrlich', 'im', 'Garten', 'neben', 'dem', 'Haus']",Haus,dem
"F: Welches Wort steht am Ende des Satzes ""Sie kocht leckere Gerichte aus frischem Gemüse und Kräutern.""? A:","['Sie', 'kocht', 'leckere', 'Gerichte', 'aus', 'frischem', 'Gemüse', 'und', 'Kräutern']",Kräutern,leckere
"F: Welches Wort steht am Ende des Satzes ""Wir feiern Silvester mit Freunden und einem großen Feuerwerk.""? A:","['Wir', 'feiern', 'Silvester', 'mit', 'Freunden', 'und', 'einem', 'großen', 'Feuerwerk']",Feuerwerk,einem
"Schreibe das letzte Wort des Satzes ""Sie schreibt eine Karte an ihre Freundin zum Geburtstag."": ","['Sie', 'schreibt', 'eine', 'Karte', 'an', 'ihre', 'Freundin', 'zum', 'Geburtstag']",Geburtstag,freundin
"F: Was ist das letzte Wort des Satzes ""Sie fährt jeden Tag mit dem Fahrrad zur Arbeit.""? A:","['Sie', 'fährt', 'jeden', 'Tag', 'mit', 'dem', 'Fahrrad', 'zur', 'Arbeit']",Arbeit,fahrrad
"F: Was ist das letzte Wort des Satzes ""Wir machen eine Pause und trinken eine Tasse Kaffee zusammen im Café.""? A:","['Wir', 'machen', 'eine', 'Pause', 'und', 'trinken', 'eine', 'Tasse', 'Kaffee', 'zusammen', 'im', 'Café']",Café,im
"F: Welches Wort steht am Ende des Satzes ""Der Lehrer lobt die Schüler für ihre guten Leistungen.""? A:","['Der', 'Lehrer', 'lobt', 'die', 'Schüler', 'für', 'ihre', 'guten', 'Leistungen']",Leistungen,für
"F: Welches Wort steht am Ende des Satzes ""Ich gehe abends spazieren, um den Kopf frei zu bekommen.""? A:","['Ich', 'gehe', 'abends', 'spazieren', 'um', 'den', 'Kopf', 'frei', 'zu', 'bekommen']",bekommen,kopf
"F: Was ist das letzte Wort des Satzes ""Sie liest jeden Abend vor dem Schlafengehen ein Buch.""? A:","['Sie', 'liest', 'jeden', 'Abend', 'vor', 'dem', 'Schlafengehen', 'ein', 'Buch']",Buch,schlafengehen
"F: Welches Wort steht am Ende des Satzes ""Sie trinkt morgens warmen Tee mit Honig und Zitrone.""? A:","['Sie', 'trinkt', 'morgens', 'warmen', 'Tee', 'mit', 'Honig', 'und', 'Zitrone']",Zitrone,honig
"F: Welches Wort steht am Ende des Satzes ""Der Vogel zwitschert laut im Garten und begrüßt den neuen Tag.""? A:","['Der', 'Vogel', 'zwitschert', 'laut', 'im', 'Garten', 'und', 'begrüßt', 'den', 'neuen', 'Tag']",Tag,garten
"F: Welches Wort steht am Ende des Satzes ""Wir feiern Weihnachten traditionell mit der ganzen Familie und Geschenken.""? A:","['Wir', 'feiern', 'Weihnachten', 'traditionell', 'mit', 'der', 'ganzen', 'Familie', 'und', 'Geschenken']",Geschenken,traditionell
"F: Was ist das letzte Wort des Satzes ""Das Konzert beginnt um acht Uhr am Abend.""? A:","['Das', 'Konzert', 'beginnt', 'um', 'acht', 'Uhr', 'am', 'Abend']",Abend,abend
"F: Welches Wort steht am Ende des Satzes ""Die Blumen auf dem Balkon blühen schön in der warmen Sonne.""? A:","['Die', 'Blumen', 'auf', 'dem', 'Balkon', 'blühen', 'schön', 'in', 'der', 'warmen', 'Sonne']",Sonne,schön
"F: Was ist das letzte Wort des Satzes ""Sie kocht heute eine Suppe mit vielen frischen Kräutern.""? A:","['Sie', 'kocht', 'heute', 'eine', 'Suppe', 'mit', 'vielen', 'frischen', 'Kräutern']",Kräutern,eine
"Schreibe das letzte Wort des Satzes ""Der Himmel ist heute bewölkt, aber es bleibt trocken und mild."": ","['Der', 'Himmel', 'ist', 'heute', 'bewölkt', 'aber', 'es', 'bleibt', 'trocken', 'und', 'mild']",mild,bewölkt
"F: Was ist das letzte Wort des Satzes ""Wir machen einen Ausflug in die Berge und genießen die Natur.""? A:","['Wir', 'machen', 'einen', 'Ausflug', 'in', 'die', 'Berge', 'und', 'genießen', 'die', 'Natur']",Natur,wir
"F: Was ist das letzte Wort des Satzes ""Die Blumen blühen bunt und duften angenehm im Frühling.""? A:","['Die', 'Blumen', 'blühen', 'bunt', 'und', 'duften', 'angenehm', 'im', 'Frühling']",Frühling,blühen
"F: Was ist das letzte Wort des Satzes ""Der Zug kommt pünktlich am Bahnhof an.""? A:","['Der', 'Zug', 'kommt', 'pünktlich', 'am', 'Bahnhof', 'an']",an,am
"Schreibe das letzte Wort des Satzes ""Die Katze spielt mit ihrem Lieblingsspielzeug im Wohnzimmer fröhlich."": ","['Die', 'Katze', 'spielt', 'mit', 'ihrem', 'Lieblingsspielzeug', 'im', 'Wohnzimmer', 'fröhlich']",fröhlich,die
"F: Welches Wort steht am Ende des Satzes ""Sie spielt Geige und übt fleißig für das Konzert nächste Woche.""? A:","['Sie', 'spielt', 'Geige', 'und', 'übt', 'fleißig', 'für', 'das', 'Konzert', 'nächste', 'Woche']",Woche,spielt
"F: Was ist das letzte Wort des Satzes ""Wir besuchen nächste Woche das Museum für moderne Kunst.""? A:","['Wir', 'besuchen', 'nächste', 'Woche', 'das', 'Museum', 'für', 'moderne', 'Kunst']",Kunst,besuchen
"F: Was ist das letzte Wort des Satzes ""Sie schreibt eine Karte an ihre Großeltern zum Geburtstag.""? A:","['Sie', 'schreibt', 'eine', 'Karte', 'an', 'ihre', 'Großeltern', 'zum', 'Geburtstag']",Geburtstag,geburtstag
"F: Welches Wort steht am Ende des Satzes ""Wir fahren im Winter in die Berge zum Skifahren und Rodeln oft.""? A:","['Wir', 'fahren', 'im', 'Winter', 'in', 'die', 'Berge', 'zum', 'Skifahren', 'und', 'Rodeln', 'oft']",oft,die
"Schreibe das letzte Wort des Satzes ""Die Blumen auf dem Balkon blühen schön in der warmen Sonne."": ","['Die', 'Blumen', 'auf', 'dem', 'Balkon', 'blühen', 'schön', 'in', 'der', 'warmen', 'Sonne']",Sonne,der
"F: Welches Wort steht am Ende des Satzes ""Die Kinder malen Bilder für den Kunstwettbewerb in der Schule.""? A:","['Die', 'Kinder', 'malen', 'Bilder', 'für', 'den', 'Kunstwettbewerb', 'in', 'der', 'Schule']",Schule,für
"F: Welches Wort steht am Ende des Satzes ""Wir fahren mit dem Fahrrad durch den Park am Wochenende zum Ausflug.""? A:","['Wir', 'fahren', 'mit', 'dem', 'Fahrrad', 'durch', 'den', 'Park', 'am', 'Wochenende', 'zum', 'Ausflug']",Ausflug,zum
"F: Welches Wort steht am Ende des Satzes ""Sie schreibt eine Postkarte aus dem Urlaub an ihre Freunde.""? A:","['Sie', 'schreibt', 'eine', 'Postkarte', 'aus', 'dem', 'Urlaub', 'an', 'ihre', 'Freunde']",Freunde,freunde
"Schreibe das letzte Wort des Satzes ""Er fährt jeden Tag mit dem Fahrrad zur Arbeit in der Stadt."": ","['Er', 'fährt', 'jeden', 'Tag', 'mit', 'dem', 'Fahrrad', 'zur', 'Arbeit', 'in', 'der', 'Stadt']",Stadt,tag
"F: Welches Wort steht am Ende des Satzes ""Die Katze spielt mit ihrem Lieblingsspielzeug im Wohnzimmer fröhlich.""? A:","['Die', 'Katze', 'spielt', 'mit', 'ihrem', 'Lieblingsspielzeug', 'im', 'Wohnzimmer', 'fröhlich']",fröhlich,katze
"F: Was ist das letzte Wort des Satzes ""Ich lese oft spannende Bücher über Geschichte und Kultur aus aller Welt.""? A:","['Ich', 'lese', 'oft', 'spannende', 'Bücher', 'über', 'Geschichte', 'und', 'Kultur', 'aus', 'aller', 'Welt']",Welt,geschichte
"F: Was ist das letzte Wort des Satzes ""Wir feiern Weihnachten mit der ganzen Familie zusammen und essen viel.""? A:","['Wir', 'feiern', 'Weihnachten', 'mit', 'der', 'ganzen', 'Familie', 'zusammen', 'und', 'essen', 'viel']",viel,weihnachten
"F: Was ist das letzte Wort des Satzes ""Im Park spielen viele Kinder laut auf dem Spielplatz.""? A:","['Im', 'Park', 'spielen', 'viele', 'Kinder', 'laut', 'auf', 'dem', 'Spielplatz']",Spielplatz,auf
"Schreibe das letzte Wort des Satzes ""Die Kinder spielen Verstecken im Garten und lachen laut."": ","['Die', 'Kinder', 'spielen', 'Verstecken', 'im', 'Garten', 'und', 'lachen', 'laut']",laut,garten
"F: Was ist das letzte Wort des Satzes ""Er liest die Zeitung beim Frühstück jeden Morgen.""? A:","['Er', 'liest', 'die', 'Zeitung', 'beim', 'Frühstück', 'jeden', 'Morgen']",Morgen,liest
"Schreibe das letzte Wort des Satzes ""Er repariert sein Fahrrad in der Werkstatt seines Nachbarn."": ","['Er', 'repariert', 'sein', 'Fahrrad', 'in', 'der', 'Werkstatt', 'seines', 'Nachbarn']",Nachbarn,er
"F: Welches Wort steht am Ende des Satzes ""Ich gehe abends spazieren, um den Kopf frei zu bekommen.""? A:","['Ich', 'gehe', 'abends', 'spazieren', 'um', 'den', 'Kopf', 'frei', 'zu', 'bekommen']",bekommen,den
"Schreibe das letzte Wort des Satzes ""Die Sonne scheint warm auf das Gesicht im Sommer."": ","['Die', 'Sonne', 'scheint', 'warm', 'auf', 'das', 'Gesicht', 'im', 'Sommer']",Sommer,die
"Schreibe das letzte Wort des Satzes ""Er repariert das Fahrrad im Keller mit Werkzeug und Geduld."": ","['Er', 'repariert', 'das', 'Fahrrad', 'im', 'Keller', 'mit', 'Werkzeug', 'und', 'Geduld']",Geduld,geduld
"F: Welches Wort steht am Ende des Satzes ""Der Himmel ist klar und die Sonne scheint warm und hell.""? A:","['Der', 'Himmel', 'ist', 'klar', 'und', 'die', 'Sonne', 'scheint', 'warm', 'und', 'hell']",hell,himmel
"F: Was ist das letzte Wort des Satzes ""Der Film im Kino war sehr spannend und lustig.""? A:","['Der', 'Film', 'im', 'Kino', 'war', 'sehr', 'spannend', 'und', 'lustig']",lustig,kino
"Schreibe das letzte Wort des Satzes ""Die Blumen blühen bunt und duften herrlich im Frühlingsgarten."": ","['Die', 'Blumen', 'blühen', 'bunt', 'und', 'duften', 'herrlich', 'im', 'Frühlingsgarten']",Frühlingsgarten,die
"F: Was ist das letzte Wort des Satzes ""Ich gehe joggen im Wald am Morgen und genieße.""? A:","['Ich', 'gehe', 'joggen', 'im', 'Wald', 'am', 'Morgen', 'und', 'genieße']",genieße,genieße
"Schreibe das letzte Wort des Satzes ""Der Hund liebt es, im Park mit anderen Hunden zu spielen."": ","['Der', 'Hund', 'liebt', 'es', 'im', 'Park', 'mit', 'anderen', 'Hunden', 'zu', 'spielen']",spielen,der
"F: Welches Wort steht am Ende des Satzes ""Sie kocht oft italienische Gerichte mit frischen Kräutern und Tomaten.""? A:","['Sie', 'kocht', 'oft', 'italienische', 'Gerichte', 'mit', 'frischen', 'Kräutern', 'und', 'Tomaten']",Tomaten,sie
"F: Was ist das letzte Wort des Satzes ""Ich lese oft spannende Bücher über Geschichte und Kultur.""? A:","['Ich', 'lese', 'oft', 'spannende', 'Bücher', 'über', 'Geschichte', 'und', 'Kultur']",Kultur,ich
"F: Welches Wort steht am Ende des Satzes ""Wir treffen uns am Sonntag zum gemütlichen Frühstück im Café.""? A:","['Wir', 'treffen', 'uns', 'am', 'Sonntag', 'zum', 'gemütlichen', 'Frühstück', 'im', 'Café']",Café,im
"F: Was ist das letzte Wort des Satzes ""Wir besuchen nächste Woche das Theater und sehen ein neues Stück.""? A:","['Wir', 'besuchen', 'nächste', 'Woche', 'das', 'Theater', 'und', 'sehen', 'ein', 'neues', 'Stück']",Stück,wir
"F: Was ist das letzte Wort des Satzes ""Der Vogel singt ein schönes Lied am frühen Morgen.""? A:","['Der', 'Vogel', 'singt', 'ein', 'schönes', 'Lied', 'am', 'frühen', 'Morgen']",Morgen,lied
"F: Welches Wort steht am Ende des Satzes ""Wir fahren im Sommer ans Meer zum Schwimmen und Entspannen jedes Jahr heute.""? A:","['Wir', 'fahren', 'im', 'Sommer', 'ans', 'Meer', 'zum', 'Schwimmen', 'und', 'Entspannen', 'jedes', 'Jahr', 'heute']",heute,heute
"F: Welches Wort steht am Ende des Satzes ""Die Blumen auf dem Balkon blühen schön in der warmen Sonne.""? A:","['Die', 'Blumen', 'auf', 'dem', 'Balkon', 'blühen', 'schön', 'in', 'der', 'warmen', 'Sonne']",Sonne,auf
"F: Was ist das letzte Wort des Satzes ""Der Hund wartet geduldig vor der Tür.""? A:","['Der', 'Hund', 'wartet', 'geduldig', 'vor', 'der', 'Tür']",Tür,tür
"F: Welches Wort steht am Ende des Satzes ""Er fährt jeden Morgen mit dem Fahrrad zur Arbeit in die Stadt.""? A:","['Er', 'fährt', 'jeden', 'Morgen', 'mit', 'dem', 'Fahrrad', 'zur', 'Arbeit', 'in', 'die', 'Stadt']",Stadt,stadt
"F: Was ist das letzte Wort des Satzes ""Wir feiern Weihnachten mit der ganzen Familie zusammen.""? A:","['Wir', 'feiern', 'Weihnachten', 'mit', 'der', 'ganzen', 'Familie', 'zusammen']",zusammen,zusammen
"F: Was ist das letzte Wort des Satzes ""Wir besuchen morgen das neue Museum in der Stadt.""? A:","['Wir', 'besuchen', 'morgen', 'das', 'neue', 'Museum', 'in', 'der', 'Stadt']",Stadt,wir
"Schreibe das letzte Wort des Satzes ""Wir essen heute Abend frische Pasta mit Tomatensoße und Parmesan."": ","['Wir', 'essen', 'heute', 'Abend', 'frische', 'Pasta', 'mit', 'Tomatensoße', 'und', 'Parmesan']",Parmesan,essen
"F: Welches Wort steht am Ende des Satzes ""Wir machen eine Pause und trinken Kaffee zusammen in der Küche oft.""? A:","['Wir', 'machen', 'eine', 'Pause', 'und', 'trinken', 'Kaffee', 'zusammen', 'in', 'der', 'Küche', 'oft']",oft,machen
"F: Welches Wort steht am Ende des Satzes ""Ich schreibe eine Nachricht an meine Eltern zum Geburtstag heute.""? A:","['Ich', 'schreibe', 'eine', 'Nachricht', 'an', 'meine', 'Eltern', 'zum', 'Geburtstag', 'heute']",heute,meine
"F: Was ist das letzte Wort des Satzes ""Ich schreibe eine E-Mail an meinen Chef wegen Terminen.""? A:","['Ich', 'schreibe', 'eine', 'E-Mail', 'an', 'meinen', 'Chef', 'wegen', 'Terminen']",Terminen,chef
"F: Was ist das letzte Wort des Satzes ""Wir fahren mit dem Fahrrad durch den Park am Wochenende.""? A:","['Wir', 'fahren', 'mit', 'dem', 'Fahrrad', 'durch', 'den', 'Park', 'am', 'Wochenende']",Wochenende,fahren
"F: Was ist das letzte Wort des Satzes ""Sie schreibt eine E-Mail an ihre Freundin und erzählt.""? A:","['Sie', 'schreibt', 'eine', 'E-Mail', 'an', 'ihre', 'Freundin', 'und', 'erzählt']",erzählt,erzählt
"F: Was ist das letzte Wort des Satzes ""Ich lerne jeden Tag neue deutsche Wörter.""? A:","['Ich', 'lerne', 'jeden', 'Tag', 'neue', 'deutsche', 'Wörter']",Wörter,jeden
"F: Was ist das letzte Wort des Satzes ""Der Lehrer gibt viele Hausaufgaben für das Wochenende an seine Schüler.""? A:","['Der', 'Lehrer', 'gibt', 'viele', 'Hausaufgaben', 'für', 'das', 'Wochenende', 'an', 'seine', 'Schüler']",Schüler,für
"F: Was ist das letzte Wort des Satzes ""Sie kocht gern mit frischen Kräutern aus dem Garten.""? A:","['Sie', 'kocht', 'gern', 'mit', 'frischen', 'Kräutern', 'aus', 'dem', 'Garten']",Garten,frischen
"Schreibe das letzte Wort des Satzes ""Die Kinder freuen sich auf die bevorstehenden Sommerferien sehr."": ","['Die', 'Kinder', 'freuen', 'sich', 'auf', 'die', 'bevorstehenden', 'Sommerferien', 'sehr']",sehr,die
"F: Was ist das letzte Wort des Satzes ""Sie kocht gerne mit frischen Kräutern aus dem Garten.""? A:","['Sie', 'kocht', 'gerne', 'mit', 'frischen', 'Kräutern', 'aus', 'dem', 'Garten']",Garten,mit
"Schreibe das letzte Wort des Satzes ""Wir feiern heute ein Fest mit Freunden und leckerem Essen."": ","['Wir', 'feiern', 'heute', 'ein', 'Fest', 'mit', 'Freunden', 'und', 'leckerem', 'Essen']",Essen,freunden
"F: Welches Wort steht am Ende des Satzes ""Der Berg ist hoch und bietet tolle Aussicht auf das Tal.""? A:","['Der', 'Berg', 'ist', 'hoch', 'und', 'bietet', 'tolle', 'Aussicht', 'auf', 'das', 'Tal']",Tal,tal
"F: Welches Wort steht am Ende des Satzes ""Wir feiern Weihnachten mit der ganzen Familie zusammen und genießen.""? A:","['Wir', 'feiern', 'Weihnachten', 'mit', 'der', 'ganzen', 'Familie', 'zusammen', 'und', 'genießen']",genießen,wir
"F: Welches Wort steht am Ende des Satzes ""Sie liest gern spannende Krimis und Thriller am Abend vor dem Schlafen.""? A:","['Sie', 'liest', 'gern', 'spannende', 'Krimis', 'und', 'Thriller', 'am', 'Abend', 'vor', 'dem', 'Schlafen']",Schlafen,sie
"F: Welches Wort steht am Ende des Satzes ""Sie hört gern Musik, während sie am Computer arbeitet zu Hause oft.""? A:","['Sie', 'hört', 'gern', 'Musik', 'während', 'sie', 'am', 'Computer', 'arbeitet', 'zu', 'Hause', 'oft']",oft,oft
"F: Welches Wort steht am Ende des Satzes ""Wir feiern Ostern traditionell mit bunten Eiern und der Familie.""? A:","['Wir', 'feiern', 'Ostern', 'traditionell', 'mit', 'bunten', 'Eiern', 'und', 'der', 'Familie']",Familie,ostern
"Schreibe das letzte Wort des Satzes ""Er fährt jeden Morgen mit dem Fahrrad zur Arbeit in die Stadt."": ","['Er', 'fährt', 'jeden', 'Morgen', 'mit', 'dem', 'Fahrrad', 'zur', 'Arbeit', 'in', 'die', 'Stadt']",Stadt,fahrrad
"F: Was ist das letzte Wort des Satzes ""Sie hört Musik, während sie Hausaufgaben macht.""? A:","['Sie', 'hört', 'Musik', 'während', 'sie', 'Hausaufgaben', 'macht']",macht,macht
"F: Was ist das letzte Wort des Satzes ""Ich koche heute Abend ein leckeres Abendessen für meine Familie.""? A:","['Ich', 'koche', 'heute', 'Abend', 'ein', 'leckeres', 'Abendessen', 'für', 'meine', 'Familie']",Familie,familie
"F: Welches Wort steht am Ende des Satzes ""Sie schreibt eine Karte an ihre Freundin zum Geburtstag.""? A:","['Sie', 'schreibt', 'eine', 'Karte', 'an', 'ihre', 'Freundin', 'zum', 'Geburtstag']",Geburtstag,freundin
"Schreibe das letzte Wort des Satzes ""Sie liest gern spannende Romane über Abenteuer und ferne Länder."": ","['Sie', 'liest', 'gern', 'spannende', 'Romane', 'über', 'Abenteuer', 'und', 'ferne', 'Länder']",Länder,sie
"F: Welches Wort steht am Ende des Satzes ""Der Vogel baut ein Nest hoch oben im alten Baum.""? A:","['Der', 'Vogel', 'baut', 'ein', 'Nest', 'hoch', 'oben', 'im', 'alten', 'Baum']",Baum,ein
"Schreibe das letzte Wort des Satzes ""Wir gehen morgen früh zum Markt, um frisches Obst zu kaufen."": ","['Wir', 'gehen', 'morgen', 'früh', 'zum', 'Markt', 'um', 'frisches', 'Obst', 'zu', 'kaufen']",kaufen,kaufen
"F: Was ist das letzte Wort des Satzes ""Wir feiern im Sommer ein großes Familienfest.""? A:","['Wir', 'feiern', 'im', 'Sommer', 'ein', 'großes', 'Familienfest']",Familienfest,großes
"Schreibe das letzte Wort des Satzes ""Wir feiern heute den Geburtstag meiner Schwester mit vielen Gästen."": ","['Wir', 'feiern', 'heute', 'den', 'Geburtstag', 'meiner', 'Schwester', 'mit', 'vielen', 'Gästen']",Gästen,den
"Schreibe das letzte Wort des Satzes ""Wir treffen uns am Sonntag zum Frühstück im kleinen Café."": ","['Wir', 'treffen', 'uns', 'am', 'Sonntag', 'zum', 'Frühstück', 'im', 'kleinen', 'Café']",Café,frühstück
"F: Was ist das letzte Wort des Satzes ""Wir feiern nächsten Monat eine große Geburtstagsparty.""? A:","['Wir', 'feiern', 'nächsten', 'Monat', 'eine', 'große', 'Geburtstagsparty']",Geburtstagsparty,geburtstagsparty
"Schreibe das letzte Wort des Satzes ""Die Katze springt geschickt auf das hohe Bücherregal oben."": ","['Die', 'Katze', 'springt', 'geschickt', 'auf', 'das', 'hohe', 'Bücherregal', 'oben']",oben,katze
"Schreibe das letzte Wort des Satzes ""Der Vogel fliegt hoch in den blauen Himmel über uns."": ","['Der', 'Vogel', 'fliegt', 'hoch', 'in', 'den', 'blauen', 'Himmel', 'über', 'uns']",uns,der
"F: Welches Wort steht am Ende des Satzes ""Der Hund läuft schnell durch den Garten und spielt mit dem Ball.""? A:","['Der', 'Hund', 'läuft', 'schnell', 'durch', 'den', 'Garten', 'und', 'spielt', 'mit', 'dem', 'Ball']",Ball,läuft
"Schreibe das letzte Wort des Satzes ""Wir feiern Weihnachten mit der ganzen Familie und leckerem Essen."": ","['Wir', 'feiern', 'Weihnachten', 'mit', 'der', 'ganzen', 'Familie', 'und', 'leckerem', 'Essen']",Essen,wir
"F: Welches Wort steht am Ende des Satzes ""Der Vogel zwitschert laut im Garten und begrüßt den neuen Tag.""? A:","['Der', 'Vogel', 'zwitschert', 'laut', 'im', 'Garten', 'und', 'begrüßt', 'den', 'neuen', 'Tag']",Tag,garten
"F: Welches Wort steht am Ende des Satzes ""Ich höre Musik, während ich Hausaufgaben mache und mich konzentriere.""? A:","['Ich', 'höre', 'Musik', 'während', 'ich', 'Hausaufgaben', 'mache', 'und', 'mich', 'konzentriere']",konzentriere,hausaufgaben
"F: Was ist das letzte Wort des Satzes ""Das Kind malt ein buntes Bild mit vielen Farben.""? A:","['Das', 'Kind', 'malt', 'ein', 'buntes', 'Bild', 'mit', 'vielen', 'Farben']",Farben,ein
"F: Welches Wort steht am Ende des Satzes ""Wir besuchen im Sommer oft den See zum Schwimmen und Entspannen.""? A:","['Wir', 'besuchen', 'im', 'Sommer', 'oft', 'den', 'See', 'zum', 'Schwimmen', 'und', 'Entspannen']",Entspannen,wir
"F: Was ist das letzte Wort des Satzes ""Der Lehrer lobt die Schüler für ihre guten Leistungen.""? A:","['Der', 'Lehrer', 'lobt', 'die', 'Schüler', 'für', 'ihre', 'guten', 'Leistungen']",Leistungen,guten
"F: Was ist das letzte Wort des Satzes ""Wir machen eine Pause und trinken eine Tasse Kaffee.""? A:","['Wir', 'machen', 'eine', 'Pause', 'und', 'trinken', 'eine', 'Tasse', 'Kaffee']",Kaffee,trinken
"F: Was ist das letzte Wort des Satzes ""Wir machen eine Pause und trinken eine Tasse Kaffee.""? A:","['Wir', 'machen', 'eine', 'Pause', 'und', 'trinken', 'eine', 'Tasse', 'Kaffee']",Kaffee,pause
"F: Welches Wort steht am Ende des Satzes ""Ich trinke morgens gern Tee mit Honig und frischer Zitrone.""? A:","['Ich', 'trinke', 'morgens', 'gern', 'Tee', 'mit', 'Honig', 'und', 'frischer', 'Zitrone']",Zitrone,trinke
"F: Was ist das letzte Wort des Satzes ""Der Lehrer gibt uns viele interessante Aufgaben im Unterricht.""? A:","['Der', 'Lehrer', 'gibt', 'uns', 'viele', 'interessante', 'Aufgaben', 'im', 'Unterricht']",Unterricht,gibt
"F: Was ist das letzte Wort des Satzes ""Der Hund bellt laut, wenn jemand an der Tür klingelt.""? A:","['Der', 'Hund', 'bellt', 'laut', 'wenn', 'jemand', 'an', 'der', 'Tür', 'klingelt']",klingelt,an
"F: Was ist das letzte Wort des Satzes ""Sie hat ein neues Kleid für die Party gekauft.""? A:","['Sie', 'hat', 'ein', 'neues', 'Kleid', 'für', 'die', 'Party', 'gekauft']",gekauft,die
"F: Welches Wort steht am Ende des Satzes ""Bitte öffne das Fenster, es ist warm und stickig im Zimmer heute.""? A:","['Bitte', 'öffne', 'das', 'Fenster', 'es', 'ist', 'warm', 'und', 'stickig', 'im', 'Zimmer', 'heute']",heute,bitte
"F: Welches Wort steht am Ende des Satzes ""Wir treffen uns am Sonntag zum Frühstück im Café.""? A:","['Wir', 'treffen', 'uns', 'am', 'Sonntag', 'zum', 'Frühstück', 'im', 'Café']",Café,im
"F: Was ist das letzte Wort des Satzes ""Wir feiern Silvester mit Freunden und viel Spaß und Musik in der Stadt.""? A:","['Wir', 'feiern', 'Silvester', 'mit', 'Freunden', 'und', 'viel', 'Spaß', 'und', 'Musik', 'in', 'der', 'Stadt']",Stadt,der
"F: Was ist das letzte Wort des Satzes ""Sie kocht heute eine Suppe mit frischen Kräutern.""? A:","['Sie', 'kocht', 'heute', 'eine', 'Suppe', 'mit', 'frischen', 'Kräutern']",Kräutern,suppe
"F: Was ist das letzte Wort des Satzes ""Das Wetter im Frühling ist oft wechselhaft.""? A:","['Das', 'Wetter', 'im', 'Frühling', 'ist', 'oft', 'wechselhaft']",wechselhaft,wetter
"Schreibe das letzte Wort des Satzes ""Wir pflanzen gemeinsam Blumen im Garten für den Frühling."": ","['Wir', 'pflanzen', 'gemeinsam', 'Blumen', 'im', 'Garten', 'für', 'den', 'Frühling']",Frühling,gemeinsam
"F: Was ist das letzte Wort des Satzes ""Im Park spielen viele Kinder fröhlich und laut auf dem Spielplatz.""? A:","['Im', 'Park', 'spielen', 'viele', 'Kinder', 'fröhlich', 'und', 'laut', 'auf', 'dem', 'Spielplatz']",Spielplatz,spielen
"Schreibe das letzte Wort des Satzes ""Die Blumen im Garten blühen schön in der warmen Sonne."": ","['Die', 'Blumen', 'im', 'Garten', 'blühen', 'schön', 'in', 'der', 'warmen', 'Sonne']",Sonne,die
"Schreibe das letzte Wort des Satzes ""Der Lehrer lobt die Schüler für ihre guten Leistungen im Test."": ","['Der', 'Lehrer', 'lobt', 'die', 'Schüler', 'für', 'ihre', 'guten', 'Leistungen', 'im', 'Test']",Test,der
"F: Was ist das letzte Wort des Satzes ""Wir besuchen das Museum, um mehr über Kunst zu lernen.""? A:","['Wir', 'besuchen', 'das', 'Museum', 'um', 'mehr', 'über', 'Kunst', 'zu', 'lernen']",lernen,kunst
"Schreibe das letzte Wort des Satzes ""Der Hund liegt zufrieden in seinem Körbchen und schläft."": ","['Der', 'Hund', 'liegt', 'zufrieden', 'in', 'seinem', 'Körbchen', 'und', 'schläft']",schläft,körbchen
"Schreibe das letzte Wort des Satzes ""Die Kinder spielen draußen im Garten Verstecken und haben viel Spaß."": ","['Die', 'Kinder', 'spielen', 'draußen', 'im', 'Garten', 'Verstecken', 'und', 'haben', 'viel', 'Spaß']",Spaß,garten
"Schreibe das letzte Wort des Satzes ""Ich trinke morgens gern schwarzen Kaffee ohne Zucker und Milch."": ","['Ich', 'trinke', 'morgens', 'gern', 'schwarzen', 'Kaffee', 'ohne', 'Zucker', 'und', 'Milch']",Milch,kaffee
"Schreibe das letzte Wort des Satzes ""Wir machen eine Wanderung durch den Wald und hören Vögel."": ","['Wir', 'machen', 'eine', 'Wanderung', 'durch', 'den', 'Wald', 'und', 'hören', 'Vögel']",Vögel,und
"F: Welches Wort steht am Ende des Satzes ""Sie liest jeden Abend vor dem Schlafengehen ein interessantes Buch.""? A:","['Sie', 'liest', 'jeden', 'Abend', 'vor', 'dem', 'Schlafengehen', 'ein', 'interessantes', 'Buch']",Buch,schlafengehen
"F: Welches Wort steht am Ende des Satzes ""Wir machen einen Ausflug zum See am Samstag mit der Familie.""? A:","['Wir', 'machen', 'einen', 'Ausflug', 'zum', 'See', 'am', 'Samstag', 'mit', 'der', 'Familie']",Familie,einen
"Schreibe das letzte Wort des Satzes ""Der Winter bringt oft Schnee und kalte Temperaturen in unsere Region."": ","['Der', 'Winter', 'bringt', 'oft', 'Schnee', 'und', 'kalte', 'Temperaturen', 'in', 'unsere', 'Region']",Region,schnee
"F: Was ist das letzte Wort des Satzes ""Ich höre gern Podcasts über Wissenschaft und Technik.""? A:","['Ich', 'höre', 'gern', 'Podcasts', 'über', 'Wissenschaft', 'und', 'Technik']",Technik,gern
"F: Welches Wort steht am Ende des Satzes ""Der Hund bellt laut, wenn jemand an der Tür klingelt.""? A:","['Der', 'Hund', 'bellt', 'laut', 'wenn', 'jemand', 'an', 'der', 'Tür', 'klingelt']",klingelt,wenn
"Schreibe das letzte Wort des Satzes ""Wir gehen morgen früh zum Markt, um frisches Obst zu kaufen."": ","['Wir', 'gehen', 'morgen', 'früh', 'zum', 'Markt', 'um', 'frisches', 'Obst', 'zu', 'kaufen']",kaufen,gehen
"Schreibe das letzte Wort des Satzes ""Der Himmel ist heute bewölkt, aber es bleibt trocken und mild."": ","['Der', 'Himmel', 'ist', 'heute', 'bewölkt', 'aber', 'es', 'bleibt', 'trocken', 'und', 'mild']",mild,und
"Schreibe das letzte Wort des Satzes ""Sie näht eine warme Jacke für den kommenden Winter."": ","['Sie', 'näht', 'eine', 'warme', 'Jacke', 'für', 'den', 'kommenden', 'Winter']",Winter,sie
"Schreibe das letzte Wort des Satzes ""Die Katze spielt mit ihrem Lieblingsspielzeug auf dem Wohnzimmerboden."": ","['Die', 'Katze', 'spielt', 'mit', 'ihrem', 'Lieblingsspielzeug', 'auf', 'dem', 'Wohnzimmerboden']",Wohnzimmerboden,mit
"Schreibe das letzte Wort des Satzes ""Wir spielen Karten und lachen laut bis spät in Nacht."": ","['Wir', 'spielen', 'Karten', 'und', 'lachen', 'laut', 'bis', 'spät', 'in', 'Nacht']",Nacht,spielen
"F: Was ist das letzte Wort des Satzes ""Das Wetter wird im Sommer oft sehr heiß und trocken.""? A:","['Das', 'Wetter', 'wird', 'im', 'Sommer', 'oft', 'sehr', 'heiß', 'und', 'trocken']",trocken,heiß
"Schreibe das letzte Wort des Satzes ""Sie schreibt regelmäßig Briefe an ihre Freunde und Verwandten."": ","['Sie', 'schreibt', 'regelmäßig', 'Briefe', 'an', 'ihre', 'Freunde', 'und', 'Verwandten']",Verwandten,sie
"F: Was ist das letzte Wort des Satzes ""Der Hund frisst sein Futter mit großem Appetit.""? A:","['Der', 'Hund', 'frisst', 'sein', 'Futter', 'mit', 'großem', 'Appetit']",Appetit,frisst
"F: Welches Wort steht am Ende des Satzes ""Die Blumen blühen bunt im Frühling auf dem Balkon.""? A:","['Die', 'Blumen', 'blühen', 'bunt', 'im', 'Frühling', 'auf', 'dem', 'Balkon']",Balkon,frühling
"Schreibe das letzte Wort des Satzes ""Die Kinder spielen draußen im Park mit bunten Luftballons."": ","['Die', 'Kinder', 'spielen', 'draußen', 'im', 'Park', 'mit', 'bunten', 'Luftballons']",Luftballons,kinder
"Schreibe das letzte Wort des Satzes ""Die Kinder spielen draußen im Garten mit ihren bunten Spielsachen."": ","['Die', 'Kinder', 'spielen', 'draußen', 'im', 'Garten', 'mit', 'ihren', 'bunten', 'Spielsachen']",Spielsachen,spielen
"F: Welches Wort steht am Ende des Satzes ""Sie schreibt regelmäßig Briefe an ihre Großeltern auf dem Land.""? A:","['Sie', 'schreibt', 'regelmäßig', 'Briefe', 'an', 'ihre', 'Großeltern', 'auf', 'dem', 'Land']",Land,land
"F: Was ist das letzte Wort des Satzes ""Sie tanzt begeistert im Tanzkurs jeden Freitagabend.""? A:","['Sie', 'tanzt', 'begeistert', 'im', 'Tanzkurs', 'jeden', 'Freitagabend']",Freitagabend,sie
"F: Was ist das letzte Wort des Satzes ""Der Vogel zwitschert fröhlich im Baum neben dem Haus morgens.""? A:","['Der', 'Vogel', 'zwitschert', 'fröhlich', 'im', 'Baum', 'neben', 'dem', 'Haus', 'morgens']",morgens,baum
"Schreibe das letzte Wort des Satzes ""Er liest täglich die Zeitung am Frühstückstisch in der Küche."": ","['Er', 'liest', 'täglich', 'die', 'Zeitung', 'am', 'Frühstückstisch', 'in', 'der', 'Küche']",Küche,frühstückstisch
"F: Was ist das letzte Wort des Satzes ""Wir feiern nächsten Monat eine große Geburtstagsparty.""? A:","['Wir', 'feiern', 'nächsten', 'Monat', 'eine', 'große', 'Geburtstagsparty']",Geburtstagsparty,wir
"Schreibe das letzte Wort des Satzes ""Er schreibt täglich in sein Tagebuch über seine Erlebnisse und Gedanken."": ","['Er', 'schreibt', 'täglich', 'in', 'sein', 'Tagebuch', 'über', 'seine', 'Erlebnisse', 'und', 'Gedanken']",Gedanken,erlebnisse
"F: Welches Wort steht am Ende des Satzes ""Wir fahren oft mit dem Auto ins Gebirge zum Wandern.""? A:","['Wir', 'fahren', 'oft', 'mit', 'dem', 'Auto', 'ins', 'Gebirge', 'zum', 'Wandern']",Wandern,fahren
"F: Was ist das letzte Wort des Satzes ""Wir machen eine Pause und trinken frischen Kaffee in der Sonne.""? A:","['Wir', 'machen', 'eine', 'Pause', 'und', 'trinken', 'frischen', 'Kaffee', 'in', 'der', 'Sonne']",Sonne,frischen
"F: Was ist das letzte Wort des Satzes ""Die Lampe leuchtet hell im Zimmer neben dem Bett.""? A:","['Die', 'Lampe', 'leuchtet', 'hell', 'im', 'Zimmer', 'neben', 'dem', 'Bett']",Bett,hell
"Schreibe das letzte Wort des Satzes ""Der Hund rennt schnell durch den Park voller Freude."": ","['Der', 'Hund', 'rennt', 'schnell', 'durch', 'den', 'Park', 'voller', 'Freude']",Freude,freude
"F: Was ist das letzte Wort des Satzes ""Ich koche heute eine Pizza mit frischem Gemüse.""? A:","['Ich', 'koche', 'heute', 'eine', 'Pizza', 'mit', 'frischem', 'Gemüse']",Gemüse,koche
"F: Welches Wort steht am Ende des Satzes ""Die Kinder malen bunte Bilder für das Schulprojekt im Kunstunterricht.""? A:","['Die', 'Kinder', 'malen', 'bunte', 'Bilder', 'für', 'das', 'Schulprojekt', 'im', 'Kunstunterricht']",Kunstunterricht,die
"Schreibe das letzte Wort des Satzes ""Die Sonne scheint warm durch das Fenster ins Wohnzimmer."": ","['Die', 'Sonne', 'scheint', 'warm', 'durch', 'das', 'Fenster', 'ins', 'Wohnzimmer']",Wohnzimmer,fenster
"F: Welches Wort steht am Ende des Satzes ""Wir fahren mit dem Fahrrad durch den Park am Wochenende zum Entspannen.""? A:","['Wir', 'fahren', 'mit', 'dem', 'Fahrrad', 'durch', 'den', 'Park', 'am', 'Wochenende', 'zum', 'Entspannen']",Entspannen,wochenende
"Schreibe das letzte Wort des Satzes ""Wir machen eine Wanderung durch die Berge am Wochenende."": ","['Wir', 'machen', 'eine', 'Wanderung', 'durch', 'die', 'Berge', 'am', 'Wochenende']",Wochenende,berge
"F: Was ist das letzte Wort des Satzes ""Der Hund bellt, wenn jemand an der Tür klingelt.""? A:","['Der', 'Hund', 'bellt', 'wenn', 'jemand', 'an', 'der', 'Tür', 'klingelt']",klingelt,tür
"Schreibe das letzte Wort des Satzes ""Wir besuchen am Wochenende das neue Theaterstück in der Stadt."": ","['Wir', 'besuchen', 'am', 'Wochenende', 'das', 'neue', 'Theaterstück', 'in', 'der', 'Stadt']",Stadt,stadt
"F: Was ist das letzte Wort des Satzes ""Ich gehe gerne joggen im Wald am Morgen.""? A:","['Ich', 'gehe', 'gerne', 'joggen', 'im', 'Wald', 'am', 'Morgen']",Morgen,ich
"F: Was ist das letzte Wort des Satzes ""Sie schreibt eine E-Mail an ihre beste Freundin und erzählt Neuigkeiten.""? A:","['Sie', 'schreibt', 'eine', 'E-Mail', 'an', 'ihre', 'beste', 'Freundin', 'und', 'erzählt', 'Neuigkeiten']",Neuigkeiten,sie
"F: Welches Wort steht am Ende des Satzes ""Wir feiern heute Geburtstag mit Familie und Freunden zusammen.""? A:","['Wir', 'feiern', 'heute', 'Geburtstag', 'mit', 'Familie', 'und', 'Freunden', 'zusammen']",zusammen,freunden
"F: Was ist das letzte Wort des Satzes ""Die Blumen blühen bunt im Frühling und Sommer.""? A:","['Die', 'Blumen', 'blühen', 'bunt', 'im', 'Frühling', 'und', 'Sommer']",Sommer,bunt
"Schreibe das letzte Wort des Satzes ""Wir machen eine Fahrradtour entlang des Flusses bei schönem Wetter."": ","['Wir', 'machen', 'eine', 'Fahrradtour', 'entlang', 'des', 'Flusses', 'bei', 'schönem', 'Wetter']",Wetter,schönem
"F: Was ist das letzte Wort des Satzes ""Der Hund frisst sein Futter mit großem Appetit.""? A:","['Der', 'Hund', 'frisst', 'sein', 'Futter', 'mit', 'großem', 'Appetit']",Appetit,mit
"F: Was ist das letzte Wort des Satzes ""Ich mag es, im Herbst durch bunte Blätter zu laufen.""? A:","['Ich', 'mag', 'es', 'im', 'Herbst', 'durch', 'bunte', 'Blätter', 'zu', 'laufen']",laufen,herbst
"F: Welches Wort steht am Ende des Satzes ""Wir besuchen im Sommer oft den See zum Schwimmen und Entspannen.""? A:","['Wir', 'besuchen', 'im', 'Sommer', 'oft', 'den', 'See', 'zum', 'Schwimmen', 'und', 'Entspannen']",Entspannen,den
"F: Welches Wort steht am Ende des Satzes ""Wir feiern heute das Fest mit Freunden und Familie zusammen.""? A:","['Wir', 'feiern', 'heute', 'das', 'Fest', 'mit', 'Freunden', 'und', 'Familie', 'zusammen']",zusammen,zusammen
"F: Was ist das letzte Wort des Satzes ""Sie kocht gern italienische Gerichte für ihre Freunde.""? A:","['Sie', 'kocht', 'gern', 'italienische', 'Gerichte', 'für', 'ihre', 'Freunde']",Freunde,sie
"F: Was ist das letzte Wort des Satzes ""Ich lerne Deutsch, um besser arbeiten zu können.""? A:","['Ich', 'lerne', 'Deutsch', 'um', 'besser', 'arbeiten', 'zu', 'können']",können,ich
"F: Welches Wort steht am Ende des Satzes ""Er schreibt täglich in sein Tagebuch über seine Gedanken.""? A:","['Er', 'schreibt', 'täglich', 'in', 'sein', 'Tagebuch', 'über', 'seine', 'Gedanken']",Gedanken,tagebuch
"F: Was ist das letzte Wort des Satzes ""Sie spielt gern Klavier und übt jeden Tag fleißig.""? A:","['Sie', 'spielt', 'gern', 'Klavier', 'und', 'übt', 'jeden', 'Tag', 'fleißig']",fleißig,tag
"F: Was ist das letzte Wort des Satzes ""Das Auto ist schnell und sparsam im Verbrauch.""? A:","['Das', 'Auto', 'ist', 'schnell', 'und', 'sparsam', 'im', 'Verbrauch']",Verbrauch,sparsam
"F: Welches Wort steht am Ende des Satzes ""Der Vogel singt früh am Morgen ein fröhliches Lied draußen.""? A:","['Der', 'Vogel', 'singt', 'früh', 'am', 'Morgen', 'ein', 'fröhliches', 'Lied', 'draußen']",draußen,der
"Schreibe das letzte Wort des Satzes ""Der Himmel ist klar und die Sterne leuchten in der Nacht."": ","['Der', 'Himmel', 'ist', 'klar', 'und', 'die', 'Sterne', 'leuchten', 'in', 'der', 'Nacht']",Nacht,leuchten
"Schreibe das letzte Wort des Satzes ""Ich koche heute eine leckere Tomatensuppe mit frischen Kräutern."": ","['Ich', 'koche', 'heute', 'eine', 'leckere', 'Tomatensuppe', 'mit', 'frischen', 'Kräutern']",Kräutern,kräutern
"F: Welches Wort steht am Ende des Satzes ""Ich trinke abends gerne warmen Kräutertee zum Entspannen.""? A:","['Ich', 'trinke', 'abends', 'gerne', 'warmen', 'Kräutertee', 'zum', 'Entspannen']",Entspannen,ich
"Schreibe das letzte Wort des Satzes ""Wir genießen den sonnigen Tag beim Spielen im Park zusammen."": ","['Wir', 'genießen', 'den', 'sonnigen', 'Tag', 'beim', 'Spielen', 'im', 'Park', 'zusammen']",zusammen,genießen
"Schreibe das letzte Wort des Satzes ""Er liest täglich die Zeitung am Frühstückstisch zu Hause."": ","['Er', 'liest', 'täglich', 'die', 'Zeitung', 'am', 'Frühstückstisch', 'zu', 'Hause']",Hause,täglich
"F: Welches Wort steht am Ende des Satzes ""Wir fahren im Herbst oft mit dem Auto ins Gebirge.""? A:","['Wir', 'fahren', 'im', 'Herbst', 'oft', 'mit', 'dem', 'Auto', 'ins', 'Gebirge']",Gebirge,fahren
"F: Welches Wort steht am Ende des Satzes ""Er fährt mit dem Zug zur Arbeit in die Stadt jeden Tag heute.""? A:","['Er', 'fährt', 'mit', 'dem', 'Zug', 'zur', 'Arbeit', 'in', 'die', 'Stadt', 'jeden', 'Tag', 'heute']",heute,mit
"Schreibe das letzte Wort des Satzes ""Die Sonne scheint warm und hell durch die geöffneten Fenster."": ","['Die', 'Sonne', 'scheint', 'warm', 'und', 'hell', 'durch', 'die', 'geöffneten', 'Fenster']",Fenster,die
"F: Was ist das letzte Wort des Satzes ""Ich esse gern Schokolade und süße Kuchen.""? A:","['Ich', 'esse', 'gern', 'Schokolade', 'und', 'süße', 'Kuchen']",Kuchen,schokolade
"Schreibe das letzte Wort des Satzes ""Ich gehe abends oft spazieren, um den Kopf frei zu bekommen."": ","['Ich', 'gehe', 'abends', 'oft', 'spazieren', 'um', 'den', 'Kopf', 'frei', 'zu', 'bekommen']",bekommen,kopf
"F: Welches Wort steht am Ende des Satzes ""Wir besuchen das Museum, um Kunst zu lernen und zu bewundern.""? A:","['Wir', 'besuchen', 'das', 'Museum', 'um', 'Kunst', 'zu', 'lernen', 'und', 'zu', 'bewundern']",bewundern,kunst
"Schreibe das letzte Wort des Satzes ""Ich genieße den Duft von frischem Kaffee am frühen Morgen."": ","['Ich', 'genieße', 'den', 'Duft', 'von', 'frischem', 'Kaffee', 'am', 'frühen', 'Morgen']",Morgen,morgen
"F: Welches Wort steht am Ende des Satzes ""Sie liest gern Romane über Abenteuer und spannende Geschichten.""? A:","['Sie', 'liest', 'gern', 'Romane', 'über', 'Abenteuer', 'und', 'spannende', 'Geschichten']",Geschichten,romane
"F: Welches Wort steht am Ende des Satzes ""Ich lese oft Bücher über Geschichte und interessante Kulturen weltweit.""? A:","['Ich', 'lese', 'oft', 'Bücher', 'über', 'Geschichte', 'und', 'interessante', 'Kulturen', 'weltweit']",weltweit,weltweit
"Schreibe das letzte Wort des Satzes ""Die Katze schnurrt zufrieden, wenn sie gestreichelt wird vom Besitzer."": ","['Die', 'Katze', 'schnurrt', 'zufrieden', 'wenn', 'sie', 'gestreichelt', 'wird', 'vom', 'Besitzer']",Besitzer,zufrieden
"F: Welches Wort steht am Ende des Satzes ""Die Katze schnurrt zufrieden, wenn sie gestreichelt wird.""? A:","['Die', 'Katze', 'schnurrt', 'zufrieden', 'wenn', 'sie', 'gestreichelt', 'wird']",wird,katze
"F: Was ist das letzte Wort des Satzes ""Die Lampe leuchtet hell im dunklen Zimmer.""? A:","['Die', 'Lampe', 'leuchtet', 'hell', 'im', 'dunklen', 'Zimmer']",Zimmer,die
"Schreibe das letzte Wort des Satzes ""Der Lehrer erklärt geduldig die schwierigen Grammatikregeln im Unterricht."": ","['Der', 'Lehrer', 'erklärt', 'geduldig', 'die', 'schwierigen', 'Grammatikregeln', 'im', 'Unterricht']",Unterricht,der
"F: Was ist das letzte Wort des Satzes ""Wir besuchen nächste Woche das neue Museum in der Stadt.""? A:","['Wir', 'besuchen', 'nächste', 'Woche', 'das', 'neue', 'Museum', 'in', 'der', 'Stadt']",Stadt,wir
"F: Welches Wort steht am Ende des Satzes ""Wir fahren im Winter in die Berge zum Skifahren und Rodeln oft heute.""? A:","['Wir', 'fahren', 'im', 'Winter', 'in', 'die', 'Berge', 'zum', 'Skifahren', 'und', 'Rodeln', 'oft', 'heute']",heute,heute
"F: Was ist das letzte Wort des Satzes ""Wir machen einen Spaziergang durch den Wald am Nachmittag.""? A:","['Wir', 'machen', 'einen', 'Spaziergang', 'durch', 'den', 'Wald', 'am', 'Nachmittag']",Nachmittag,wir
"Schreibe das letzte Wort des Satzes ""Die Kinder basteln Laternen für das Martinsfest in der Schule."": ","['Die', 'Kinder', 'basteln', 'Laternen', 'für', 'das', 'Martinsfest', 'in', 'der', 'Schule']",Schule,schule
"Schreibe das letzte Wort des Satzes ""Sie pflückt Wildblumen und bindet einen bunten Strauß daraus."": ","['Sie', 'pflückt', 'Wildblumen', 'und', 'bindet', 'einen', 'bunten', 'Strauß', 'daraus']",daraus,sie
"F: Was ist das letzte Wort des Satzes ""Der Lehrer erklärt die Grammatik sehr geduldig und klar.""? A:","['Der', 'Lehrer', 'erklärt', 'die', 'Grammatik', 'sehr', 'geduldig', 'und', 'klar']",klar,klar
"F: Welches Wort steht am Ende des Satzes ""Wir machen eine Radtour am Wochenende entlang des Flusses.""? A:","['Wir', 'machen', 'eine', 'Radtour', 'am', 'Wochenende', 'entlang', 'des', 'Flusses']",Flusses,machen
"Schreibe das letzte Wort des Satzes ""Sie tanzt leidenschaftlich gern jeden Samstagabend in der Tanzschule."": ","['Sie', 'tanzt', 'leidenschaftlich', 'gern', 'jeden', 'Samstagabend', 'in', 'der', 'Tanzschule']",Tanzschule,gern
"F: Was ist das letzte Wort des Satzes ""Wir fahren mit dem Zug in die nächste Stadt.""? A:","['Wir', 'fahren', 'mit', 'dem', 'Zug', 'in', 'die', 'nächste', 'Stadt']",Stadt,dem
"F: Welches Wort steht am Ende des Satzes ""Er fährt mit dem Zug pünktlich zur Arbeit in die Stadt.""? A:","['Er', 'fährt', 'mit', 'dem', 'Zug', 'pünktlich', 'zur', 'Arbeit', 'in', 'die', 'Stadt']",Stadt,pünktlich
"F: Was ist das letzte Wort des Satzes ""Ich trinke abends gern eine heiße Tasse Tee.""? A:","['Ich', 'trinke', 'abends', 'gern', 'eine', 'heiße', 'Tasse', 'Tee']",Tee,ich
"Schreibe das letzte Wort des Satzes ""Der Himmel färbt sich rosa beim Sonnenaufgang über den Bergen."": ","['Der', 'Himmel', 'färbt', 'sich', 'rosa', 'beim', 'Sonnenaufgang', 'über', 'den', 'Bergen']",Bergen,rosa
"F: Was ist das letzte Wort des Satzes ""Wir treffen uns morgen im Café zum Frühstücken.""? A:","['Wir', 'treffen', 'uns', 'morgen', 'im', 'Café', 'zum', 'Frühstücken']",Frühstücken,wir
"F: Was ist das letzte Wort des Satzes ""Der Film war spannend und sehr unterhaltsam.""? A:","['Der', 'Film', 'war', 'spannend', 'und', 'sehr', 'unterhaltsam']",unterhaltsam,sehr
"F: Was ist das letzte Wort des Satzes ""Der Fluss fließt ruhig durch die grüne Landschaft.""? A:","['Der', 'Fluss', 'fließt', 'ruhig', 'durch', 'die', 'grüne', 'Landschaft']",Landschaft,fluss
"F: Was ist das letzte Wort des Satzes ""Ich lerne jeden Tag neue deutsche Wörter und Redewendungen für den Alltag.""? A:","['Ich', 'lerne', 'jeden', 'Tag', 'neue', 'deutsche', 'Wörter', 'und', 'Redewendungen', 'für', 'den', 'Alltag']",Alltag,für
"Schreibe das letzte Wort des Satzes ""Die Kinder spielen draußen im Garten Verstecken und haben viel Spaß."": ","['Die', 'Kinder', 'spielen', 'draußen', 'im', 'Garten', 'Verstecken', 'und', 'haben', 'viel', 'Spaß']",Spaß,garten
"Schreibe das letzte Wort des Satzes ""Die Kinder basteln Laternen für das Martinsfest in der Schule."": ","['Die', 'Kinder', 'basteln', 'Laternen', 'für', 'das', 'Martinsfest', 'in', 'der', 'Schule']",Schule,schule
"Schreibe das letzte Wort des Satzes ""Er fährt täglich mit dem Fahrrad zur Arbeit in die Stadt."": ","['Er', 'fährt', 'täglich', 'mit', 'dem', 'Fahrrad', 'zur', 'Arbeit', 'in', 'die', 'Stadt']",Stadt,arbeit
"F: Was ist das letzte Wort des Satzes ""Der Hund bellt, wenn jemand an der Tür klingelt.""? A:","['Der', 'Hund', 'bellt', 'wenn', 'jemand', 'an', 'der', 'Tür', 'klingelt']",klingelt,tür
"F: Was ist das letzte Wort des Satzes ""Sie liest gern spannende Bücher über Abenteuer.""? A:","['Sie', 'liest', 'gern', 'spannende', 'Bücher', 'über', 'Abenteuer']",Abenteuer,gern
"F: Welches Wort steht am Ende des Satzes ""Die Katze spielt mit ihrem Lieblingsspielzeug auf dem Wohnzimmerboden.""? A:","['Die', 'Katze', 'spielt', 'mit', 'ihrem', 'Lieblingsspielzeug', 'auf', 'dem', 'Wohnzimmerboden']",Wohnzimmerboden,katze
"F: Welches Wort steht am Ende des Satzes ""Ich trinke gerne schwarzen Kaffee mit etwas Zucker und Milch.""? A:","['Ich', 'trinke', 'gerne', 'schwarzen', 'Kaffee', 'mit', 'etwas', 'Zucker', 'und', 'Milch']",Milch,milch
"F: Was ist das letzte Wort des Satzes ""Sie hört Musik, während sie ihre Hausaufgaben macht und sich konzentriert.""? A:","['Sie', 'hört', 'Musik', 'während', 'sie', 'ihre', 'Hausaufgaben', 'macht', 'und', 'sich', 'konzentriert']",konzentriert,macht
"F: Welches Wort steht am Ende des Satzes ""Sie liest gern spannende Bücher über ferne Länder und Kulturen oft.""? A:","['Sie', 'liest', 'gern', 'spannende', 'Bücher', 'über', 'ferne', 'Länder', 'und', 'Kulturen', 'oft']",oft,spannende
"Schreibe das letzte Wort des Satzes ""Das Wetter ist heute ideal zum Fahrradfahren im Park."": ","['Das', 'Wetter', 'ist', 'heute', 'ideal', 'zum', 'Fahrradfahren', 'im', 'Park']",Park,das
"F: Was ist das letzte Wort des Satzes ""Wir feiern nächsten Monat eine große Geburtstagsparty zu Hause mit Freunden und Familie.""? A:","['Wir', 'feiern', 'nächsten', 'Monat', 'eine', 'große', 'Geburtstagsparty', 'zu', 'Hause', 'mit', 'Freunden', 'und', 'Familie']",Familie,hause
"F: Was ist das letzte Wort des Satzes ""Der Vogel singt ein schönes Lied am Morgen.""? A:","['Der', 'Vogel', 'singt', 'ein', 'schönes', 'Lied', 'am', 'Morgen']",Morgen,der
"Schreibe das letzte Wort des Satzes ""Sie schreibt einen Brief an ihre beste Freundin in Berlin."": ","['Sie', 'schreibt', 'einen', 'Brief', 'an', 'ihre', 'beste', 'Freundin', 'in', 'Berlin']",Berlin,freundin
"F: Welches Wort steht am Ende des Satzes ""Der Himmel ist blau und die Sonne scheint hell und warm heute.""? A:","['Der', 'Himmel', 'ist', 'blau', 'und', 'die', 'Sonne', 'scheint', 'hell', 'und', 'warm', 'heute']",heute,und
"Schreibe das letzte Wort des Satzes ""Wir genießen den sonnigen Tag beim Picknick im Park zusammen."": ","['Wir', 'genießen', 'den', 'sonnigen', 'Tag', 'beim', 'Picknick', 'im', 'Park', 'zusammen']",zusammen,genießen
"F: Was ist das letzte Wort des Satzes ""Wir fahren im Sommer an den See zum Baden.""? A:","['Wir', 'fahren', 'im', 'Sommer', 'an', 'den', 'See', 'zum', 'Baden']",Baden,wir
"F: Was ist das letzte Wort des Satzes ""Der Hund läuft schnell durch den großen Garten und spielt.""? A:","['Der', 'Hund', 'läuft', 'schnell', 'durch', 'den', 'großen', 'Garten', 'und', 'spielt']",spielt,der
"F: Was ist das letzte Wort des Satzes ""Der Zug kommt pünktlich am Bahnhof an.""? A:","['Der', 'Zug', 'kommt', 'pünktlich', 'am', 'Bahnhof', 'an']",an,kommt
"F: Welches Wort steht am Ende des Satzes ""Wir gehen heute Abend ins Restaurant zum gemütlichen Essen.""? A:","['Wir', 'gehen', 'heute', 'Abend', 'ins', 'Restaurant', 'zum', 'gemütlichen', 'Essen']",Essen,gemütlichen
"F: Was ist das letzte Wort des Satzes ""Sie schreibt eine Postkarte an ihre Großeltern.""? A:","['Sie', 'schreibt', 'eine', 'Postkarte', 'an', 'ihre', 'Großeltern']",Großeltern,eine
"F: Was ist das letzte Wort des Satzes ""Wir fahren im Sommer ans Meer zum Schwimmen.""? A:","['Wir', 'fahren', 'im', 'Sommer', 'ans', 'Meer', 'zum', 'Schwimmen']",Schwimmen,wir
"F: Was ist das letzte Wort des Satzes ""Ich höre gern Podcasts über Wissenschaft und Technik.""? A:","['Ich', 'höre', 'gern', 'Podcasts', 'über', 'Wissenschaft', 'und', 'Technik']",Technik,gern
"Schreibe das letzte Wort des Satzes ""Er fährt jeden Tag mit dem Fahrrad zur Arbeit in die Stadt."": ","['Er', 'fährt', 'jeden', 'Tag', 'mit', 'dem', 'Fahrrad', 'zur', 'Arbeit', 'in', 'die', 'Stadt']",Stadt,in
"Schreibe das letzte Wort des Satzes ""Der Hund wartet geduldig vor der Haustür auf seinen Spaziergang."": ","['Der', 'Hund', 'wartet', 'geduldig', 'vor', 'der', 'Haustür', 'auf', 'seinen', 'Spaziergang']",Spaziergang,spaziergang
"F: Was ist das letzte Wort des Satzes ""Wir machen eine Wanderung durch den schönen Wald.""? A:","['Wir', 'machen', 'eine', 'Wanderung', 'durch', 'den', 'schönen', 'Wald']",Wald,wir
"F: Welches Wort steht am Ende des Satzes ""Der Hund liegt entspannt auf dem Teppich vor dem Kamin.""? A:","['Der', 'Hund', 'liegt', 'entspannt', 'auf', 'dem', 'Teppich', 'vor', 'dem', 'Kamin']",Kamin,hund
"Schreibe das letzte Wort des Satzes ""Ich genieße die Ruhe beim Lesen eines guten Romans am Abend."": ","['Ich', 'genieße', 'die', 'Ruhe', 'beim', 'Lesen', 'eines', 'guten', 'Romans', 'am', 'Abend']",Abend,die
"F: Welches Wort steht am Ende des Satzes ""Die Katze spielt mit ihrem Lieblingsspielzeug im Wohnzimmer fröhlich.""? A:","['Die', 'Katze', 'spielt', 'mit', 'ihrem', 'Lieblingsspielzeug', 'im', 'Wohnzimmer', 'fröhlich']",fröhlich,die
"F: Was ist das letzte Wort des Satzes ""Wir fahren im Winter oft in die Berge zum Skifahren.""? A:","['Wir', 'fahren', 'im', 'Winter', 'oft', 'in', 'die', 'Berge', 'zum', 'Skifahren']",Skifahren,wir
"F: Welches Wort steht am Ende des Satzes ""Sie kocht leckere Gerichte mit frischem Gemüse aus dem Garten.""? A:","['Sie', 'kocht', 'leckere', 'Gerichte', 'mit', 'frischem', 'Gemüse', 'aus', 'dem', 'Garten']",Garten,leckere
"Schreibe das letzte Wort des Satzes ""Die Kinder spielen draußen im Park mit bunten Luftballons und lachen."": ","['Die', 'Kinder', 'spielen', 'draußen', 'im', 'Park', 'mit', 'bunten', 'Luftballons', 'und', 'lachen']",lachen,bunten
"Schreibe das letzte Wort des Satzes ""Ich trinke morgens heißen Kaffee, um wach zu werden."": ","['Ich', 'trinke', 'morgens', 'heißen', 'Kaffee', 'um', 'wach', 'zu', 'werden']",werden,heißen
"Schreibe das letzte Wort des Satzes ""Die Katze schnurrt leise, während sie auf dem Schoß sitzt."": ","['Die', 'Katze', 'schnurrt', 'leise', 'während', 'sie', 'auf', 'dem', 'Schoß', 'sitzt']",sitzt,katze
"F: Welches Wort steht am Ende des Satzes ""Ich trinke abends oft einen Kräutertee zum Entspannen vor dem Schlaf.""? A:","['Ich', 'trinke', 'abends', 'oft', 'einen', 'Kräutertee', 'zum', 'Entspannen', 'vor', 'dem', 'Schlaf']",Schlaf,ich
"F: Welches Wort steht am Ende des Satzes ""Ich koche heute eine cremige Kürbissuppe mit frischen Gewürzen.""? A:","['Ich', 'koche', 'heute', 'eine', 'cremige', 'Kürbissuppe', 'mit', 'frischen', 'Gewürzen']",Gewürzen,ich
"F: Was ist das letzte Wort des Satzes ""Wir gehen heute Abend ins Theater und sehen ein Stück.""? A:","['Wir', 'gehen', 'heute', 'Abend', 'ins', 'Theater', 'und', 'sehen', 'ein', 'Stück']",Stück,gehen
"Schreibe das letzte Wort des Satzes ""Der Vogel zwitschert munter im Baum vor unserem Fenster."": ","['Der', 'Vogel', 'zwitschert', 'munter', 'im', 'Baum', 'vor', 'unserem', 'Fenster']",Fenster,munter
"F: Was ist das letzte Wort des Satzes ""Die Blumen im Park blühen bunt und duften angenehm.""? A:","['Die', 'Blumen', 'im', 'Park', 'blühen', 'bunt', 'und', 'duften', 'angenehm']",angenehm,die
"F: Welches Wort steht am Ende des Satzes ""Er fährt jeden Morgen mit dem Fahrrad zur Arbeit in die Stadt.""? A:","['Er', 'fährt', 'jeden', 'Morgen', 'mit', 'dem', 'Fahrrad', 'zur', 'Arbeit', 'in', 'die', 'Stadt']",Stadt,er
"F: Welches Wort steht am Ende des Satzes ""Die Lampe leuchtet hell im Zimmer neben dem Bett und Tisch heute.""? A:","['Die', 'Lampe', 'leuchtet', 'hell', 'im', 'Zimmer', 'neben', 'dem', 'Bett', 'und', 'Tisch', 'heute']",heute,leuchtet
