Input,Options,Expected,Output (raw),Predicted
"Q: In the sentence ""John was lots more obnoxious than Fred"", what is the first word? A:","['John', 'was', 'lots', 'more', 'obnoxious', 'than', 'Fred']",john,"UTT_BOUNDARY q: in the sentence ""john was lots more obnoxious than fred"", what is the first word? a:UTT_BOUNDARY john is a. john", john is a. john
"Q: In the sentence ""A boy hit the ball"", what is the first word? A:","['A', 'boy', 'hit', 'the', 'ball']",a,"UTT_BOUNDARY q: in the sentence ""a boy hit the ball"", what is the first word? a:UTT_BOUNDARY a:UTT_BOUNDARY", a:
"Q: In the sentence ""I remembered having kissed Mary"", what is the first word? A:","['I', 'remembered', 'having', 'kissed', 'Mary']",i,"UTT_BOUNDARY q: in the sentence ""i remembered having kissed mary"", what is the first word? a:UTT_BOUNDARY i saw the movie about", i saw the movie about
"Q: What is the first word of the sentence ""I believe strongly that the world is round""? A:","['I', 'believe', 'strongly', 'that', 'the', 'world', 'is', 'round']",i,"UTT_BOUNDARY q: what is the first word of the sentence ""i believe strongly that the world is round""? a:UTT_BOUNDARY i leave the party i", i leave the party i
"Write the first word of the sentence ""John will see you"": ","['John', 'will', 'see', 'you']",john,"UTT_BOUNDARY write the first word of the sentence ""john will see you"":UTT_BOUNDARY john is taller than mary", john is taller than mary
"Q: In the sentence ""They gave the bicycle to me"", what is the first word? A:","['They', 'gave', 'the', 'bicycle', 'to', 'me']",they,"UTT_BOUNDARY q: in the sentence ""they gave the bicycle to me"", what is the first word? a:UTT_BOUNDARY they said they would go", they said they would go
"Q: In the sentence ""An owl hunts mice"", what is the first word? A:","['An', 'owl', 'hunts', 'mice']",an,"UTT_BOUNDARY q: in the sentence ""an owl hunts mice"", what is the first word? a:UTT_BOUNDARY some dogs are not very", some dogs are not very
"Write the first word of the sentence ""Helen wiped the wall"": ","['Helen', 'wiped', 'the', 'wall']",helen,"UTT_BOUNDARY write the first word of the sentence ""helen wiped the wall"":UTT_BOUNDARY susan tries to be honest", susan tries to be honest
"Q: What is the first word of the sentence ""Elizabeth regretted that she had met Wickham""? A:","['Elizabeth', 'regretted', 'that', 'she', 'had', 'met', 'Wickham']",elizabeth,"UTT_BOUNDARY q: what is the first word of the sentence ""elizabeth regretted that she had met wickham""? a:UTT_BOUNDARY elizabeth told you that she", elizabeth told you that she
"Write the first word of the sentence ""I told the story to Daniel"": ","['I', 'told', 'the', 'story', 'to', 'Daniel']",i,"UTT_BOUNDARY write the first word of the sentence ""i told the story to daniel"":UTT_BOUNDARY i told you that i", i told you that i
"Write the first word of the sentence ""Sonatas are easy to play on this violin"": ","['Sonatas', 'are', 'easy', 'to', 'play', 'on', 'this', 'violin']",sonatas,"UTT_BOUNDARY write the first word of the sentence ""sonatas are easy to play on this violin"":UTT_BOUNDARY dersesgs or", dersesgs or
"Q: What is the first word of the sentence ""Paula hit the fence""? A:","['Paula', 'hit', 'the', 'fence']",paula,"UTT_BOUNDARY q: what is the first word of the sentence ""paula hit the fence""? a:UTT_BOUNDARY paula is a clown", paula is a clown
"Q: What is the first word of the sentence ""The man killed the king with the knife""? A:","['The', 'man', 'killed', 'the', 'king', 'with', 'the', 'knife']",the,"UTT_BOUNDARY q: what is the first word of the sentence ""the man killed the king with the knife""? a:UTT_BOUNDARY the jury put the rope", the jury put the rope
"Q: In the sentence ""The student knew the answers"", what is the first word? A:","['The', 'student', 'knew', 'the', 'answers']",the,"UTT_BOUNDARY q: in the sentence ""the student knew the answers"", what is the first word? a:UTT_BOUNDARY the lawyer frances left the", the lawyer frances left the
"Write the first word of the sentence ""Celia brushed her hair"": ","['Celia', 'brushed', 'her', 'hair']",celia,"UTT_BOUNDARY write the first word of the sentence ""celia brushed her hair"":UTT_BOUNDARY celia is the first word", celia is the first word
"Q: What is the first word of the sentence ""I served leek soup to my guests""? A:","['I', 'served', 'leek', 'soup', 'to', 'my', 'guests']",i,"UTT_BOUNDARY q: what is the first word of the sentence ""i served leek soup to my guests""? a:UTT_BOUNDARY i am not a fool", i am not a fool
"Q: In the sentence ""Never had Sir Thomas been so offended"", what is the first word? A:","['Never', 'had', 'Sir', 'Thomas', 'been', 'so', 'offended']",never,"UTT_BOUNDARY q: in the sentence ""never had sir thomas been so offended"", what is the first word? a:UTT_BOUNDARY i have a question about", i have a question about
"Q: What is the first word of the sentence ""I will speak to Hector about this""? A:","['I', 'will', 'speak', 'to', 'Hector', 'about', 'this']",i,"UTT_BOUNDARY q: what is the first word of the sentence ""i will speak to hector about this""? a:UTT_BOUNDARY i leave the party earlier", i leave the party earlier
"Write the first word of the sentence ""Rosemary hates New York"": ","['Rosemary', 'hates', 'New', 'York']",rosemary,"UTT_BOUNDARY write the first word of the sentence ""rosemary hates new york"":UTT_BOUNDARY rosemary is a """," rosemary is a """
"Write the first word of the sentence ""He planted the garden with roses last November"": ","['He', 'planted', 'the', 'garden', 'with', 'roses', 'last', 'November']",he,"UTT_BOUNDARY write the first word of the sentence ""he planted the garden with roses last november"":UTT_BOUNDARY heidi saw the pictures", heidi saw the pictures
"Q: What is the first word of the sentence ""Julie felt he was there""? A:","['Julie', 'felt', 'he', 'was', 'there']",julie,"UTT_BOUNDARY q: what is the first word of the sentence ""julie felt he was there""? a:UTT_BOUNDARY mary ellen... what is", mary ellen... what is
"Q: What is the first word of the sentence ""Kim is fond of Lee""? A:","['Kim', 'is', 'fond', 'of', 'Lee']",kim,"UTT_BOUNDARY q: what is the first word of the sentence ""kim is fond of lee""? a:UTT_BOUNDARY kim is the president and", kim is the president and
"Q: What is the first word of the sentence ""I know the person whose mother died""? A:","['I', 'know', 'the', 'person', 'whose', 'mother', 'died']",i,"UTT_BOUNDARY q: what is the first word of the sentence ""i know the person whose mother died""? a:UTT_BOUNDARY i saw the movie about", i saw the movie about
"Write the first word of the sentence ""Almost every lawyer could answer that question"": ","['Almost', 'every', 'lawyer', 'could', 'answer', 'that', 'question']",almost,"UTT_BOUNDARY write the first word of the sentence ""almost every lawyer could answer that question"":UTT_BOUNDARY almost all the students were", almost all the students were
"Q: In the sentence ""The boat sank"", what is the first word? A:","['The', 'boat', 'sank']",the,"UTT_BOUNDARY q: in the sentence ""the boat sank"", what is the first word? a:UTT_BOUNDARY the ship was seen by", the ship was seen by
"Write the first word of the sentence ""Most of the fruit is rotten"": ","['Most', 'of', 'the', 'fruit', 'is', 'rotten']",most,"UTT_BOUNDARY write the first word of the sentence ""most of the fruit is rotten"":UTT_BOUNDARY most of the time there", most of the time there
"Write the first word of the sentence ""Don swatted the mosquito with the newspaper"": ","['Don', 'swatted', 'the', 'mosquito', 'with', 'the', 'newspaper']",don,"UTT_BOUNDARY write the first word of the sentence ""don swatted the mosquito with the newspaper"":UTT_BOUNDARY sharon is the only one", sharon is the only one
"Q: In the sentence ""Shannon sent Dan an email"", what is the first word? A:","['Shannon', 'sent', 'Dan', 'an', 'email']",shannon,"UTT_BOUNDARY q: in the sentence ""shannon sent dan an email"", what is the first word? a:UTT_BOUNDARY paula and mary met", paula and mary met
"Q: What is the first word of the sentence ""The defendant denied the accusation""? A:","['The', 'defendant', 'denied', 'the', 'accusation']",the,"UTT_BOUNDARY q: what is the first word of the sentence ""the defendant denied the accusation""? a:UTT_BOUNDARY the jury found that the", the jury found that the
"Q: In the sentence ""I have six more of them"", what is the first word? A:","['I', 'have', 'six', 'more', 'of', 'them']",i,"UTT_BOUNDARY q: in the sentence ""i have six more of them"", what is the first word? a:UTT_BOUNDARY i have a book that", i have a book that
"Q: In the sentence ""The dog chased the cat for days"", what is the first word? A:","['The', 'dog', 'chased', 'the', 'cat', 'for', 'days']",the,"UTT_BOUNDARY q: in the sentence ""the dog chased the cat for days"", what is the first word? a:UTT_BOUNDARY the cat got a new", the cat got a new
"Q: In the sentence ""Fred kicked the ball over the fence"", what is the first word? A:","['Fred', 'kicked', 'the', 'ball', 'over', 'the', 'fence']",fred,"UTT_BOUNDARY q: in the sentence ""fred kicked the ball over the fence"", what is the first word? a:UTT_BOUNDARY fred marmon tried to", fred marmon tried to
"Q: What is the first word of the sentence ""John talked to any politician who is powerful""? A:","['John', 'talked', 'to', 'any', 'politician', 'who', 'is', 'powerful']",john,"UTT_BOUNDARY q: what is the first word of the sentence ""john talked to any politician who is powerful""? a:UTT_BOUNDARY john is a fool.", john is a fool.
"Write the first word of the sentence ""Jessica loaded boxes under the wagon"": ","['Jessica', 'loaded', 'boxes', 'under', 'the', 'wagon']",jessica,"UTT_BOUNDARY write the first word of the sentence ""jessica loaded boxes under the wagon"":UTT_BOUNDARY jessica alison and her", jessica alison and her
"Q: What is the first word of the sentence ""He looks so formidable""? A:","['He', 'looks', 'so', 'formidable']",he,"UTT_BOUNDARY q: what is the first word of the sentence ""he looks so formidable""? a:UTT_BOUNDARY heidi is not a", heidi is not a
"Q: What is the first word of the sentence ""Jackie chased the thief""? A:","['Jackie', 'chased', 'the', 'thief']",jackie,"UTT_BOUNDARY q: what is the first word of the sentence ""jackie chased the thief""? a:UTT_BOUNDARY jackie and mary met in", jackie and mary met in
"Write the first word of the sentence ""Doug cleared the table"": ","['Doug', 'cleared', 'the', 'table']",doug,"UTT_BOUNDARY write the first word of the sentence ""doug cleared the table"":UTT_BOUNDARY molly and i are in", molly and i are in
"Q: What is the first word of the sentence ""John promised Mary that he would leave""? A:","['John', 'promised', 'Mary', 'that', 'he', 'would', 'leave']",john,"UTT_BOUNDARY q: what is the first word of the sentence ""john promised mary that he would leave""? a:UTT_BOUNDARY john will leave the party", john will leave the party
"Q: What is the first word of the sentence ""Henri will paint the floor for an hour""? A:","['Henri', 'will', 'paint', 'the', 'floor', 'for', 'an', 'hour']",henri,"UTT_BOUNDARY q: what is the first word of the sentence ""henri will paint the floor for an hour""? a:UTT_BOUNDARY park the car at the", park the car at the
"Q: In the sentence ""Henri will paint the floor for an hour"", what is the first word? A:","['Henri', 'will', 'paint', 'the', 'floor', 'for', 'an', 'hour']",henri,"UTT_BOUNDARY q: in the sentence ""henri will paint the floor for an hour"", what is the first word? a:UTT_BOUNDARY kerry is a """," kerry is a """
"Q: What is the first word of the sentence ""I saw only the student""? A:","['I', 'saw', 'only', 'the', 'student']",i,"UTT_BOUNDARY q: what is the first word of the sentence ""i saw only the student""? a:UTT_BOUNDARY i saw that movie i", i saw that movie i
"Q: What is the first word of the sentence ""The strong winds cleared the skies""? A:","['The', 'strong', 'winds', 'cleared', 'the', 'skies']",the,"UTT_BOUNDARY q: what is the first word of the sentence ""the strong winds cleared the skies""? a:UTT_BOUNDARY the oil and oilskin", the oil and oilskin
"Q: What is the first word of the sentence ""Steve tossed the ball at Anna""? A:","['Steve', 'tossed', 'the', 'ball', 'at', 'Anna']",steve,"UTT_BOUNDARY q: what is the first word of the sentence ""steve tossed the ball at anna""? a:UTT_BOUNDARY steve is playing the piano", steve is playing the piano
"Q: What is the first word of the sentence ""Mary cuts the paper easily""? A:","['Mary', 'cuts', 'the', 'paper', 'easily']",mary,"UTT_BOUNDARY q: what is the first word of the sentence ""mary cuts the paper easily""? a:UTT_BOUNDARY mary reads the first word", mary reads the first word
"Q: In the sentence ""Jill embraced Sarah"", what is the first word? A:","['Jill', 'embraced', 'Sarah']",jill,"UTT_BOUNDARY q: in the sentence ""jill embraced sarah"", what is the first word? a:UTT_BOUNDARY linda edwards is an american", linda edwards is an american
"Q: In the sentence ""Few doctors approve of our remedy"", what is the first word? A:","['Few', 'doctors', 'approve', 'of', 'our', 'remedy']",few,"UTT_BOUNDARY q: in the sentence ""few doctors approve of our remedy"", what is the first word? a:UTT_BOUNDARY few people consider the word", few people consider the word
"Write the first word of the sentence ""George sang to himself"": ","['George', 'sang', 'to', 'himself']",george,"UTT_BOUNDARY write the first word of the sentence ""george sang to himself"":UTT_BOUNDARY paula tate,"," paula tate,"
"Q: What is the first word of the sentence ""He continued writing poems""? A:","['He', 'continued', 'writing', 'poems']",he,"UTT_BOUNDARY q: what is the first word of the sentence ""he continued writing poems""? a:UTT_BOUNDARY heidi is not reading", heidi is not reading
"Write the first word of the sentence ""I am drinking lemonade and eating a brownie"": ","['I', 'am', 'drinking', 'lemonade', 'and', 'eating', 'a', 'brownie']",i,"UTT_BOUNDARY write the first word of the sentence ""i am drinking lemonade and eating a brownie"":UTT_BOUNDARY i am so hungry.", i am so hungry.
"Q: In the sentence ""The thief smashed the window with a hammer"", what is the first word? A:","['The', 'thief', 'smashed', 'the', 'window', 'with', 'a', 'hammer']",the,"UTT_BOUNDARY q: in the sentence ""the thief smashed the window with a hammer"", what is the first word? a:UTT_BOUNDARY the car was driven by", the car was driven by
"Q: In the sentence ""He gave my binoculars to that girl"", what is the first word? A:","['He', 'gave', 'my', 'binoculars', 'to', 'that', 'girl']",he,"UTT_BOUNDARY q: in the sentence ""he gave my binoculars to that girl"", what is the first word? a:UTT_BOUNDARY heidi, the boy"," heidi, the boy"
"Write the first word of the sentence ""Fanny loved talking to Mary"": ","['Fanny', 'loved', 'talking', 'to', 'Mary']",fanny,"UTT_BOUNDARY write the first word of the sentence ""fanny loved talking to mary"":UTT_BOUNDARY fanny used a pen to", fanny used a pen to
"Q: What is the first word of the sentence ""John has been chosen for the position""? A:","['John', 'has', 'been', 'chosen', 'for', 'the', 'position']",john,"UTT_BOUNDARY q: what is the first word of the sentence ""john has been chosen for the position""? a:UTT_BOUNDARY john is the first word", john is the first word
"Write the first word of the sentence ""Mary laughed at John"": ","['Mary', 'laughed', 'at', 'John']",mary,"UTT_BOUNDARY write the first word of the sentence ""mary laughed at john"":UTT_BOUNDARY mary ellen:UTT_BOUNDARY", mary ellen:
"Q: What is the first word of the sentence ""Philippa cried herself to sleep""? A:","['Philippa', 'cried', 'herself', 'to', 'sleep']",philippa,"UTT_BOUNDARY q: what is the first word of the sentence ""philippa cried herself to sleep""? a:UTT_BOUNDARY felicia is a genius", felicia is a genius
"Write the first word of the sentence ""I served my guests"": ","['I', 'served', 'my', 'guests']",i,"UTT_BOUNDARY write the first word of the sentence ""i served my guests"":UTT_BOUNDARY i want to be the", i want to be the
"Q: In the sentence ""It is obvious to everybody that Tasha likes Misha"", what is the first word? A:","['It', 'is', 'obvious', 'to', 'everybody', 'that', 'Tasha', 'likes', 'Misha']",it,"UTT_BOUNDARY q: in the sentence ""it is obvious to everybody that tasha likes misha"", what is the first word? a:UTT_BOUNDARY it is a very serious", it is a very serious
"Q: What is the first word of the sentence ""John whispered that Mary left""? A:","['John', 'whispered', 'that', 'Mary', 'left']",john,"UTT_BOUNDARY q: what is the first word of the sentence ""john whispered that mary left""? a:UTT_BOUNDARY john is a student in", john is a student in
"Write the first word of the sentence ""Doug went to Chicago"": ","['Doug', 'went', 'to', 'Chicago']",doug,"UTT_BOUNDARY write the first word of the sentence ""doug went to chicago"":UTT_BOUNDARY larry robinson, jr."," larry robinson, jr."
"Q: In the sentence ""Donna fixed a sandwich for me"", what is the first word? A:","['Donna', 'fixed', 'a', 'sandwich', 'for', 'me']",donna,"UTT_BOUNDARY q: in the sentence ""donna fixed a sandwich for me"", what is the first word? a:UTT_BOUNDARY dane is a word", dane is a word
"Q: What is the first word of the sentence ""These books disappoint me""? A:","['These', 'books', 'disappoint', 'me']",these,"UTT_BOUNDARY q: what is the first word of the sentence ""these books disappoint me""? a:UTT_BOUNDARY these books were written by", these books were written by
"Q: What is the first word of the sentence ""The tiger bled to death""? A:","['The', 'tiger', 'bled', 'to', 'death']",the,"UTT_BOUNDARY q: what is the first word of the sentence ""the tiger bled to death""? a:UTT_BOUNDARY the tiger salutes the", the tiger salutes the
"Q: What is the first word of the sentence ""That acorn will grow into an oak tree""? A:","['That', 'acorn', 'will', 'grow', 'into', 'an', 'oak', 'tree']",that,"UTT_BOUNDARY q: what is the first word of the sentence ""that acorn will grow into an oak tree""? a:UTT_BOUNDARY that's a beautiful name", that's a beautiful name
"Q: What is the first word of the sentence ""Some tourists visited all the museums""? A:","['Some', 'tourists', 'visited', 'all', 'the', 'museums']",some,"UTT_BOUNDARY q: what is the first word of the sentence ""some tourists visited all the museums""? a:UTT_BOUNDARY some people thought that the", some people thought that the
"Q: What is the first word of the sentence ""I might eat deep fried muffins""? A:","['I', 'might', 'eat', 'deep', 'fried', 'muffins']",i,"UTT_BOUNDARY q: what is the first word of the sentence ""i might eat deep fried muffins""? a:UTT_BOUNDARY i put the books on", i put the books on
"Q: In the sentence ""John seems to be honest"", what is the first word? A:","['John', 'seems', 'to', 'be', 'honest']",john,"UTT_BOUNDARY q: in the sentence ""john seems to be honest"", what is the first word? a:UTT_BOUNDARY john is not a thief", john is not a thief
"Q: In the sentence ""The music echoed"", what is the first word? A:","['The', 'music', 'echoed']",the,"UTT_BOUNDARY q: in the sentence ""the music echoed"", what is the first word? a:UTT_BOUNDARY the piano was first seen", the piano was first seen
"Q: In the sentence ""He washed himself"", what is the first word? A:","['He', 'washed', 'himself']",he,"UTT_BOUNDARY q: in the sentence ""he washed himself"", what is the first word? a:UTT_BOUNDARY heidi he eats deep", heidi he eats deep
"Q: In the sentence ""Yesterday Lydia eloped with Wickham"", what is the first word? A:","['Yesterday', 'Lydia', 'eloped', 'with', 'Wickham']",yesterday,"UTT_BOUNDARY q: in the sentence ""yesterday lydia eloped with wickham"", what is the first word? a:UTT_BOUNDARY yesterday the whole story is", yesterday the whole story is
"Q: What is the first word of the sentence ""The eggs and the cream mixed together""? A:","['The', 'eggs', 'and', 'the', 'cream', 'mixed', 'together']",the,"UTT_BOUNDARY q: what is the first word of the sentence ""the eggs and the cream mixed together""? a:UTT_BOUNDARY the creamery shark is", the creamery shark is
"Q: In the sentence ""You may pick almost any flower"", what is the first word? A:","['You', 'may', 'pick', 'almost', 'any', 'flower']",you,"UTT_BOUNDARY q: in the sentence ""you may pick almost any flower"", what is the first word? a:UTT_BOUNDARY you will believe it to", you will believe it to
"Write the first word of the sentence ""The student enjoyed his English syntax class last semester"": ","['The', 'student', 'enjoyed', 'his', 'English', 'syntax', 'class', 'last', 'semester']",the,"UTT_BOUNDARY write the first word of the sentence ""the student enjoyed his english syntax class last semester"":UTT_BOUNDARY the students of the choir", the students of the choir
"Write the first word of the sentence ""The terrier attacked the burglar"": ","['The', 'terrier', 'attacked', 'the', 'burglar']",the,"UTT_BOUNDARY write the first word of the sentence ""the terrier attacked the burglar"":UTT_BOUNDARY the jackpot is a", the jackpot is a
"Q: In the sentence ""She voted for herself"", what is the first word? A:","['She', 'voted', 'for', 'herself']",she,"UTT_BOUNDARY q: in the sentence ""she voted for herself"", what is the first word? a:UTT_BOUNDARY she is the wife of", she is the wife of
"Q: What is the first word of the sentence ""John is as intelligent as Mary""? A:","['John', 'is', 'as', 'intelligent', 'as', 'Mary']",john,"UTT_BOUNDARY q: what is the first word of the sentence ""john is as intelligent as mary""? a:UTT_BOUNDARY john is a boy and", john is a boy and
"Q: What is the first word of the sentence ""Rosie got struck by lightning""? A:","['Rosie', 'got', 'struck', 'by', 'lightning']",rosie,"UTT_BOUNDARY q: what is the first word of the sentence ""rosie got struck by lightning""? a:UTT_BOUNDARY jackie and mary met in", jackie and mary met in
"Write the first word of the sentence ""Jane played the piano"": ","['Jane', 'played', 'the', 'piano']",jane,"UTT_BOUNDARY write the first word of the sentence ""jane played the piano"":UTT_BOUNDARY nora is the first word", nora is the first word
"Write the first word of the sentence ""Many of the people were dying of thirst"": ","['Many', 'of', 'the', 'people', 'were', 'dying', 'of', 'thirst']",many,"UTT_BOUNDARY write the first word of the sentence ""many of the people were dying of thirst"":UTT_BOUNDARY many people consider the noisy", many people consider the noisy
"Write the first word of the sentence ""The beaver built a dam"": ","['The', 'beaver', 'built', 'a', 'dam']",the,"UTT_BOUNDARY write the first word of the sentence ""the beaver built a dam"":UTT_BOUNDARY the jack morrison is", the jack morrison is
"Write the first word of the sentence ""They depend on Mary"": ","['They', 'depend', 'on', 'Mary']",they,"UTT_BOUNDARY write the first word of the sentence ""they depend on mary"":UTT_BOUNDARY they don't have a", they don't have a
"Q: In the sentence ""That acorn will grow into an oak tree"", what is the first word? A:","['That', 'acorn', 'will', 'grow', 'into', 'an', 'oak', 'tree']",that,"UTT_BOUNDARY q: in the sentence ""that acorn will grow into an oak tree"", what is the first word? a:UTT_BOUNDARY that baby is a toy", that baby is a toy
"Q: In the sentence ""Felicia kicked the ball off the bench"", what is the first word? A:","['Felicia', 'kicked', 'the', 'ball', 'off', 'the', 'bench']",felicia,"UTT_BOUNDARY q: in the sentence ""felicia kicked the ball off the bench"", what is the first word? a:UTT_BOUNDARY felicia is pregnant by", felicia is pregnant by
"Q: What is the first word of the sentence ""I gave Jack a picture of myself""? A:","['I', 'gave', 'Jack', 'a', 'picture', 'of', 'myself']",i,"UTT_BOUNDARY q: what is the first word of the sentence ""i gave jack a picture of myself""? a:UTT_BOUNDARY i saw that movie.", i saw that movie.
"Q: In the sentence ""Mary has always preferred lemons to limes"", what is the first word? A:","['Mary', 'has', 'always', 'preferred', 'lemons', 'to', 'limes']",mary,"UTT_BOUNDARY q: in the sentence ""mary has always preferred lemons to limes"", what is the first word? a:UTT_BOUNDARY mary ellen is the first", mary ellen is the first
"Write the first word of the sentence ""Donna fixed a sandwich for me"": ","['Donna', 'fixed', 'a', 'sandwich', 'for', 'me']",donna,"UTT_BOUNDARY write the first word of the sentence ""donna fixed a sandwich for me"":UTT_BOUNDARY dana is the only person", dana is the only person
"Q: What is the first word of the sentence ""Doug cleared the table""? A:","['Doug', 'cleared', 'the', 'table']",doug,"UTT_BOUNDARY q: what is the first word of the sentence ""doug cleared the table""? a:UTT_BOUNDARY no one will leave the", no one will leave the
"Write the first word of the sentence ""Cynthia devoured the pizza"": ","['Cynthia', 'devoured', 'the', 'pizza']",cynthia,"UTT_BOUNDARY write the first word of the sentence ""cynthia devoured the pizza"":UTT_BOUNDARY cynthia ate the", cynthia ate the
"Q: In the sentence ""John put carrots from his garden in the salad"", what is the first word? A:","['John', 'put', 'carrots', 'from', 'his', 'garden', 'in', 'the', 'salad']",john,"UTT_BOUNDARY q: in the sentence ""john put carrots from his garden in the salad"", what is the first word? a:UTT_BOUNDARY john is a. john", john is a. john
"Write the first word of the sentence ""Susan will never sing at weddings"": ","['Susan', 'will', 'never', 'sing', 'at', 'weddings']",susan,"UTT_BOUNDARY write the first word of the sentence ""susan will never sing at weddings"":UTT_BOUNDARY susan is the first word", susan is the first word
"Write the first word of the sentence ""We recommend to eat less cake and pastry"": ","['We', 'recommend', 'to', 'eat', 'less', 'cake', 'and', 'pastry']",we,"UTT_BOUNDARY write the first word of the sentence ""we recommend to eat less cake and pastry"":UTT_BOUNDARY we draw the first word", we draw the first word
"Q: What is the first word of the sentence ""The king loved peanut butter cookies""? A:","['The', 'king', 'loved', 'peanut', 'butter', 'cookies']",the,"UTT_BOUNDARY q: what is the first word of the sentence ""the king loved peanut butter cookies""? a:UTT_BOUNDARY the winds blew the candle", the winds blew the candle
"Q: In the sentence ""The roof of the building is leaking"", what is the first word? A:","['The', 'roof', 'of', 'the', 'building', 'is', 'leaking']",the,"UTT_BOUNDARY q: in the sentence ""the roof of the building is leaking"", what is the first word? a:UTT_BOUNDARY the halls on the", the halls on the
"Write the first word of the sentence ""Brian was wiping the wall behind the stove"": ","['Brian', 'was', 'wiping', 'the', 'wall', 'behind', 'the', 'stove']",brian,"UTT_BOUNDARY write the first word of the sentence ""brian was wiping the wall behind the stove"":UTT_BOUNDARY brian and i were having", brian and i were having
"Q: In the sentence ""The child became a man"", what is the first word? A:","['The', 'child', 'became', 'a', 'man']",the,"UTT_BOUNDARY q: in the sentence ""the child became a man"", what is the first word? a:UTT_BOUNDARY the woman with the name", the woman with the name
"Q: In the sentence ""The contract is subject to approval by my committee"", what is the first word? A:","['The', 'contract', 'is', 'subject', 'to', 'approval', 'by', 'my', 'committee']",the,"UTT_BOUNDARY q: in the sentence ""the contract is subject to approval by my committee"", what is the first word? a:UTT_BOUNDARY the report that the bill", the report that the bill
"Q: What is the first word of the sentence ""Mary sang for anyone who wanted to hear her""? A:","['Mary', 'sang', 'for', 'anyone', 'who', 'wanted', 'to', 'hear', 'her']",mary,"UTT_BOUNDARY q: what is the first word of the sentence ""mary sang for anyone who wanted to hear her""? a:UTT_BOUNDARY mary ellen, mary and"," mary ellen, mary and"
"Write the first word of the sentence ""I shipped the package halfway around the world"": ","['I', 'shipped', 'the', 'package', 'halfway', 'around', 'the', 'world']",i,"UTT_BOUNDARY write the first word of the sentence ""i shipped the package halfway around the world"":UTT_BOUNDARY i told you that i", i told you that i
"Write the first word of the sentence ""He looks so formidable"": ","['He', 'looks', 'so', 'formidable']",he,"UTT_BOUNDARY write the first word of the sentence ""he looks so formidable"":UTT_BOUNDARY heidi, heidi"," heidi, heidi"
"Q: What is the first word of the sentence ""I know a taller man than John""? A:","['I', 'know', 'a', 'taller', 'man', 'than', 'John']",i,"UTT_BOUNDARY q: what is the first word of the sentence ""i know a taller man than john""? a:UTT_BOUNDARY i saw him last yesterday", i saw him last yesterday
"Q: In the sentence ""Most of the children are here"", what is the first word? A:","['Most', 'of', 'the', 'children', 'are', 'here']",most,"UTT_BOUNDARY q: in the sentence ""most of the children are here"", what is the first word? a:UTT_BOUNDARY most people who are not", most people who are not
"Write the first word of the sentence ""Steve tossed the ball into the garden"": ","['Steve', 'tossed', 'the', 'ball', 'into', 'the', 'garden']",steve,"UTT_BOUNDARY write the first word of the sentence ""steve tossed the ball into the garden"":UTT_BOUNDARY steve is taller than the", steve is taller than the
"Q: What is the first word of the sentence ""Sally believes that she is brilliant""? A:","['Sally', 'believes', 'that', 'she', 'is', 'brilliant']",sally,"UTT_BOUNDARY q: what is the first word of the sentence ""sally believes that she is brilliant""? a:UTT_BOUNDARY i have a question with", i have a question with
"Q: What is the first word of the sentence ""John promised Bill to leave""? A:","['John', 'promised', 'Bill', 'to', 'leave']",john,"UTT_BOUNDARY q: what is the first word of the sentence ""john promised bill to leave""? a:UTT_BOUNDARY john will drive the car", john will drive the car
"Q: In the sentence ""The fans were deliberately provoked by a rival group"", what is the first word? A:","['The', 'fans', 'were', 'deliberately', 'provoked', 'by', 'a', 'rival', 'group']",the,"UTT_BOUNDARY q: in the sentence ""the fans were deliberately provoked by a rival group"", what is the first word? a:UTT_BOUNDARY the group were able to", the group were able to
"Q: In the sentence ""There appeared a ship on the horizon"", what is the first word? A:","['There', 'appeared', 'a', 'ship', 'on', 'the', 'horizon']",there,"UTT_BOUNDARY q: in the sentence ""there appeared a ship on the horizon"", what is the first word? a:UTT_BOUNDARY there is a riot in", there is a riot in
"Q: What is the first word of the sentence ""The needle poked the cloth""? A:","['The', 'needle', 'poked', 'the', 'cloth']",the,"UTT_BOUNDARY q: what is the first word of the sentence ""the needle poked the cloth""? a:UTT_BOUNDARY the bread cuts easily?", the bread cuts easily?
"Q: In the sentence ""Lou forgot the umbrella"", what is the first word? A:","['Lou', 'forgot', 'the', 'umbrella']",lou,"UTT_BOUNDARY q: in the sentence ""lou forgot the umbrella"", what is the first word? a:UTT_BOUNDARY louise and i are friends", louise and i are friends
"Q: What is the first word of the sentence ""Fanny regretted having talked to Mary""? A:","['Fanny', 'regretted', 'having', 'talked', 'to', 'Mary']",fanny,"UTT_BOUNDARY q: what is the first word of the sentence ""fanny regretted having talked to mary""? a:UTT_BOUNDARY fanny was pregnant with john", fanny was pregnant with john
"Q: What is the first word of the sentence ""They talked to Kim and to each other""? A:","['They', 'talked', 'to', 'Kim', 'and', 'to', 'each', 'other']",they,"UTT_BOUNDARY q: what is the first word of the sentence ""they talked to kim and to each other""? a:UTT_BOUNDARY they think that the kids", they think that the kids
"Q: In the sentence ""The room reeked of onions"", what is the first word? A:","['The', 'room', 'reeked', 'of', 'onions']",the,"UTT_BOUNDARY q: in the sentence ""the room reeked of onions"", what is the first word? a:UTT_BOUNDARY the tablet phas", the tablet phas
"Write the first word of the sentence ""John tried to leave"": ","['John', 'tried', 'to', 'leave']",john,"UTT_BOUNDARY write the first word of the sentence ""john tried to leave"":UTT_BOUNDARY john is taller than pete", john is taller than pete
"Q: What is the first word of the sentence ""I showed Mary several portraits of herself""? A:","['I', 'showed', 'Mary', 'several', 'portraits', 'of', 'herself']",i,"UTT_BOUNDARY q: what is the first word of the sentence ""i showed mary several portraits of herself""? a:UTT_BOUNDARY i saw her yesterday in", i saw her yesterday in
"Write the first word of the sentence ""Bill ate more peaches than Harry did grapes"": ","['Bill', 'ate', 'more', 'peaches', 'than', 'Harry', 'did', 'grapes']",bill,"UTT_BOUNDARY write the first word of the sentence ""bill ate more peaches than harry did grapes"":UTT_BOUNDARY bill mosely (it was", bill mosely (it was
"Write the first word of the sentence ""Sally believes that she is brilliant"": ","['Sally', 'believes', 'that', 'she', 'is', 'brilliant']",sally,"UTT_BOUNDARY write the first word of the sentence ""sally believes that she is brilliant"":UTT_BOUNDARY she is the first person", she is the first person
"Q: What is the first word of the sentence ""Carmen obtained a spare part from Diana""? A:","['Carmen', 'obtained', 'a', 'spare', 'part', 'from', 'Diana']",carmen,"UTT_BOUNDARY q: what is the first word of the sentence ""carmen obtained a spare part from diana""? a:UTT_BOUNDARY carmen sanctioned", carmen sanctioned
"Write the first word of the sentence ""You are a student"": ","['You', 'are', 'a', 'student']",you,"UTT_BOUNDARY write the first word of the sentence ""you are a student"":UTT_BOUNDARY you will be the person", you will be the person
"Q: What is the first word of the sentence ""He has left""? A:","['He', 'has', 'left']",he,"UTT_BOUNDARY q: what is the first word of the sentence ""he has left""? a:UTT_BOUNDARY heidi is running for", heidi is running for
"Q: What is the first word of the sentence ""Dina posed as a lawyer""? A:","['Dina', 'posed', 'as', 'a', 'lawyer']",dina,"UTT_BOUNDARY q: what is the first word of the sentence ""dina posed as a lawyer""? a:UTT_BOUNDARY dina. a:", dina. a:
"Q: In the sentence ""The beaver built a dam"", what is the first word? A:","['The', 'beaver', 'built', 'a', 'dam']",the,"UTT_BOUNDARY q: in the sentence ""the beaver built a dam"", what is the first word? a:UTT_BOUNDARY the car was in the", the car was in the
"Q: In the sentence ""The jury believed the defendant lied"", what is the first word? A:","['The', 'jury', 'believed', 'the', 'defendant', 'lied']",the,"UTT_BOUNDARY q: in the sentence ""the jury believed the defendant lied"", what is the first word? a:UTT_BOUNDARY the jury found the answer", the jury found the answer
"Write the first word of the sentence ""Lou put the umbrella in the closet"": ","['Lou', 'put', 'the', 'umbrella', 'in', 'the', 'closet']",lou,"UTT_BOUNDARY write the first word of the sentence ""lou put the umbrella in the closet"":UTT_BOUNDARY louie and i are", louie and i are
"Q: In the sentence ""Rory eats muffins"", what is the first word? A:","['Rory', 'eats', 'muffins']",rory,"UTT_BOUNDARY q: in the sentence ""rory eats muffins"", what is the first word? a:UTT_BOUNDARY rory is a doctor.", rory is a doctor.
"Q: What is the first word of the sentence ""John learned French perfectly""? A:","['John', 'learned', 'French', 'perfectly']",john,"UTT_BOUNDARY q: what is the first word of the sentence ""john learned french perfectly""? a:UTT_BOUNDARY john is a fool or", john is a fool or
"Q: In the sentence ""Bill gave Sue the book"", what is the first word? A:","['Bill', 'gave', 'Sue', 'the', 'book']",bill,"UTT_BOUNDARY q: in the sentence ""bill gave sue the book"", what is the first word? a:UTT_BOUNDARY billie put the book", billie put the book
"Q: In the sentence ""I did it more in jest than in anger"", what is the first word? A:","['I', 'did', 'it', 'more', 'in', 'jest', 'than', 'in', 'anger']",i,"UTT_BOUNDARY q: in the sentence ""i did it more in jest than in anger"", what is the first word? a:UTT_BOUNDARY i saw the movie version", i saw the movie version
"Write the first word of the sentence ""I know a taller man than John"": ","['I', 'know', 'a', 'taller', 'man', 'than', 'John']",i,"UTT_BOUNDARY write the first word of the sentence ""i know a taller man than john"":UTT_BOUNDARY i want to go"","," i want to go"","
"Q: In the sentence ""John wants to leave"", what is the first word? A:","['John', 'wants', 'to', 'leave']",john,"UTT_BOUNDARY q: in the sentence ""john wants to leave"", what is the first word? a:UTT_BOUNDARY john is a baby girl", john is a baby girl
"Q: What is the first word of the sentence ""Penny skated around the rink""? A:","['Penny', 'skated', 'around', 'the', 'rink']",penny,"UTT_BOUNDARY q: what is the first word of the sentence ""penny skated around the rink""? a:UTT_BOUNDARY paula got a job", paula got a job
"Q: What is the first word of the sentence ""Alison poked the needle through the cloth""? A:","['Alison', 'poked', 'the', 'needle', 'through', 'the', 'cloth']",alison,"UTT_BOUNDARY q: what is the first word of the sentence ""alison poked the needle through the cloth""? a:UTT_BOUNDARY alison, this is"," alison, this is"
"Q: What is the first word of the sentence ""Visiting relatives can be boring""? A:","['Visiting', 'relatives', 'can', 'be', 'boring']",visiting,"UTT_BOUNDARY q: what is the first word of the sentence ""visiting relatives can be boring""? a:UTT_BOUNDARY visiting friends with children is", visiting friends with children is
"Write the first word of the sentence ""I climbed up the tree"": ","['I', 'climbed', 'up', 'the', 'tree']",i,"UTT_BOUNDARY write the first word of the sentence ""i climbed up the tree"":UTT_BOUNDARY i get the book from", i get the book from
"Q: In the sentence ""It seems that John is likely to win"", what is the first word? A:","['It', 'seems', 'that', 'John', 'is', 'likely', 'to', 'win']",it,"UTT_BOUNDARY q: in the sentence ""it seems that john is likely to win"", what is the first word? a:UTT_BOUNDARY it is a very long", it is a very long
"Q: In the sentence ""The men will all leave"", what is the first word? A:","['The', 'men', 'will', 'all', 'leave']",the,"UTT_BOUNDARY q: in the sentence ""the men will all leave"", what is the first word? a:UTT_BOUNDARY the men then have a", the men then have a
"Q: In the sentence ""The computer will calculate the value of the variable"", what is the first word? A:","['The', 'computer', 'will', 'calculate', 'the', 'value', 'of', 'the', 'variable']",the,"UTT_BOUNDARY q: in the sentence ""the computer will calculate the value of the variable"", what is the first word? a:UTT_BOUNDARY the computer is not available", the computer is not available
"Q: What is the first word of the sentence ""That surprised me""? A:","['That', 'surprised', 'me']",that,"UTT_BOUNDARY q: what is the first word of the sentence ""that surprised me""? a:UTT_BOUNDARY that girl was in the", that girl was in the
"Q: What is the first word of the sentence ""The jeweller decorated the ring""? A:","['The', 'jeweller', 'decorated', 'the', 'ring']",the,"UTT_BOUNDARY q: what is the first word of the sentence ""the jeweller decorated the ring""? a:UTT_BOUNDARY the ship was too long", the ship was too long
"Q: What is the first word of the sentence ""Dana is longing for a sunny day""? A:","['Dana', 'is', 'longing', 'for', 'a', 'sunny', 'day']",dana,"UTT_BOUNDARY q: what is the first word of the sentence ""dana is longing for a sunny day""? a:UTT_BOUNDARY dana sang a song of", dana sang a song of
"Q: In the sentence ""She always wore purple dresses"", what is the first word? A:","['She', 'always', 'wore', 'purple', 'dresses']",she,"UTT_BOUNDARY q: in the sentence ""she always wore purple dresses"", what is the first word? a:UTT_BOUNDARY she was a witch?", she was a witch?
"Q: In the sentence ""The moon glows in the darkness"", what is the first word? A:","['The', 'moon', 'glows', 'in', 'the', 'darkness']",the,"UTT_BOUNDARY q: in the sentence ""the moon glows in the darkness"", what is the first word? a:UTT_BOUNDARY the light is light.", the light is light.
"Write the first word of the sentence ""My eyes are itching"": ","['My', 'eyes', 'are', 'itching']",my,"UTT_BOUNDARY write the first word of the sentence ""my eyes are itching"":UTT_BOUNDARY my eyes are so full", my eyes are so full
"Write the first word of the sentence ""John believes that Bill saw him"": ","['John', 'believes', 'that', 'Bill', 'saw', 'him']",john,"UTT_BOUNDARY write the first word of the sentence ""john believes that bill saw him"":UTT_BOUNDARY john is taller than mary", john is taller than mary
"Q: In the sentence ""Odysseus planned to hear the sirens"", what is the first word? A:","['Odysseus', 'planned', 'to', 'hear', 'the', 'sirens']",odysseus,"UTT_BOUNDARY q: in the sentence ""odysseus planned to hear the sirens"", what is the first word? a:UTT_BOUNDARY kim and i are friends", kim and i are friends
"Write the first word of the sentence ""The brave are not afraid to die"": ","['The', 'brave', 'are', 'not', 'afraid', 'to', 'die']",the,"UTT_BOUNDARY write the first word of the sentence ""the brave are not afraid to die"":UTT_BOUNDARY the lords will not", the lords will not
"Write the first word of the sentence ""This should be the beginning of a beautiful friendship"": ","['This', 'should', 'be', 'the', 'beginning', 'of', 'a', 'beautiful', 'friendship']",this,"UTT_BOUNDARY write the first word of the sentence ""this should be the beginning of a beautiful friendship"":UTT_BOUNDARY this is a truth zone", this is a truth zone
"Write the first word of the sentence ""The tree dropped fruit to the ground"": ","['The', 'tree', 'dropped', 'fruit', 'to', 'the', 'ground']",the,"UTT_BOUNDARY write the first word of the sentence ""the tree dropped fruit to the ground"":UTT_BOUNDARY the tree was first seen", the tree was first seen
"Q: What is the first word of the sentence ""The roses bloomed""? A:","['The', 'roses', 'bloomed']",the,"UTT_BOUNDARY q: what is the first word of the sentence ""the roses bloomed""? a:UTT_BOUNDARY the trees are a sight", the trees are a sight
"Write the first word of the sentence ""I wonder if you will come back tomorrow"": ","['I', 'wonder', 'if', 'you', 'will', 'come', 'back', 'tomorrow']",i,"UTT_BOUNDARY write the first word of the sentence ""i wonder if you will come back tomorrow"":UTT_BOUNDARY i want to go"","," i want to go"","
"Write the first word of the sentence ""The audience watched the movie"": ","['The', 'audience', 'watched', 'the', 'movie']",the,"UTT_BOUNDARY write the first word of the sentence ""the audience watched the movie"":UTT_BOUNDARY the kids in the movie", the kids in the movie
"Write the first word of the sentence ""Carla was shoveling the walk"": ","['Carla', 'was', 'shoveling', 'the', 'walk']",carla,"UTT_BOUNDARY write the first word of the sentence ""carla was shoveling the walk"":UTT_BOUNDARY carla, the car"," carla, the car"
"Q: What is the first word of the sentence ""The music echoed""? A:","['The', 'music', 'echoed']",the,"UTT_BOUNDARY q: what is the first word of the sentence ""the music echoed""? a:UTT_BOUNDARY the kids in the neighborhood", the kids in the neighborhood
"Q: In the sentence ""That movie always shocks people"", what is the first word? A:","['That', 'movie', 'always', 'shocks', 'people']",that,"UTT_BOUNDARY q: in the sentence ""that movie always shocks people"", what is the first word? a:UTT_BOUNDARY that word is a word", that word is a word
"Write the first word of the sentence ""Some people consider the dogs in my neighborhood dangerous"": ","['Some', 'people', 'consider', 'the', 'dogs', 'in', 'my', 'neighborhood', 'dangerous']",some,"UTT_BOUNDARY write the first word of the sentence ""some people consider the dogs in my neighborhood dangerous"":UTT_BOUNDARY some people consider the dogs", some people consider the dogs
"Q: What is the first word of the sentence ""It annoys people that dogs bark""? A:","['It', 'annoys', 'people', 'that', 'dogs', 'bark']",it,"UTT_BOUNDARY q: what is the first word of the sentence ""it annoys people that dogs bark""? a:UTT_BOUNDARY it is a type of", it is a type of
"Write the first word of the sentence ""We persuaded the dentist to examine us"": ","['We', 'persuaded', 'the', 'dentist', 'to', 'examine', 'us']",we,"UTT_BOUNDARY write the first word of the sentence ""we persuaded the dentist to examine us"":UTT_BOUNDARY we have to leave the", we have to leave the
"Q: What is the first word of the sentence ""Mary has more enemies than Bill has friends""? A:","['Mary', 'has', 'more', 'enemies', 'than', 'Bill', 'has', 'friends']",mary,"UTT_BOUNDARY q: what is the first word of the sentence ""mary has more enemies than bill has friends""? a:UTT_BOUNDARY mary ellen and her mother", mary ellen and her mother
"Q: In the sentence ""The voices echoed in the hall"", what is the first word? A:","['The', 'voices', 'echoed', 'in', 'the', 'hall']",the,"UTT_BOUNDARY q: in the sentence ""the voices echoed in the hall"", what is the first word? a:UTT_BOUNDARY the bandits have a", the bandits have a
"Q: What is the first word of the sentence ""John received the parcel""? A:","['John', 'received', 'the', 'parcel']",john,"UTT_BOUNDARY q: what is the first word of the sentence ""john received the parcel""? a:UTT_BOUNDARY john is eager to examine", john is eager to examine
"Write the first word of the sentence ""Ron certainly will buy a dog"": ","['Ron', 'certainly', 'will', 'buy', 'a', 'dog']",ron,"UTT_BOUNDARY write the first word of the sentence ""ron certainly will buy a dog"":UTT_BOUNDARY ron weasley, jr"," ron weasley, jr"
"Q: In the sentence ""Max gave the car a shove"", what is the first word? A:","['Max', 'gave', 'the', 'car', 'a', 'shove']",max,"UTT_BOUNDARY q: in the sentence ""max gave the car a shove"", what is the first word? a:UTT_BOUNDARY maximo is the", maximo is the
"Write the first word of the sentence ""People from Tucson think very highly of themselves"": ","['People', 'from', 'Tucson', 'think', 'very', 'highly', 'of', 'themselves']",people,"UTT_BOUNDARY write the first word of the sentence ""people from tucson think very highly of themselves"":UTT_BOUNDARY people who have been b", people who have been b
"Q: In the sentence ""John suddenly got off the bus"", what is the first word? A:","['John', 'suddenly', 'got', 'off', 'the', 'bus']",john,"UTT_BOUNDARY q: in the sentence ""john suddenly got off the bus"", what is the first word? a:UTT_BOUNDARY john is on the phone", john is on the phone
"Q: In the sentence ""Frances hid the presents in the drawer"", what is the first word? A:","['Frances', 'hid', 'the', 'presents', 'in', 'the', 'drawer']",frances,"UTT_BOUNDARY q: in the sentence ""frances hid the presents in the drawer"", what is the first word? a:UTT_BOUNDARY francesco is the director", francesco is the director
"Q: What is the first word of the sentence ""He did not leave""? A:","['He', 'did', 'not', 'leave']",he,"UTT_BOUNDARY q: what is the first word of the sentence ""he did not leave""? a:UTT_BOUNDARY heidi saw him"","," heidi saw him"","
"Q: What is the first word of the sentence ""John told Mary to kiss him""? A:","['John', 'told', 'Mary', 'to', 'kiss', 'him']",john,"UTT_BOUNDARY q: what is the first word of the sentence ""john told mary to kiss him""? a:UTT_BOUNDARY john is a baby?", john is a baby?
"Q: In the sentence ""They want to be kind to her"", what is the first word? A:","['They', 'want', 'to', 'be', 'kind', 'to', 'her']",they,"UTT_BOUNDARY q: in the sentence ""they want to be kind to her"", what is the first word? a:UTT_BOUNDARY they think that they are", they think that they are
"Q: In the sentence ""I asked where you found it"", what is the first word? A:","['I', 'asked', 'where', 'you', 'found', 'it']",i,"UTT_BOUNDARY q: in the sentence ""i asked where you found it"", what is the first word? a:UTT_BOUNDARY i want to go"","," i want to go"","
"Q: What is the first word of the sentence ""A magnificent diamond sparkled on his finger""? A:","['A', 'magnificent', 'diamond', 'sparkled', 'on', 'his', 'finger']",a,"UTT_BOUNDARY q: what is the first word of the sentence ""a magnificent diamond sparkled on his finger""? a:UTT_BOUNDARY a:UTT_BOUNDARY", a:
"Write the first word of the sentence ""The secretary transcribed the speech into the record"": ","['The', 'secretary', 'transcribed', 'the', 'speech', 'into', 'the', 'record']",the,"UTT_BOUNDARY write the first word of the sentence ""the secretary transcribed the speech into the record"":UTT_BOUNDARY the jury found the answers", the jury found the answers
"Write the first word of the sentence ""They have no TV"": ","['They', 'have', 'no', 'TV']",they,"UTT_BOUNDARY write the first word of the sentence ""they have no tv"":UTT_BOUNDARY they have no tv programs", they have no tv programs
"Q: What is the first word of the sentence ""Mary did not avoid Bill""? A:","['Mary', 'did', 'not', 'avoid', 'Bill']",mary,"UTT_BOUNDARY q: what is the first word of the sentence ""mary did not avoid bill""? a:UTT_BOUNDARY mary ellen: a:", mary ellen: a:
"Write the first word of the sentence ""Paul laughed at Mary"": ","['Paul', 'laughed', 'at', 'Mary']",paul,"UTT_BOUNDARY write the first word of the sentence ""paul laughed at mary"":UTT_BOUNDARY paula laughed at mary", paula laughed at mary
"Write the first word of the sentence ""I doubt you can help me in understanding this"": ","['I', 'doubt', 'you', 'can', 'help', 'me', 'in', 'understanding', 'this']",i,"UTT_BOUNDARY write the first word of the sentence ""i doubt you can help me in understanding this"":UTT_BOUNDARY i am very fond of", i am very fond of
"Q: In the sentence ""Bill dried the clothes"", what is the first word? A:","['Bill', 'dried', 'the', 'clothes']",bill,"UTT_BOUNDARY q: in the sentence ""bill dried the clothes"", what is the first word? a:UTT_BOUNDARY bill has a book that", bill has a book that
"Q: What is the first word of the sentence ""Frank gave a piano to Jane Fairfax""? A:","['Frank', 'gave', 'a', 'piano', 'to', 'Jane', 'Fairfax']",frank,"UTT_BOUNDARY q: what is the first word of the sentence ""frank gave a piano to jane fairfax""? a:UTT_BOUNDARY frankeniott imagined", frankeniott imagined
"Write the first word of the sentence ""They want to be kind to her"": ","['They', 'want', 'to', 'be', 'kind', 'to', 'her']",they,"UTT_BOUNDARY write the first word of the sentence ""they want to be kind to her"":UTT_BOUNDARY they want to be treated", they want to be treated
"Q: In the sentence ""I ate the sugar"", what is the first word? A:","['I', 'ate', 'the', 'sugar']",i,"UTT_BOUNDARY q: in the sentence ""i ate the sugar"", what is the first word? a:UTT_BOUNDARY i have some popcorn and", i have some popcorn and
"Write the first word of the sentence ""Jasmine pushed the door open"": ","['Jasmine', 'pushed', 'the', 'door', 'open']",jasmine,"UTT_BOUNDARY write the first word of the sentence ""jasmine pushed the door open"":UTT_BOUNDARY jessica alison, the"," jessica alison, the"
"Q: In the sentence ""The soldier was given the medal by Phillip"", what is the first word? A:","['The', 'soldier', 'was', 'given', 'the', 'medal', 'by', 'Phillip']",the,"UTT_BOUNDARY q: in the sentence ""the soldier was given the medal by phillip"", what is the first word? a:UTT_BOUNDARY the ship was given the", the ship was given the
"Q: What is the first word of the sentence ""A serious accident happened yesterday""? A:","['A', 'serious', 'accident', 'happened', 'yesterday']",a,"UTT_BOUNDARY q: what is the first word of the sentence ""a serious accident happened yesterday""? a:UTT_BOUNDARY a:UTT_BOUNDARY", a:
"Q: In the sentence ""John talked to any politician who is powerful"", what is the first word? A:","['John', 'talked', 'to', 'any', 'politician', 'who', 'is', 'powerful']",john,"UTT_BOUNDARY q: in the sentence ""john talked to any politician who is powerful"", what is the first word? a:UTT_BOUNDARY john is a student in", john is a student in
"Q: What is the first word of the sentence ""Jennifer craned her neck""? A:","['Jennifer', 'craned', 'her', 'neck']",jennifer,"UTT_BOUNDARY q: what is the first word of the sentence ""jennifer craned her neck""? a:UTT_BOUNDARY jennifer told her to eat", jennifer told her to eat
"Write the first word of the sentence ""They pushed the prisoners into the truck"": ","['They', 'pushed', 'the', 'prisoners', 'into', 'the', 'truck']",they,"UTT_BOUNDARY write the first word of the sentence ""they pushed the prisoners into the truck"":UTT_BOUNDARY they won't be able", they won't be able
"Q: In the sentence ""We pulled free"", what is the first word? A:","['We', 'pulled', 'free']",we,"UTT_BOUNDARY q: in the sentence ""we pulled free"", what is the first word? a:UTT_BOUNDARY we get a lot of", we get a lot of
"Write the first word of the sentence ""The needle poked the cloth"": ","['The', 'needle', 'poked', 'the', 'cloth']",the,"UTT_BOUNDARY write the first word of the sentence ""the needle poked the cloth"":UTT_BOUNDARY the jack morrison.", the jack morrison.
"Q: What is the first word of the sentence ""He planted the garden last November with roses""? A:","['He', 'planted', 'the', 'garden', 'last', 'November', 'with', 'roses']",he,"UTT_BOUNDARY q: what is the first word of the sentence ""he planted the garden last november with roses""? a:UTT_BOUNDARY heidi saw it all", heidi saw it all
"Q: What is the first word of the sentence ""I compared Ginger to Fred""? A:","['I', 'compared', 'Ginger', 'to', 'Fred']",i,"UTT_BOUNDARY q: what is the first word of the sentence ""i compared ginger to fred""? a:UTT_BOUNDARY i put the book in", i put the book in
"Q: What is the first word of the sentence ""The child broke the teapot by accident""? A:","['The', 'child', 'broke', 'the', 'teapot', 'by', 'accident']",the,"UTT_BOUNDARY q: what is the first word of the sentence ""the child broke the teapot by accident""? a:UTT_BOUNDARY the boy with the golden", the boy with the golden
"Write the first word of the sentence ""The dentist was persuaded to examine Pat"": ","['The', 'dentist', 'was', 'persuaded', 'to', 'examine', 'Pat']",the,"UTT_BOUNDARY write the first word of the sentence ""the dentist was persuaded to examine pat"":UTT_BOUNDARY the book was first seen", the book was first seen
"Q: In the sentence ""Ellen warned against skating on thin ice"", what is the first word? A:","['Ellen', 'warned', 'against', 'skating', 'on', 'thin', 'ice']",ellen,"UTT_BOUNDARY q: in the sentence ""ellen warned against skating on thin ice"", what is the first word? a:UTT_BOUNDARY ellen kelly was given the", ellen kelly was given the
"Q: In the sentence ""Ellen talked with Helen about the problem"", what is the first word? A:","['Ellen', 'talked', 'with', 'Helen', 'about', 'the', 'problem']",ellen,"UTT_BOUNDARY q: in the sentence ""ellen talked with helen about the problem"", what is the first word? a:UTT_BOUNDARY ellen kelly is an important", ellen kelly is an important
"Q: What is the first word of the sentence ""His expectations are always lower than mine""? A:","['His', 'expectations', 'are', 'always', 'lower', 'than', 'mine']",his,"UTT_BOUNDARY q: what is the first word of the sentence ""his expectations are always lower than mine""? a:UTT_BOUNDARY his name is park.", his name is park.
"Q: In the sentence ""I am more angry than sad"", what is the first word? A:","['I', 'am', 'more', 'angry', 'than', 'sad']",i,"UTT_BOUNDARY q: in the sentence ""i am more angry than sad"", what is the first word? a:UTT_BOUNDARY i am not a fool", i am not a fool
"Q: In the sentence ""Lou forgot the umbrella in the closet"", what is the first word? A:","['Lou', 'forgot', 'the', 'umbrella', 'in', 'the', 'closet']",lou,"UTT_BOUNDARY q: in the sentence ""lou forgot the umbrella in the closet"", what is the first word? a:UTT_BOUNDARY louise posed the picture", louise posed the picture
"Q: What is the first word of the sentence ""John is taller than Dill""? A:","['John', 'is', 'taller', 'than', 'Dill']",john,"UTT_BOUNDARY q: what is the first word of the sentence ""john is taller than dill""? a:UTT_BOUNDARY john is taller than pete", john is taller than pete
"Q: In the sentence ""few clues could be found"", what is the first word? A:","['few', 'clues', 'could', 'be', 'found']",few,"UTT_BOUNDARY q: in the sentence ""few clues could be found"", what is the first word? a:UTT_BOUNDARY few books on the list", few books on the list
"Write the first word of the sentence ""Someone tried to leave the town"": ","['Someone', 'tried', 'to', 'leave', 'the', 'town']",someone,"UTT_BOUNDARY write the first word of the sentence ""someone tried to leave the town"":UTT_BOUNDARY someone told the story to", someone told the story to
"Q: What is the first word of the sentence ""I herded the cattle""? A:","['I', 'herded', 'the', 'cattle']",i,"UTT_BOUNDARY q: what is the first word of the sentence ""i herded the cattle""? a:UTT_BOUNDARY i saw the white kitten", i saw the white kitten
"Write the first word of the sentence ""I saw these dancers and those musicians smoking something"": ","['I', 'saw', 'these', 'dancers', 'and', 'those', 'musicians', 'smoking', 'something']",i,"UTT_BOUNDARY write the first word of the sentence ""i saw these dancers and those musicians smoking something"":UTT_BOUNDARY i saw that they were", i saw that they were
"Q: What is the first word of the sentence ""Mira condemned Terry for the accident""? A:","['Mira', 'condemned', 'Terry', 'for', 'the', 'accident']",mira,"UTT_BOUNDARY q: what is the first word of the sentence ""mira condemned terry for the accident""? a:UTT_BOUNDARY mira left? a", mira left? a
"Q: What is the first word of the sentence ""Tess was knocking at the door""? A:","['Tess', 'was', 'knocking', 'at', 'the', 'door']",tess,"UTT_BOUNDARY q: what is the first word of the sentence ""tess was knocking at the door""? a:UTT_BOUNDARY dana fidgeted the", dana fidgeted the
"Q: In the sentence ""John hit the ball with a bat"", what is the first word? A:","['John', 'hit', 'the', 'ball', 'with', 'a', 'bat']",john,"UTT_BOUNDARY q: in the sentence ""john hit the ball with a bat"", what is the first word? a:UTT_BOUNDARY john is eager to do", john is eager to do
"Q: In the sentence ""It is a problem that he is here"", what is the first word? A:","['It', 'is', 'a', 'problem', 'that', 'he', 'is', 'here']",it,"UTT_BOUNDARY q: in the sentence ""it is a problem that he is here"", what is the first word? a:UTT_BOUNDARY it is a problem that", it is a problem that
"Q: What is the first word of the sentence ""I ate the sugar""? A:","['I', 'ate', 'the', 'sugar']",i,"UTT_BOUNDARY q: what is the first word of the sentence ""i ate the sugar""? a:UTT_BOUNDARY i ate the cream and", i ate the cream and
"Write the first word of the sentence ""I gave my brother a birthday present"": ","['I', 'gave', 'my', 'brother', 'a', 'birthday', 'present']",i,"UTT_BOUNDARY write the first word of the sentence ""i gave my brother a birthday present"":UTT_BOUNDARY i told you that i", i told you that i
"Q: In the sentence ""The storm arrived after the picnic"", what is the first word? A:","['The', 'storm', 'arrived', 'after', 'the', 'picnic']",the,"UTT_BOUNDARY q: in the sentence ""the storm arrived after the picnic"", what is the first word? a:UTT_BOUNDARY the ship was seen by", the ship was seen by
"Q: In the sentence ""There seems to be no student absent"", what is the first word? A:","['There', 'seems', 'to', 'be', 'no', 'student', 'absent']",there,"UTT_BOUNDARY q: in the sentence ""there seems to be no student absent"", what is the first word? a:UTT_BOUNDARY there are no official documents", there are no official documents
"Write the first word of the sentence ""The executive committee approved the new policy"": ","['The', 'executive', 'committee', 'approved', 'the', 'new', 'policy']",the,"UTT_BOUNDARY write the first word of the sentence ""the executive committee approved the new policy"":UTT_BOUNDARY the committee on the list", the committee on the list
"Write the first word of the sentence ""The sofa was longer than the desk was"": ","['The', 'sofa', 'was', 'longer', 'than', 'the', 'desk', 'was']",the,"UTT_BOUNDARY write the first word of the sentence ""the sofa was longer than the desk was"":UTT_BOUNDARY the table is long.", the table is long.
"Q: What is the first word of the sentence ""I am drinking lemonade and eating a brownie""? A:","['I', 'am', 'drinking', 'lemonade', 'and', 'eating', 'a', 'brownie']",i,"UTT_BOUNDARY q: what is the first word of the sentence ""i am drinking lemonade and eating a brownie""? a:UTT_BOUNDARY i put the dress on", i put the dress on
"Write the first word of the sentence ""Ellen and Helen conferred"": ","['Ellen', 'and', 'Helen', 'conferred']",ellen,"UTT_BOUNDARY write the first word of the sentence ""ellen and helen conferred"":UTT_BOUNDARY ellen kelly was the president", ellen kelly was the president
"Write the first word of the sentence ""They talked to Kim and to each other"": ","['They', 'talked', 'to', 'Kim', 'and', 'to', 'each', 'other']",they,"UTT_BOUNDARY write the first word of the sentence ""they talked to kim and to each other"":UTT_BOUNDARY they wanted to hear the", they wanted to hear the
"Q: In the sentence ""The truck spread salts"", what is the first word? A:","['The', 'truck', 'spread', 'salts']",the,"UTT_BOUNDARY q: in the sentence ""the truck spread salts"", what is the first word? a:UTT_BOUNDARY the car was driven by", the car was driven by
"Q: In the sentence ""Mary regretted that she did anything to help him"", what is the first word? A:","['Mary', 'regretted', 'that', 'she', 'did', 'anything', 'to', 'help', 'him']",mary,"UTT_BOUNDARY q: in the sentence ""mary regretted that she did anything to help him"", what is the first word? a:UTT_BOUNDARY mary ellen: a:", mary ellen: a:
"Write the first word of the sentence ""They saw Bill leave"": ","['They', 'saw', 'Bill', 'leave']",they,"UTT_BOUNDARY write the first word of the sentence ""they saw bill leave"":UTT_BOUNDARY they said that they would", they said that they would
"Q: What is the first word of the sentence ""The computer will calculate the value of the variable""? A:","['The', 'computer', 'will', 'calculate', 'the', 'value', 'of', 'the', 'variable']",the,"UTT_BOUNDARY q: what is the first word of the sentence ""the computer will calculate the value of the variable""? a:UTT_BOUNDARY the computer will be able", the computer will be able
"Q: What is the first word of the sentence ""Herman whipped the cream""? A:","['Herman', 'whipped', 'the', 'cream']",herman,"UTT_BOUNDARY q: what is the first word of the sentence ""herman whipped the cream""? a:UTT_BOUNDARY hermanship mary left", hermanship mary left
"Q: What is the first word of the sentence ""The fly fell into the soup""? A:","['The', 'fly', 'fell', 'into', 'the', 'soup']",the,"UTT_BOUNDARY q: what is the first word of the sentence ""the fly fell into the soup""? a:UTT_BOUNDARY the frog ate the spider", the frog ate the spider
"Q: What is the first word of the sentence ""Brian was wiping the wall behind the stove""? A:","['Brian', 'was', 'wiping', 'the', 'wall', 'behind', 'the', 'stove']",brian,"UTT_BOUNDARY q: what is the first word of the sentence ""brian was wiping the wall behind the stove""? a:UTT_BOUNDARY janet and her mother left", janet and her mother left
"Q: In the sentence ""You will believe Bob"", what is the first word? A:","['You', 'will', 'believe', 'Bob']",you,"UTT_BOUNDARY q: in the sentence ""you will believe bob"", what is the first word? a:UTT_BOUNDARY you will believe him?", you will believe him?
"Write the first word of the sentence ""That was why she looked so nice"": ","['That', 'was', 'why', 'she', 'looked', 'so', 'nice']",that,"UTT_BOUNDARY write the first word of the sentence ""that was why she looked so nice"":UTT_BOUNDARY that's the first word", that's the first word
"Q: In the sentence ""The king loved peanut butter cookies"", what is the first word? A:","['The', 'king', 'loved', 'peanut', 'butter', 'cookies']",the,"UTT_BOUNDARY q: in the sentence ""the king loved peanut butter cookies"", what is the first word? a:UTT_BOUNDARY the song was a """," the song was a """
"Q: In the sentence ""I am drinking lemonade and eating a brownie"", what is the first word? A:","['I', 'am', 'drinking', 'lemonade', 'and', 'eating', 'a', 'brownie']",i,"UTT_BOUNDARY q: in the sentence ""i am drinking lemonade and eating a brownie"", what is the first word? a:UTT_BOUNDARY i want to go to", i want to go to
"Q: What is the first word of the sentence ""I saw John on Sunday""? A:","['I', 'saw', 'John', 'on', 'Sunday']",i,"UTT_BOUNDARY q: what is the first word of the sentence ""i saw john on sunday""? a:UTT_BOUNDARY i saw him yesterday with", i saw him yesterday with
"Write the first word of the sentence ""John wants to leave"": ","['John', 'wants', 'to', 'leave']",john,"UTT_BOUNDARY write the first word of the sentence ""john wants to leave"":UTT_BOUNDARY john is taller than mary", john is taller than mary
"Q: In the sentence ""John tried to kiss Mary"", what is the first word? A:","['John', 'tried', 'to', 'kiss', 'Mary']",john,"UTT_BOUNDARY q: in the sentence ""john tried to kiss mary"", what is the first word? a:UTT_BOUNDARY john is a baby?", john is a baby?
"Q: What is the first word of the sentence ""There were several doctors available""? A:","['There', 'were', 'several', 'doctors', 'available']",there,"UTT_BOUNDARY q: what is the first word of the sentence ""there were several doctors available""? a:UTT_BOUNDARY there are no official documents", there are no official documents
"Q: What is the first word of the sentence ""We were glad it was over""? A:","['We', 'were', 'glad', 'it', 'was', 'over']",we,"UTT_BOUNDARY q: what is the first word of the sentence ""we were glad it was over""? a:UTT_BOUNDARY we have a party.", we have a party.
"Write the first word of the sentence ""That chisel carved the statue"": ","['That', 'chisel', 'carved', 'the', 'statue']",that,"UTT_BOUNDARY write the first word of the sentence ""that chisel carved the statue"":UTT_BOUNDARY that dog is the one", that dog is the one
"Q: In the sentence ""The river runs from the lake to the sea"", what is the first word? A:","['The', 'river', 'runs', 'from', 'the', 'lake', 'to', 'the', 'sea']",the,"UTT_BOUNDARY q: in the sentence ""the river runs from the lake to the sea"", what is the first word? a:UTT_BOUNDARY the tree is in the", the tree is in the
"Q: What is the first word of the sentence ""I ate the apple""? A:","['I', 'ate', 'the', 'apple']",i,"UTT_BOUNDARY q: what is the first word of the sentence ""i ate the apple""? a:UTT_BOUNDARY i saw that it was", i saw that it was
"Q: In the sentence ""The twins might have both been at the party"", what is the first word? A:","['The', 'twins', 'might', 'have', 'both', 'been', 'at', 'the', 'party']",the,"UTT_BOUNDARY q: in the sentence ""the twins might have both been at the party"", what is the first word? a:UTT_BOUNDARY the children were first to", the children were first to
"Q: In the sentence ""I sent the package halfway around the world"", what is the first word? A:","['I', 'sent', 'the', 'package', 'halfway', 'around', 'the', 'world']",i,"UTT_BOUNDARY q: in the sentence ""i sent the package halfway around the world"", what is the first word? a:UTT_BOUNDARY i put the books on", i put the books on
"Write the first word of the sentence ""Mary or Sue could tell you that"": ","['Mary', 'or', 'Sue', 'could', 'tell', 'you', 'that']",mary,"UTT_BOUNDARY write the first word of the sentence ""mary or sue could tell you that"":UTT_BOUNDARY mary ellen: helen is", mary ellen: helen is
"Q: What is the first word of the sentence ""Sonatas are easy to play on this violin""? A:","['Sonatas', 'are', 'easy', 'to', 'play', 'on', 'this', 'violin']",sonatas,"UTT_BOUNDARY q: what is the first word of the sentence ""sonatas are easy to play on this violin""? a:UTT_BOUNDARY they have a remake", they have a remake
"Q: What is the first word of the sentence ""Peter was at the party""? A:","['Peter', 'was', 'at', 'the', 'party']",peter,"UTT_BOUNDARY q: what is the first word of the sentence ""peter was at the party""? a:UTT_BOUNDARY peter did not leave the", peter did not leave the
"Q: In the sentence ""Julie felt he was there"", what is the first word? A:","['Julie', 'felt', 'he', 'was', 'there']",julie,"UTT_BOUNDARY q: in the sentence ""julie felt he was there"", what is the first word? a:UTT_BOUNDARY mary ellen: a:", mary ellen: a:
"Q: What is the first word of the sentence ""That whole wheat flour bakes wonderful bread""? A:","['That', 'whole', 'wheat', 'flour', 'bakes', 'wonderful', 'bread']",that,"UTT_BOUNDARY q: what is the first word of the sentence ""that whole wheat flour bakes wonderful bread""? a:UTT_BOUNDARY that's what the dough", that's what the dough
"Q: In the sentence ""Mary sang for everyone who wanted to hear her"", what is the first word? A:","['Mary', 'sang', 'for', 'everyone', 'who', 'wanted', 'to', 'hear', 'her']",mary,"UTT_BOUNDARY q: in the sentence ""mary sang for everyone who wanted to hear her"", what is the first word? a:UTT_BOUNDARY mary ellen is the wife", mary ellen is the wife
"Write the first word of the sentence ""I hope nobody will hurt himself"": ","['I', 'hope', 'nobody', 'will', 'hurt', 'himself']",i,"UTT_BOUNDARY write the first word of the sentence ""i hope nobody will hurt himself"":UTT_BOUNDARY i leave the party alone", i leave the party alone
"Q: What is the first word of the sentence ""Amanda carried the package to Pamela""? A:","['Amanda', 'carried', 'the', 'package', 'to', 'Pamela']",amanda,"UTT_BOUNDARY q: what is the first word of the sentence ""amanda carried the package to pamela""? a:UTT_BOUNDARY amanda and her mother left", amanda and her mother left
"Write the first word of the sentence ""I will speak to Hector about this"": ","['I', 'will', 'speak', 'to', 'Hector', 'about', 'this']",i,"UTT_BOUNDARY write the first word of the sentence ""i will speak to hector about this"":UTT_BOUNDARY i have a question with", i have a question with
"Q: What is the first word of the sentence ""I remembered having kissed Mary""? A:","['I', 'remembered', 'having', 'kissed', 'Mary']",i,"UTT_BOUNDARY q: what is the first word of the sentence ""i remembered having kissed mary""? a:UTT_BOUNDARY i saw that mary was", i saw that mary was
"Write the first word of the sentence ""Henry saw that Bill left"": ","['Henry', 'saw', 'that', 'Bill', 'left']",henry,"UTT_BOUNDARY write the first word of the sentence ""henry saw that bill left"":UTT_BOUNDARY billie and the doctor", billie and the doctor
"Q: In the sentence ""The stream twists through the valley"", what is the first word? A:","['The', 'stream', 'twists', 'through', 'the', 'valley']",the,"UTT_BOUNDARY q: in the sentence ""the stream twists through the valley"", what is the first word? a:UTT_BOUNDARY the stream is in the", the stream is in the
"Q: What is the first word of the sentence ""He was hoping for more than we offered""? A:","['He', 'was', 'hoping', 'for', 'more', 'than', 'we', 'offered']",he,"UTT_BOUNDARY q: what is the first word of the sentence ""he was hoping for more than we offered""? a:UTT_BOUNDARY heidi or paul could", heidi or paul could
"Q: What is the first word of the sentence ""Someone stole my car""? A:","['Someone', 'stole', 'my', 'car']",someone,"UTT_BOUNDARY q: what is the first word of the sentence ""someone stole my car""? a:UTT_BOUNDARY someone told me that you", someone told me that you
"Q: In the sentence ""I know a taller man than John"", what is the first word? A:","['I', 'know', 'a', 'taller', 'man', 'than', 'John']",i,"UTT_BOUNDARY q: in the sentence ""i know a taller man than john"", what is the first word? a:UTT_BOUNDARY i saw him leaving the", i saw him leaving the
"Q: What is the first word of the sentence ""There seems to be a nurse available""? A:","['There', 'seems', 'to', 'be', 'a', 'nurse', 'available']",there,"UTT_BOUNDARY q: what is the first word of the sentence ""there seems to be a nurse available""? a:UTT_BOUNDARY there are no words to", there are no words to
"Q: What is the first word of the sentence ""We recommend to eat less cake and pastry""? A:","['We', 'recommend', 'to', 'eat', 'less', 'cake', 'and', 'pastry']",we,"UTT_BOUNDARY q: what is the first word of the sentence ""we recommend to eat less cake and pastry""? a:UTT_BOUNDARY we put the book in", we put the book in
"Write the first word of the sentence ""Carla shoveled the snow from the walk"": ","['Carla', 'shoveled', 'the', 'snow', 'from', 'the', 'walk']",carla,"UTT_BOUNDARY write the first word of the sentence ""carla shoveled the snow from the walk"":UTT_BOUNDARY carla, the dog"," carla, the dog"
"Q: In the sentence ""I mixed the soap and the water"", what is the first word? A:","['I', 'mixed', 'the', 'soap', 'and', 'the', 'water']",i,"UTT_BOUNDARY q: in the sentence ""i mixed the soap and the water"", what is the first word? a:UTT_BOUNDARY i put the soap and", i put the soap and
"Q: In the sentence ""John put his gold under the bathtub"", what is the first word? A:","['John', 'put', 'his', 'gold', 'under', 'the', 'bathtub']",john,"UTT_BOUNDARY q: in the sentence ""john put his gold under the bathtub"", what is the first word? a:UTT_BOUNDARY john is a more honest", john is a more honest
"Q: What is the first word of the sentence ""Steve tossed the ball into the garden""? A:","['Steve', 'tossed', 'the', 'ball', 'into', 'the', 'garden']",steve,"UTT_BOUNDARY q: what is the first word of the sentence ""steve tossed the ball into the garden""? a:UTT_BOUNDARY steve kelly ordered the cart", steve kelly ordered the cart
"Q: In the sentence ""Water fills the tub"", what is the first word? A:","['Water', 'fills', 'the', 'tub']",water,"UTT_BOUNDARY q: in the sentence ""water fills the tub"", what is the first word? a:UTT_BOUNDARY water sprayed the plants", water sprayed the plants
"Write the first word of the sentence ""It is likely that Jean will dance"": ","['It', 'is', 'likely', 'that', 'Jean', 'will', 'dance']",it,"UTT_BOUNDARY write the first word of the sentence ""it is likely that jean will dance"":UTT_BOUNDARY it is the first word", it is the first word
"Write the first word of the sentence ""We investigated the area for bombs"": ","['We', 'investigated', 'the', 'area', 'for', 'bombs']",we,"UTT_BOUNDARY write the first word of the sentence ""we investigated the area for bombs"":UTT_BOUNDARY we leave the area to", we leave the area to
"Q: In the sentence ""The police sprayed water on the protesters"", what is the first word? A:","['The', 'police', 'sprayed', 'water', 'on', 'the', 'protesters']",the,"UTT_BOUNDARY q: in the sentence ""the police sprayed water on the protesters"", what is the first word? a:UTT_BOUNDARY the police sprayed the", the police sprayed the
"Write the first word of the sentence ""He replied that he was happy"": ","['He', 'replied', 'that', 'he', 'was', 'happy']",he,"UTT_BOUNDARY write the first word of the sentence ""he replied that he was happy"":UTT_BOUNDARY he put the pictures of", he put the pictures of
"Write the first word of the sentence ""I ordered John to drink his beer"": ","['I', 'ordered', 'John', 'to', 'drink', 'his', 'beer']",i,"UTT_BOUNDARY write the first word of the sentence ""i ordered john to drink his beer"":UTT_BOUNDARY i put the book in", i put the book in
"Write the first word of the sentence ""Gary and Kevin ran themselves into exhaustion"": ","['Gary', 'and', 'Kevin', 'ran', 'themselves', 'into', 'exhaustion']",gary,"UTT_BOUNDARY write the first word of the sentence ""gary and kevin ran themselves into exhaustion"":UTT_BOUNDARY andy and dan kelly were", andy and dan kelly were
"Q: In the sentence ""Amanda drove the package from Boston"", what is the first word? A:","['Amanda', 'drove', 'the', 'package', 'from', 'Boston']",amanda,"UTT_BOUNDARY q: in the sentence ""amanda drove the package from boston"", what is the first word? a:UTT_BOUNDARY amanda and amanda met in", amanda and amanda met in
"Q: In the sentence ""Paula spanked the naughty child on the back"", what is the first word? A:","['Paula', 'spanked', 'the', 'naughty', 'child', 'on', 'the', 'back']",paula,"UTT_BOUNDARY q: in the sentence ""paula spanked the naughty child on the back"", what is the first word? a:UTT_BOUNDARY paula will win the", paula will win the
"Q: What is the first word of the sentence ""Dracula thought himself to be the Prince of Darkness""? A:","['Dracula', 'thought', 'himself', 'to', 'be', 'the', 'Prince', 'of', 'Darkness']",dracula,"UTT_BOUNDARY q: what is the first word of the sentence ""dracula thought himself to be the prince of darkness""? a:UTT_BOUNDARY dracula thought that", dracula thought that
"Q: In the sentence ""The tuna will be eaten"", what is the first word? A:","['The', 'tuna', 'will', 'be', 'eaten']",the,"UTT_BOUNDARY q: in the sentence ""the tuna will be eaten"", what is the first word? a:UTT_BOUNDARY the tabletower is", the tabletower is
"Q: What is the first word of the sentence ""Fiona persuaded Arthur to bake a cake""? A:","['Fiona', 'persuaded', 'Arthur', 'to', 'bake', 'a', 'cake']",fiona,"UTT_BOUNDARY q: what is the first word of the sentence ""fiona persuaded arthur to bake a cake""? a:UTT_BOUNDARY david asked if he would", david asked if he would
"Write the first word of the sentence ""A boy hit the ball"": ","['A', 'boy', 'hit', 'the', 'ball']",a,"UTT_BOUNDARY write the first word of the sentence ""a boy hit the ball"":UTT_BOUNDARY a:UTT_BOUNDARY", a:
"Write the first word of the sentence ""Dave and Alina left"": ","['Dave', 'and', 'Alina', 'left']",dave,"UTT_BOUNDARY write the first word of the sentence ""dave and alina left"":UTT_BOUNDARY dinax is the", dinax is the
"Write the first word of the sentence ""Cats ate the spider"": ","['Cats', 'ate', 'the', 'spider']",cats,"UTT_BOUNDARY write the first word of the sentence ""cats ate the spider"":UTT_BOUNDARY cats are dogs"":UTT_BOUNDARY"," cats are dogs"":"
"Write the first word of the sentence ""David constructed a house from bricks"": ","['David', 'constructed', 'a', 'house', 'from', 'bricks']",david,"UTT_BOUNDARY write the first word of the sentence ""david constructed a house from bricks"":UTT_BOUNDARY david is taller than pete", david is taller than pete
"Q: What is the first word of the sentence ""John asked whether she left""? A:","['John', 'asked', 'whether', 'she', 'left']",john,"UTT_BOUNDARY q: what is the first word of the sentence ""john asked whether she left""? a:UTT_BOUNDARY john is pregnant. john", john is pregnant. john
"Q: In the sentence ""Lou put the umbrella in the closet"", what is the first word? A:","['Lou', 'put', 'the', 'umbrella', 'in', 'the', 'closet']",lou,"UTT_BOUNDARY q: in the sentence ""lou put the umbrella in the closet"", what is the first word? a:UTT_BOUNDARY louise and i are having", louise and i are having
"Q: In the sentence ""Smith inscribed his name over the door"", what is the first word? A:","['Smith', 'inscribed', 'his', 'name', 'over', 'the', 'door']",smith,"UTT_BOUNDARY q: in the sentence ""smith inscribed his name over the door"", what is the first word? a:UTT_BOUNDARY smith was given the first", smith was given the first
"Write the first word of the sentence ""Odysseus planned to hear the sirens"": ","['Odysseus', 'planned', 'to', 'hear', 'the', 'sirens']",odysseus,"UTT_BOUNDARY write the first word of the sentence ""odysseus planned to hear the sirens"":UTT_BOUNDARY kim reeshaug", kim reeshaug
"Q: What is the first word of the sentence ""Not speaking English is a disadvantage""? A:","['Not', 'speaking', 'English', 'is', 'a', 'disadvantage']",not,"UTT_BOUNDARY q: what is the first word of the sentence ""not speaking english is a disadvantage""? a:UTT_BOUNDARY not a word of the", not a word of the
"Q: In the sentence ""The weights stretched the rope over the pulley"", what is the first word? A:","['The', 'weights', 'stretched', 'the', 'rope', 'over', 'the', 'pulley']",the,"UTT_BOUNDARY q: in the sentence ""the weights stretched the rope over the pulley"", what is the first word? a:UTT_BOUNDARY the halls have a", the halls have a
"Q: In the sentence ""John sang beautifully"", what is the first word? A:","['John', 'sang', 'beautifully']",john,"UTT_BOUNDARY q: in the sentence ""john sang beautifully"", what is the first word? a:UTT_BOUNDARY john is a.b", john is a.b
"Write the first word of the sentence ""Visiting relatives can be boring"": ","['Visiting', 'relatives', 'can', 'be', 'boring']",visiting,"UTT_BOUNDARY write the first word of the sentence ""visiting relatives can be boring"":UTT_BOUNDARY visiting students in the hospital", visiting students in the hospital
"Q: In the sentence ""They saw Bill leave"", what is the first word? A:","['They', 'saw', 'Bill', 'leave']",they,"UTT_BOUNDARY q: in the sentence ""they saw bill leave"", what is the first word? a:UTT_BOUNDARY they said they would go", they said they would go
"Q: What is the first word of the sentence ""The guests dined""? A:","['The', 'guests', 'dined']",the,"UTT_BOUNDARY q: what is the first word of the sentence ""the guests dined""? a:UTT_BOUNDARY the guests dined the", the guests dined the
"Q: What is the first word of the sentence ""I asked who she kissed""? A:","['I', 'asked', 'who', 'she', 'kissed']",i,"UTT_BOUNDARY q: what is the first word of the sentence ""i asked who she kissed""? a:UTT_BOUNDARY i put the book in", i put the book in
"Q: In the sentence ""The peanut butter has got moldy"", what is the first word? A:","['The', 'peanut', 'butter', 'has', 'got', 'moldy']",the,"UTT_BOUNDARY q: in the sentence ""the peanut butter has got moldy"", what is the first word? a:UTT_BOUNDARY the pitcher is eaten by", the pitcher is eaten by
"Q: What is the first word of the sentence ""Lou forgot the umbrella""? A:","['Lou', 'forgot', 'the', 'umbrella']",lou,"UTT_BOUNDARY q: what is the first word of the sentence ""lou forgot the umbrella""? a:UTT_BOUNDARY louie and i are", louie and i are
"Q: What is the first word of the sentence ""The librarian likes books""? A:","['The', 'librarian', 'likes', 'books']",the,"UTT_BOUNDARY q: what is the first word of the sentence ""the librarian likes books""? a:UTT_BOUNDARY the book was first seen", the book was first seen
"Q: What is the first word of the sentence ""I mixed the sugar into the butter""? A:","['I', 'mixed', 'the', 'sugar', 'into', 'the', 'butter']",i,"UTT_BOUNDARY q: what is the first word of the sentence ""i mixed the sugar into the butter""? a:UTT_BOUNDARY i ate some popcorn and", i ate some popcorn and
"Q: What is the first word of the sentence ""John arranged for himself to get the prize""? A:","['John', 'arranged', 'for', 'himself', 'to', 'get', 'the', 'prize']",john,"UTT_BOUNDARY q: what is the first word of the sentence ""john arranged for himself to get the prize""? a:UTT_BOUNDARY john is the first word", john is the first word
"Q: In the sentence ""Ted was bitten by the spider"", what is the first word? A:","['Ted', 'was', 'bitten', 'by', 'the', 'spider']",ted,"UTT_BOUNDARY q: in the sentence ""ted was bitten by the spider"", what is the first word? a:UTT_BOUNDARY frank kelly was killed by", frank kelly was killed by
"Q: What is the first word of the sentence ""Henry saw that Bill left""? A:","['Henry', 'saw', 'that', 'Bill', 'left']",henry,"UTT_BOUNDARY q: what is the first word of the sentence ""henry saw that bill left""? a:UTT_BOUNDARY billie saw the boy", billie saw the boy
"Write the first word of the sentence ""Sandy removed her ballet shoes"": ","['Sandy', 'removed', 'her', 'ballet', 'shoes']",sandy,"UTT_BOUNDARY write the first word of the sentence ""sandy removed her ballet shoes"":UTT_BOUNDARY sandy hooker sings the", sandy hooker sings the
"Q: What is the first word of the sentence ""A choir sang in the church""? A:","['A', 'choir', 'sang', 'in', 'the', 'church']",a,"UTT_BOUNDARY q: what is the first word of the sentence ""a choir sang in the church""? a:UTT_BOUNDARY a:UTT_BOUNDARY", a:
"Q: What is the first word of the sentence ""We contributed our paycheck to her""? A:","['We', 'contributed', 'our', 'paycheck', 'to', 'her']",we,"UTT_BOUNDARY q: what is the first word of the sentence ""we contributed our paycheck to her""? a:UTT_BOUNDARY we have a problem?", we have a problem?
"Write the first word of the sentence ""The policeman kissed the puppy"": ","['The', 'policeman', 'kissed', 'the', 'puppy']",the,"UTT_BOUNDARY write the first word of the sentence ""the policeman kissed the puppy"":UTT_BOUNDARY the boy with the golden", the boy with the golden
"Write the first word of the sentence ""Carla mopped the floor under the furniture"": ","['Carla', 'mopped', 'the', 'floor', 'under', 'the', 'furniture']",carla,"UTT_BOUNDARY write the first word of the sentence ""carla mopped the floor under the furniture"":UTT_BOUNDARY carla alberghetti", carla alberghetti
"Q: In the sentence ""Steve tossed the ball at Anna"", what is the first word? A:","['Steve', 'tossed', 'the', 'ball', 'at', 'Anna']",steve,"UTT_BOUNDARY q: in the sentence ""steve tossed the ball at anna"", what is the first word? a:UTT_BOUNDARY steve is very angry with", steve is very angry with
"Q: In the sentence ""The car collided with the fence"", what is the first word? A:","['The', 'car', 'collided', 'with', 'the', 'fence']",the,"UTT_BOUNDARY q: in the sentence ""the car collided with the fence"", what is the first word? a:UTT_BOUNDARY the car was driven by", the car was driven by
"Q: In the sentence ""That surprised me"", what is the first word? A:","['That', 'surprised', 'me']",that,"UTT_BOUNDARY q: in the sentence ""that surprised me"", what is the first word? a:UTT_BOUNDARY that word ""the witch"," that word ""the witch"
"Write the first word of the sentence ""Few approve of our remedy"": ","['Few', 'approve', 'of', 'our', 'remedy']",few,"UTT_BOUNDARY write the first word of the sentence ""few approve of our remedy"":UTT_BOUNDARY we first met in the", we first met in the
"Q: What is the first word of the sentence ""The drooling dog kissed the big boy""? A:","['The', 'drooling', 'dog', 'kissed', 'the', 'big', 'boy']",the,"UTT_BOUNDARY q: what is the first word of the sentence ""the drooling dog kissed the big boy""? a:UTT_BOUNDARY the kids have a new", the kids have a new
"Write the first word of the sentence ""Leslie was in the flood zone"": ","['Leslie', 'was', 'in', 'the', 'flood', 'zone']",leslie,"UTT_BOUNDARY write the first word of the sentence ""leslie was in the flood zone"":UTT_BOUNDARY leslieton is the only", leslieton is the only
"Write the first word of the sentence ""Paula swatted the fly"": ","['Paula', 'swatted', 'the', 'fly']",paula,"UTT_BOUNDARY write the first word of the sentence ""paula swatted the fly"":UTT_BOUNDARY paula is the son", paula is the son
"Q: What is the first word of the sentence ""I wanted him to leave""? A:","['I', 'wanted', 'him', 'to', 'leave']",i,"UTT_BOUNDARY q: what is the first word of the sentence ""i wanted him to leave""? a:UTT_BOUNDARY i want him to leave", i want him to leave
"Q: What is the first word of the sentence ""I like circus performers""? A:","['I', 'like', 'circus', 'performers']",i,"UTT_BOUNDARY q: what is the first word of the sentence ""i like circus performers""? a:UTT_BOUNDARY i walk and i leave", i walk and i leave
"Q: In the sentence ""The executive committee approved the new policy"", what is the first word? A:","['The', 'executive', 'committee', 'approved', 'the', 'new', 'policy']",the,"UTT_BOUNDARY q: in the sentence ""the executive committee approved the new policy"", what is the first word? a:UTT_BOUNDARY the committee approved the new", the committee approved the new
"Q: What is the first word of the sentence ""Never had Sir Thomas been so offended""? A:","['Never', 'had', 'Sir', 'Thomas', 'been', 'so', 'offended']",never,"UTT_BOUNDARY q: what is the first word of the sentence ""never had sir thomas been so offended""? a:UTT_BOUNDARY any committee on the committee", any committee on the committee
"Q: In the sentence ""The oil and vinegar separated"", what is the first word? A:","['The', 'oil', 'and', 'vinegar', 'separated']",the,"UTT_BOUNDARY q: in the sentence ""the oil and vinegar separated"", what is the first word? a:UTT_BOUNDARY the table was wiped clean", the table was wiped clean
"Write the first word of the sentence ""An old woman lived in the forest"": ","['An', 'old', 'woman', 'lived', 'in', 'the', 'forest']",an,"UTT_BOUNDARY write the first word of the sentence ""an old woman lived in the forest"":UTT_BOUNDARY an old woman lived in", an old woman lived in
"Q: What is the first word of the sentence ""Stephen seemed to be intelligent""? A:","['Stephen', 'seemed', 'to', 'be', 'intelligent']",stephen,"UTT_BOUNDARY q: what is the first word of the sentence ""stephen seemed to be intelligent""? a:UTT_BOUNDARY stephen come to the party", stephen come to the party
"Q: In the sentence ""The kids have arrived safely"", what is the first word? A:","['The', 'kids', 'have', 'arrived', 'safely']",the,"UTT_BOUNDARY q: in the sentence ""the kids have arrived safely"", what is the first word? a:UTT_BOUNDARY the kids have been playing", the kids have been playing
"Q: In the sentence ""Bill broke the bathtub"", what is the first word? A:","['Bill', 'broke', 'the', 'bathtub']",bill,"UTT_BOUNDARY q: in the sentence ""bill broke the bathtub"", what is the first word? a:UTT_BOUNDARY billie put the book", billie put the book
"Q: In the sentence ""Louis was forgiven by Susan"", what is the first word? A:","['Louis', 'was', 'forgiven', 'by', 'Susan']",louis,"UTT_BOUNDARY q: in the sentence ""louis was forgiven by susan"", what is the first word? a:UTT_BOUNDARY louisura died on november", louisura died on november
"Q: What is the first word of the sentence ""John sang a song and danced to the music""? A:","['John', 'sang', 'a', 'song', 'and', 'danced', 'to', 'the', 'music']",john,"UTT_BOUNDARY q: what is the first word of the sentence ""john sang a song and danced to the music""? a:UTT_BOUNDARY john is eager to please", john is eager to please
"Q: What is the first word of the sentence ""Jane played the piano""? A:","['Jane', 'played', 'the', 'piano']",jane,"UTT_BOUNDARY q: what is the first word of the sentence ""jane played the piano""? a:UTT_BOUNDARY louise is pregnant by mary", louise is pregnant by mary
"Q: In the sentence ""She writes more clearly than she speaks"", what is the first word? A:","['She', 'writes', 'more', 'clearly', 'than', 'she', 'speaks']",she,"UTT_BOUNDARY q: in the sentence ""she writes more clearly than she speaks"", what is the first word? a:UTT_BOUNDARY she is a doctorate", she is a doctorate
"Q: What is the first word of the sentence ""A large ship appeared on the horizon""? A:","['A', 'large', 'ship', 'appeared', 'on', 'the', 'horizon']",a,"UTT_BOUNDARY q: what is the first word of the sentence ""a large ship appeared on the horizon""? a:UTT_BOUNDARY a ship of about ten", a ship of about ten
"Write the first word of the sentence ""The dog barked at the cat"": ","['The', 'dog', 'barked', 'at', 'the', 'cat']",the,"UTT_BOUNDARY write the first word of the sentence ""the dog barked at the cat"":UTT_BOUNDARY the jack morrison.", the jack morrison.
"Q: In the sentence ""Not speaking English is a disadvantage"", what is the first word? A:","['Not', 'speaking', 'English', 'is', 'a', 'disadvantage']",not,"UTT_BOUNDARY q: in the sentence ""not speaking english is a disadvantage"", what is the first word? a:UTT_BOUNDARY not a word of the", not a word of the
"Write the first word of the sentence ""There remained just a few problems to be solved"": ","['There', 'remained', 'just', 'a', 'few', 'problems', 'to', 'be', 'solved']",there,"UTT_BOUNDARY write the first word of the sentence ""there remained just a few problems to be solved"":UTT_BOUNDARY there is a problem with", there is a problem with
"Q: What is the first word of the sentence ""The bed which Tom slept on was hard""? A:","['The', 'bed', 'which', 'Tom', 'slept', 'on', 'was', 'hard']",the,"UTT_BOUNDARY q: what is the first word of the sentence ""the bed which tom slept on was hard""? a:UTT_BOUNDARY the bell rang and the", the bell rang and the
"Write the first word of the sentence ""Susan told her a story"": ","['Susan', 'told', 'her', 'a', 'story']",susan,"UTT_BOUNDARY write the first word of the sentence ""susan told her a story"":UTT_BOUNDARY susan linda is pregnant"","," susan linda is pregnant"","
"Q: In the sentence ""John often meets Mary"", what is the first word? A:","['John', 'often', 'meets', 'Mary']",john,"UTT_BOUNDARY q: in the sentence ""john often meets mary"", what is the first word? a:UTT_BOUNDARY john is a student,"," john is a student,"
"Q: In the sentence ""That barn has seven pine trees behind it"", what is the first word? A:","['That', 'barn', 'has', 'seven', 'pine', 'trees', 'behind', 'it']",that,"UTT_BOUNDARY q: in the sentence ""that barn has seven pine trees behind it"", what is the first word? a:UTT_BOUNDARY that's the first word", that's the first word
"Q: In the sentence ""Dracula thought himself to be the Prince of Darkness"", what is the first word? A:","['Dracula', 'thought', 'himself', 'to', 'be', 'the', 'Prince', 'of', 'Darkness']",dracula,"UTT_BOUNDARY q: in the sentence ""dracula thought himself to be the prince of darkness"", what is the first word? a:UTT_BOUNDARY dracula thought that", dracula thought that
"Q: What is the first word of the sentence ""I saw him leaving the main building""? A:","['I', 'saw', 'him', 'leaving', 'the', 'main', 'building']",i,"UTT_BOUNDARY q: what is the first word of the sentence ""i saw him leaving the main building""? a:UTT_BOUNDARY i saw him leaving the", i saw him leaving the
"Write the first word of the sentence ""Mary taught linguistics to John"": ","['Mary', 'taught', 'linguistics', 'to', 'John']",mary,"UTT_BOUNDARY write the first word of the sentence ""mary taught linguistics to john"":UTT_BOUNDARY mary ellen: a:", mary ellen: a:
"Write the first word of the sentence ""John fears dogs"": ","['John', 'fears', 'dogs']",john,"UTT_BOUNDARY write the first word of the sentence ""john fears dogs"":UTT_BOUNDARY john and mary met in", john and mary met in
"Q: In the sentence ""Many people were dying of thirst"", what is the first word? A:","['Many', 'people', 'were', 'dying', 'of', 'thirst']",many,"UTT_BOUNDARY q: in the sentence ""many people were dying of thirst"", what is the first word? a:UTT_BOUNDARY many people think that the", many people think that the
"Q: In the sentence ""Mira blamed Terry for the accident"", what is the first word? A:","['Mira', 'blamed', 'Terry', 'for', 'the', 'accident']",mira,"UTT_BOUNDARY q: in the sentence ""mira blamed terry for the accident"", what is the first word? a:UTT_BOUNDARY mirajean is", mirajean is
"Q: What is the first word of the sentence ""The dentist is likely to examine Pat""? A:","['The', 'dentist', 'is', 'likely', 'to', 'examine', 'Pat']",the,"UTT_BOUNDARY q: what is the first word of the sentence ""the dentist is likely to examine pat""? a:UTT_BOUNDARY the phone rang. the", the phone rang. the
"Write the first word of the sentence ""He planted the garden last November with roses"": ","['He', 'planted', 'the', 'garden', 'last', 'November', 'with', 'roses']",he,"UTT_BOUNDARY write the first word of the sentence ""he planted the garden last november with roses"":UTT_BOUNDARY heidi saw the pictures", heidi saw the pictures
"Write the first word of the sentence ""Kim jogs over the hill"": ","['Kim', 'jogs', 'over', 'the', 'hill']",kim,"UTT_BOUNDARY write the first word of the sentence ""kim jogs over the hill"":UTT_BOUNDARY kim and i are friends", kim and i are friends
"Write the first word of the sentence ""The agency classified the documents"": ","['The', 'agency', 'classified', 'the', 'documents']",the,"UTT_BOUNDARY write the first word of the sentence ""the agency classified the documents"":UTT_BOUNDARY the table is long.", the table is long.
"Q: What is the first word of the sentence ""John whined that he was hungry""? A:","['John', 'whined', 'that', 'he', 'was', 'hungry']",john,"UTT_BOUNDARY q: what is the first word of the sentence ""john whined that he was hungry""? a:UTT_BOUNDARY john and mary met together", john and mary met together
"Q: In the sentence ""He got what he wanted"", what is the first word? A:","['He', 'got', 'what', 'he', 'wanted']",he,"UTT_BOUNDARY q: in the sentence ""he got what he wanted"", what is the first word? a:UTT_BOUNDARY heidi is not a", heidi is not a
"Q: In the sentence ""John called the president a fool"", what is the first word? A:","['John', 'called', 'the', 'president', 'a', 'fool']",john,"UTT_BOUNDARY q: in the sentence ""john called the president a fool"", what is the first word? a:UTT_BOUNDARY john is a fool.", john is a fool.
"Q: In the sentence ""John promised us to be gentle"", what is the first word? A:","['John', 'promised', 'us', 'to', 'be', 'gentle']",john,"UTT_BOUNDARY q: in the sentence ""john promised us to be gentle"", what is the first word? a:UTT_BOUNDARY john is a baby.", john is a baby.
"Q: In the sentence ""John is as intelligent as Mary"", what is the first word? A:","['John', 'is', 'as', 'intelligent', 'as', 'Mary']",john,"UTT_BOUNDARY q: in the sentence ""john is as intelligent as mary"", what is the first word? a:UTT_BOUNDARY john is a baby?", john is a baby?
"Write the first word of the sentence ""I sensed his eagerness"": ","['I', 'sensed', 'his', 'eagerness']",i,"UTT_BOUNDARY write the first word of the sentence ""i sensed his eagerness"":UTT_BOUNDARY i put the books in", i put the books in
"Write the first word of the sentence ""John put carrots from his garden in the salad"": ","['John', 'put', 'carrots', 'from', 'his', 'garden', 'in', 'the', 'salad']",john,"UTT_BOUNDARY write the first word of the sentence ""john put carrots from his garden in the salad"":UTT_BOUNDARY john is the first word", john is the first word
"Q: In the sentence ""Tony broke her arm"", what is the first word? A:","['Tony', 'broke', 'her', 'arm']",tony,"UTT_BOUNDARY q: in the sentence ""tony broke her arm"", what is the first word? a:UTT_BOUNDARY tony and kelly leave the", tony and kelly leave the
"Write the first word of the sentence ""Rory eats muffins"": ","['Rory', 'eats', 'muffins']",rory,"UTT_BOUNDARY write the first word of the sentence ""rory eats muffins"":UTT_BOUNDARY rory is pregnant or is", rory is pregnant or is
"Q: In the sentence ""Mary believed John to have loved her"", what is the first word? A:","['Mary', 'believed', 'John', 'to', 'have', 'loved', 'her']",mary,"UTT_BOUNDARY q: in the sentence ""mary believed john to have loved her"", what is the first word? a:UTT_BOUNDARY mary ellen was pregnant by", mary ellen was pregnant by
"Write the first word of the sentence ""Susan whispered to Rachel"": ","['Susan', 'whispered', 'to', 'Rachel']",susan,"UTT_BOUNDARY write the first word of the sentence ""susan whispered to rachel"":UTT_BOUNDARY susan is pregnant"", what"," susan is pregnant"", what"
"Q: What is the first word of the sentence ""The teacher made students happy""? A:","['The', 'teacher', 'made', 'students', 'happy']",the,"UTT_BOUNDARY q: what is the first word of the sentence ""the teacher made students happy""? a:UTT_BOUNDARY the teacher is a doctor", the teacher is a doctor
"Q: In the sentence ""You may pick any flower"", what is the first word? A:","['You', 'may', 'pick', 'any', 'flower']",you,"UTT_BOUNDARY q: in the sentence ""you may pick any flower"", what is the first word? a:UTT_BOUNDARY you will believe it or", you will believe it or
"Write the first word of the sentence ""Tony broke the window"": ","['Tony', 'broke', 'the', 'window']",tony,"UTT_BOUNDARY write the first word of the sentence ""tony broke the window"":UTT_BOUNDARY tonyahan press the", tonyahan press the
"Q: What is the first word of the sentence ""Martha climbed the mountain""? A:","['Martha', 'climbed', 'the', 'mountain']",martha,"UTT_BOUNDARY q: what is the first word of the sentence ""martha climbed the mountain""? a:UTT_BOUNDARY martha spriggs and", martha spriggs and
"Q: In the sentence ""The butcher cuts the meat"", what is the first word? A:","['The', 'butcher', 'cuts', 'the', 'meat']",the,"UTT_BOUNDARY q: in the sentence ""the butcher cuts the meat"", what is the first word? a:UTT_BOUNDARY the creamery shark is", the creamery shark is
"Write the first word of the sentence ""Bill cooked the rice"": ","['Bill', 'cooked', 'the', 'rice']",bill,"UTT_BOUNDARY write the first word of the sentence ""bill cooked the rice"":UTT_BOUNDARY billie ate the apple", billie ate the apple
"Q: What is the first word of the sentence ""A fire raged all through the mountains""? A:","['A', 'fire', 'raged', 'all', 'through', 'the', 'mountains']",a,"UTT_BOUNDARY q: what is the first word of the sentence ""a fire raged all through the mountains""? a:UTT_BOUNDARY a:UTT_BOUNDARY", a:
"Q: In the sentence ""Martha climbed the mountain"", what is the first word? A:","['Martha', 'climbed', 'the', 'mountain']",martha,"UTT_BOUNDARY q: in the sentence ""martha climbed the mountain"", what is the first word? a:UTT_BOUNDARY martha spriggs was", martha spriggs was
"Q: What is the first word of the sentence ""An owl hunts mice""? A:","['An', 'owl', 'hunts', 'mice']",an,"UTT_BOUNDARY q: what is the first word of the sentence ""an owl hunts mice""? a:UTT_BOUNDARY dogs are dogs that are", dogs are dogs that are
"Q: In the sentence ""There seems to be a fountain in the park"", what is the first word? A:","['There', 'seems', 'to', 'be', 'a', 'fountain', 'in', 'the', 'park']",there,"UTT_BOUNDARY q: in the sentence ""there seems to be a fountain in the park"", what is the first word? a:UTT_BOUNDARY there are no seats.", there are no seats.
"Write the first word of the sentence ""Many people drink beer or wine"": ","['Many', 'people', 'drink', 'beer', 'or', 'wine']",many,"UTT_BOUNDARY write the first word of the sentence ""many people drink beer or wine"":UTT_BOUNDARY many people drink beer or", many people drink beer or
"Q: What is the first word of the sentence ""Margaret cut Bill on the arm""? A:","['Margaret', 'cut', 'Bill', 'on', 'the', 'arm']",margaret,"UTT_BOUNDARY q: what is the first word of the sentence ""margaret cut bill on the arm""? a:UTT_BOUNDARY margaretie and mary met", margaretie and mary met
"Write the first word of the sentence ""The river runs from the lake to the sea"": ","['The', 'river', 'runs', 'from', 'the', 'lake', 'to', 'the', 'sea']",the,"UTT_BOUNDARY write the first word of the sentence ""the river runs from the lake to the sea"":UTT_BOUNDARY the sea sea is deep", the sea sea is deep
"Write the first word of the sentence ""John suddenly got off the bus"": ","['John', 'suddenly', 'got', 'off', 'the', 'bus']",john,"UTT_BOUNDARY write the first word of the sentence ""john suddenly got off the bus"":UTT_BOUNDARY john is taller than pete", john is taller than pete
"Q: What is the first word of the sentence ""They believed that everybody would pass the test""? A:","['They', 'believed', 'that', 'everybody', 'would', 'pass', 'the', 'test']",they,"UTT_BOUNDARY q: what is the first word of the sentence ""they believed that everybody would pass the test""? a:UTT_BOUNDARY they said that they would", they said that they would
"Write the first word of the sentence ""These books disappoint me"": ","['These', 'books', 'disappoint', 'me']",these,"UTT_BOUNDARY write the first word of the sentence ""these books disappoint me"":UTT_BOUNDARY these books may be a", these books may be a
"Q: What is the first word of the sentence ""That movie always shocks people""? A:","['That', 'movie', 'always', 'shocks', 'people']",that,"UTT_BOUNDARY q: what is the first word of the sentence ""that movie always shocks people""? a:UTT_BOUNDARY that person is likely to", that person is likely to
"Write the first word of the sentence ""Susan frightens her"": ","['Susan', 'frightens', 'her']",susan,"UTT_BOUNDARY write the first word of the sentence ""susan frightens her"":UTT_BOUNDARY susan is pregnant"", what"," susan is pregnant"", what"
"Q: In the sentence ""I bought some flowers for Manuel"", what is the first word? A:","['I', 'bought', 'some', 'flowers', 'for', 'Manuel']",i,"UTT_BOUNDARY q: in the sentence ""i bought some flowers for manuel"", what is the first word? a:UTT_BOUNDARY i saw the pictures on", i saw the pictures on
"Write the first word of the sentence ""Maxwell is quite a doctor"": ","['Maxwell', 'is', 'quite', 'a', 'doctor']",maxwell,"UTT_BOUNDARY write the first word of the sentence ""maxwell is quite a doctor"":UTT_BOUNDARY maximals that she", maximals that she
"Write the first word of the sentence ""Angus is not leaving"": ","['Angus', 'is', 'not', 'leaving']",angus,"UTT_BOUNDARY write the first word of the sentence ""angus is not leaving"":UTT_BOUNDARY dane is a doctor", dane is a doctor
"Q: In the sentence ""I saw that gas can explode"", what is the first word? A:","['I', 'saw', 'that', 'gas', 'can', 'explode']",i,"UTT_BOUNDARY q: in the sentence ""i saw that gas can explode"", what is the first word? a:UTT_BOUNDARY i saw that gas can", i saw that gas can
"Q: What is the first word of the sentence ""Nora brought the book to Pamela""? A:","['Nora', 'brought', 'the', 'book', 'to', 'Pamela']",nora,"UTT_BOUNDARY q: what is the first word of the sentence ""nora brought the book to pamela""? a:UTT_BOUNDARY nora left the room and", nora left the room and
"Q: What is the first word of the sentence ""little information was provided""? A:","['little', 'information', 'was', 'provided']",little,"UTT_BOUNDARY q: what is the first word of the sentence ""little information was provided""? a:UTT_BOUNDARY little information about the person", little information about the person
"Q: What is the first word of the sentence ""Maggie hurried through the museum""? A:","['Maggie', 'hurried', 'through', 'the', 'museum']",maggie,"UTT_BOUNDARY q: what is the first word of the sentence ""maggie hurried through the museum""? a:UTT_BOUNDARY maggie and bessie were there", maggie and bessie were there
"Q: In the sentence ""We persuaded Mary to leave and Sue to stay"", what is the first word? A:","['We', 'persuaded', 'Mary', 'to', 'leave', 'and', 'Sue', 'to', 'stay']",we,"UTT_BOUNDARY q: in the sentence ""we persuaded mary to leave and sue to stay"", what is the first word? a:UTT_BOUNDARY we have a problem?", we have a problem?
"Q: In the sentence ""John deprived his sons of game cards"", what is the first word? A:","['John', 'deprived', 'his', 'sons', 'of', 'game', 'cards']",john,"UTT_BOUNDARY q: in the sentence ""john deprived his sons of game cards"", what is the first word? a:UTT_BOUNDARY john is a student,"," john is a student,"
"Q: In the sentence ""The gardener grew that acorn into an oak tree"", what is the first word? A:","['The', 'gardener', 'grew', 'that', 'acorn', 'into', 'an', 'oak', 'tree']",the,"UTT_BOUNDARY q: in the sentence ""the gardener grew that acorn into an oak tree"", what is the first word? a:UTT_BOUNDARY the halls have a", the halls have a
"Write the first word of the sentence ""I broke those twigs and branches apart"": ","['I', 'broke', 'those', 'twigs', 'and', 'branches', 'apart']",i,"UTT_BOUNDARY write the first word of the sentence ""i broke those twigs and branches apart"":UTT_BOUNDARY i saw that the subst", i saw that the subst
"Q: What is the first word of the sentence ""The men would not enjoy that""? A:","['The', 'men', 'would', 'not', 'enjoy', 'that']",the,"UTT_BOUNDARY q: what is the first word of the sentence ""the men would not enjoy that""? a:UTT_BOUNDARY the people who were watching", the people who were watching
"Q: What is the first word of the sentence ""Carla shoveled the snow from the walk""? A:","['Carla', 'shoveled', 'the', 'snow', 'from', 'the', 'walk']",carla,"UTT_BOUNDARY q: what is the first word of the sentence ""carla shoveled the snow from the walk""? a:UTT_BOUNDARY carla was seen by", carla was seen by
"Q: In the sentence ""The terrier attacked the burglar"", what is the first word? A:","['The', 'terrier', 'attacked', 'the', 'burglar']",the,"UTT_BOUNDARY q: in the sentence ""the terrier attacked the burglar"", what is the first word? a:UTT_BOUNDARY the bandits have a", the bandits have a
"Q: In the sentence ""Celia brushed her hair"", what is the first word? A:","['Celia', 'brushed', 'her', 'hair']",celia,"UTT_BOUNDARY q: in the sentence ""celia brushed her hair"", what is the first word? a:UTT_BOUNDARY celia is eager to examine", celia is eager to examine
"Q: What is the first word of the sentence ""Mary plays the violin beautifully""? A:","['Mary', 'plays', 'the', 'violin', 'beautifully']",mary,"UTT_BOUNDARY q: what is the first word of the sentence ""mary plays the violin beautifully""? a:UTT_BOUNDARY mary ellen is eager to", mary ellen is eager to
"Q: In the sentence ""I presented a solution yesterday"", what is the first word? A:","['I', 'presented', 'a', 'solution', 'yesterday']",i,"UTT_BOUNDARY q: in the sentence ""i presented a solution yesterday"", what is the first word? a:UTT_BOUNDARY i saw that movie i", i saw that movie i
"Q: In the sentence ""John is eager to find a new home"", what is the first word? A:","['John', 'is', 'eager', 'to', 'find', 'a', 'new', 'home']",john,"UTT_BOUNDARY q: in the sentence ""john is eager to find a new home"", what is the first word? a:UTT_BOUNDARY john is likely to win", john is likely to win
"Q: In the sentence ""Jennifer shook her finger at the naughty child"", what is the first word? A:","['Jennifer', 'shook', 'her', 'finger', 'at', 'the', 'naughty', 'child']",jennifer,"UTT_BOUNDARY q: in the sentence ""jennifer shook her finger at the naughty child"", what is the first word? a:UTT_BOUNDARY jennifer is pregnant. she", jennifer is pregnant. she
"Q: What is the first word of the sentence ""A man kicked that ball""? A:","['A', 'man', 'kicked', 'that', 'ball']",a,"UTT_BOUNDARY q: what is the first word of the sentence ""a man kicked that ball""? a:UTT_BOUNDARY a:UTT_BOUNDARY", a:
"Q: In the sentence ""Someone tried to leave the town"", what is the first word? A:","['Someone', 'tried', 'to', 'leave', 'the', 'town']",someone,"UTT_BOUNDARY q: in the sentence ""someone tried to leave the town"", what is the first word? a:UTT_BOUNDARY someone told the story to", someone told the story to
"Q: What is the first word of the sentence ""They went to the theater in London""? A:","['They', 'went', 'to', 'the', 'theater', 'in', 'London']",they,"UTT_BOUNDARY q: what is the first word of the sentence ""they went to the theater in london""? a:UTT_BOUNDARY they wanted to hear the", they wanted to hear the
"Write the first word of the sentence ""They praised the volunteers for their dedication"": ","['They', 'praised', 'the', 'volunteers', 'for', 'their', 'dedication']",they,"UTT_BOUNDARY write the first word of the sentence ""they praised the volunteers for their dedication"":UTT_BOUNDARY they said that they were", they said that they were
"Q: What is the first word of the sentence ""John tried to please Stephen""? A:","['John', 'tried', 'to', 'please', 'Stephen']",john,"UTT_BOUNDARY q: what is the first word of the sentence ""john tried to please stephen""? a:UTT_BOUNDARY john is a baby boy", john is a baby boy
"Q: What is the first word of the sentence ""I want him to eat asparagus""? A:","['I', 'want', 'him', 'to', 'eat', 'asparagus']",i,"UTT_BOUNDARY q: what is the first word of the sentence ""i want him to eat asparagus""? a:UTT_BOUNDARY i put him in the", i put him in the
"Q: What is the first word of the sentence ""I know I bought the book you recommended""? A:","['I', 'know', 'I', 'bought', 'the', 'book', 'you', 'recommended']",i,"UTT_BOUNDARY q: what is the first word of the sentence ""i know i bought the book you recommended""? a:UTT_BOUNDARY i bought it to you", i bought it to you
"Write the first word of the sentence ""Kim is easy to please"": ","['Kim', 'is', 'easy', 'to', 'please']",kim,"UTT_BOUNDARY write the first word of the sentence ""kim is easy to please"":UTT_BOUNDARY kim and me have a", kim and me have a
"Q: In the sentence ""His expectations are always lower than mine"", what is the first word? A:","['His', 'expectations', 'are', 'always', 'lower', 'than', 'mine']",his,"UTT_BOUNDARY q: in the sentence ""his expectations are always lower than mine"", what is the first word? a:UTT_BOUNDARY his name is a """," his name is a """
"Q: What is the first word of the sentence ""The car was driven by John to Maine""? A:","['The', 'car', 'was', 'driven', 'by', 'John', 'to', 'Maine']",the,"UTT_BOUNDARY q: what is the first word of the sentence ""the car was driven by john to maine""? a:UTT_BOUNDARY the car was stolen by", the car was stolen by
"Q: What is the first word of the sentence ""The force of the wind broke the window""? A:","['The', 'force', 'of', 'the', 'wind', 'broke', 'the', 'window']",the,"UTT_BOUNDARY q: what is the first word of the sentence ""the force of the wind broke the window""? a:UTT_BOUNDARY the wind blew the candle", the wind blew the candle
"Q: In the sentence ""I compared Ginger to Fred"", what is the first word? A:","['I', 'compared', 'Ginger', 'to', 'Fred']",i,"UTT_BOUNDARY q: in the sentence ""i compared ginger to fred"", what is the first word? a:UTT_BOUNDARY i hope to have him", i hope to have him
"Write the first word of the sentence ""Clouds cleared from the sky"": ","['Clouds', 'cleared', 'from', 'the', 'sky']",clouds,"UTT_BOUNDARY write the first word of the sentence ""clouds cleared from the sky"":UTT_BOUNDARY clouds, and in the"," clouds, and in the"
"Q: In the sentence ""Drowning cats is against the law"", what is the first word? A:","['Drowning', 'cats', 'is', 'against', 'the', 'law']",drowning,"UTT_BOUNDARY q: in the sentence ""drowning cats is against the law"", what is the first word? a:UTT_BOUNDARY dogs are always a part", dogs are always a part
"Q: In the sentence ""A hundred men lifted the table together"", what is the first word? A:","['A', 'hundred', 'men', 'lifted', 'the', 'table', 'together']",a,"UTT_BOUNDARY q: in the sentence ""a hundred men lifted the table together"", what is the first word? a:UTT_BOUNDARY a:UTT_BOUNDARY", a:
"Q: In the sentence ""Tamara poured water into the bowl"", what is the first word? A:","['Tamara', 'poured', 'water', 'into', 'the', 'bowl']",tamara,"UTT_BOUNDARY q: in the sentence ""tamara poured water into the bowl"", what is the first word? a:UTT_BOUNDARY tamara and i are", tamara and i are
"Write the first word of the sentence ""I read a statement which was about that man"": ","['I', 'read', 'a', 'statement', 'which', 'was', 'about', 'that', 'man']",i,"UTT_BOUNDARY write the first word of the sentence ""i read a statement which was about that man"":UTT_BOUNDARY i have a question with", i have a question with
"Q: In the sentence ""She was sent to Seoul"", what is the first word? A:","['She', 'was', 'sent', 'to', 'Seoul']",she,"UTT_BOUNDARY q: in the sentence ""she was sent to seoul"", what is the first word? a:UTT_BOUNDARY she was the first person", she was the first person
"Q: What is the first word of the sentence ""Oil spread over the sea shore""? A:","['Oil', 'spread', 'over', 'the', 'sea', 'shore']",oil,"UTT_BOUNDARY q: what is the first word of the sentence ""oil spread over the sea shore""? a:UTT_BOUNDARY water sprayed the earth", water sprayed the earth
"Q: What is the first word of the sentence ""I wonder what John bought""? A:","['I', 'wonder', 'what', 'John', 'bought']",i,"UTT_BOUNDARY q: what is the first word of the sentence ""i wonder what john bought""? a:UTT_BOUNDARY i saw that movie.", i saw that movie.
"Q: What is the first word of the sentence ""A magazine appeared on the newsstands""? A:","['A', 'magazine', 'appeared', 'on', 'the', 'newsstands']",a,"UTT_BOUNDARY q: what is the first word of the sentence ""a magazine appeared on the newsstands""? a:UTT_BOUNDARY a:UTT_BOUNDARY", a:
"Write the first word of the sentence ""I gave a book to Bill to read"": ","['I', 'gave', 'a', 'book', 'to', 'Bill', 'to', 'read']",i,"UTT_BOUNDARY write the first word of the sentence ""i gave a book to bill to read"":UTT_BOUNDARY i read it to you", i read it to you
"Q: What is the first word of the sentence ""Sharon fainted from hunger""? A:","['Sharon', 'fainted', 'from', 'hunger']",sharon,"UTT_BOUNDARY q: what is the first word of the sentence ""sharon fainted from hunger""? a:UTT_BOUNDARY sharon is pregnant and is", sharon is pregnant and is
"Write the first word of the sentence ""I bought it to read"": ","['I', 'bought', 'it', 'to', 'read']",i,"UTT_BOUNDARY write the first word of the sentence ""i bought it to read"":UTT_BOUNDARY i want it to be", i want it to be
"Q: In the sentence ""He began writing poems"", what is the first word? A:","['He', 'began', 'writing', 'poems']",he,"UTT_BOUNDARY q: in the sentence ""he began writing poems"", what is the first word? a:UTT_BOUNDARY heidi is very fond", heidi is very fond
"Write the first word of the sentence ""Carla shoveled the snow from near the bushes"": ","['Carla', 'shoveled', 'the', 'snow', 'from', 'near', 'the', 'bushes']",carla,"UTT_BOUNDARY write the first word of the sentence ""carla shoveled the snow from near the bushes"":UTT_BOUNDARY carla, the cat"," carla, the cat"
"Write the first word of the sentence ""I could have been flying helicopters by now"": ","['I', 'could', 'have', 'been', 'flying', 'helicopters', 'by', 'now']",i,"UTT_BOUNDARY write the first word of the sentence ""i could have been flying helicopters by now"":UTT_BOUNDARY i saw that it was", i saw that it was
"Q: In the sentence ""That is a bird"", what is the first word? A:","['That', 'is', 'a', 'bird']",that,"UTT_BOUNDARY q: in the sentence ""that is a bird"", what is the first word? a:UTT_BOUNDARY that is a part of", that is a part of
"Q: What is the first word of the sentence ""John drove the car""? A:","['John', 'drove', 'the', 'car']",john,"UTT_BOUNDARY q: what is the first word of the sentence ""john drove the car""? a:UTT_BOUNDARY john is a good boy", john is a good boy
"Write the first word of the sentence ""Many people were dying of thirst"": ","['Many', 'people', 'were', 'dying', 'of', 'thirst']",many,"UTT_BOUNDARY write the first word of the sentence ""many people were dying of thirst"":UTT_BOUNDARY many people consider the dogs", many people consider the dogs
"Q: What is the first word of the sentence ""We want John to win""? A:","['We', 'want', 'John', 'to', 'win']",we,"UTT_BOUNDARY q: what is the first word of the sentence ""we want john to win""? a:UTT_BOUNDARY we want john to win", we want john to win
"Write the first word of the sentence ""Gerry became quite conservative"": ","['Gerry', 'became', 'quite', 'conservative']",gerry,"UTT_BOUNDARY write the first word of the sentence ""gerry became quite conservative"":UTT_BOUNDARY ellen kelly used the word", ellen kelly used the word
"Q: In the sentence ""The secretary transcribed the speech into the record"", what is the first word? A:","['The', 'secretary', 'transcribed', 'the', 'speech', 'into', 'the', 'record']",the,"UTT_BOUNDARY q: in the sentence ""the secretary transcribed the speech into the record"", what is the first word? a:UTT_BOUNDARY the jury found the answer", the jury found the answer
"Q: What is the first word of the sentence ""I cycled around France""? A:","['I', 'cycled', 'around', 'France']",i,"UTT_BOUNDARY q: what is the first word of the sentence ""i cycled around france""? a:UTT_BOUNDARY i put the books on", i put the books on
"Q: In the sentence ""It will rain tomorrow"", what is the first word? A:","['It', 'will', 'rain', 'tomorrow']",it,"UTT_BOUNDARY q: in the sentence ""it will rain tomorrow"", what is the first word? a:UTT_BOUNDARY it is a short film", it is a short film
"Q: What is the first word of the sentence ""Brutus murdered Julius Caesar with a dagger""? A:","['Brutus', 'murdered', 'Julius', 'Caesar', 'with', 'a', 'dagger']",brutus,"UTT_BOUNDARY q: what is the first word of the sentence ""brutus murdered julius caesar with a dagger""? a:UTT_BOUNDARY brutus killed himself on", brutus killed himself on
"Q: What is the first word of the sentence ""Amanda drove the package to Pamela""? A:","['Amanda', 'drove', 'the', 'package', 'to', 'Pamela']",amanda,"UTT_BOUNDARY q: what is the first word of the sentence ""amanda drove the package to pamela""? a:UTT_BOUNDARY amanda and her mother left", amanda and her mother left
"Q: In the sentence ""Roses flowered in the garden"", what is the first word? A:","['Roses', 'flowered', 'in', 'the', 'garden']",roses,"UTT_BOUNDARY q: in the sentence ""roses flowered in the garden"", what is the first word? a:UTT_BOUNDARY roses are a little more", roses are a little more
"Q: In the sentence ""Jake threw the ball halfway to Bill"", what is the first word? A:","['Jake', 'threw', 'the', 'ball', 'halfway', 'to', 'Bill']",jake,"UTT_BOUNDARY q: in the sentence ""jake threw the ball halfway to bill"", what is the first word? a:UTT_BOUNDARY jake kerritt and", jake kerritt and
"Q: What is the first word of the sentence ""Fanny loved talking to Mary""? A:","['Fanny', 'loved', 'talking', 'to', 'Mary']",fanny,"UTT_BOUNDARY q: what is the first word of the sentence ""fanny loved talking to mary""? a:UTT_BOUNDARY fanny gave a little laugh", fanny gave a little laugh
"Q: In the sentence ""We were thankful that no one had been hurt"", what is the first word? A:","['We', 'were', 'thankful', 'that', 'no', 'one', 'had', 'been', 'hurt']",we,"UTT_BOUNDARY q: in the sentence ""we were thankful that no one had been hurt"", what is the first word? a:UTT_BOUNDARY we were given a name", we were given a name
"Q: What is the first word of the sentence ""Nora sent the book to London""? A:","['Nora', 'sent', 'the', 'book', 'to', 'London']",nora,"UTT_BOUNDARY q: what is the first word of the sentence ""nora sent the book to london""? a:UTT_BOUNDARY nora is a girl who", nora is a girl who
"Q: What is the first word of the sentence ""The judge offered a prize to the winner""? A:","['The', 'judge', 'offered', 'a', 'prize', 'to', 'the', 'winner']",the,"UTT_BOUNDARY q: what is the first word of the sentence ""the judge offered a prize to the winner""? a:UTT_BOUNDARY the prize was given to", the prize was given to
"Write the first word of the sentence ""Andy promised we would go"": ","['Andy', 'promised', 'we', 'would', 'go']",andy,"UTT_BOUNDARY write the first word of the sentence ""andy promised we would go"":UTT_BOUNDARY andy is a genius.", andy is a genius.
"Q: In the sentence ""The dentist was persuaded to examine Pat"", what is the first word? A:","['The', 'dentist', 'was', 'persuaded', 'to', 'examine', 'Pat']",the,"UTT_BOUNDARY q: in the sentence ""the dentist was persuaded to examine pat"", what is the first word? a:UTT_BOUNDARY the car was driven by", the car was driven by
"Q: In the sentence ""Herman whipped the cream"", what is the first word? A:","['Herman', 'whipped', 'the', 'cream']",herman,"UTT_BOUNDARY q: in the sentence ""herman whipped the cream"", what is the first word? a:UTT_BOUNDARY hermanship was given", hermanship was given
"Q: What is the first word of the sentence ""People from Tucson think very highly of themselves""? A:","['People', 'from', 'Tucson', 'think', 'very', 'highly', 'of', 'themselves']",people,"UTT_BOUNDARY q: what is the first word of the sentence ""people from tucson think very highly of themselves""? a:UTT_BOUNDARY people think that they are", people think that they are
"Q: What is the first word of the sentence ""The book which inspired them was very long""? A:","['The', 'book', 'which', 'inspired', 'them', 'was', 'very', 'long']",the,"UTT_BOUNDARY q: what is the first word of the sentence ""the book which inspired them was very long""? a:UTT_BOUNDARY the book was first seen", the book was first seen
"Q: What is the first word of the sentence ""John tried to be a good boy""? A:","['John', 'tried', 'to', 'be', 'a', 'good', 'boy']",john,"UTT_BOUNDARY q: what is the first word of the sentence ""john tried to be a good boy""? a:UTT_BOUNDARY john is a fool,"," john is a fool,"
"Q: What is the first word of the sentence ""The mouse was chased by the cat""? A:","['The', 'mouse', 'was', 'chased', 'by', 'the', 'cat']",the,"UTT_BOUNDARY q: what is the first word of the sentence ""the mouse was chased by the cat""? a:UTT_BOUNDARY the cat ate the cat", the cat ate the cat
"Q: What is the first word of the sentence ""Jessica sprayed water at me""? A:","['Jessica', 'sprayed', 'water', 'at', 'me']",jessica,"UTT_BOUNDARY q: what is the first word of the sentence ""jessica sprayed water at me""? a:UTT_BOUNDARY she was a baby?", she was a baby?
"Q: What is the first word of the sentence ""Students sent letters to the teacher""? A:","['Students', 'sent', 'letters', 'to', 'the', 'teacher']",students,"UTT_BOUNDARY q: what is the first word of the sentence ""students sent letters to the teacher""? a:UTT_BOUNDARY students in the jury have", students in the jury have
"Write the first word of the sentence ""The butcher cuts the meat"": ","['The', 'butcher', 'cuts', 'the', 'meat']",the,"UTT_BOUNDARY write the first word of the sentence ""the butcher cuts the meat"":UTT_BOUNDARY the bread cuts easily.", the bread cuts easily.
"Q: What is the first word of the sentence ""Bill drank from the hose""? A:","['Bill', 'drank', 'from', 'the', 'hose']",bill,"UTT_BOUNDARY q: what is the first word of the sentence ""bill drank from the hose""? a:UTT_BOUNDARY billie ate the bread", billie ate the bread
"Write the first word of the sentence ""I know the people that voted in the election"": ","['I', 'know', 'the', 'people', 'that', 'voted', 'in', 'the', 'election']",i,"UTT_BOUNDARY write the first word of the sentence ""i know the people that voted in the election"":UTT_BOUNDARY i have a question with", i have a question with
"Q: In the sentence ""The child broke the teapot by accident"", what is the first word? A:","['The', 'child', 'broke', 'the', 'teapot', 'by', 'accident']",the,"UTT_BOUNDARY q: in the sentence ""the child broke the teapot by accident"", what is the first word? a:UTT_BOUNDARY the girl is longer than", the girl is longer than
"Q: In the sentence ""That chisel carved the statue"", what is the first word? A:","['That', 'chisel', 'carved', 'the', 'statue']",that,"UTT_BOUNDARY q: in the sentence ""that chisel carved the statue"", what is the first word? a:UTT_BOUNDARY that's the first word", that's the first word
"Q: In the sentence ""John learned a lesson"", what is the first word? A:","['John', 'learned', 'a', 'lesson']",john,"UTT_BOUNDARY q: in the sentence ""john learned a lesson"", what is the first word? a:UTT_BOUNDARY john is a student,"," john is a student,"
"Q: In the sentence ""The boy swims"", what is the first word? A:","['The', 'boy', 'swims']",the,"UTT_BOUNDARY q: in the sentence ""the boy swims"", what is the first word? a:UTT_BOUNDARY the boy in the movie", the boy in the movie
"Q: In the sentence ""The child put the toy on the table"", what is the first word? A:","['The', 'child', 'put', 'the', 'toy', 'on', 'the', 'table']",the,"UTT_BOUNDARY q: in the sentence ""the child put the toy on the table"", what is the first word? a:UTT_BOUNDARY the phone rang. the", the phone rang. the
"Write the first word of the sentence ""I did not understand"": ","['I', 'did', 'not', 'understand']",i,"UTT_BOUNDARY write the first word of the sentence ""i did not understand"":UTT_BOUNDARY i am not a fool", i am not a fool
"Q: What is the first word of the sentence ""A large dog chased a small cat""? A:","['A', 'large', 'dog', 'chased', 'a', 'small', 'cat']",a,"UTT_BOUNDARY q: what is the first word of the sentence ""a large dog chased a small cat""? a:UTT_BOUNDARY a:UTT_BOUNDARY", a:
"Q: What is the first word of the sentence ""Mary talks to any student""? A:","['Mary', 'talks', 'to', 'any', 'student']",mary,"UTT_BOUNDARY q: what is the first word of the sentence ""mary talks to any student""? a:UTT_BOUNDARY mary ellen is more than", mary ellen is more than
"Q: In the sentence ""John went to the store"", what is the first word? A:","['John', 'went', 'to', 'the', 'store']",john,"UTT_BOUNDARY q: in the sentence ""john went to the store"", what is the first word? a:UTT_BOUNDARY john and mary met together", john and mary met together
"Write the first word of the sentence ""Poseidon appears to own a dragon"": ","['Poseidon', 'appears', 'to', 'own', 'a', 'dragon']",poseidon,"UTT_BOUNDARY write the first word of the sentence ""poseidon appears to own a dragon"":UTT_BOUNDARY heidi is the prince", heidi is the prince
"Q: In the sentence ""Few approve of our remedy"", what is the first word? A:","['Few', 'approve', 'of', 'our', 'remedy']",few,"UTT_BOUNDARY q: in the sentence ""few approve of our remedy"", what is the first word? a:UTT_BOUNDARY few people consider the noisy", few people consider the noisy
"Write the first word of the sentence ""Tess was knocking at the door"": ","['Tess', 'was', 'knocking', 'at', 'the', 'door']",tess,"UTT_BOUNDARY write the first word of the sentence ""tess was knocking at the door"":UTT_BOUNDARY jennifer is in the kitchen", jennifer is in the kitchen
"Q: What is the first word of the sentence ""Angus is not leaving""? A:","['Angus', 'is', 'not', 'leaving']",angus,"UTT_BOUNDARY q: what is the first word of the sentence ""angus is not leaving""? a:UTT_BOUNDARY dogs are not allowed to", dogs are not allowed to
"Write the first word of the sentence ""I sent it to you"": ","['I', 'sent', 'it', 'to', 'you']",i,"UTT_BOUNDARY write the first word of the sentence ""i sent it to you"":UTT_BOUNDARY i want to leave"","," i want to leave"","
"Write the first word of the sentence ""John tried to please Stephen"": ","['John', 'tried', 'to', 'please', 'Stephen']",john,"UTT_BOUNDARY write the first word of the sentence ""john tried to please stephen"":UTT_BOUNDARY john is taller than mary", john is taller than mary
"Q: What is the first word of the sentence ""John fears dogs""? A:","['John', 'fears', 'dogs']",john,"UTT_BOUNDARY q: what is the first word of the sentence ""john fears dogs""? a:UTT_BOUNDARY john is taller than mary", john is taller than mary
"Write the first word of the sentence ""The scene of the movie was in Chicago"": ","['The', 'scene', 'of', 'the', 'movie', 'was', 'in', 'Chicago']",the,"UTT_BOUNDARY write the first word of the sentence ""the scene of the movie was in chicago"":UTT_BOUNDARY the movie was seen as", the movie was seen as
"Write the first word of the sentence ""The artist drew the child with a pencil"": ","['The', 'artist', 'drew', 'the', 'child', 'with', 'a', 'pencil']",the,"UTT_BOUNDARY write the first word of the sentence ""the artist drew the child with a pencil"":UTT_BOUNDARY the doctor and the doctor", the doctor and the doctor
"Q: In the sentence ""They have no car"", what is the first word? A:","['They', 'have', 'no', 'car']",they,"UTT_BOUNDARY q: in the sentence ""they have no car"", what is the first word? a:UTT_BOUNDARY they have a car that", they have a car that
"Write the first word of the sentence ""This teacher is a genius"": ","['This', 'teacher', 'is', 'a', 'genius']",this,"UTT_BOUNDARY write the first word of the sentence ""this teacher is a genius"":UTT_BOUNDARY this is a truth zone", this is a truth zone
"Q: In the sentence ""Pat promised Leslie to be aggressive"", what is the first word? A:","['Pat', 'promised', 'Leslie', 'to', 'be', 'aggressive']",pat,"UTT_BOUNDARY q: in the sentence ""pat promised leslie to be aggressive"", what is the first word? a:UTT_BOUNDARY patton told mary the", patton told mary the
"Q: In the sentence ""A serious accident happened in front of them"", what is the first word? A:","['A', 'serious', 'accident', 'happened', 'in', 'front', 'of', 'them']",a,"UTT_BOUNDARY q: in the sentence ""a serious accident happened in front of them"", what is the first word? a:UTT_BOUNDARY a:UTT_BOUNDARY", a:
"Q: What is the first word of the sentence ""Someone attended every seminar""? A:","['Someone', 'attended', 'every', 'seminar']",someone,"UTT_BOUNDARY q: what is the first word of the sentence ""someone attended every seminar""? a:UTT_BOUNDARY someone is dying of thirst", someone is dying of thirst
"Q: In the sentence ""Almost no lawyer could answer that question"", what is the first word? A:","['Almost', 'no', 'lawyer', 'could', 'answer', 'that', 'question']",almost,"UTT_BOUNDARY q: in the sentence ""almost no lawyer could answer that question"", what is the first word? a:UTT_BOUNDARY almost any one could answer", almost any one could answer
"Q: What is the first word of the sentence ""The new policy was approved by the executive committee""? A:","['The', 'new', 'policy', 'was', 'approved', 'by', 'the', 'executive', 'committee']",the,"UTT_BOUNDARY q: what is the first word of the sentence ""the new policy was approved by the executive committee""? a:UTT_BOUNDARY the committee on the committee", the committee on the committee
"Q: What is the first word of the sentence ""Last year I saw this film several times""? A:","['Last', 'year', 'I', 'saw', 'this', 'film', 'several', 'times']",last,"UTT_BOUNDARY q: what is the first word of the sentence ""last year i saw this film several times""? a:UTT_BOUNDARY a:UTT_BOUNDARY", a:
"Q: What is the first word of the sentence ""You married no one""? A:","['You', 'married', 'no', 'one']",you,"UTT_BOUNDARY q: what is the first word of the sentence ""you married no one""? a:UTT_BOUNDARY you have a son who", you have a son who
"Q: In the sentence ""I climbed up the tree"", what is the first word? A:","['I', 'climbed', 'up', 'the', 'tree']",i,"UTT_BOUNDARY q: in the sentence ""i climbed up the tree"", what is the first word? a:UTT_BOUNDARY i put the books on", i put the books on
"Q: What is the first word of the sentence ""Several people are sick""? A:","['Several', 'people', 'are', 'sick']",several,"UTT_BOUNDARY q: what is the first word of the sentence ""several people are sick""? a:UTT_BOUNDARY many people consider the noisy", many people consider the noisy
"Q: What is the first word of the sentence ""It is certain that John has loved Mary""? A:","['It', 'is', 'certain', 'that', 'John', 'has', 'loved', 'Mary']",it,"UTT_BOUNDARY q: what is the first word of the sentence ""it is certain that john has loved mary""? a:UTT_BOUNDARY it is a very serious", it is a very serious
"Q: What is the first word of the sentence ""John made Mary cook Korean food""? A:","['John', 'made', 'Mary', 'cook', 'Korean', 'food']",john,"UTT_BOUNDARY q: what is the first word of the sentence ""john made mary cook korean food""? a:UTT_BOUNDARY john is the first word", john is the first word
"Q: In the sentence ""John promised Mary that he would leave"", what is the first word? A:","['John', 'promised', 'Mary', 'that', 'he', 'would', 'leave']",john,"UTT_BOUNDARY q: in the sentence ""john promised mary that he would leave"", what is the first word? a:UTT_BOUNDARY john is a genius.", john is a genius.
"Q: In the sentence ""I read a statement about that man"", what is the first word? A:","['I', 'read', 'a', 'statement', 'about', 'that', 'man']",i,"UTT_BOUNDARY q: in the sentence ""i read a statement about that man"", what is the first word? a:UTT_BOUNDARY i saw him leaving the", i saw him leaving the
"Q: What is the first word of the sentence ""I doubt you can help me in understanding this""? A:","['I', 'doubt', 'you', 'can', 'help', 'me', 'in', 'understanding', 'this']",i,"UTT_BOUNDARY q: what is the first word of the sentence ""i doubt you can help me in understanding this""? a:UTT_BOUNDARY i have a question about", i have a question about
"Q: What is the first word of the sentence ""Mary was respected by John""? A:","['Mary', 'was', 'respected', 'by', 'John']",mary,"UTT_BOUNDARY q: what is the first word of the sentence ""mary was respected by john""? a:UTT_BOUNDARY mary ellen robinson was given", mary ellen robinson was given
"Q: What is the first word of the sentence ""The teacher is proud of his students""? A:","['The', 'teacher', 'is', 'proud', 'of', 'his', 'students']",the,"UTT_BOUNDARY q: what is the first word of the sentence ""the teacher is proud of his students""? a:UTT_BOUNDARY the teacher is happy about", the teacher is happy about
"Write the first word of the sentence ""He kissed her"": ","['He', 'kissed', 'her']",he,"UTT_BOUNDARY write the first word of the sentence ""he kissed her"":UTT_BOUNDARY heidi or she likes", heidi or she likes
"Q: What is the first word of the sentence ""The mushrooms were sliced by the cook""? A:","['The', 'mushrooms', 'were', 'sliced', 'by', 'the', 'cook']",the,"UTT_BOUNDARY q: what is the first word of the sentence ""the mushrooms were sliced by the cook""? a:UTT_BOUNDARY the butter tasted delicious.", the butter tasted delicious.
"Write the first word of the sentence ""I sent a surprise present to John"": ","['I', 'sent', 'a', 'surprise', 'present', 'to', 'John']",i,"UTT_BOUNDARY write the first word of the sentence ""i sent a surprise present to john"":UTT_BOUNDARY i leave the party alone", i leave the party alone
"Write the first word of the sentence ""Everyone thinks he is smart"": ","['Everyone', 'thinks', 'he', 'is', 'smart']",everyone,"UTT_BOUNDARY write the first word of the sentence ""everyone thinks he is smart"":UTT_BOUNDARY everyone is fooling around", everyone is fooling around
"Q: What is the first word of the sentence ""Many fish are in the sea""? A:","['Many', 'fish', 'are', 'in', 'the', 'sea']",many,"UTT_BOUNDARY q: what is the first word of the sentence ""many fish are in the sea""? a:UTT_BOUNDARY many fish are in the", many fish are in the
"Write the first word of the sentence ""The man killed the king with the knife"": ","['The', 'man', 'killed', 'the', 'king', 'with', 'the', 'knife']",the,"UTT_BOUNDARY write the first word of the sentence ""the man killed the king with the knife"":UTT_BOUNDARY the king of the tower", the king of the tower
"Write the first word of the sentence ""A fire raged all through the mountains"": ","['A', 'fire', 'raged', 'all', 'through', 'the', 'mountains']",a,"UTT_BOUNDARY write the first word of the sentence ""a fire raged all through the mountains"":UTT_BOUNDARY a:UTT_BOUNDARY", a:
"Write the first word of the sentence ""The twins might have both been at the party"": ","['The', 'twins', 'might', 'have', 'both', 'been', 'at', 'the', 'party']",the,"UTT_BOUNDARY write the first word of the sentence ""the twins might have both been at the party"":UTT_BOUNDARY the with the baby is", the with the baby is
"Write the first word of the sentence ""He washed her"": ","['He', 'washed', 'her']",he,"UTT_BOUNDARY write the first word of the sentence ""he washed her"":UTT_BOUNDARY heidi saw him"":"," heidi saw him"":"
"Q: In the sentence ""Joseph has forgotten how many matches he has won"", what is the first word? A:","['Joseph', 'has', 'forgotten', 'how', 'many', 'matches', 'he', 'has', 'won']",joseph,"UTT_BOUNDARY q: in the sentence ""joseph has forgotten how many matches he has won"", what is the first word? a:UTT_BOUNDARY josephus, who is"," josephus, who is"
"Q: In the sentence ""John spoke intimately to Mary"", what is the first word? A:","['John', 'spoke', 'intimately', 'to', 'Mary']",john,"UTT_BOUNDARY q: in the sentence ""john spoke intimately to mary"", what is the first word? a:UTT_BOUNDARY john is eager to please", john is eager to please
"Write the first word of the sentence ""I hope to study in France"": ","['I', 'hope', 'to', 'study', 'in', 'France']",i,"UTT_BOUNDARY write the first word of the sentence ""i hope to study in france"":UTT_BOUNDARY i leave the party earlier", i leave the party earlier
"Q: What is the first word of the sentence ""The captain named the ship Seafarer""? A:","['The', 'captain', 'named', 'the', 'ship', 'Seafarer']",the,"UTT_BOUNDARY q: what is the first word of the sentence ""the captain named the ship seafarer""? a:UTT_BOUNDARY the shipwrecked", the shipwrecked
"Q: In the sentence ""Fanny pulled the blanket over her"", what is the first word? A:","['Fanny', 'pulled', 'the', 'blanket', 'over', 'her']",fanny,"UTT_BOUNDARY q: in the sentence ""fanny pulled the blanket over her"", what is the first word? a:UTT_BOUNDARY fanny was given the first", fanny was given the first
"Write the first word of the sentence ""I was hunting in the woods"": ","['I', 'was', 'hunting', 'in', 'the', 'woods']",i,"UTT_BOUNDARY write the first word of the sentence ""i was hunting in the woods"":UTT_BOUNDARY i saw that snow white", i saw that snow white
"Write the first word of the sentence ""She writes more clearly than she speaks"": ","['She', 'writes', 'more', 'clearly', 'than', 'she', 'speaks']",she,"UTT_BOUNDARY write the first word of the sentence ""she writes more clearly than she speaks"":UTT_BOUNDARY she is the first word", she is the first word
"Write the first word of the sentence ""Tom will not leave"": ","['Tom', 'will', 'not', 'leave']",tom,"UTT_BOUNDARY write the first word of the sentence ""tom will not leave"":UTT_BOUNDARY tom is the captain of", tom is the captain of
"Write the first word of the sentence ""The son took care of his parents"": ","['The', 'son', 'took', 'care', 'of', 'his', 'parents']",the,"UTT_BOUNDARY write the first word of the sentence ""the son took care of his parents"":UTT_BOUNDARY the teacher (dana", the teacher (dana
"Write the first word of the sentence ""Mary taught John linguistics"": ","['Mary', 'taught', 'John', 'linguistics']",mary,"UTT_BOUNDARY write the first word of the sentence ""mary taught john linguistics"":UTT_BOUNDARY mary ellen: a:", mary ellen: a:
"Q: What is the first word of the sentence ""Almost no lawyer could answer that question""? A:","['Almost', 'no', 'lawyer', 'could', 'answer', 'that', 'question']",almost,"UTT_BOUNDARY q: what is the first word of the sentence ""almost no lawyer could answer that question""? a:UTT_BOUNDARY almost all the people in", almost all the people in
"Write the first word of the sentence ""A large dog chased a small cat"": ","['A', 'large', 'dog', 'chased', 'a', 'small', 'cat']",a,"UTT_BOUNDARY write the first word of the sentence ""a large dog chased a small cat"":UTT_BOUNDARY a:UTT_BOUNDARY", a:
"Q: What is the first word of the sentence ""I sent the package halfway around the world""? A:","['I', 'sent', 'the', 'package', 'halfway', 'around', 'the', 'world']",i,"UTT_BOUNDARY q: what is the first word of the sentence ""i sent the package halfway around the world""? a:UTT_BOUNDARY i put the books on", i put the books on
"Q: In the sentence ""The weights made the rope stretch over the pulley"", what is the first word? A:","['The', 'weights', 'made', 'the', 'rope', 'stretch', 'over', 'the', 'pulley']",the,"UTT_BOUNDARY q: in the sentence ""the weights made the rope stretch over the pulley"", what is the first word? a:UTT_BOUNDARY the ball hit the ball", the ball hit the ball
"Write the first word of the sentence ""That surprised me"": ","['That', 'surprised', 'me']",that,"UTT_BOUNDARY write the first word of the sentence ""that surprised me"":UTT_BOUNDARY that word is used to", that word is used to
"Write the first word of the sentence ""I would prefer to leave"": ","['I', 'would', 'prefer', 'to', 'leave']",i,"UTT_BOUNDARY write the first word of the sentence ""i would prefer to leave"":UTT_BOUNDARY i want to go"","," i want to go"","
"Q: In the sentence ""John can kick the ball"", what is the first word? A:","['John', 'can', 'kick', 'the', 'ball']",john,"UTT_BOUNDARY q: in the sentence ""john can kick the ball"", what is the first word? a:UTT_BOUNDARY john is a baby.", john is a baby.
"Q: What is the first word of the sentence ""Linda taped the picture to the wall""? A:","['Linda', 'taped', 'the', 'picture', 'to', 'the', 'wall']",linda,"UTT_BOUNDARY q: what is the first word of the sentence ""linda taped the picture to the wall""? a:UTT_BOUNDARY linda edwards and her friends", linda edwards and her friends
"Q: What is the first word of the sentence ""John believes that Bill saw him""? A:","['John', 'believes', 'that', 'Bill', 'saw', 'him']",john,"UTT_BOUNDARY q: what is the first word of the sentence ""john believes that bill saw him""? a:UTT_BOUNDARY john is a fool and", john is a fool and
"Write the first word of the sentence ""John said Mary went to the store quickly"": ","['John', 'said', 'Mary', 'went', 'to', 'the', 'store', 'quickly']",john,"UTT_BOUNDARY write the first word of the sentence ""john said mary went to the store quickly"":UTT_BOUNDARY john is not available for", john is not available for
"Q: What is the first word of the sentence ""The dog fears thunder""? A:","['The', 'dog', 'fears', 'thunder']",the,"UTT_BOUNDARY q: what is the first word of the sentence ""the dog fears thunder""? a:UTT_BOUNDARY the cat is eating the", the cat is eating the
"Write the first word of the sentence ""Dave was given the margarita mix"": ","['Dave', 'was', 'given', 'the', 'margarita', 'mix']",dave,"UTT_BOUNDARY write the first word of the sentence ""dave was given the margarita mix"":UTT_BOUNDARY jennifer loumy learned that", jennifer loumy learned that
"Q: In the sentence ""Ron certainly will buy a dog"", what is the first word? A:","['Ron', 'certainly', 'will', 'buy', 'a', 'dog']",ron,"UTT_BOUNDARY q: in the sentence ""ron certainly will buy a dog"", what is the first word? a:UTT_BOUNDARY ron is a baby.", ron is a baby.
"Q: What is the first word of the sentence ""Jason expected Medea to be treated by the doctor""? A:","['Jason', 'expected', 'Medea', 'to', 'be', 'treated', 'by', 'the', 'doctor']",jason,"UTT_BOUNDARY q: what is the first word of the sentence ""jason expected medea to be treated by the doctor""? a:UTT_BOUNDARY jason left his wife and", jason left his wife and
"Q: What is the first word of the sentence ""The storm arrived after the picnic""? A:","['The', 'storm', 'arrived', 'after', 'the', 'picnic']",the,"UTT_BOUNDARY q: what is the first word of the sentence ""the storm arrived after the picnic""? a:UTT_BOUNDARY the storm arrived while we", the storm arrived while we
"Write the first word of the sentence ""John lay the ball in the box"": ","['John', 'lay', 'the', 'ball', 'in', 'the', 'box']",john,"UTT_BOUNDARY write the first word of the sentence ""john lay the ball in the box"":UTT_BOUNDARY john is taller than pete", john is taller than pete
"Q: What is the first word of the sentence ""Reading about herself in the tabloids always annoys Sandra""? A:","['Reading', 'about', 'herself', 'in', 'the', 'tabloids', 'always', 'annoys', 'Sandra']",reading,"UTT_BOUNDARY q: what is the first word of the sentence ""reading about herself in the tabloids always annoys sandra""? a:UTT_BOUNDARY dina dina d", dina dina d
"Q: In the sentence ""I believe there to be no way out"", what is the first word? A:","['I', 'believe', 'there', 'to', 'be', 'no', 'way', 'out']",i,"UTT_BOUNDARY q: in the sentence ""i believe there to be no way out"", what is the first word? a:UTT_BOUNDARY i have to go to", i have to go to
"Write the first word of the sentence ""An owl hunts mice"": ","['An', 'owl', 'hunts', 'mice']",an,"UTT_BOUNDARY write the first word of the sentence ""an owl hunts mice"":UTT_BOUNDARY dogs in the water"":"," dogs in the water"":"
"Q: In the sentence ""It is likely that Bill likes chocolate"", what is the first word? A:","['It', 'is', 'likely', 'that', 'Bill', 'likes', 'chocolate']",it,"UTT_BOUNDARY q: in the sentence ""it is likely that bill likes chocolate"", what is the first word? a:UTT_BOUNDARY it is a very long", it is a very long
"Write the first word of the sentence ""Over the fort fluttered a large flag"": ","['Over', 'the', 'fort', 'fluttered', 'a', 'large', 'flag']",over,"UTT_BOUNDARY write the first word of the sentence ""over the fort fluttered a large flag"":UTT_BOUNDARY a:UTT_BOUNDARY", a:
"Q: What is the first word of the sentence ""Some people yell at dogs""? A:","['Some', 'people', 'yell', 'at', 'dogs']",some,"UTT_BOUNDARY q: what is the first word of the sentence ""some people yell at dogs""? a:UTT_BOUNDARY some people consider the noisy", some people consider the noisy
"Write the first word of the sentence ""John told Mary to kiss him"": ","['John', 'told', 'Mary', 'to', 'kiss', 'him']",john,"UTT_BOUNDARY write the first word of the sentence ""john told mary to kiss him"":UTT_BOUNDARY john is taller than mary", john is taller than mary
"Q: What is the first word of the sentence ""the girls likes themselves""? A:","['the', 'girls', 'likes', 'themselves']",the,"UTT_BOUNDARY q: what is the first word of the sentence ""the girls likes themselves""? a:UTT_BOUNDARY the kids in the neighborhood", the kids in the neighborhood
"Q: What is the first word of the sentence ""That joke never fails to amuse""? A:","['That', 'joke', 'never', 'fails', 'to', 'amuse']",that,"UTT_BOUNDARY q: what is the first word of the sentence ""that joke never fails to amuse""? a:UTT_BOUNDARY that's what the problem", that's what the problem
"Q: In the sentence ""That picture of Susan offended her"", what is the first word? A:","['That', 'picture', 'of', 'Susan', 'offended', 'her']",that,"UTT_BOUNDARY q: in the sentence ""that picture of susan offended her"", what is the first word? a:UTT_BOUNDARY that girl is a girl", that girl is a girl
"Q: What is the first word of the sentence ""John owns the book""? A:","['John', 'owns', 'the', 'book']",john,"UTT_BOUNDARY q: what is the first word of the sentence ""john owns the book""? a:UTT_BOUNDARY john is the man that", john is the man that
"Write the first word of the sentence ""He became fond of peanuts"": ","['He', 'became', 'fond', 'of', 'peanuts']",he,"UTT_BOUNDARY write the first word of the sentence ""he became fond of peanuts"":UTT_BOUNDARY heidi saw him"":"," heidi saw him"":"
"Q: What is the first word of the sentence ""Susan told her a story""? A:","['Susan', 'told', 'her', 'a', 'story']",susan,"UTT_BOUNDARY q: what is the first word of the sentence ""susan told her a story""? a:UTT_BOUNDARY susan told her story to", susan told her story to
"Q: What is the first word of the sentence ""Hard work resulted in high grades""? A:","['Hard', 'work', 'resulted', 'in', 'high', 'grades']",hard,"UTT_BOUNDARY q: what is the first word of the sentence ""hard work resulted in high grades""? a:UTT_BOUNDARY hard to understand the problem", hard to understand the problem
"Q: In the sentence ""She fell in love"", what is the first word? A:","['She', 'fell', 'in', 'love']",she,"UTT_BOUNDARY q: in the sentence ""she fell in love"", what is the first word? a:UTT_BOUNDARY she is the wife of", she is the wife of
"Q: In the sentence ""Terry touched Bill on the shoulder"", what is the first word? A:","['Terry', 'touched', 'Bill', 'on', 'the', 'shoulder']",terry,"UTT_BOUNDARY q: in the sentence ""terry touched bill on the shoulder"", what is the first word? a:UTT_BOUNDARY jerry smith and mary met", jerry smith and mary met
"Q: What is the first word of the sentence ""The beaver built a dam""? A:","['The', 'beaver', 'built', 'a', 'dam']",the,"UTT_BOUNDARY q: what is the first word of the sentence ""the beaver built a dam""? a:UTT_BOUNDARY the paint was too long", the paint was too long
"Q: What is the first word of the sentence ""I forgot how good beer tastes""? A:","['I', 'forgot', 'how', 'good', 'beer', 'tastes']",i,"UTT_BOUNDARY q: what is the first word of the sentence ""i forgot how good beer tastes""? a:UTT_BOUNDARY i ate the deep fried", i ate the deep fried
"Q: In the sentence ""The dog caught the cat"", what is the first word? A:","['The', 'dog', 'caught', 'the', 'cat']",the,"UTT_BOUNDARY q: in the sentence ""the dog caught the cat"", what is the first word? a:UTT_BOUNDARY the cat was seen by", the cat was seen by
"Q: What is the first word of the sentence ""I sensed his eagerness""? A:","['I', 'sensed', 'his', 'eagerness']",i,"UTT_BOUNDARY q: what is the first word of the sentence ""i sensed his eagerness""? a:UTT_BOUNDARY i saw him leaving the", i saw him leaving the
"Q: What is the first word of the sentence ""A chair was broken""? A:","['A', 'chair', 'was', 'broken']",a,"UTT_BOUNDARY q: what is the first word of the sentence ""a chair was broken""? a:UTT_BOUNDARY a:UTT_BOUNDARY", a:
"Q: In the sentence ""Ron definitely has bought a dog"", what is the first word? A:","['Ron', 'definitely', 'has', 'bought', 'a', 'dog']",ron,"UTT_BOUNDARY q: in the sentence ""ron definitely has bought a dog"", what is the first word? a:UTT_BOUNDARY ron is a genius.", ron is a genius.
"Write the first word of the sentence ""John talked to Bill about himself"": ","['John', 'talked', 'to', 'Bill', 'about', 'himself']",john,"UTT_BOUNDARY write the first word of the sentence ""john talked to bill about himself"":UTT_BOUNDARY john is taller than pete", john is taller than pete
"Write the first word of the sentence ""Her sister hurried"": ","['Her', 'sister', 'hurried']",her,"UTT_BOUNDARY write the first word of the sentence ""her sister hurried"":UTT_BOUNDARY hermanshipman john", hermanshipman john
"Q: In the sentence ""I know the person whose mother died"", what is the first word? A:","['I', 'know', 'the', 'person', 'whose', 'mother', 'died']",i,"UTT_BOUNDARY q: in the sentence ""i know the person whose mother died"", what is the first word? a:UTT_BOUNDARY i saw the movie before", i saw the movie before
"Write the first word of the sentence ""He figured it out"": ","['He', 'figured', 'it', 'out']",he,"UTT_BOUNDARY write the first word of the sentence ""he figured it out"":UTT_BOUNDARY heidi heidi in", heidi heidi in
"Write the first word of the sentence ""It was Tom who spilled beer on this couch"": ","['It', 'was', 'Tom', 'who', 'spilled', 'beer', 'on', 'this', 'couch']",it,"UTT_BOUNDARY write the first word of the sentence ""it was tom who spilled beer on this couch"":UTT_BOUNDARY it was a boy who", it was a boy who
"Q: In the sentence ""John got the book from Bill"", what is the first word? A:","['John', 'got', 'the', 'book', 'from', 'Bill']",john,"UTT_BOUNDARY q: in the sentence ""john got the book from bill"", what is the first word? a:UTT_BOUNDARY john and mary met in", john and mary met in
"Q: In the sentence ""Pat is either stupid or a liar"", what is the first word? A:","['Pat', 'is', 'either', 'stupid', 'or', 'a', 'liar']",pat,"UTT_BOUNDARY q: in the sentence ""pat is either stupid or a liar"", what is the first word? a:UTT_BOUNDARY pat is the new king", pat is the new king
"Write the first word of the sentence ""The witch poisoned the children"": ","['The', 'witch', 'poisoned', 'the', 'children']",the,"UTT_BOUNDARY write the first word of the sentence ""the witch poisoned the children"":UTT_BOUNDARY the woman with the name", the woman with the name
"Q: What is the first word of the sentence ""The news pleased the students""? A:","['The', 'news', 'pleased', 'the', 'students']",the,"UTT_BOUNDARY q: what is the first word of the sentence ""the news pleased the students""? a:UTT_BOUNDARY the kids in the museum", the kids in the museum
"Write the first word of the sentence ""Paul had an affair"": ","['Paul', 'had', 'an', 'affair']",paul,"UTT_BOUNDARY write the first word of the sentence ""paul had an affair"":UTT_BOUNDARY paula is the director", paula is the director
"Q: In the sentence ""Bill wants Susan to leave"", what is the first word? A:","['Bill', 'wants', 'Susan', 'to', 'leave']",bill,"UTT_BOUNDARY q: in the sentence ""bill wants susan to leave"", what is the first word? a:UTT_BOUNDARY billie put the book", billie put the book
"Write the first word of the sentence ""Mary will play the violin soon"": ","['Mary', 'will', 'play', 'the', 'violin', 'soon']",mary,"UTT_BOUNDARY write the first word of the sentence ""mary will play the violin soon"":UTT_BOUNDARY mary reads the first word", mary reads the first word
"Q: In the sentence ""The student knows the answers"", what is the first word? A:","['The', 'student', 'knows', 'the', 'answers']",the,"UTT_BOUNDARY q: in the sentence ""the student knows the answers"", what is the first word? a:UTT_BOUNDARY the lawyer is a lawyer", the lawyer is a lawyer
"Q: In the sentence ""John wants him to leave"", what is the first word? A:","['John', 'wants', 'him', 'to', 'leave']",john,"UTT_BOUNDARY q: in the sentence ""john wants him to leave"", what is the first word? a:UTT_BOUNDARY john is a baby.", john is a baby.
"Write the first word of the sentence ""Amanda carried the package from Boston to New York"": ","['Amanda', 'carried', 'the', 'package', 'from', 'Boston', 'to', 'New', 'York']",amanda,"UTT_BOUNDARY write the first word of the sentence ""amanda carried the package from boston to new york"":UTT_BOUNDARY amanda is the first word", amanda is the first word
"Q: In the sentence ""Rosemary hates New York"", what is the first word? A:","['Rosemary', 'hates', 'New', 'York']",rosemary,"UTT_BOUNDARY q: in the sentence ""rosemary hates new york"", what is the first word? a:UTT_BOUNDARY mary ellen robinson was a", mary ellen robinson was a
"Q: What is the first word of the sentence ""Mary was visited by Bill""? A:","['Mary', 'was', 'visited', 'by', 'Bill']",mary,"UTT_BOUNDARY q: what is the first word of the sentence ""mary was visited by bill""? a:UTT_BOUNDARY mary ellen robinson was given", mary ellen robinson was given
"Write the first word of the sentence ""We made enough puddings to last for days"": ","['We', 'made', 'enough', 'puddings', 'to', 'last', 'for', 'days']",we,"UTT_BOUNDARY write the first word of the sentence ""we made enough puddings to last for days"":UTT_BOUNDARY we give ourselves a lesson", we give ourselves a lesson
"Q: What is the first word of the sentence ""This flyer and that flyer differ""? A:","['This', 'flyer', 'and', 'that', 'flyer', 'differ']",this,"UTT_BOUNDARY q: what is the first word of the sentence ""this flyer and that flyer differ""? a:UTT_BOUNDARY this gas will spread easily", this gas will spread easily
"Q: In the sentence ""No one could remove the blood on the wall"", what is the first word? A:","['No', 'one', 'could', 'remove', 'the', 'blood', 'on', 'the', 'wall']",no,"UTT_BOUNDARY q: in the sentence ""no one could remove the blood on the wall"", what is the first word? a:UTT_BOUNDARY no one is looking for", no one is looking for
"Q: What is the first word of the sentence ""I bought some flowers for Manuel""? A:","['I', 'bought', 'some', 'flowers', 'for', 'Manuel']",i,"UTT_BOUNDARY q: what is the first word of the sentence ""i bought some flowers for manuel""? a:UTT_BOUNDARY i saw the pictures of", i saw the pictures of
"Write the first word of the sentence ""John is eager to please Kim"": ","['John', 'is', 'eager', 'to', 'please', 'Kim']",john,"UTT_BOUNDARY write the first word of the sentence ""john is eager to please kim"":UTT_BOUNDARY john is taller than pete", john is taller than pete
"Write the first word of the sentence ""They believe it to be easy to annoy Ben"": ","['They', 'believe', 'it', 'to', 'be', 'easy', 'to', 'annoy', 'Ben']",they,"UTT_BOUNDARY write the first word of the sentence ""they believe it to be easy to annoy ben"":UTT_BOUNDARY they think that the twins", they think that the twins
"Q: What is the first word of the sentence ""We forgot our invitations""? A:","['We', 'forgot', 'our', 'invitations']",we,"UTT_BOUNDARY q: what is the first word of the sentence ""we forgot our invitations""? a:UTT_BOUNDARY we all thought we was", we all thought we was
"Q: In the sentence ""I sensed his eagerness"", what is the first word? A:","['I', 'sensed', 'his', 'eagerness']",i,"UTT_BOUNDARY q: in the sentence ""i sensed his eagerness"", what is the first word? a:UTT_BOUNDARY i saw him leaving the", i saw him leaving the
"Write the first word of the sentence ""My brother likes collecting jazz records"": ","['My', 'brother', 'likes', 'collecting', 'jazz', 'records']",my,"UTT_BOUNDARY write the first word of the sentence ""my brother likes collecting jazz records"":UTT_BOUNDARY my friends or friends are", my friends or friends are
"Q: What is the first word of the sentence ""Those bandits attacked Emma and Harriet yesterday""? A:","['Those', 'bandits', 'attacked', 'Emma', 'and', 'Harriet', 'yesterday']",those,"UTT_BOUNDARY q: what is the first word of the sentence ""those bandits attacked emma and harriet yesterday""? a:UTT_BOUNDARY those songs are part of", those songs are part of
"Q: In the sentence ""I broke twigs off those branches"", what is the first word? A:","['I', 'broke', 'twigs', 'off', 'those', 'branches']",i,"UTT_BOUNDARY q: in the sentence ""i broke twigs off those branches"", what is the first word? a:UTT_BOUNDARY i saw that movie i", i saw that movie i
"Q: What is the first word of the sentence ""John learned a lesson""? A:","['John', 'learned', 'a', 'lesson']",john,"UTT_BOUNDARY q: what is the first word of the sentence ""john learned a lesson""? a:UTT_BOUNDARY john is eager to please", john is eager to please
"Write the first word of the sentence ""The barber shaved my chin"": ","['The', 'barber', 'shaved', 'my', 'chin']",the,"UTT_BOUNDARY write the first word of the sentence ""the barber shaved my chin"":UTT_BOUNDARY the table was wiped clean", the table was wiped clean
"Q: What is the first word of the sentence ""Someone tried to leave the town""? A:","['Someone', 'tried', 'to', 'leave', 'the', 'town']",someone,"UTT_BOUNDARY q: what is the first word of the sentence ""someone tried to leave the town""? a:UTT_BOUNDARY someone said that the police", someone said that the police
"Q: What is the first word of the sentence ""John remained somewhat calm""? A:","['John', 'remained', 'somewhat', 'calm']",john,"UTT_BOUNDARY q: what is the first word of the sentence ""john remained somewhat calm""? a:UTT_BOUNDARY john is a more careful", john is a more careful
"Q: What is the first word of the sentence ""There is a bench for you to sit on""? A:","['There', 'is', 'a', 'bench', 'for', 'you', 'to', 'sit', 'on']",there,"UTT_BOUNDARY q: what is the first word of the sentence ""there is a bench for you to sit on""? a:UTT_BOUNDARY there is a seat available", there is a seat available
"Q: What is the first word of the sentence ""That monkey is eating the banana""? A:","['That', 'monkey', 'is', 'eating', 'the', 'banana']",that,"UTT_BOUNDARY q: what is the first word of the sentence ""that monkey is eating the banana""? a:UTT_BOUNDARY that monkey is eating the", that monkey is eating the
"Write the first word of the sentence ""Nora sent Peter the book"": ","['Nora', 'sent', 'Peter', 'the', 'book']",nora,"UTT_BOUNDARY write the first word of the sentence ""nora sent peter the book"":UTT_BOUNDARY nora is the director of", nora is the director of
"Write the first word of the sentence ""I compared Ginger to Fred"": ","['I', 'compared', 'Ginger', 'to', 'Fred']",i,"UTT_BOUNDARY write the first word of the sentence ""i compared ginger to fred"":UTT_BOUNDARY i put it in the", i put it in the
"Write the first word of the sentence ""The meat cuts easily"": ","['The', 'meat', 'cuts', 'easily']",the,"UTT_BOUNDARY write the first word of the sentence ""the meat cuts easily"":UTT_BOUNDARY the table is dry and", the table is dry and
"Q: What is the first word of the sentence ""Carmen bought Mary a dress""? A:","['Carmen', 'bought', 'Mary', 'a', 'dress']",carmen,"UTT_BOUNDARY q: what is the first word of the sentence ""carmen bought mary a dress""? a:UTT_BOUNDARY carmenon saw her", carmenon saw her
"Q: What is the first word of the sentence ""Mary believed John to have loved her""? A:","['Mary', 'believed', 'John', 'to', 'have', 'loved', 'her']",mary,"UTT_BOUNDARY q: what is the first word of the sentence ""mary believed john to have loved her""? a:UTT_BOUNDARY mary ellen accidentally screamed at", mary ellen accidentally screamed at
"Q: In the sentence ""Nobody likes us"", what is the first word? A:","['Nobody', 'likes', 'us']",nobody,"UTT_BOUNDARY q: in the sentence ""nobody likes us"", what is the first word? a:UTT_BOUNDARY nobody will hurt himself.", nobody will hurt himself.
"Q: In the sentence ""Mary is more than six feet tall"", what is the first word? A:","['Mary', 'is', 'more', 'than', 'six', 'feet', 'tall']",mary,"UTT_BOUNDARY q: in the sentence ""mary is more than six feet tall"", what is the first word? a:UTT_BOUNDARY mary is a girl or", mary is a girl or
"Q: What is the first word of the sentence ""Doug went to Chicago""? A:","['Doug', 'went', 'to', 'Chicago']",doug,"UTT_BOUNDARY q: what is the first word of the sentence ""doug went to chicago""? a:UTT_BOUNDARY no one was hurt by", no one was hurt by
"Q: In the sentence ""I ate deep fried muffins"", what is the first word? A:","['I', 'ate', 'deep', 'fried', 'muffins']",i,"UTT_BOUNDARY q: in the sentence ""i ate deep fried muffins"", what is the first word? a:UTT_BOUNDARY i put the books on", i put the books on
"Write the first word of the sentence ""Mary believed John to have loved her"": ","['Mary', 'believed', 'John', 'to', 'have', 'loved', 'her']",mary,"UTT_BOUNDARY write the first word of the sentence ""mary believed john to have loved her"":UTT_BOUNDARY mary ellen: a:", mary ellen: a:
"Q: What is the first word of the sentence ""Ellen talked with Helen about the problem""? A:","['Ellen', 'talked', 'with', 'Helen', 'about', 'the', 'problem']",ellen,"UTT_BOUNDARY q: what is the first word of the sentence ""ellen talked with helen about the problem""? a:UTT_BOUNDARY ellen kelly is pregnant and", ellen kelly is pregnant and
"Q: What is the first word of the sentence ""We ate at a really fancy restaurant""? A:","['We', 'ate', 'at', 'a', 'really', 'fancy', 'restaurant']",we,"UTT_BOUNDARY q: what is the first word of the sentence ""we ate at a really fancy restaurant""? a:UTT_BOUNDARY we have a party.", we have a party.
"Write the first word of the sentence ""This flyer and that flyer differ"": ","['This', 'flyer', 'and', 'that', 'flyer', 'differ']",this,"UTT_BOUNDARY write the first word of the sentence ""this flyer and that flyer differ"":UTT_BOUNDARY this is the first word", this is the first word
"Q: In the sentence ""The farmer loaded apples into the cart"", what is the first word? A:","['The', 'farmer', 'loaded', 'apples', 'into', 'the', 'cart']",the,"UTT_BOUNDARY q: in the sentence ""the farmer loaded apples into the cart"", what is the first word? a:UTT_BOUNDARY the ship was given the", the ship was given the
"Write the first word of the sentence ""Brutus murdered Julius Caesar with a dagger"": ","['Brutus', 'murdered', 'Julius', 'Caesar', 'with', 'a', 'dagger']",brutus,"UTT_BOUNDARY write the first word of the sentence ""brutus murdered julius caesar with a dagger"":UTT_BOUNDARY brutus maximus", brutus maximus
"Q: What is the first word of the sentence ""John put a book on the table""? A:","['John', 'put', 'a', 'book', 'on', 'the', 'table']",john,"UTT_BOUNDARY q: what is the first word of the sentence ""john put a book on the table""? a:UTT_BOUNDARY john is taller than pete", john is taller than pete
"Q: What is the first word of the sentence ""Paula spanked the naughty child on the back""? A:","['Paula', 'spanked', 'the', 'naughty', 'child', 'on', 'the', 'back']",paula,"UTT_BOUNDARY q: what is the first word of the sentence ""paula spanked the naughty child on the back""? a:UTT_BOUNDARY paula, the cat"," paula, the cat"
"Q: What is the first word of the sentence ""The tub leaked water""? A:","['The', 'tub', 'leaked', 'water']",the,"UTT_BOUNDARY q: what is the first word of the sentence ""the tub leaked water""? a:UTT_BOUNDARY the hammerhead sharks hit", the hammerhead sharks hit
"Q: In the sentence ""I sent a surprise present to John"", what is the first word? A:","['I', 'sent', 'a', 'surprise', 'present', 'to', 'John']",i,"UTT_BOUNDARY q: in the sentence ""i sent a surprise present to john"", what is the first word? a:UTT_BOUNDARY i leave the party earlier", i leave the party earlier
"Q: What is the first word of the sentence ""even the student left""? A:","['even', 'the', 'student', 'left']",even,"UTT_BOUNDARY q: what is the first word of the sentence ""even the student left""? a:UTT_BOUNDARY the lawyer is a doctor", the lawyer is a doctor
"Q: What is the first word of the sentence ""Mike will sing if you will""? A:","['Mike', 'will', 'sing', 'if', 'you', 'will']",mike,"UTT_BOUNDARY q: what is the first word of the sentence ""mike will sing if you will""? a:UTT_BOUNDARY mike is a more accurate", mike is a more accurate
"Q: What is the first word of the sentence ""There appeared a ship on the horizon""? A:","['There', 'appeared', 'a', 'ship', 'on', 'the', 'horizon']",there,"UTT_BOUNDARY q: what is the first word of the sentence ""there appeared a ship on the horizon""? a:UTT_BOUNDARY there is a bridge over", there is a bridge over
"Write the first word of the sentence ""The termites destroyed the sand castle"": ","['The', 'termites', 'destroyed', 'the', 'sand', 'castle']",the,"UTT_BOUNDARY write the first word of the sentence ""the termites destroyed the sand castle"":UTT_BOUNDARY the castle is dism", the castle is dism
"Write the first word of the sentence ""Frances hid the presents in the drawer"": ","['Frances', 'hid', 'the', 'presents', 'in', 'the', 'drawer']",frances,"UTT_BOUNDARY write the first word of the sentence ""frances hid the presents in the drawer"":UTT_BOUNDARY francesco is the only", francesco is the only
"Q: What is the first word of the sentence ""Mary taught linguistics to John""? A:","['Mary', 'taught', 'linguistics', 'to', 'John']",mary,"UTT_BOUNDARY q: what is the first word of the sentence ""mary taught linguistics to john""? a:UTT_BOUNDARY mary ellen lee sang it", mary ellen lee sang it
"Q: In the sentence ""I hit the ball"", what is the first word? A:","['I', 'hit', 'the', 'ball']",i,"UTT_BOUNDARY q: in the sentence ""i hit the ball"", what is the first word? a:UTT_BOUNDARY i kick the ball at", i kick the ball at
"Write the first word of the sentence ""He began writing poems"": ","['He', 'began', 'writing', 'poems']",he,"UTT_BOUNDARY write the first word of the sentence ""he began writing poems"":UTT_BOUNDARY heidi saw the movie", heidi saw the movie
"Q: In the sentence ""John bit the apple"", what is the first word? A:","['John', 'bit', 'the', 'apple']",john,"UTT_BOUNDARY q: in the sentence ""john bit the apple"", what is the first word? a:UTT_BOUNDARY john is a. john", john is a. john
"Q: What is the first word of the sentence ""Those monkeys are eating the banana""? A:","['Those', 'monkeys', 'are', 'eating', 'the', 'banana']",those,"UTT_BOUNDARY q: what is the first word of the sentence ""those monkeys are eating the banana""? a:UTT_BOUNDARY those are the rules of", those are the rules of
"Q: In the sentence ""Carmen obtained the spare part at the hardware store"", what is the first word? A:","['Carmen', 'obtained', 'the', 'spare', 'part', 'at', 'the', 'hardware', 'store']",carmen,"UTT_BOUNDARY q: in the sentence ""carmen obtained the spare part at the hardware store"", what is the first word? a:UTT_BOUNDARY carmen vases a", carmen vases a
"Write the first word of the sentence ""Jackie chased the thief"": ","['Jackie', 'chased', 'the', 'thief']",jackie,"UTT_BOUNDARY write the first word of the sentence ""jackie chased the thief"":UTT_BOUNDARY jackie and mary met in", jackie and mary met in
"Write the first word of the sentence ""Carrie touched that cat"": ","['Carrie', 'touched', 'that', 'cat']",carrie,"UTT_BOUNDARY write the first word of the sentence ""carrie touched that cat"":UTT_BOUNDARY carrie touched the cat", carrie touched the cat
"Write the first word of the sentence ""I hit the ball"": ","['I', 'hit', 'the', 'ball']",i,"UTT_BOUNDARY write the first word of the sentence ""i hit the ball"":UTT_BOUNDARY i put the ball in", i put the ball in
"Q: In the sentence ""John is in the room"", what is the first word? A:","['John', 'is', 'in', 'the', 'room']",john,"UTT_BOUNDARY q: in the sentence ""john is in the room"", what is the first word? a:UTT_BOUNDARY john is eager to please", john is eager to please
"Q: In the sentence ""My brother likes collecting jazz records"", what is the first word? A:","['My', 'brother', 'likes', 'collecting', 'jazz', 'records']",my,"UTT_BOUNDARY q: in the sentence ""my brother likes collecting jazz records"", what is the first word? a:UTT_BOUNDARY my parents have long ago", my parents have long ago
"Q: What is the first word of the sentence ""Susan wanted Jane to study German""? A:","['Susan', 'wanted', 'Jane', 'to', 'study', 'German']",susan,"UTT_BOUNDARY q: what is the first word of the sentence ""susan wanted jane to study german""? a:UTT_BOUNDARY susan lee said that she", susan lee said that she
"Write the first word of the sentence ""John made Mary cook Korean food"": ","['John', 'made', 'Mary', 'cook', 'Korean', 'food']",john,"UTT_BOUNDARY write the first word of the sentence ""john made mary cook korean food"":UTT_BOUNDARY john is the first word", john is the first word
"Q: What is the first word of the sentence ""We took the car to the town""? A:","['We', 'took', 'the', 'car', 'to', 'the', 'town']",we,"UTT_BOUNDARY q: what is the first word of the sentence ""we took the car to the town""? a:UTT_BOUNDARY we get the car and", we get the car and
"Q: In the sentence ""John scratched his arm and Mary did too"", what is the first word? A:","['John', 'scratched', 'his', 'arm', 'and', 'Mary', 'did', 'too']",john,"UTT_BOUNDARY q: in the sentence ""john scratched his arm and mary did too"", what is the first word? a:UTT_BOUNDARY john is a baby?", john is a baby?
"Q: In the sentence ""The brave are not afraid to die"", what is the first word? A:","['The', 'brave', 'are', 'not', 'afraid', 'to', 'die']",the,"UTT_BOUNDARY q: in the sentence ""the brave are not afraid to die"", what is the first word? a:UTT_BOUNDARY the word ""the witch"," the word ""the witch"
