Input,Options,Expected,Predicted
"F: In dem Satz ""Sie schreibt regelmaessig Briefe an ihre Grosseltern auf dem Land."", welches Wort kommt unmittelbar vor dem Wort ""regelmaessig""? A:","['Sie', 'schreibt', 'regelmaessig', 'Briefe', 'an', 'ihre', 'Grosseltern', 'auf', 'dem', 'Land']",schreibt,schreibt
"F: In dem Satz ""Sie traegt eine rote Jacke im Winter und warme Stiefel dazu."", welches Wort kommt unmittelbar vor dem Wort ""rote""? A:","['Sie', 'traegt', 'eine', 'rote', 'Jacke', 'im', 'Winter', 'und', 'warme', 'Stiefel', 'dazu']",eine,im
"F: In dem Satz ""Wir machen eine Wanderung durch den Wald bei schoenem Wetter."", welches Wort kommt unmittelbar vor dem Wort ""durch""? A:","['Wir', 'machen', 'eine', 'Wanderung', 'durch', 'den', 'Wald', 'bei', 'schoenem', 'Wetter']",Wanderung,den
"F: In dem Satz ""Der Hund bellt laut, wenn jemand an der Tuer klingelt."", welches Wort steht direkt vor dem Wort ""der""? A:","['Der', 'Hund', 'bellt', 'laut', 'wenn', 'jemand', 'an', 'der', 'Tuer', 'klingelt']",an,der
"Welches Wort steht im Satz ""Der Hund kuschelt sich zufrieden in seine warme Decke."" direkt vor ""in""? ","['Der', 'Hund', 'kuschelt', 'sich', 'zufrieden', 'in', 'seine', 'warme', 'Decke']",zufrieden,seine
"F: In dem Satz ""Wir besuchen das Schloss im nahegelegenen Ort am Sonntag."", welches Wort kommt unmittelbar vor dem Wort ""nahegelegenen""? A:","['Wir', 'besuchen', 'das', 'Schloss', 'im', 'nahegelegenen', 'Ort', 'am', 'Sonntag']",im,am
"F: In dem Satz ""Ich hoere Musik, waehrend ich meine Hausaufgaben mache zu Hause."", welches Wort kommt unmittelbar vor dem Wort ""hoere""? A:","['Ich', 'hoere', 'Musik', 'waehrend', 'ich', 'meine', 'Hausaufgaben', 'mache', 'zu', 'Hause']",Ich,mache
"Welches Wort steht im Satz ""Er faehrt jeden Morgen mit dem Fahrrad zur Arbeit in die Stadt."" direkt vor ""dem""? ","['Er', 'faehrt', 'jeden', 'Morgen', 'mit', 'dem', 'Fahrrad', 'zur', 'Arbeit', 'in', 'die', 'Stadt']",mit,dem
"F: In dem Satz ""Ich koche heute eine Suppe mit frischem Gemuese."", welches Wort steht direkt vor dem Wort ""Suppe""? A:","['Ich', 'koche', 'heute', 'eine', 'Suppe', 'mit', 'frischem', 'Gemuese']",eine,frischem
"Welches Wort steht im Satz ""Die Katze schlaeft zufrieden auf dem gemuetlichen Sofa im Wohnzimmer."" direkt vor ""schlaeft""? ","['Die', 'Katze', 'schlaeft', 'zufrieden', 'auf', 'dem', 'gemuetlichen', 'Sofa', 'im', 'Wohnzimmer']",Katze,schlaeft
"Welches Wort steht im Satz ""Das Kind malt ein buntes Bild mit Wasserfarben."" direkt vor ""Kind""? ","['Das', 'Kind', 'malt', 'ein', 'buntes', 'Bild', 'mit', 'Wasserfarben']",Das,mit
"F: In dem Satz ""Der Film war spannend und hat mir gut gefallen."", welches Wort steht direkt vor dem Wort ""und""? A:","['Der', 'Film', 'war', 'spannend', 'und', 'hat', 'mir', 'gut', 'gefallen']",spannend,spannend
"F: In dem Satz ""Der Hund liebt es, im Park mit anderen Hunden zu spielen."", welches Wort steht direkt vor dem Wort ""Hunden""? A:","['Der', 'Hund', 'liebt', 'es', 'im', 'Park', 'mit', 'anderen', 'Hunden', 'zu', 'spielen']",anderen,es
"F: In dem Satz ""Sie liest gern Sachbuecher ueber Geschichte und Naturwissenschaften."", welches Wort kommt unmittelbar vor dem Wort ""liest""? A:","['Sie', 'liest', 'gern', 'Sachbuecher', 'ueber', 'Geschichte', 'und', 'Naturwissenschaften']",Sie,liest
"Welches Wort steht im Satz ""Der Lehrer erklaert geduldig neue Vokabeln im Deutschunterricht der Klasse."" direkt vor ""Vokabeln""? ","['Der', 'Lehrer', 'erklaert', 'geduldig', 'neue', 'Vokabeln', 'im', 'Deutschunterricht', 'der', 'Klasse']",neue,der
"F: In dem Satz ""Ich lese oft Buecher ueber Geschichte und Kultur."", welches Wort steht direkt vor dem Wort ""oft""? A:","['Ich', 'lese', 'oft', 'Buecher', 'ueber', 'Geschichte', 'und', 'Kultur']",lese,lese
"F: In dem Satz ""Bitte oeffne das Fenster, es ist warm und stickig im Zimmer."", welches Wort kommt unmittelbar vor dem Wort ""das""? A:","['Bitte', 'oeffne', 'das', 'Fenster', 'es', 'ist', 'warm', 'und', 'stickig', 'im', 'Zimmer']",oeffne,das
"F: In dem Satz ""Ich esse morgens oft frisches Obst und Joghurt zum Fruehstueck."", welches Wort steht direkt vor dem Wort ""und""? A:","['Ich', 'esse', 'morgens', 'oft', 'frisches', 'Obst', 'und', 'Joghurt', 'zum', 'Fruehstueck']",Obst,morgens
"Welches Wort steht im Satz ""Sie kocht heute ein neues Rezept mit viel Gemuese und Kraeutern."" direkt vor ""viel""? ","['Sie', 'kocht', 'heute', 'ein', 'neues', 'Rezept', 'mit', 'viel', 'Gemuese', 'und', 'Kraeutern']",mit,ein
"Welches Wort steht im Satz ""Die Kinder spielen draussen im Park mit Freunden und Ball."" direkt vor ""Freunden""? ","['Die', 'Kinder', 'spielen', 'draussen', 'im', 'Park', 'mit', 'Freunden', 'und', 'Ball']",mit,im
"F: In dem Satz ""Sie schreibt eine E-Mail an ihre beste Freundin."", welches Wort steht direkt vor dem Wort ""schreibt""? A:","['Sie', 'schreibt', 'eine', 'E-Mail', 'an', 'ihre', 'beste', 'Freundin']",Sie,an
"F: In dem Satz ""Ich mag es, im Herbst durch bunte Blaetter zu laufen."", welches Wort steht direkt vor dem Wort ""Blaetter""? A:","['Ich', 'mag', 'es', 'im', 'Herbst', 'durch', 'bunte', 'Blaetter', 'zu', 'laufen']",bunte,im
"F: In dem Satz ""Die Blumen bluehen bunt und duften angenehm im Fruehling."", welches Wort steht direkt vor dem Wort ""angenehm""? A:","['Die', 'Blumen', 'bluehen', 'bunt', 'und', 'duften', 'angenehm', 'im', 'Fruehling']",duften,angenehm
"Welches Wort steht im Satz ""Wir machen eine Fahrradtour entlang des Flusses im Sommer."" direkt vor ""im""? ","['Wir', 'machen', 'eine', 'Fahrradtour', 'entlang', 'des', 'Flusses', 'im', 'Sommer']",Flusses,des
"F: In dem Satz ""Sie trinkt abends gerne einen warmen Kraeutertee zum Entspannen."", welches Wort kommt unmittelbar vor dem Wort ""abends""? A:","['Sie', 'trinkt', 'abends', 'gerne', 'einen', 'warmen', 'Kraeutertee', 'zum', 'Entspannen']",trinkt,trinkt
"Welches Wort steht im Satz ""Ich hoere beim Joggen motivierende Musik, die mich antreibt."" direkt vor ""Musik""? ","['Ich', 'hoere', 'beim', 'Joggen', 'motivierende', 'Musik', 'die', 'mich', 'antreibt']",motivierende,mich
"Welches Wort steht im Satz ""Sie tanzt voller Freude zu ihrer Lieblingsmusik am Wochenende."" direkt vor ""tanzt""? ","['Sie', 'tanzt', 'voller', 'Freude', 'zu', 'ihrer', 'Lieblingsmusik', 'am', 'Wochenende']",Sie,am
"F: In dem Satz ""Die Kinder spielen froehlich im Sandkasten im Garten zusammen."", welches Wort kommt unmittelbar vor dem Wort ""Sandkasten""? A:","['Die', 'Kinder', 'spielen', 'froehlich', 'im', 'Sandkasten', 'im', 'Garten', 'zusammen']",im,spielen
"F: In dem Satz ""Die Katze schlaeft gerne auf dem warmen Sofa."", welches Wort steht direkt vor dem Wort ""warmen""? A:","['Die', 'Katze', 'schlaeft', 'gerne', 'auf', 'dem', 'warmen', 'Sofa']",dem,gerne
"F: In dem Satz ""Wir besuchen das Schloss im nahegelegenen Ort am Sonntag oft."", welches Wort kommt unmittelbar vor dem Wort ""im""? A:","['Wir', 'besuchen', 'das', 'Schloss', 'im', 'nahegelegenen', 'Ort', 'am', 'Sonntag', 'oft']",Schloss,am
"F: In dem Satz ""Sie kocht gern italienische Gerichte fuer ihre Familie am Wochenende."", welches Wort kommt unmittelbar vor dem Wort ""gern""? A:","['Sie', 'kocht', 'gern', 'italienische', 'Gerichte', 'fuer', 'ihre', 'Familie', 'am', 'Wochenende']",kocht,am
"F: In dem Satz ""Sie tanzt begeistert bei der Tanzstunde am Freitagabend in der Halle."", welches Wort kommt unmittelbar vor dem Wort ""in""? A:","['Sie', 'tanzt', 'begeistert', 'bei', 'der', 'Tanzstunde', 'am', 'Freitagabend', 'in', 'der', 'Halle']",Freitagabend,tanzt
"F: In dem Satz ""Die Katze schlaeft gerne auf dem warmen Sofa zu Hause."", welches Wort steht direkt vor dem Wort ""dem""? A:","['Die', 'Katze', 'schlaeft', 'gerne', 'auf', 'dem', 'warmen', 'Sofa', 'zu', 'Hause']",auf,auf
"Welches Wort steht im Satz ""Sie schreibt liebevolle Briefe an ihre Verwandten im Ausland."" direkt vor ""ihre""? ","['Sie', 'schreibt', 'liebevolle', 'Briefe', 'an', 'ihre', 'Verwandten', 'im', 'Ausland']",an,an
"F: In dem Satz ""Wir machen einen Ausflug in den Wald am Wochenende."", welches Wort steht direkt vor dem Wort ""in""? A:","['Wir', 'machen', 'einen', 'Ausflug', 'in', 'den', 'Wald', 'am', 'Wochenende']",Ausflug,einen
"F: In dem Satz ""Sie tanzt jeden Freitag im Tanzkurs mit grosser Freude."", welches Wort steht direkt vor dem Wort ""mit""? A:","['Sie', 'tanzt', 'jeden', 'Freitag', 'im', 'Tanzkurs', 'mit', 'grosser', 'Freude']",Tanzkurs,im
"Welches Wort steht im Satz ""Ich lese abends gern spannende Krimis vor dem Einschlafen."" direkt vor ""abends""? ","['Ich', 'lese', 'abends', 'gern', 'spannende', 'Krimis', 'vor', 'dem', 'Einschlafen']",lese,abends
"F: In dem Satz ""Bitte oeffne das Fenster, es ist sehr warm hier."", welches Wort steht direkt vor dem Wort ""sehr""? A:","['Bitte', 'oeffne', 'das', 'Fenster', 'es', 'ist', 'sehr', 'warm', 'hier']",ist,sehr
"F: In dem Satz ""Ich gehe jeden Sonntag in die Kirche."", welches Wort steht direkt vor dem Wort ""die""? A:","['Ich', 'gehe', 'jeden', 'Sonntag', 'in', 'die', 'Kirche']",in,in
"F: In dem Satz ""Die Kinder spielen draussen im Garten mit Freunden und haben viel Spass heute."", welches Wort kommt unmittelbar vor dem Wort ""Spass""? A:","['Die', 'Kinder', 'spielen', 'draussen', 'im', 'Garten', 'mit', 'Freunden', 'und', 'haben', 'viel', 'Spass', 'heute']",viel,heute
"F: In dem Satz ""Sie macht jeden Morgen Yoga zur Entspannung."", welches Wort steht direkt vor dem Wort ""Yoga""? A:","['Sie', 'macht', 'jeden', 'Morgen', 'Yoga', 'zur', 'Entspannung']",Morgen,zur
"F: In dem Satz ""Das Buch ist spannend und sehr gut geschrieben."", welches Wort steht direkt vor dem Wort ""sehr""? A:","['Das', 'Buch', 'ist', 'spannend', 'und', 'sehr', 'gut', 'geschrieben']",und,ist
"F: In dem Satz ""Ich gehe jeden Sonntag in die Kirche."", welches Wort steht direkt vor dem Wort ""gehe""? A:","['Ich', 'gehe', 'jeden', 'Sonntag', 'in', 'die', 'Kirche']",Ich,in
"F: In dem Satz ""Der Zug faehrt puenktlich um acht Uhr vom Bahnhof ab."", welches Wort steht direkt vor dem Wort ""puenktlich""? A:","['Der', 'Zug', 'faehrt', 'puenktlich', 'um', 'acht', 'Uhr', 'vom', 'Bahnhof', 'ab']",faehrt,faehrt
"F: In dem Satz ""Wir besuchen das Schloss im nahegelegenen Ort am Sonntag."", welches Wort kommt unmittelbar vor dem Wort ""besuchen""? A:","['Wir', 'besuchen', 'das', 'Schloss', 'im', 'nahegelegenen', 'Ort', 'am', 'Sonntag']",Wir,besuchen
"F: In dem Satz ""Wir machen eine Radtour am Wochenende entlang des Flusses."", welches Wort kommt unmittelbar vor dem Wort ""machen""? A:","['Wir', 'machen', 'eine', 'Radtour', 'am', 'Wochenende', 'entlang', 'des', 'Flusses']",Wir,am
"Welches Wort steht im Satz ""Ich mache jeden Morgen Yoga, um entspannt in den Tag zu starten."" direkt vor ""den""? ","['Ich', 'mache', 'jeden', 'Morgen', 'Yoga', 'um', 'entspannt', 'in', 'den', 'Tag', 'zu', 'starten']",in,in
"F: In dem Satz ""Am Wochenende machen wir eine lange Wanderung in den Bergen."", welches Wort steht direkt vor dem Wort ""den""? A:","['Am', 'Wochenende', 'machen', 'wir', 'eine', 'lange', 'Wanderung', 'in', 'den', 'Bergen']",in,eine
"Welches Wort steht im Satz ""Der Vogel zwitschert laut und munter in den fruehen Morgenstunden."" direkt vor ""fruehen""? ","['Der', 'Vogel', 'zwitschert', 'laut', 'und', 'munter', 'in', 'den', 'fruehen', 'Morgenstunden']",den,den
"F: In dem Satz ""Wir feiern Ostern traditionell mit bunten Eiern und der Familie."", welches Wort kommt unmittelbar vor dem Wort ""und""? A:","['Wir', 'feiern', 'Ostern', 'traditionell', 'mit', 'bunten', 'Eiern', 'und', 'der', 'Familie']",Eiern,der
"F: In dem Satz ""Der Hund rennt schnell ueber die Wiese im Park."", welches Wort kommt unmittelbar vor dem Wort ""die""? A:","['Der', 'Hund', 'rennt', 'schnell', 'ueber', 'die', 'Wiese', 'im', 'Park']",ueber,die
"Welches Wort steht im Satz ""Wir feiern Weihnachten mit der Familie und vielen leckeren Plaetzchen."" direkt vor ""und""? ","['Wir', 'feiern', 'Weihnachten', 'mit', 'der', 'Familie', 'und', 'vielen', 'leckeren', 'Plaetzchen']",Familie,feiern
"F: In dem Satz ""Die Sonne scheint warm auf die gruenen Wiesen."", welches Wort steht direkt vor dem Wort ""Sonne""? A:","['Die', 'Sonne', 'scheint', 'warm', 'auf', 'die', 'gruenen', 'Wiesen']",Die,auf
"Welches Wort steht im Satz ""Die Kinder sammeln bunte Blaetter im Park fuer ein Projekt."" direkt vor ""Park""? ","['Die', 'Kinder', 'sammeln', 'bunte', 'Blaetter', 'im', 'Park', 'fuer', 'ein', 'Projekt']",im,fuer
"F: In dem Satz ""Die Katze schlaeft den ganzen Tag auf dem Sofa."", welches Wort steht direkt vor dem Wort ""auf""? A:","['Die', 'Katze', 'schlaeft', 'den', 'ganzen', 'Tag', 'auf', 'dem', 'Sofa']",Tag,den
"Welches Wort steht im Satz ""Die Kinder spielen draussen im Garten Verstecken und haben Spass."" direkt vor ""Garten""? ","['Die', 'Kinder', 'spielen', 'draussen', 'im', 'Garten', 'Verstecken', 'und', 'haben', 'Spass']",im,im
"F: In dem Satz ""Die Katze jagt spielerisch den kleinen roten Laserpunkt im Wohnzimmer."", welches Wort kommt unmittelbar vor dem Wort ""im""? A:","['Die', 'Katze', 'jagt', 'spielerisch', 'den', 'kleinen', 'roten', 'Laserpunkt', 'im', 'Wohnzimmer']",Laserpunkt,spielerisch
"F: In dem Satz ""Sie hoert gern Musik beim Arbeiten am Computer."", welches Wort steht direkt vor dem Wort ""beim""? A:","['Sie', 'hoert', 'gern', 'Musik', 'beim', 'Arbeiten', 'am', 'Computer']",Musik,am
"Welches Wort steht im Satz ""Der Lehrer erklaert geduldig die schwierigen Aufgaben im Unterricht."" direkt vor ""erklaert""? ","['Der', 'Lehrer', 'erklaert', 'geduldig', 'die', 'schwierigen', 'Aufgaben', 'im', 'Unterricht']",Lehrer,im
"F: In dem Satz ""Sie schreibt taeglich in ihr Tagebuch ueber ihre Erlebnisse und Gefuehle."", welches Wort kommt unmittelbar vor dem Wort ""ueber""? A:","['Sie', 'schreibt', 'taeglich', 'in', 'ihr', 'Tagebuch', 'ueber', 'ihre', 'Erlebnisse', 'und', 'Gefuehle']",Tagebuch,taeglich
"F: In dem Satz ""Er schreibt eine Postkarte aus dem Urlaub an seine Familie."", welches Wort steht direkt vor dem Wort ""dem""? A:","['Er', 'schreibt', 'eine', 'Postkarte', 'aus', 'dem', 'Urlaub', 'an', 'seine', 'Familie']",aus,an
"F: In dem Satz ""Sie tanzt jeden Samstag im Tanzkurs mit grosser Freude."", welches Wort steht direkt vor dem Wort ""tanzt""? A:","['Sie', 'tanzt', 'jeden', 'Samstag', 'im', 'Tanzkurs', 'mit', 'grosser', 'Freude']",Sie,tanzt
"F: In dem Satz ""Ich koche heute eine leckere Suppe mit frischen Zutaten."", welches Wort steht direkt vor dem Wort ""Suppe""? A:","['Ich', 'koche', 'heute', 'eine', 'leckere', 'Suppe', 'mit', 'frischen', 'Zutaten']",leckere,eine
"F: In dem Satz ""Im Park spielen viele Kinder froehlich und laut."", welches Wort steht direkt vor dem Wort ""spielen""? A:","['Im', 'Park', 'spielen', 'viele', 'Kinder', 'froehlich', 'und', 'laut']",Park,spielen
"F: In dem Satz ""Ich koche heute eine leckere Suppe mit Gemuese."", welches Wort steht direkt vor dem Wort ""Suppe""? A:","['Ich', 'koche', 'heute', 'eine', 'leckere', 'Suppe', 'mit', 'Gemuese']",leckere,mit
"F: In dem Satz ""Im Park spielen viele Kinder laut auf dem grossen Spielplatz oft."", welches Wort kommt unmittelbar vor dem Wort ""grossen""? A:","['Im', 'Park', 'spielen', 'viele', 'Kinder', 'laut', 'auf', 'dem', 'grossen', 'Spielplatz', 'oft']",dem,laut
"F: In dem Satz ""Der Hund liebt es, mit anderen Hunden im Park zu spielen viel."", welches Wort kommt unmittelbar vor dem Wort ""liebt""? A:","['Der', 'Hund', 'liebt', 'es', 'mit', 'anderen', 'Hunden', 'im', 'Park', 'zu', 'spielen', 'viel']",Hund,viel
"F: In dem Satz ""Wir fahren im Sommer ans Meer zum Schwimmen und Entspannen jedes Jahr."", welches Wort kommt unmittelbar vor dem Wort ""Entspannen""? A:","['Wir', 'fahren', 'im', 'Sommer', 'ans', 'Meer', 'zum', 'Schwimmen', 'und', 'Entspannen', 'jedes', 'Jahr']",und,ans
"F: In dem Satz ""Der Himmel ist klar und die Sonne scheint warm und hell."", welches Wort kommt unmittelbar vor dem Wort ""Himmel""? A:","['Der', 'Himmel', 'ist', 'klar', 'und', 'die', 'Sonne', 'scheint', 'warm', 'und', 'hell']",Der,ist
"F: In dem Satz ""Das Wetter im Fruehling ist oft wechselhaft und mild."", welches Wort steht direkt vor dem Wort ""oft""? A:","['Das', 'Wetter', 'im', 'Fruehling', 'ist', 'oft', 'wechselhaft', 'und', 'mild']",ist,und
"F: In dem Satz ""Das Kind laeuft schnell durch den Park am Nachmittag."", welches Wort kommt unmittelbar vor dem Wort ""durch""? A:","['Das', 'Kind', 'laeuft', 'schnell', 'durch', 'den', 'Park', 'am', 'Nachmittag']",schnell,laeuft
"Welches Wort steht im Satz ""Der Hund bellt laut, wenn Besucher an der Tuer klingeln."" direkt vor ""Tuer""? ","['Der', 'Hund', 'bellt', 'laut', 'wenn', 'Besucher', 'an', 'der', 'Tuer', 'klingeln']",der,laut
"Welches Wort steht im Satz ""Der Himmel ist klar und die Sterne funkeln hell in der Nacht."" direkt vor ""funkeln""? ","['Der', 'Himmel', 'ist', 'klar', 'und', 'die', 'Sterne', 'funkeln', 'hell', 'in', 'der', 'Nacht']",Sterne,in
"F: In dem Satz ""Er faehrt jeden Morgen mit dem Fahrrad zur Arbeit in die Stadt."", welches Wort kommt unmittelbar vor dem Wort ""Morgen""? A:","['Er', 'faehrt', 'jeden', 'Morgen', 'mit', 'dem', 'Fahrrad', 'zur', 'Arbeit', 'in', 'die', 'Stadt']",jeden,jeden
"F: In dem Satz ""Das Wetter wird morgen kaelter und regnerisch."", welches Wort steht direkt vor dem Wort ""Wetter""? A:","['Das', 'Wetter', 'wird', 'morgen', 'kaelter', 'und', 'regnerisch']",Das,morgen
"F: In dem Satz ""Der Vogel singt ein schoenes Lied am fruehen Morgen im Garten."", welches Wort steht direkt vor dem Wort ""ein""? A:","['Der', 'Vogel', 'singt', 'ein', 'schoenes', 'Lied', 'am', 'fruehen', 'Morgen', 'im', 'Garten']",singt,am
"Welches Wort steht im Satz ""Sie liest gerne Romane ueber Abenteuer und ferne Laender."" direkt vor ""gerne""? ","['Sie', 'liest', 'gerne', 'Romane', 'ueber', 'Abenteuer', 'und', 'ferne', 'Laender']",liest,liest
"Welches Wort steht im Satz ""Der Hund apportiert den Stock, den ich ins Wasser werfe."" direkt vor ""ins""? ","['Der', 'Hund', 'apportiert', 'den', 'Stock', 'den', 'ich', 'ins', 'Wasser', 'werfe']",ich,ins
"Welches Wort steht im Satz ""Die Kinder basteln bunte Laternen fuer das Martinsfest in der Schule."" direkt vor ""bunte""? ","['Die', 'Kinder', 'basteln', 'bunte', 'Laternen', 'fuer', 'das', 'Martinsfest', 'in', 'der', 'Schule']",basteln,in
"Welches Wort steht im Satz ""Der Vogel singt sein Lied jeden Morgen vor dem Haus."" direkt vor ""jeden""? ","['Der', 'Vogel', 'singt', 'sein', 'Lied', 'jeden', 'Morgen', 'vor', 'dem', 'Haus']",Lied,jeden
"F: In dem Satz ""Wir feiern Ostern traditionell mit bunten Eiern und der Familie."", welches Wort kommt unmittelbar vor dem Wort ""der""? A:","['Wir', 'feiern', 'Ostern', 'traditionell', 'mit', 'bunten', 'Eiern', 'und', 'der', 'Familie']",und,traditionell
"F: In dem Satz ""Wir geniessen den sonnigen Tag beim Picknick im Park zusammen."", welches Wort kommt unmittelbar vor dem Wort ""Park""? A:","['Wir', 'geniessen', 'den', 'sonnigen', 'Tag', 'beim', 'Picknick', 'im', 'Park', 'zusammen']",im,im
"F: In dem Satz ""Ich koche heute Abend eine Pizza mit Gemuese und Kaese."", welches Wort steht direkt vor dem Wort ""mit""? A:","['Ich', 'koche', 'heute', 'Abend', 'eine', 'Pizza', 'mit', 'Gemuese', 'und', 'Kaese']",Pizza,eine
"F: In dem Satz ""Ich gehe abends spazieren, um den Kopf frei zu bekommen."", welches Wort kommt unmittelbar vor dem Wort ""abends""? A:","['Ich', 'gehe', 'abends', 'spazieren', 'um', 'den', 'Kopf', 'frei', 'zu', 'bekommen']",gehe,den
"Welches Wort steht im Satz ""Ich gehe abends spazieren, um den Kopf frei zu bekommen."" direkt vor ""den""? ","['Ich', 'gehe', 'abends', 'spazieren', 'um', 'den', 'Kopf', 'frei', 'zu', 'bekommen']",um,den
"F: In dem Satz ""Ich esse gern frisches Obst und Gemuese."", welches Wort steht direkt vor dem Wort ""gern""? A:","['Ich', 'esse', 'gern', 'frisches', 'Obst', 'und', 'Gemuese']",esse,frisches
"Welches Wort steht im Satz ""Die Kinder spielen froehlich Verstecken im grossen Garten."" direkt vor ""im""? ","['Die', 'Kinder', 'spielen', 'froehlich', 'Verstecken', 'im', 'grossen', 'Garten']",Verstecken,spielen
"F: In dem Satz ""Sie tanzt elegant auf der Buehne bei der Auffuehrung am Wochenende heute."", welches Wort kommt unmittelbar vor dem Wort ""tanzt""? A:","['Sie', 'tanzt', 'elegant', 'auf', 'der', 'Buehne', 'bei', 'der', 'Auffuehrung', 'am', 'Wochenende', 'heute']",Sie,bei
"Welches Wort steht im Satz ""Sie traegt einen warmen Schal gegen die kalte Winterluft."" direkt vor ""traegt""? ","['Sie', 'traegt', 'einen', 'warmen', 'Schal', 'gegen', 'die', 'kalte', 'Winterluft']",Sie,traegt
"Welches Wort steht im Satz ""Sie liest jeden Abend ein paar Seiten in ihrem Buch."" direkt vor ""Seiten""? ","['Sie', 'liest', 'jeden', 'Abend', 'ein', 'paar', 'Seiten', 'in', 'ihrem', 'Buch']",paar,liest
"F: In dem Satz ""Der Vogel singt ein schoenes Lied am Morgen."", welches Wort steht direkt vor dem Wort ""ein""? A:","['Der', 'Vogel', 'singt', 'ein', 'schoenes', 'Lied', 'am', 'Morgen']",singt,schoenes
"F: In dem Satz ""Der Lehrer lobt die Schueler fuer ihre guten Noten im Test."", welches Wort kommt unmittelbar vor dem Wort ""lobt""? A:","['Der', 'Lehrer', 'lobt', 'die', 'Schueler', 'fuer', 'ihre', 'guten', 'Noten', 'im', 'Test']",Lehrer,die
"Welches Wort steht im Satz ""Sie traegt eine bunte Jacke bei dem kuehlen Wind."" direkt vor ""bei""? ","['Sie', 'traegt', 'eine', 'bunte', 'Jacke', 'bei', 'dem', 'kuehlen', 'Wind']",Jacke,traegt
"F: In dem Satz ""Ich trinke morgens Kaffee mit Milch und Zucker zum Wachwerden heute."", welches Wort kommt unmittelbar vor dem Wort ""trinke""? A:","['Ich', 'trinke', 'morgens', 'Kaffee', 'mit', 'Milch', 'und', 'Zucker', 'zum', 'Wachwerden', 'heute']",Ich,achwerden
"F: In dem Satz ""Der Himmel ist klar und die Sonne scheint warm und hell."", welches Wort kommt unmittelbar vor dem Wort ""warm""? A:","['Der', 'Himmel', 'ist', 'klar', 'und', 'die', 'Sonne', 'scheint', 'warm', 'und', 'hell']",scheint,ist
"F: In dem Satz ""Die Katze schlaeft auf dem warmen Fensterbrett."", welches Wort steht direkt vor dem Wort ""dem""? A:","['Die', 'Katze', 'schlaeft', 'auf', 'dem', 'warmen', 'Fensterbrett']",auf,dem
"Welches Wort steht im Satz ""Wir besuchen das Museum fuer moderne Kunst in der Stadt."" direkt vor ""fuer""? ","['Wir', 'besuchen', 'das', 'Museum', 'fuer', 'moderne', 'Kunst', 'in', 'der', 'Stadt']",Museum,ir
"Welches Wort steht im Satz ""Wir fahren im Herbst oft mit dem Auto ins Gebirge zum Wandern."" direkt vor ""dem""? ","['Wir', 'fahren', 'im', 'Herbst', 'oft', 'mit', 'dem', 'Auto', 'ins', 'Gebirge', 'zum', 'Wandern']",mit,dem
"F: In dem Satz ""Der Zug kommt puenktlich am Bahnhof an."", welches Wort steht direkt vor dem Wort ""Zug""? A:","['Der', 'Zug', 'kommt', 'puenktlich', 'am', 'Bahnhof', 'an']",Der,puenktlich
"F: In dem Satz ""Die Kinder malen bunte Bilder fuer das Kunstprojekt in der Schule."", welches Wort kommt unmittelbar vor dem Wort ""Kunstprojekt""? A:","['Die', 'Kinder', 'malen', 'bunte', 'Bilder', 'fuer', 'das', 'Kunstprojekt', 'in', 'der', 'Schule']",das,in
"Welches Wort steht im Satz ""Ich trinke morgens gern Tee mit Honig und frischer Zitrone."" direkt vor ""trinke""? ","['Ich', 'trinke', 'morgens', 'gern', 'Tee', 'mit', 'Honig', 'und', 'frischer', 'Zitrone']",Ich,mit
"F: In dem Satz ""Die Lampe im Wohnzimmer leuchtet hell und gemuetlich."", welches Wort steht direkt vor dem Wort ""Lampe""? A:","['Die', 'Lampe', 'im', 'Wohnzimmer', 'leuchtet', 'hell', 'und', 'gemuetlich']",Die,im
"F: In dem Satz ""Der Zug kommt puenktlich am Bahnhof an und faehrt weiter nach Berlin."", welches Wort steht direkt vor dem Wort ""Zug""? A:","['Der', 'Zug', 'kommt', 'puenktlich', 'am', 'Bahnhof', 'an', 'und', 'faehrt', 'weiter', 'nach', 'Berlin']",Der,faehrt
"F: In dem Satz ""Er faehrt jeden Morgen mit dem Fahrrad zur Arbeit in die Stadt."", welches Wort kommt unmittelbar vor dem Wort ""jeden""? A:","['Er', 'faehrt', 'jeden', 'Morgen', 'mit', 'dem', 'Fahrrad', 'zur', 'Arbeit', 'in', 'die', 'Stadt']",faehrt,mit
"F: In dem Satz ""Sie traegt im Winter eine warme Jacke und Handschuhe bei Frost."", welches Wort kommt unmittelbar vor dem Wort ""bei""? A:","['Sie', 'traegt', 'im', 'Winter', 'eine', 'warme', 'Jacke', 'und', 'Handschuhe', 'bei', 'Frost']",Handschuhe,traegt
"F: In dem Satz ""Er faehrt mit dem Bus zur Arbeit jeden Morgen."", welches Wort steht direkt vor dem Wort ""faehrt""? A:","['Er', 'faehrt', 'mit', 'dem', 'Bus', 'zur', 'Arbeit', 'jeden', 'Morgen']",Er,jeden
"F: In dem Satz ""Wir gehen abends spazieren und geniessen die frische Luft."", welches Wort kommt unmittelbar vor dem Wort ""gehen""? A:","['Wir', 'gehen', 'abends', 'spazieren', 'und', 'geniessen', 'die', 'frische', 'Luft']",Wir,die
"F: In dem Satz ""Das Wetter ist heute warm und sonnig."", welches Wort steht direkt vor dem Wort ""und""? A:","['Das', 'Wetter', 'ist', 'heute', 'warm', 'und', 'sonnig']",warm,sonnig
"F: In dem Satz ""Das Fruehstueck ist fertig, bitte setzt euch an den Tisch."", welches Wort steht direkt vor dem Wort ""fertig""? A:","['Das', 'Fruehstueck', 'ist', 'fertig', 'bitte', 'setzt', 'euch', 'an', 'den', 'Tisch']",ist,euch
"F: In dem Satz ""Sie traegt im Winter eine dicke Jacke und warme Handschuhe."", welches Wort kommt unmittelbar vor dem Wort ""im""? A:","['Sie', 'traegt', 'im', 'Winter', 'eine', 'dicke', 'Jacke', 'und', 'warme', 'Handschuhe']",traegt,traegt
"Welches Wort steht im Satz ""Der Hund apportiert den Ball, den ich ins Wasser werfe."" direkt vor ""ins""? ","['Der', 'Hund', 'apportiert', 'den', 'Ball', 'den', 'ich', 'ins', 'Wasser', 'werfe']",ich,asser
"F: In dem Satz ""Wir essen heute Abend frische Pasta mit Tomatensosse."", welches Wort steht direkt vor dem Wort ""heute""? A:","['Wir', 'essen', 'heute', 'Abend', 'frische', 'Pasta', 'mit', 'Tomatensosse']",essen,essen
"Welches Wort steht im Satz ""Sie liest im Park unter einem Baum ein spannendes Buch."" direkt vor ""einem""? ","['Sie', 'liest', 'im', 'Park', 'unter', 'einem', 'Baum', 'ein', 'spannendes', 'Buch']",unter,einem
"Welches Wort steht im Satz ""Ich gehe abends spazieren, um den Kopf frei zu bekommen."" direkt vor ""um""? ","['Ich', 'gehe', 'abends', 'spazieren', 'um', 'den', 'Kopf', 'frei', 'zu', 'bekommen']",spazieren,den
"F: In dem Satz ""Das Fruehstueck ist die wichtigste Mahlzeit des Tages."", welches Wort steht direkt vor dem Wort ""des""? A:","['Das', 'Fruehstueck', 'ist', 'die', 'wichtigste', 'Mahlzeit', 'des', 'Tages']",Mahlzeit,ist
"Welches Wort steht im Satz ""Die Blumen auf dem Balkon bluehen schoen in der warmen Sonne."" direkt vor ""schoen""? ","['Die', 'Blumen', 'auf', 'dem', 'Balkon', 'bluehen', 'schoen', 'in', 'der', 'warmen', 'Sonne']",bluehen,schoen
"F: In dem Satz ""Der Hund laeuft schnell durch den grossen Garten."", welches Wort steht direkt vor dem Wort ""schnell""? A:","['Der', 'Hund', 'laeuft', 'schnell', 'durch', 'den', 'grossen', 'Garten']",laeuft,schnell
"F: In dem Satz ""Der Berg ist hoch und bietet eine tolle Aussicht."", welches Wort steht direkt vor dem Wort ""tolle""? A:","['Der', 'Berg', 'ist', 'hoch', 'und', 'bietet', 'eine', 'tolle', 'Aussicht']",eine,tolle
"F: In dem Satz ""Die Kinder spielen froehlich im Sandkasten im Garten zusammen oft."", welches Wort kommt unmittelbar vor dem Wort ""froehlich""? A:","['Die', 'Kinder', 'spielen', 'froehlich', 'im', 'Sandkasten', 'im', 'Garten', 'zusammen', 'oft']",spielen,froehlich
"F: In dem Satz ""Sie schreibt eine Karte an ihre Freundin zum Geburtstag."", welches Wort kommt unmittelbar vor dem Wort ""Karte""? A:","['Sie', 'schreibt', 'eine', 'Karte', 'an', 'ihre', 'Freundin', 'zum', 'Geburtstag']",eine,ihre
"Welches Wort steht im Satz ""Ich trinke morgens immer eine Tasse starken schwarzen Kaffee."" direkt vor ""eine""? ","['Ich', 'trinke', 'morgens', 'immer', 'eine', 'Tasse', 'starken', 'schwarzen', 'Kaffee']",immer,schwarzen
"F: In dem Satz ""Der Berg ist hoch und bietet tolle Aussicht auf das Tal heute."", welches Wort kommt unmittelbar vor dem Wort ""bietet""? A:","['Der', 'Berg', 'ist', 'hoch', 'und', 'bietet', 'tolle', 'Aussicht', 'auf', 'das', 'Tal', 'heute']",und,und
"F: In dem Satz ""Ich hoere Musik beim Lernen, das hilft mir sehr."", welches Wort steht direkt vor dem Wort ""Musik""? A:","['Ich', 'hoere', 'Musik', 'beim', 'Lernen', 'das', 'hilft', 'mir', 'sehr']",hoere,das
"F: In dem Satz ""Sie spielt Geige und uebt regelmaessig fuer das Konzert naechste Woche."", welches Wort kommt unmittelbar vor dem Wort ""und""? A:","['Sie', 'spielt', 'Geige', 'und', 'uebt', 'regelmaessig', 'fuer', 'das', 'Konzert', 'naechste', 'Woche']",Geige,das
"F: In dem Satz ""Ich lerne neue deutsche Woerter und Redewendungen taeglich und fleissig."", welches Wort kommt unmittelbar vor dem Wort ""Redewendungen""? A:","['Ich', 'lerne', 'neue', 'deutsche', 'Woerter', 'und', 'Redewendungen', 'taeglich', 'und', 'fleissig']",und,lerne
"Welches Wort steht im Satz ""Sie spielt Geige und uebt fleissig fuer das Konzert naechste Woche."" direkt vor ""spielt""? ","['Sie', 'spielt', 'Geige', 'und', 'uebt', 'fleissig', 'fuer', 'das', 'Konzert', 'naechste', 'Woche']",Sie,das
"F: In dem Satz ""Wir geniessen den sonnigen Tag beim Picknick im Park zusammen."", welches Wort kommt unmittelbar vor dem Wort ""sonnigen""? A:","['Wir', 'geniessen', 'den', 'sonnigen', 'Tag', 'beim', 'Picknick', 'im', 'Park', 'zusammen']",den,sonnigen
"F: In dem Satz ""Wir essen zum Abendbrot frische Nudeln mit Tomatensosse."", welches Wort steht direkt vor dem Wort ""Abendbrot""? A:","['Wir', 'essen', 'zum', 'Abendbrot', 'frische', 'Nudeln', 'mit', 'Tomatensosse']",zum,essen
"F: In dem Satz ""Der Vogel singt jeden Morgen ein schoenes Lied."", welches Wort steht direkt vor dem Wort ""ein""? A:","['Der', 'Vogel', 'singt', 'jeden', 'Morgen', 'ein', 'schoenes', 'Lied']",Morgen,ein
"F: In dem Satz ""Der Lehrer gibt viele Hausaufgaben fuer das Wochenende auf."", welches Wort steht direkt vor dem Wort ""Lehrer""? A:","['Der', 'Lehrer', 'gibt', 'viele', 'Hausaufgaben', 'fuer', 'das', 'Wochenende', 'auf']",Der,fuer
"Welches Wort steht im Satz ""Der Lehrer erklaert geduldig die schwierigen Grammatikregeln im Unterricht."" direkt vor ""schwierigen""? ","['Der', 'Lehrer', 'erklaert', 'geduldig', 'die', 'schwierigen', 'Grammatikregeln', 'im', 'Unterricht']",die,die
"F: In dem Satz ""Er schreibt jeden Tag in sein Tagebuch ueber Erlebnisse und Gedanken."", welches Wort kommt unmittelbar vor dem Wort ""sein""? A:","['Er', 'schreibt', 'jeden', 'Tag', 'in', 'sein', 'Tagebuch', 'ueber', 'Erlebnisse', 'und', 'Gedanken']",in,ueber
"F: In dem Satz ""Sie schreibt eine Karte aus dem Urlaub an ihre Familie."", welches Wort kommt unmittelbar vor dem Wort ""Karte""? A:","['Sie', 'schreibt', 'eine', 'Karte', 'aus', 'dem', 'Urlaub', 'an', 'ihre', 'Familie']",eine,ihre
"F: In dem Satz ""Der Vogel zwitschert laut im Baum frueh am Morgen."", welches Wort kommt unmittelbar vor dem Wort ""laut""? A:","['Der', 'Vogel', 'zwitschert', 'laut', 'im', 'Baum', 'frueh', 'am', 'Morgen']",zwitschert,im
"F: In dem Satz ""Die Katze schlaeft auf dem Fensterbrett und traeumt."", welches Wort steht direkt vor dem Wort ""dem""? A:","['Die', 'Katze', 'schlaeft', 'auf', 'dem', 'Fensterbrett', 'und', 'traeumt']",auf,dem
"F: In dem Satz ""Der Vogel singt ein schoenes Lied am Morgen."", welches Wort steht direkt vor dem Wort ""singt""? A:","['Der', 'Vogel', 'singt', 'ein', 'schoenes', 'Lied', 'am', 'Morgen']",Vogel,schoenes
"F: In dem Satz ""Der Hund schlaeft friedlich auf dem weichen Teppich."", welches Wort steht direkt vor dem Wort ""weichen""? A:","['Der', 'Hund', 'schlaeft', 'friedlich', 'auf', 'dem', 'weichen', 'Teppich']",dem,friedlich
"F: In dem Satz ""Die Kinder malen Bilder fuer den Kunstwettbewerb in der Schule."", welches Wort kommt unmittelbar vor dem Wort ""malen""? A:","['Die', 'Kinder', 'malen', 'Bilder', 'fuer', 'den', 'Kunstwettbewerb', 'in', 'der', 'Schule']",Kinder,fuer
"F: In dem Satz ""Die Blumen bluehen bunt im Fruehling und Sommer in unserem Garten."", welches Wort kommt unmittelbar vor dem Wort ""Sommer""? A:","['Die', 'Blumen', 'bluehen', 'bunt', 'im', 'Fruehling', 'und', 'Sommer', 'in', 'unserem', 'Garten']",und,in
"Welches Wort steht im Satz ""Wir fahren im Herbst oft mit dem Auto ins Gebirge zum Wandern."" direkt vor ""ins""? ","['Wir', 'fahren', 'im', 'Herbst', 'oft', 'mit', 'dem', 'Auto', 'ins', 'Gebirge', 'zum', 'Wandern']",Auto,dem
"Welches Wort steht im Satz ""Der Vogel fliegt hoch ueber die Baeume und singt laut."" direkt vor ""und""? ","['Der', 'Vogel', 'fliegt', 'hoch', 'ueber', 'die', 'Baeume', 'und', 'singt', 'laut']",Baeume,singt
"F: In dem Satz ""Sie traegt im Winter eine warme Jacke und Handschuhe bei Frost oft."", welches Wort kommt unmittelbar vor dem Wort ""traegt""? A:","['Sie', 'traegt', 'im', 'Winter', 'eine', 'warme', 'Jacke', 'und', 'Handschuhe', 'bei', 'Frost', 'oft']",Sie,bei
"Welches Wort steht im Satz ""Die Kinder basteln bunte Laternen fuer das Laternenfest in der Schule."" direkt vor ""Laternen""? ","['Die', 'Kinder', 'basteln', 'bunte', 'Laternen', 'fuer', 'das', 'Laternenfest', 'in', 'der', 'Schule']",bunte,das
"Welches Wort steht im Satz ""Er faehrt jeden Tag mit dem Fahrrad zur Arbeit in die Stadt."" direkt vor ""dem""? ","['Er', 'faehrt', 'jeden', 'Tag', 'mit', 'dem', 'Fahrrad', 'zur', 'Arbeit', 'in', 'die', 'Stadt']",mit,zur
"Welches Wort steht im Satz ""Wir feiern Geburtstag mit Familie, Freunden und leckerem Essen."" direkt vor ""mit""? ","['Wir', 'feiern', 'Geburtstag', 'mit', 'Familie', 'Freunden', 'und', 'leckerem', 'Essen']",Geburtstag,mit
"F: In dem Satz ""Das Wetter im Fruehling ist oft wechselhaft."", welches Wort steht direkt vor dem Wort ""im""? A:","['Das', 'Wetter', 'im', 'Fruehling', 'ist', 'oft', 'wechselhaft']",Wetter,etter
"Welches Wort steht im Satz ""Er faehrt jeden Morgen mit dem Fahrrad zur Arbeit in der Stadt."" direkt vor ""in""? ","['Er', 'faehrt', 'jeden', 'Morgen', 'mit', 'dem', 'Fahrrad', 'zur', 'Arbeit', 'in', 'der', 'Stadt']",Arbeit,jeden
"Welches Wort steht im Satz ""Der Hund liegt faul in der Sonne und geniesst das Wetter."" direkt vor ""Sonne""? ","['Der', 'Hund', 'liegt', 'faul', 'in', 'der', 'Sonne', 'und', 'geniesst', 'das', 'Wetter']",der,etter
"Welches Wort steht im Satz ""Das Kind lacht laut beim Spielen im Garten draussen."" direkt vor ""lacht""? ","['Das', 'Kind', 'lacht', 'laut', 'beim', 'Spielen', 'im', 'Garten', 'draussen']",Kind,lacht
"F: In dem Satz ""Die Lampe leuchtet hell im dunklen Zimmer."", welches Wort steht direkt vor dem Wort ""Lampe""? A:","['Die', 'Lampe', 'leuchtet', 'hell', 'im', 'dunklen', 'Zimmer']",Die,leuchtet
"F: In dem Satz ""Ich gehe abends spazieren, um den Kopf frei zu bekommen."", welches Wort kommt unmittelbar vor dem Wort ""zu""? A:","['Ich', 'gehe', 'abends', 'spazieren', 'um', 'den', 'Kopf', 'frei', 'zu', 'bekommen']",frei,abends
"Welches Wort steht im Satz ""Die Sonne scheint warm auf die bunten Blaetter im Park."" direkt vor ""scheint""? ","['Die', 'Sonne', 'scheint', 'warm', 'auf', 'die', 'bunten', 'Blaetter', 'im', 'Park']",Sonne,bunten
"F: In dem Satz ""Ich gehe jeden Tag mindestens eine Stunde spazieren im Park."", welches Wort steht direkt vor dem Wort ""gehe""? A:","['Ich', 'gehe', 'jeden', 'Tag', 'mindestens', 'eine', 'Stunde', 'spazieren', 'im', 'Park']",Ich,gehe
"Welches Wort steht im Satz ""Die Kinder spielen draussen im Park mit Freunden und Ball."" direkt vor ""und""? ","['Die', 'Kinder', 'spielen', 'draussen', 'im', 'Park', 'mit', 'Freunden', 'und', 'Ball']",Freunden,spielen
"F: In dem Satz ""Ich koche heute eine Pizza mit frischem Gemuese."", welches Wort steht direkt vor dem Wort ""heute""? A:","['Ich', 'koche', 'heute', 'eine', 'Pizza', 'mit', 'frischem', 'Gemuese']",koche,heute
"F: In dem Satz ""Wir besuchen im Sommer oft den See zum Schwimmen und Entspannen."", welches Wort kommt unmittelbar vor dem Wort ""den""? A:","['Wir', 'besuchen', 'im', 'Sommer', 'oft', 'den', 'See', 'zum', 'Schwimmen', 'und', 'Entspannen']",oft,den
"F: In dem Satz ""Im Park spielen viele Kinder froehlich und laut."", welches Wort steht direkt vor dem Wort ""spielen""? A:","['Im', 'Park', 'spielen', 'viele', 'Kinder', 'froehlich', 'und', 'laut']",Park,und
"Welches Wort steht im Satz ""Wir besuchen das Museum fuer moderne Kunst in der Stadt."" direkt vor ""in""? ","['Wir', 'besuchen', 'das', 'Museum', 'fuer', 'moderne', 'Kunst', 'in', 'der', 'Stadt']",Kunst,moderne
"F: In dem Satz ""Die Katze klettert geschickt auf den Baum im Garten hoch."", welches Wort kommt unmittelbar vor dem Wort ""geschickt""? A:","['Die', 'Katze', 'klettert', 'geschickt', 'auf', 'den', 'Baum', 'im', 'Garten', 'hoch']",klettert,auf
"Welches Wort steht im Satz ""Ich trinke abends gerne eine Tasse warmen Kraeutertee zur Entspannung."" direkt vor ""Kraeutertee""? ","['Ich', 'trinke', 'abends', 'gerne', 'eine', 'Tasse', 'warmen', 'Kraeutertee', 'zur', 'Entspannung']",warmen,abends
"F: In dem Satz ""Wir fahren am Wochenende mit dem Fahrrad durch die Stadt."", welches Wort kommt unmittelbar vor dem Wort ""Wochenende""? A:","['Wir', 'fahren', 'am', 'Wochenende', 'mit', 'dem', 'Fahrrad', 'durch', 'die', 'Stadt']",am,am
"F: In dem Satz ""Ich trinke morgens gern schwarzen Kaffee ohne Zucker und Milch."", welches Wort kommt unmittelbar vor dem Wort ""morgens""? A:","['Ich', 'trinke', 'morgens', 'gern', 'schwarzen', 'Kaffee', 'ohne', 'Zucker', 'und', 'Milch']",trinke,schwarzen
"F: In dem Satz ""Der Lehrer erklaert die Aufgaben sehr verstaendlich."", welches Wort steht direkt vor dem Wort ""Aufgaben""? A:","['Der', 'Lehrer', 'erklaert', 'die', 'Aufgaben', 'sehr', 'verstaendlich']",die,die
"F: In dem Satz ""Die Kinder spielen draussen im Garten mit ihren Freunden und haben Spass."", welches Wort steht direkt vor dem Wort ""haben""? A:","['Die', 'Kinder', 'spielen', 'draussen', 'im', 'Garten', 'mit', 'ihren', 'Freunden', 'und', 'haben', 'Spass']",und,mit
"F: In dem Satz ""Ich hoere oft Podcasts beim Autofahren zur Unterhaltung."", welches Wort kommt unmittelbar vor dem Wort ""oft""? A:","['Ich', 'hoere', 'oft', 'Podcasts', 'beim', 'Autofahren', 'zur', 'Unterhaltung']",hoere,hoere
"F: In dem Satz ""Sie traegt im Winter eine dicke Jacke und warme Stiefel."", welches Wort kommt unmittelbar vor dem Wort ""dicke""? A:","['Sie', 'traegt', 'im', 'Winter', 'eine', 'dicke', 'Jacke', 'und', 'warme', 'Stiefel']",eine,traegt
"F: In dem Satz ""Wir feiern Weihnachten mit der ganzen Familie zusammen."", welches Wort steht direkt vor dem Wort ""ganzen""? A:","['Wir', 'feiern', 'Weihnachten', 'mit', 'der', 'ganzen', 'Familie', 'zusammen']",der,feiern
"Welches Wort steht im Satz ""Wir feiern heute ein Fest mit Musik und guter Laune."" direkt vor ""ein""? ","['Wir', 'feiern', 'heute', 'ein', 'Fest', 'mit', 'Musik', 'und', 'guter', 'Laune']",heute,ir
"Welches Wort steht im Satz ""Wir geniessen den sonnigen Tag beim Picknick im Park zusammen."" direkt vor ""Park""? ","['Wir', 'geniessen', 'den', 'sonnigen', 'Tag', 'beim', 'Picknick', 'im', 'Park', 'zusammen']",im,im
"F: In dem Satz ""Der Hund liebt es, im Park zu rennen und zu spielen den ganzen Tag."", welches Wort steht direkt vor dem Wort ""im""? A:","['Der', 'Hund', 'liebt', 'es', 'im', 'Park', 'zu', 'rennen', 'und', 'zu', 'spielen', 'den', 'ganzen', 'Tag']",es,den
"Welches Wort steht im Satz ""Er faehrt mit dem Fahrrad durch den Park jeden Morgen."" direkt vor ""dem""? ","['Er', 'faehrt', 'mit', 'dem', 'Fahrrad', 'durch', 'den', 'Park', 'jeden', 'Morgen']",mit,den
"Welches Wort steht im Satz ""Ich koche heute eine bunte Gemuesesuppe mit frischen Kraeutern."" direkt vor ""heute""? ","['Ich', 'koche', 'heute', 'eine', 'bunte', 'Gemuesesuppe', 'mit', 'frischen', 'Kraeutern']",koche,heute
"F: In dem Satz ""Wir machen einen Spaziergang am Flussufer im warmen Sonnenschein."", welches Wort kommt unmittelbar vor dem Wort ""warmen""? A:","['Wir', 'machen', 'einen', 'Spaziergang', 'am', 'Flussufer', 'im', 'warmen', 'Sonnenschein']",im,ir
"F: In dem Satz ""Wir machen einen Spaziergang durch den Park am Abend."", welches Wort steht direkt vor dem Wort ""durch""? A:","['Wir', 'machen', 'einen', 'Spaziergang', 'durch', 'den', 'Park', 'am', 'Abend']",Spaziergang,den
"Welches Wort steht im Satz ""Wir treffen uns am Sonntag zum Fruehstueck im kleinen Café in der Stadt."" direkt vor ""treffen""? ","['Wir', 'treffen', 'uns', 'am', 'Sonntag', 'zum', 'Fruehstueck', 'im', 'kleinen', 'Café', 'in', 'der', 'Stadt']",Wir,im
"F: In dem Satz ""Das Wetter im Fruehling ist oft wechselhaft und mild mit Sonne."", welches Wort kommt unmittelbar vor dem Wort ""Wetter""? A:","['Das', 'Wetter', 'im', 'Fruehling', 'ist', 'oft', 'wechselhaft', 'und', 'mild', 'mit', 'Sonne']",Das,etter
"Welches Wort steht im Satz ""Ich gehe abends spazieren, um den Kopf frei zu bekommen."" direkt vor ""zu""? ","['Ich', 'gehe', 'abends', 'spazieren', 'um', 'den', 'Kopf', 'frei', 'zu', 'bekommen']",frei,bekommen
"F: In dem Satz ""Er spielt jeden Abend Klavier und uebt neue Stuecke."", welches Wort kommt unmittelbar vor dem Wort ""uebt""? A:","['Er', 'spielt', 'jeden', 'Abend', 'Klavier', 'und', 'uebt', 'neue', 'Stuecke']",und,neue
"F: In dem Satz ""Sie malt ein Bild von der schoenen Landschaft im Herbst."", welches Wort steht direkt vor dem Wort ""Bild""? A:","['Sie', 'malt', 'ein', 'Bild', 'von', 'der', 'schoenen', 'Landschaft', 'im', 'Herbst']",ein,im
"F: In dem Satz ""Sie kocht gern leckere Gerichte aus verschiedenen Laendern Europas."", welches Wort kommt unmittelbar vor dem Wort ""gern""? A:","['Sie', 'kocht', 'gern', 'leckere', 'Gerichte', 'aus', 'verschiedenen', 'Laendern', 'Europas']",kocht,aus
"F: In dem Satz ""Wir machen eine Wanderung durch den Wald am Wochenende."", welches Wort steht direkt vor dem Wort ""durch""? A:","['Wir', 'machen', 'eine', 'Wanderung', 'durch', 'den', 'Wald', 'am', 'Wochenende']",Wanderung,am
"Welches Wort steht im Satz ""Ich koche heute Abend eine leckere Gemuesesuppe mit Kraeutern."" direkt vor ""heute""? ","['Ich', 'koche', 'heute', 'Abend', 'eine', 'leckere', 'Gemuesesuppe', 'mit', 'Kraeutern']",koche,heute
"F: In dem Satz ""Sie kocht gern leckere Gerichte aus verschiedenen Laendern Europas."", welches Wort kommt unmittelbar vor dem Wort ""Laendern""? A:","['Sie', 'kocht', 'gern', 'leckere', 'Gerichte', 'aus', 'verschiedenen', 'Laendern', 'Europas']",verschiedenen,gern
"Welches Wort steht im Satz ""Sie liest gern spannende Krimis bei Kerzenschein am Abend."" direkt vor ""Kerzenschein""? ","['Sie', 'liest', 'gern', 'spannende', 'Krimis', 'bei', 'Kerzenschein', 'am', 'Abend']",bei,spannende
"F: In dem Satz ""Ich lerne Deutsch, um besser kommunizieren zu koennen."", welches Wort steht direkt vor dem Wort ""besser""? A:","['Ich', 'lerne', 'Deutsch', 'um', 'besser', 'kommunizieren', 'zu', 'koennen']",um,lerne
"F: In dem Satz ""Ich lese oft spannende Buecher ueber Geschichte und Kultur."", welches Wort steht direkt vor dem Wort ""spannende""? A:","['Ich', 'lese', 'oft', 'spannende', 'Buecher', 'ueber', 'Geschichte', 'und', 'Kultur']",oft,oft
"F: In dem Satz ""Ich lese gern spannende Romane und Geschichten."", welches Wort steht direkt vor dem Wort ""Romane""? A:","['Ich', 'lese', 'gern', 'spannende', 'Romane', 'und', 'Geschichten']",spannende,spannende
"Welches Wort steht im Satz ""Wir besuchen den Wochenmarkt und kaufen frisches Gemuese ein."" direkt vor ""besuchen""? ","['Wir', 'besuchen', 'den', 'Wochenmarkt', 'und', 'kaufen', 'frisches', 'Gemuese', 'ein']",Wir,ochenmarkt
"F: In dem Satz ""Ich lese oft Buecher ueber Geschichte und interessante Kulturen weltweit."", welches Wort kommt unmittelbar vor dem Wort ""Kulturen""? A:","['Ich', 'lese', 'oft', 'Buecher', 'ueber', 'Geschichte', 'und', 'interessante', 'Kulturen', 'weltweit']",interessante,oft
"F: In dem Satz ""Die Katze spielt mit ihrem Lieblingsspielzeug im Wohnzimmer froehlich."", welches Wort kommt unmittelbar vor dem Wort ""Katze""? A:","['Die', 'Katze', 'spielt', 'mit', 'ihrem', 'Lieblingsspielzeug', 'im', 'Wohnzimmer', 'froehlich']",Die,im
"F: In dem Satz ""Die Kinder basteln bunte Laternen fuer das Laternenfest."", welches Wort steht direkt vor dem Wort ""fuer""? A:","['Die', 'Kinder', 'basteln', 'bunte', 'Laternen', 'fuer', 'das', 'Laternenfest']",Laternen,das
"F: In dem Satz ""Ich esse gern frisches Obst und Gemuese zum Mittagessen und Abendessen."", welches Wort kommt unmittelbar vor dem Wort ""Obst""? A:","['Ich', 'esse', 'gern', 'frisches', 'Obst', 'und', 'Gemuese', 'zum', 'Mittagessen', 'und', 'Abendessen']",frisches,frisches
"F: In dem Satz ""Die Katze schnurrt zufrieden, wenn sie auf dem Schoss liegt."", welches Wort kommt unmittelbar vor dem Wort ""Katze""? A:","['Die', 'Katze', 'schnurrt', 'zufrieden', 'wenn', 'sie', 'auf', 'dem', 'Schoss', 'liegt']",Die,auf
"F: In dem Satz ""Der Lehrer erklaert die Grammatik sehr verstaendlich und geduldig."", welches Wort steht direkt vor dem Wort ""verstaendlich""? A:","['Der', 'Lehrer', 'erklaert', 'die', 'Grammatik', 'sehr', 'verstaendlich', 'und', 'geduldig']",sehr,erklaert
"F: In dem Satz ""Wir fahren im Sommer an den See zum Schwimmen und Picknicken."", welches Wort kommt unmittelbar vor dem Wort ""See""? A:","['Wir', 'fahren', 'im', 'Sommer', 'an', 'den', 'See', 'zum', 'Schwimmen', 'und', 'Picknicken']",den,an
"Welches Wort steht im Satz ""Wir feiern Weihnachten mit der Familie und vielen leckeren Plaetzchen."" direkt vor ""vielen""? ","['Wir', 'feiern', 'Weihnachten', 'mit', 'der', 'Familie', 'und', 'vielen', 'leckeren', 'Plaetzchen']",und,eihnachten
"F: In dem Satz ""Sie kocht gern italienische Gerichte fuer ihre Freunde."", welches Wort steht direkt vor dem Wort ""ihre""? A:","['Sie', 'kocht', 'gern', 'italienische', 'Gerichte', 'fuer', 'ihre', 'Freunde']",fuer,ihre
"Welches Wort steht im Satz ""Die Blumen im Park bluehen in vielen verschiedenen Farben."" direkt vor ""bluehen""? ","['Die', 'Blumen', 'im', 'Park', 'bluehen', 'in', 'vielen', 'verschiedenen', 'Farben']",Park,in
"F: In dem Satz ""Er schreibt regelmaessig Briefe an seine Freunde in Deutschland."", welches Wort steht direkt vor dem Wort ""in""? A:","['Er', 'schreibt', 'regelmaessig', 'Briefe', 'an', 'seine', 'Freunde', 'in', 'Deutschland']",Freunde,in
"F: In dem Satz ""Der Zug kommt puenktlich am Bahnhof an."", welches Wort steht direkt vor dem Wort ""Zug""? A:","['Der', 'Zug', 'kommt', 'puenktlich', 'am', 'Bahnhof', 'an']",Der,puenktlich
"F: In dem Satz ""Sie tanzt gern Ballett und uebt jeden Tag fleissig zu Hause."", welches Wort kommt unmittelbar vor dem Wort ""tanzt""? A:","['Sie', 'tanzt', 'gern', 'Ballett', 'und', 'uebt', 'jeden', 'Tag', 'fleissig', 'zu', 'Hause']",Sie,tanzt
"F: In dem Satz ""Die Katze schnurrt zufrieden, wenn sie gestreichelt wird vom Besitzer."", welches Wort kommt unmittelbar vor dem Wort ""sie""? A:","['Die', 'Katze', 'schnurrt', 'zufrieden', 'wenn', 'sie', 'gestreichelt', 'wird', 'vom', 'Besitzer']",wenn,sie
"F: In dem Satz ""Der Zug kommt puenktlich um acht Uhr am Bahnhof an."", welches Wort steht direkt vor dem Wort ""kommt""? A:","['Der', 'Zug', 'kommt', 'puenktlich', 'um', 'acht', 'Uhr', 'am', 'Bahnhof', 'an']",Zug,um
"Welches Wort steht im Satz ""Sie kocht ein neues Rezept mit viel frischem Gemuese."" direkt vor ""neues""? ","['Sie', 'kocht', 'ein', 'neues', 'Rezept', 'mit', 'viel', 'frischem', 'Gemuese']",ein,mit
"F: In dem Satz ""Er liest ein spannendes Buch auf dem Sofa am Abend."", welches Wort kommt unmittelbar vor dem Wort ""liest""? A:","['Er', 'liest', 'ein', 'spannendes', 'Buch', 'auf', 'dem', 'Sofa', 'am', 'Abend']",Er,auf
"F: In dem Satz ""Wir feiern Weihnachten traditionell mit der ganzen Familie und viel Essen."", welches Wort kommt unmittelbar vor dem Wort ""der""? A:","['Wir', 'feiern', 'Weihnachten', 'traditionell', 'mit', 'der', 'ganzen', 'Familie', 'und', 'viel', 'Essen']",mit,der
"Welches Wort steht im Satz ""Der Vogel singt frueh am Morgen ein wunderschoenes Lied draussen."" direkt vor ""am""? ","['Der', 'Vogel', 'singt', 'frueh', 'am', 'Morgen', 'ein', 'wunderschoenes', 'Lied', 'draussen']",frueh,draussen
"Welches Wort steht im Satz ""Die Blumen bluehen bunt und duften herrlich im Fruehlingsgarten."" direkt vor ""duften""? ","['Die', 'Blumen', 'bluehen', 'bunt', 'und', 'duften', 'herrlich', 'im', 'Fruehlingsgarten']",und,duften
"F: In dem Satz ""Ich gehe gerne joggen im Wald am Morgen und geniesse die frische Luft."", welches Wort steht direkt vor dem Wort ""im""? A:","['Ich', 'gehe', 'gerne', 'joggen', 'im', 'Wald', 'am', 'Morgen', 'und', 'geniesse', 'die', 'frische', 'Luft']",joggen,frische
"Welches Wort steht im Satz ""Der Hund bellt laut, wenn Fremde das Grundstueck betreten."" direkt vor ""das""? ","['Der', 'Hund', 'bellt', 'laut', 'wenn', 'Fremde', 'das', 'Grundstueck', 'betreten']",Fremde,das
"Welches Wort steht im Satz ""Wir gehen abends spazieren und geniessen die frische Luft draussen."" direkt vor ""gehen""? ","['Wir', 'gehen', 'abends', 'spazieren', 'und', 'geniessen', 'die', 'frische', 'Luft', 'draussen']",Wir,ir
"F: In dem Satz ""Der Lehrer erklaert die neue Grammatik im Unterricht sehr geduldig."", welches Wort kommt unmittelbar vor dem Wort ""erklaert""? A:","['Der', 'Lehrer', 'erklaert', 'die', 'neue', 'Grammatik', 'im', 'Unterricht', 'sehr', 'geduldig']",Lehrer,erklaert
"F: In dem Satz ""Die Katze sitzt auf dem Fensterbrett und beobachtet die Voegel draussen."", welches Wort kommt unmittelbar vor dem Wort ""auf""? A:","['Die', 'Katze', 'sitzt', 'auf', 'dem', 'Fensterbrett', 'und', 'beobachtet', 'die', 'Voegel', 'draussen']",sitzt,auf
"Welches Wort steht im Satz ""Sie spielt Geige und uebt fleissig fuer das Konzert naechste Woche."" direkt vor ""uebt""? ","['Sie', 'spielt', 'Geige', 'und', 'uebt', 'fleissig', 'fuer', 'das', 'Konzert', 'naechste', 'Woche']",und,fuer
"F: In dem Satz ""Sie malt ein Bild von der Landschaft im Herbst."", welches Wort steht direkt vor dem Wort ""Landschaft""? A:","['Sie', 'malt', 'ein', 'Bild', 'von', 'der', 'Landschaft', 'im', 'Herbst']",der,ein
"F: In dem Satz ""Der Lehrer erklaert die Grammatik sehr verstaendlich."", welches Wort steht direkt vor dem Wort ""erklaert""? A:","['Der', 'Lehrer', 'erklaert', 'die', 'Grammatik', 'sehr', 'verstaendlich']",Lehrer,erklaert
"F: In dem Satz ""Sie traegt eine schoene rote Jacke im Winter."", welches Wort steht direkt vor dem Wort ""traegt""? A:","['Sie', 'traegt', 'eine', 'schoene', 'rote', 'Jacke', 'im', 'Winter']",Sie,inter
"F: In dem Satz ""Der Lehrer erklaert die Aufgaben sehr verstaendlich."", welches Wort steht direkt vor dem Wort ""Aufgaben""? A:","['Der', 'Lehrer', 'erklaert', 'die', 'Aufgaben', 'sehr', 'verstaendlich']",die,die
"F: In dem Satz ""Wir gehen am Abend spazieren und geniessen die frische Luft."", welches Wort kommt unmittelbar vor dem Wort ""gehen""? A:","['Wir', 'gehen', 'am', 'Abend', 'spazieren', 'und', 'geniessen', 'die', 'frische', 'Luft']",Wir,frische
"Welches Wort steht im Satz ""Die Kinder spielen draussen im Park mit Freunden und Ball."" direkt vor ""im""? ","['Die', 'Kinder', 'spielen', 'draussen', 'im', 'Park', 'mit', 'Freunden', 'und', 'Ball']",draussen,draussen
"F: In dem Satz ""Der Vogel singt am fruehen Morgen im Garten und freut sich oft."", welches Wort kommt unmittelbar vor dem Wort ""am""? A:","['Der', 'Vogel', 'singt', 'am', 'fruehen', 'Morgen', 'im', 'Garten', 'und', 'freut', 'sich', 'oft']",singt,freut
"F: In dem Satz ""Die Kinder basteln Laternen fuer das Martinsfest in der Schule."", welches Wort kommt unmittelbar vor dem Wort ""fuer""? A:","['Die', 'Kinder', 'basteln', 'Laternen', 'fuer', 'das', 'Martinsfest', 'in', 'der', 'Schule']",Laternen,fuer
"F: In dem Satz ""Der Lehrer erklaert die Grammatik sehr gut und geduldig."", welches Wort steht direkt vor dem Wort ""Grammatik""? A:","['Der', 'Lehrer', 'erklaert', 'die', 'Grammatik', 'sehr', 'gut', 'und', 'geduldig']",die,die
"Welches Wort steht im Satz ""Der Vogel singt laut auf dem Ast eines alten Baumes."" direkt vor ""eines""? ","['Der', 'Vogel', 'singt', 'laut', 'auf', 'dem', 'Ast', 'eines', 'alten', 'Baumes']",Ast,dem
"F: In dem Satz ""Die Blumen brauchen taeglich Wasser und viel Sonne zum Gedeihen."", welches Wort kommt unmittelbar vor dem Wort ""taeglich""? A:","['Die', 'Blumen', 'brauchen', 'taeglich', 'Wasser', 'und', 'viel', 'Sonne', 'zum', 'Gedeihen']",brauchen,taeglich
"F: In dem Satz ""Das Kind spielt froehlich mit seinen Freunden im Park."", welches Wort steht direkt vor dem Wort ""im""? A:","['Das', 'Kind', 'spielt', 'froehlich', 'mit', 'seinen', 'Freunden', 'im', 'Park']",Freunden,froehlich
"F: In dem Satz ""Ich trinke morgens immer einen Kaffee mit Milch und Zucker."", welches Wort steht direkt vor dem Wort ""Kaffee""? A:","['Ich', 'trinke', 'morgens', 'immer', 'einen', 'Kaffee', 'mit', 'Milch', 'und', 'Zucker']",einen,trinke
"Welches Wort steht im Satz ""Sie liest gern Romane ueber Freundschaft und Abenteuer in der Jugend."" direkt vor ""in""? ","['Sie', 'liest', 'gern', 'Romane', 'ueber', 'Freundschaft', 'und', 'Abenteuer', 'in', 'der', 'Jugend']",Abenteuer,der
"F: In dem Satz ""Ich lese oft Buecher ueber Geschichte und Kultur in meiner Freizeit."", welches Wort kommt unmittelbar vor dem Wort ""oft""? A:","['Ich', 'lese', 'oft', 'Buecher', 'ueber', 'Geschichte', 'und', 'Kultur', 'in', 'meiner', 'Freizeit']",lese,oft
"F: In dem Satz ""Ich lese jeden Tag die Nachrichten im Internet."", welches Wort steht direkt vor dem Wort ""jeden""? A:","['Ich', 'lese', 'jeden', 'Tag', 'die', 'Nachrichten', 'im', 'Internet']",lese,jeden
"F: In dem Satz ""Sie schreibt eine Postkarte an ihre beste Freundin aus dem Urlaub."", welches Wort kommt unmittelbar vor dem Wort ""ihre""? A:","['Sie', 'schreibt', 'eine', 'Postkarte', 'an', 'ihre', 'beste', 'Freundin', 'aus', 'dem', 'Urlaub']",an,ihre
"F: In dem Satz ""Die Katze schnurrt zufrieden, wenn sie gestreichelt wird vom Besitzer."", welches Wort kommt unmittelbar vor dem Wort ""wird""? A:","['Die', 'Katze', 'schnurrt', 'zufrieden', 'wenn', 'sie', 'gestreichelt', 'wird', 'vom', 'Besitzer']",gestreichelt,gestreichelt
"Welches Wort steht im Satz ""Ich trinke morgens gern schwarzen Kaffee ohne Zucker und Milch."" direkt vor ""Zucker""? ","['Ich', 'trinke', 'morgens', 'gern', 'schwarzen', 'Kaffee', 'ohne', 'Zucker', 'und', 'Milch']",ohne,trinke
"F: In dem Satz ""Das Wetter ist heute sonnig und warm."", welches Wort steht direkt vor dem Wort ""und""? A:","['Das', 'Wetter', 'ist', 'heute', 'sonnig', 'und', 'warm']",sonnig,etter
"F: In dem Satz ""Die Kinder basteln bunte Laternen fuer das Laternenfest."", welches Wort steht direkt vor dem Wort ""das""? A:","['Die', 'Kinder', 'basteln', 'bunte', 'Laternen', 'fuer', 'das', 'Laternenfest']",fuer,das
"F: In dem Satz ""Wir feiern Silvester mit Freunden und geniessen das Feuerwerk am Himmel."", welches Wort kommt unmittelbar vor dem Wort ""und""? A:","['Wir', 'feiern', 'Silvester', 'mit', 'Freunden', 'und', 'geniessen', 'das', 'Feuerwerk', 'am', 'Himmel']",Freunden,feiern
"F: In dem Satz ""Der Zug kommt puenktlich am Bahnhof an und faehrt weiter nach Berlin."", welches Wort steht direkt vor dem Wort ""faehrt""? A:","['Der', 'Zug', 'kommt', 'puenktlich', 'am', 'Bahnhof', 'an', 'und', 'faehrt', 'weiter', 'nach', 'Berlin']",und,faehrt
"F: In dem Satz ""Wir essen heute Abend Spaghetti mit Tomatensosse und Parmesan."", welches Wort kommt unmittelbar vor dem Wort ""und""? A:","['Wir', 'essen', 'heute', 'Abend', 'Spaghetti', 'mit', 'Tomatensosse', 'und', 'Parmesan']",Tomatensosse,essen
"Welches Wort steht im Satz ""Wir feiern Weihnachten mit der ganzen Familie und vielen Geschenken."" direkt vor ""vielen""? ","['Wir', 'feiern', 'Weihnachten', 'mit', 'der', 'ganzen', 'Familie', 'und', 'vielen', 'Geschenken']",und,ir
"F: In dem Satz ""Sie schreibt einen Brief an ihre Grosseltern zum Geburtstag."", welches Wort steht direkt vor dem Wort ""schreibt""? A:","['Sie', 'schreibt', 'einen', 'Brief', 'an', 'ihre', 'Grosseltern', 'zum', 'Geburtstag']",Sie,einen
"Welches Wort steht im Satz ""Der Hund laeuft schnell ueber die Wiese und faengt den Ball."" direkt vor ""die""? ","['Der', 'Hund', 'laeuft', 'schnell', 'ueber', 'die', 'Wiese', 'und', 'faengt', 'den', 'Ball']",ueber,den
"F: In dem Satz ""Das Kind malt ein buntes Bild mit Farben."", welches Wort steht direkt vor dem Wort ""Kind""? A:","['Das', 'Kind', 'malt', 'ein', 'buntes', 'Bild', 'mit', 'Farben']",Das,ein
"Welches Wort steht im Satz ""Die Katze schnurrt zufrieden, wenn sie gestreichelt wird vom Besitzer."" direkt vor ""gestreichelt""? ","['Die', 'Katze', 'schnurrt', 'zufrieden', 'wenn', 'sie', 'gestreichelt', 'wird', 'vom', 'Besitzer']",sie,sie
"F: In dem Satz ""Die Blumen duften wunderbar im Garten nach einem Regen."", welches Wort kommt unmittelbar vor dem Wort ""Garten""? A:","['Die', 'Blumen', 'duften', 'wunderbar', 'im', 'Garten', 'nach', 'einem', 'Regen']",im,nach
"F: In dem Satz ""Der Hund laeuft froehlich durch den Park."", welches Wort steht direkt vor dem Wort ""Hund""? A:","['Der', 'Hund', 'laeuft', 'froehlich', 'durch', 'den', 'Park']",Der,laeuft
"F: In dem Satz ""Der Himmel ist blau und die Sonne scheint."", welches Wort steht direkt vor dem Wort ""ist""? A:","['Der', 'Himmel', 'ist', 'blau', 'und', 'die', 'Sonne', 'scheint']",Himmel,ist
"F: In dem Satz ""Die Kinder spielen draussen im Garten mit Freunden und haben viel Spass."", welches Wort kommt unmittelbar vor dem Wort ""und""? A:","['Die', 'Kinder', 'spielen', 'draussen', 'im', 'Garten', 'mit', 'Freunden', 'und', 'haben', 'viel', 'Spass']",Freunden,spielen
"F: In dem Satz ""Ich trinke abends gern eine heisse Tasse Tee."", welches Wort steht direkt vor dem Wort ""eine""? A:","['Ich', 'trinke', 'abends', 'gern', 'eine', 'heisse', 'Tasse', 'Tee']",gern,abends
"F: In dem Satz ""Der Hund bellt laut, wenn Fremde das Haus betreten."", welches Wort steht direkt vor dem Wort ""das""? A:","['Der', 'Hund', 'bellt', 'laut', 'wenn', 'Fremde', 'das', 'Haus', 'betreten']",Fremde,das
"Welches Wort steht im Satz ""Die Katze klettert geschickt auf den hoechsten Baum im Garten."" direkt vor ""Katze""? ","['Die', 'Katze', 'klettert', 'geschickt', 'auf', 'den', 'hoechsten', 'Baum', 'im', 'Garten']",Die,den
"F: In dem Satz ""Ich hoere Musik, waehrend ich Hausaufgaben mache und mich konzentriere."", welches Wort kommt unmittelbar vor dem Wort ""Hausaufgaben""? A:","['Ich', 'hoere', 'Musik', 'waehrend', 'ich', 'Hausaufgaben', 'mache', 'und', 'mich', 'konzentriere']",ich,mich
"F: In dem Satz ""Sie malt ein Bild von der Landschaft im Herbst mit bunten Farben heute."", welches Wort kommt unmittelbar vor dem Wort ""ein""? A:","['Sie', 'malt', 'ein', 'Bild', 'von', 'der', 'Landschaft', 'im', 'Herbst', 'mit', 'bunten', 'Farben', 'heute']",malt,malt
"F: In dem Satz ""Wir besuchen das Museum, um mehr ueber Kunst zu lernen."", welches Wort steht direkt vor dem Wort ""zu""? A:","['Wir', 'besuchen', 'das', 'Museum', 'um', 'mehr', 'ueber', 'Kunst', 'zu', 'lernen']",Kunst,besuchen
"F: In dem Satz ""Die Katze schnurrt zufrieden, wenn sie gestreichelt wird vom Besitzer."", welches Wort kommt unmittelbar vor dem Wort ""vom""? A:","['Die', 'Katze', 'schnurrt', 'zufrieden', 'wenn', 'sie', 'gestreichelt', 'wird', 'vom', 'Besitzer']",wird,schnurrt
"Welches Wort steht im Satz ""Wir fahren im Herbst oft in die Berge zum Wandern."" direkt vor ""zum""? ","['Wir', 'fahren', 'im', 'Herbst', 'oft', 'in', 'die', 'Berge', 'zum', 'Wandern']",Berge,oft
"Welches Wort steht im Satz ""Der Himmel ist klar und die Sterne funkeln hell in der Nacht."" direkt vor ""Sterne""? ","['Der', 'Himmel', 'ist', 'klar', 'und', 'die', 'Sterne', 'funkeln', 'hell', 'in', 'der', 'Nacht']",die,der
"F: In dem Satz ""Ich koche heute Abend Nudeln mit Tomatensosse und frischem Basilikum."", welches Wort kommt unmittelbar vor dem Wort ""heute""? A:","['Ich', 'koche', 'heute', 'Abend', 'Nudeln', 'mit', 'Tomatensosse', 'und', 'frischem', 'Basilikum']",koche,frischem
"Welches Wort steht im Satz ""Er faehrt taeglich mit dem Fahrrad zur Arbeit in die Stadt."" direkt vor ""faehrt""? ","['Er', 'faehrt', 'taeglich', 'mit', 'dem', 'Fahrrad', 'zur', 'Arbeit', 'in', 'die', 'Stadt']",Er,faehrt
"Welches Wort steht im Satz ""Die Kinder basteln Laternen fuer das Martinsfest in der Schule."" direkt vor ""Laternen""? ","['Die', 'Kinder', 'basteln', 'Laternen', 'fuer', 'das', 'Martinsfest', 'in', 'der', 'Schule']",basteln,in
"Welches Wort steht im Satz ""Ich hoere beim Lernen klassische Musik zur besseren Konzentration."" direkt vor ""hoere""? ","['Ich', 'hoere', 'beim', 'Lernen', 'klassische', 'Musik', 'zur', 'besseren', 'Konzentration']",Ich,hoere
"F: In dem Satz ""Sie liest gern Sachbuecher ueber Geschichte und Naturwissenschaften."", welches Wort kommt unmittelbar vor dem Wort ""Sachbuecher""? A:","['Sie', 'liest', 'gern', 'Sachbuecher', 'ueber', 'Geschichte', 'und', 'Naturwissenschaften']",gern,gern
"F: In dem Satz ""Sie liest gern Sachbuecher ueber Geschichte und Naturwissenschaften."", welches Wort kommt unmittelbar vor dem Wort ""ueber""? A:","['Sie', 'liest', 'gern', 'Sachbuecher', 'ueber', 'Geschichte', 'und', 'Naturwissenschaften']",Sachbuecher,gern
"F: In dem Satz ""Sie traegt eine schoene rote Jacke im Winter."", welches Wort steht direkt vor dem Wort ""schoene""? A:","['Sie', 'traegt', 'eine', 'schoene', 'rote', 'Jacke', 'im', 'Winter']",eine,schoene
"F: In dem Satz ""Wir spazieren am Abend oft am Fluss entlang und geniessen die Ruhe."", welches Wort kommt unmittelbar vor dem Wort ""die""? A:","['Wir', 'spazieren', 'am', 'Abend', 'oft', 'am', 'Fluss', 'entlang', 'und', 'geniessen', 'die', 'Ruhe']",geniessen,oft
"F: In dem Satz ""Ich gehe jeden Morgen eine halbe Stunde spazieren."", welches Wort steht direkt vor dem Wort ""gehe""? A:","['Ich', 'gehe', 'jeden', 'Morgen', 'eine', 'halbe', 'Stunde', 'spazieren']",Ich,halbe
"Welches Wort steht im Satz ""Wir essen heute Abend frisch gebackenes Brot mit Kaese und Wurst."" direkt vor ""und""? ","['Wir', 'essen', 'heute', 'Abend', 'frisch', 'gebackenes', 'Brot', 'mit', 'Kaese', 'und', 'Wurst']",Kaese,ir
"Welches Wort steht im Satz ""Er repariert sein altes Fahrrad in der Garage am Nachmittag."" direkt vor ""Fahrrad""? ","['Er', 'repariert', 'sein', 'altes', 'Fahrrad', 'in', 'der', 'Garage', 'am', 'Nachmittag']",altes,der
"Welches Wort steht im Satz ""Ich trinke morgens gerne schwarzen Kaffee mit Milch."" direkt vor ""Kaffee""? ","['Ich', 'trinke', 'morgens', 'gerne', 'schwarzen', 'Kaffee', 'mit', 'Milch']",schwarzen,trinke
"Welches Wort steht im Satz ""Die Sonne scheint warm auf die bunten Blaetter im Herbstpark."" direkt vor ""warm""? ","['Die', 'Sonne', 'scheint', 'warm', 'auf', 'die', 'bunten', 'Blaetter', 'im', 'Herbstpark']",scheint,auf
"F: In dem Satz ""Wir fahren im Winter oft in die Berge zum Skifahren."", welches Wort steht direkt vor dem Wort ""in""? A:","['Wir', 'fahren', 'im', 'Winter', 'oft', 'in', 'die', 'Berge', 'zum', 'Skifahren']",oft,fahren
"F: In dem Satz ""Er faehrt jeden Tag mit dem Fahrrad zur Arbeit in der Stadt."", welches Wort kommt unmittelbar vor dem Wort ""Arbeit""? A:","['Er', 'faehrt', 'jeden', 'Tag', 'mit', 'dem', 'Fahrrad', 'zur', 'Arbeit', 'in', 'der', 'Stadt']",zur,mit
"F: In dem Satz ""Der Hund bellt, wenn jemand an der Tuer klingelt oder klingelt."", welches Wort kommt unmittelbar vor dem Wort ""bellt""? A:","['Der', 'Hund', 'bellt', 'wenn', 'jemand', 'an', 'der', 'Tuer', 'klingelt', 'oder', 'klingelt']",Hund,klingelt
"Welches Wort steht im Satz ""Sie tanzt leidenschaftlich gern jeden Samstagabend in der Tanzschule."" direkt vor ""Samstagabend""? ","['Sie', 'tanzt', 'leidenschaftlich', 'gern', 'jeden', 'Samstagabend', 'in', 'der', 'Tanzschule']",jeden,in
"F: In dem Satz ""Wir besuchen das Theater und sehen ein neues Stueck am Freitagabend."", welches Wort steht direkt vor dem Wort ""ein""? A:","['Wir', 'besuchen', 'das', 'Theater', 'und', 'sehen', 'ein', 'neues', 'Stueck', 'am', 'Freitagabend']",sehen,neues
"F: In dem Satz ""Ich gehe abends spazieren, um den Kopf frei zu bekommen."", welches Wort kommt unmittelbar vor dem Wort ""abends""? A:","['Ich', 'gehe', 'abends', 'spazieren', 'um', 'den', 'Kopf', 'frei', 'zu', 'bekommen']",gehe,frei
"F: In dem Satz ""Die Blumen auf dem Balkon bluehen schoen in der Sonne."", welches Wort kommt unmittelbar vor dem Wort ""auf""? A:","['Die', 'Blumen', 'auf', 'dem', 'Balkon', 'bluehen', 'schoen', 'in', 'der', 'Sonne']",Blumen,der
"Welches Wort steht im Satz ""Er faehrt taeglich mit dem Fahrrad zur Arbeit in die Stadt."" direkt vor ""die""? ","['Er', 'faehrt', 'taeglich', 'mit', 'dem', 'Fahrrad', 'zur', 'Arbeit', 'in', 'die', 'Stadt']",in,zur
"F: In dem Satz ""Die Katze schlaeft auf dem warmen Sofa und traeumt friedlich."", welches Wort kommt unmittelbar vor dem Wort ""traeumt""? A:","['Die', 'Katze', 'schlaeft', 'auf', 'dem', 'warmen', 'Sofa', 'und', 'traeumt', 'friedlich']",und,auf
"F: In dem Satz ""Der Berg ist hoch und bietet tolle Aussicht."", welches Wort steht direkt vor dem Wort ""ist""? A:","['Der', 'Berg', 'ist', 'hoch', 'und', 'bietet', 'tolle', 'Aussicht']",Berg,hoch
"F: In dem Satz ""Sie malt ein Bild von der schoenen Landschaft."", welches Wort steht direkt vor dem Wort ""malt""? A:","['Sie', 'malt', 'ein', 'Bild', 'von', 'der', 'schoenen', 'Landschaft']",Sie,malt
"F: In dem Satz ""Sie tanzt begeistert bei der Tanzstunde am Freitagabend in der Halle."", welches Wort kommt unmittelbar vor dem Wort ""bei""? A:","['Sie', 'tanzt', 'begeistert', 'bei', 'der', 'Tanzstunde', 'am', 'Freitagabend', 'in', 'der', 'Halle']",begeistert,am
"F: In dem Satz ""Der Hund liegt zufrieden in der Sonne auf der Terrasse."", welches Wort steht direkt vor dem Wort ""auf""? A:","['Der', 'Hund', 'liegt', 'zufrieden', 'in', 'der', 'Sonne', 'auf', 'der', 'Terrasse']",Sonne,in
"F: In dem Satz ""Sie hoert gern klassische Musik beim Lesen eines Buches."", welches Wort steht direkt vor dem Wort ""Lesen""? A:","['Sie', 'hoert', 'gern', 'klassische', 'Musik', 'beim', 'Lesen', 'eines', 'Buches']",beim,eines
"F: In dem Satz ""Die Katze schnurrt laut, wenn sie gestreichelt wird."", welches Wort steht direkt vor dem Wort ""Katze""? A:","['Die', 'Katze', 'schnurrt', 'laut', 'wenn', 'sie', 'gestreichelt', 'wird']",Die,schnurrt
"F: In dem Satz ""Die Katze schlaeft gerne auf dem warmen Sofa zu Hause im Wohnzimmer."", welches Wort steht direkt vor dem Wort ""zu""? A:","['Die', 'Katze', 'schlaeft', 'gerne', 'auf', 'dem', 'warmen', 'Sofa', 'zu', 'Hause', 'im', 'Wohnzimmer']",Sofa,dem
"F: In dem Satz ""Wir machen im Sommer eine Bootsfahrt auf dem nahegelegenen See."", welches Wort kommt unmittelbar vor dem Wort ""dem""? A:","['Wir', 'machen', 'im', 'Sommer', 'eine', 'Bootsfahrt', 'auf', 'dem', 'nahegelegenen', 'See']",auf,machen
"F: In dem Satz ""Die Kinder spielen Fussball auf dem Schulhof."", welches Wort steht direkt vor dem Wort ""auf""? A:","['Die', 'Kinder', 'spielen', 'Fussball', 'auf', 'dem', 'Schulhof']",Fussball,auf
"Welches Wort steht im Satz ""Ich geniesse den Duft von frisch gebackenem Brot am Morgen."" direkt vor ""Brot""? ","['Ich', 'geniesse', 'den', 'Duft', 'von', 'frisch', 'gebackenem', 'Brot', 'am', 'Morgen']",gebackenem,von
"F: In dem Satz ""Ich gehe gerne joggen im Wald am Morgen."", welches Wort steht direkt vor dem Wort ""Wald""? A:","['Ich', 'gehe', 'gerne', 'joggen', 'im', 'Wald', 'am', 'Morgen']",im,gehe
"F: In dem Satz ""Sie kocht gern italienische Gerichte fuer ihre Freunde am Wochenende."", welches Wort steht direkt vor dem Wort ""am""? A:","['Sie', 'kocht', 'gern', 'italienische', 'Gerichte', 'fuer', 'ihre', 'Freunde', 'am', 'Wochenende']",Freunde,fuer
"Welches Wort steht im Satz ""Sie liest gern Romane ueber ferne Laender und spannende Abenteuer."" direkt vor ""liest""? ","['Sie', 'liest', 'gern', 'Romane', 'ueber', 'ferne', 'Laender', 'und', 'spannende', 'Abenteuer']",Sie,spannende
"Welches Wort steht im Satz ""Die Sonne scheint warm auf die bunten Blaetter im Park."" direkt vor ""bunten""? ","['Die', 'Sonne', 'scheint', 'warm', 'auf', 'die', 'bunten', 'Blaetter', 'im', 'Park']",die,auf
"F: In dem Satz ""Sie tanzt begeistert bei der Tanzstunde am Freitagabend in der Halle."", welches Wort kommt unmittelbar vor dem Wort ""tanzt""? A:","['Sie', 'tanzt', 'begeistert', 'bei', 'der', 'Tanzstunde', 'am', 'Freitagabend', 'in', 'der', 'Halle']",Sie,in
"F: In dem Satz ""Ich koche heute eine cremige Kuerbissuppe mit frischen Gewuerzen."", welches Wort kommt unmittelbar vor dem Wort ""eine""? A:","['Ich', 'koche', 'heute', 'eine', 'cremige', 'Kuerbissuppe', 'mit', 'frischen', 'Gewuerzen']",heute,heute
"F: In dem Satz ""Er schreibt taeglich in sein Tagebuch ueber seine Erlebnisse und Gedanken."", welches Wort kommt unmittelbar vor dem Wort ""ueber""? A:","['Er', 'schreibt', 'taeglich', 'in', 'sein', 'Tagebuch', 'ueber', 'seine', 'Erlebnisse', 'und', 'Gedanken']",Tagebuch,sein
"Welches Wort steht im Satz ""Wir machen eine Fahrradtour entlang der schoenen Flussauen heute."" direkt vor ""schoenen""? ","['Wir', 'machen', 'eine', 'Fahrradtour', 'entlang', 'der', 'schoenen', 'Flussauen', 'heute']",der,schoenen
"F: In dem Satz ""Ich hoere oft klassische Musik beim Lernen zu Hause."", welches Wort steht direkt vor dem Wort ""zu""? A:","['Ich', 'hoere', 'oft', 'klassische', 'Musik', 'beim', 'Lernen', 'zu', 'Hause']",Lernen,zu
"Welches Wort steht im Satz ""Wir feiern ein kleines Fest im Garten mit Freunden."" direkt vor ""mit""? ","['Wir', 'feiern', 'ein', 'kleines', 'Fest', 'im', 'Garten', 'mit', 'Freunden']",Garten,im
"Welches Wort steht im Satz ""Die Sonne scheint warm auf die bunten Blaetter im Park."" direkt vor ""die""? ","['Die', 'Sonne', 'scheint', 'warm', 'auf', 'die', 'bunten', 'Blaetter', 'im', 'Park']",auf,scheint
"F: In dem Satz ""Die Katze schlaeft auf dem warmen Fensterbrett."", welches Wort steht direkt vor dem Wort ""Katze""? A:","['Die', 'Katze', 'schlaeft', 'auf', 'dem', 'warmen', 'Fensterbrett']",Die,schlaeft
"F: In dem Satz ""Das Kind malt ein buntes Bild mit vielen Farben."", welches Wort steht direkt vor dem Wort ""ein""? A:","['Das', 'Kind', 'malt', 'ein', 'buntes', 'Bild', 'mit', 'vielen', 'Farben']",malt,ein
"F: In dem Satz ""Der Himmel ist blau und die Sonne scheint warm und hell heute."", welches Wort kommt unmittelbar vor dem Wort ""die""? A:","['Der', 'Himmel', 'ist', 'blau', 'und', 'die', 'Sonne', 'scheint', 'warm', 'und', 'hell', 'heute']",und,ist
"F: In dem Satz ""Wir besuchen das Museum, um mehr ueber Kunst zu lernen."", welches Wort steht direkt vor dem Wort ""ueber""? A:","['Wir', 'besuchen', 'das', 'Museum', 'um', 'mehr', 'ueber', 'Kunst', 'zu', 'lernen']",mehr,das
"F: In dem Satz ""Der Himmel ist heute bewoelkt, aber es bleibt trocken und mild."", welches Wort kommt unmittelbar vor dem Wort ""trocken""? A:","['Der', 'Himmel', 'ist', 'heute', 'bewoelkt', 'aber', 'es', 'bleibt', 'trocken', 'und', 'mild']",bleibt,aber
"Welches Wort steht im Satz ""Sie liest gern spannende Romane ueber ferne Laender."" direkt vor ""liest""? ","['Sie', 'liest', 'gern', 'spannende', 'Romane', 'ueber', 'ferne', 'Laender']",Sie,spannende
"F: In dem Satz ""Die Katze jagt gern Schmetterlinge im Garten waehrend des Sommers."", welches Wort steht direkt vor dem Wort ""waehrend""? A:","['Die', 'Katze', 'jagt', 'gern', 'Schmetterlinge', 'im', 'Garten', 'waehrend', 'des', 'Sommers']",Garten,des
"F: In dem Satz ""Sie tanzt jeden Freitag im Tanzkurs mit grosser Freude und Schwung."", welches Wort kommt unmittelbar vor dem Wort ""Freitag""? A:","['Sie', 'tanzt', 'jeden', 'Freitag', 'im', 'Tanzkurs', 'mit', 'grosser', 'Freude', 'und', 'Schwung']",jeden,im
"F: In dem Satz ""Wir besuchen im Sommer oft den See zum Schwimmen und Entspannen."", welches Wort kommt unmittelbar vor dem Wort ""den""? A:","['Wir', 'besuchen', 'im', 'Sommer', 'oft', 'den', 'See', 'zum', 'Schwimmen', 'und', 'Entspannen']",oft,ir
"F: In dem Satz ""Wir fahren im Herbst oft mit dem Auto ins Gebirge zum Wandern."", welches Wort kommt unmittelbar vor dem Wort ""dem""? A:","['Wir', 'fahren', 'im', 'Herbst', 'oft', 'mit', 'dem', 'Auto', 'ins', 'Gebirge', 'zum', 'Wandern']",mit,fahren
"F: In dem Satz ""Sie spielt Klavier seit vielen Jahren sehr gut."", welches Wort steht direkt vor dem Wort ""Klavier""? A:","['Sie', 'spielt', 'Klavier', 'seit', 'vielen', 'Jahren', 'sehr', 'gut']",spielt,gut
"F: In dem Satz ""Er faehrt mit dem Fahrrad zur Arbeit jeden Tag."", welches Wort steht direkt vor dem Wort ""dem""? A:","['Er', 'faehrt', 'mit', 'dem', 'Fahrrad', 'zur', 'Arbeit', 'jeden', 'Tag']",mit,mit
"F: In dem Satz ""Wir essen heute Abend frisch gebackenes Brot mit Kaese und Wurst."", welches Wort kommt unmittelbar vor dem Wort ""essen""? A:","['Wir', 'essen', 'heute', 'Abend', 'frisch', 'gebackenes', 'Brot', 'mit', 'Kaese', 'und', 'Wurst']",Wir,frisch
"F: In dem Satz ""Wir fahren im Sommer an den See zum Schwimmen und Entspannen."", welches Wort steht direkt vor dem Wort ""und""? A:","['Wir', 'fahren', 'im', 'Sommer', 'an', 'den', 'See', 'zum', 'Schwimmen', 'und', 'Entspannen']",Schwimmen,im
"Welches Wort steht im Satz ""Wir treffen uns am Sonntag zum Fruehstueck im kleinen Café."" direkt vor ""treffen""? ","['Wir', 'treffen', 'uns', 'am', 'Sonntag', 'zum', 'Fruehstueck', 'im', 'kleinen', 'Café']",Wir,im
"F: In dem Satz ""Wir treffen uns am Sonntag zum gemuetlichen Fruehstueck im Café."", welches Wort kommt unmittelbar vor dem Wort ""treffen""? A:","['Wir', 'treffen', 'uns', 'am', 'Sonntag', 'zum', 'gemuetlichen', 'Fruehstueck', 'im', 'Café']",Wir,am
"Welches Wort steht im Satz ""Die Katze schnurrt zufrieden, wenn sie auf dem Sofa liegt."" direkt vor ""auf""? ","['Die', 'Katze', 'schnurrt', 'zufrieden', 'wenn', 'sie', 'auf', 'dem', 'Sofa', 'liegt']",sie,dem
"F: In dem Satz ""Wir machen eine Pause und trinken eine Tasse Kaffee zusammen im Buero."", welches Wort steht direkt vor dem Wort ""zusammen""? A:","['Wir', 'machen', 'eine', 'Pause', 'und', 'trinken', 'eine', 'Tasse', 'Kaffee', 'zusammen', 'im', 'Buero']",Kaffee,machen
"Welches Wort steht im Satz ""Sie tanzt froehlich im Regen auf der nassen Strasse."" direkt vor ""im""? ","['Sie', 'tanzt', 'froehlich', 'im', 'Regen', 'auf', 'der', 'nassen', 'Strasse']",froehlich,der
"F: In dem Satz ""Die Kinder malen bunte Bilder fuer das Schulprojekt im Kunstunterricht."", welches Wort kommt unmittelbar vor dem Wort ""im""? A:","['Die', 'Kinder', 'malen', 'bunte', 'Bilder', 'fuer', 'das', 'Schulprojekt', 'im', 'Kunstunterricht']",Schulprojekt,das
"F: In dem Satz ""Ich koche heute Abend eine leckere Suppe mit frischem Gemuese."", welches Wort kommt unmittelbar vor dem Wort ""leckere""? A:","['Ich', 'koche', 'heute', 'Abend', 'eine', 'leckere', 'Suppe', 'mit', 'frischem', 'Gemuese']",eine,eine
"F: In dem Satz ""Der Lehrer gibt viele Hausaufgaben fuer das Wochenende auf zur Uebung."", welches Wort kommt unmittelbar vor dem Wort ""das""? A:","['Der', 'Lehrer', 'gibt', 'viele', 'Hausaufgaben', 'fuer', 'das', 'Wochenende', 'auf', 'zur', 'Uebung']",fuer,auf
"F: In dem Satz ""Ich esse gern Schokolade und suesse Kuchen am Nachmittag."", welches Wort steht direkt vor dem Wort ""Schokolade""? A:","['Ich', 'esse', 'gern', 'Schokolade', 'und', 'suesse', 'Kuchen', 'am', 'Nachmittag']",gern,am
"Welches Wort steht im Satz ""Wir besuchen am Wochenende das neue Museum in der Innenstadt."" direkt vor ""der""? ","['Wir', 'besuchen', 'am', 'Wochenende', 'das', 'neue', 'Museum', 'in', 'der', 'Innenstadt']",in,in
"Welches Wort steht im Satz ""Wir gehen abends spazieren und geniessen die frische Luft draussen."" direkt vor ""und""? ","['Wir', 'gehen', 'abends', 'spazieren', 'und', 'geniessen', 'die', 'frische', 'Luft', 'draussen']",spazieren,frische
"F: In dem Satz ""Ich hoere oft Podcasts beim Autofahren zur Unterhaltung und Information."", welches Wort kommt unmittelbar vor dem Wort ""Podcasts""? A:","['Ich', 'hoere', 'oft', 'Podcasts', 'beim', 'Autofahren', 'zur', 'Unterhaltung', 'und', 'Information']",oft,und
"F: In dem Satz ""Ich schreibe eine E-Mail an meinen Chef wegen eines Meetings."", welches Wort kommt unmittelbar vor dem Wort ""wegen""? A:","['Ich', 'schreibe', 'eine', 'E-Mail', 'an', 'meinen', 'Chef', 'wegen', 'eines', 'Meetings']",Chef,meinen
"F: In dem Satz ""Sie liest gern spannende Buecher ueber Abenteuer."", welches Wort steht direkt vor dem Wort ""gern""? A:","['Sie', 'liest', 'gern', 'spannende', 'Buecher', 'ueber', 'Abenteuer']",liest,liest
"Welches Wort steht im Satz ""Ich trinke morgens gern Tee mit Honig und frischer Zitrone."" direkt vor ""Honig""? ","['Ich', 'trinke', 'morgens', 'gern', 'Tee', 'mit', 'Honig', 'und', 'frischer', 'Zitrone']",mit,morgens
"Welches Wort steht im Satz ""Die Katze liegt faul in der Sonne auf dem Fensterbrett."" direkt vor ""der""? ","['Die', 'Katze', 'liegt', 'faul', 'in', 'der', 'Sonne', 'auf', 'dem', 'Fensterbrett']",in,auf
"Welches Wort steht im Satz ""Der Himmel ist heute bewoelkt, aber es bleibt trocken und mild."" direkt vor ""bewoelkt""? ","['Der', 'Himmel', 'ist', 'heute', 'bewoelkt', 'aber', 'es', 'bleibt', 'trocken', 'und', 'mild']",heute,bewoelkt
"F: In dem Satz ""Ich koche heute Abend ein leckeres Gericht mit Fisch."", welches Wort steht direkt vor dem Wort ""leckeres""? A:","['Ich', 'koche', 'heute', 'Abend', 'ein', 'leckeres', 'Gericht', 'mit', 'Fisch']",ein,heute
"F: In dem Satz ""Der Vogel singt frueh am Morgen ein froehliches Lied im Garten."", welches Wort kommt unmittelbar vor dem Wort ""im""? A:","['Der', 'Vogel', 'singt', 'frueh', 'am', 'Morgen', 'ein', 'froehliches', 'Lied', 'im', 'Garten']",Lied,ein
"F: In dem Satz ""Sie trinkt morgens gerne Kaffee mit frischer Milch und Zucker."", welches Wort kommt unmittelbar vor dem Wort ""und""? A:","['Sie', 'trinkt', 'morgens', 'gerne', 'Kaffee', 'mit', 'frischer', 'Milch', 'und', 'Zucker']",Milch,morgens
"F: In dem Satz ""Der Himmel ist bewoelkt, aber es bleibt trocken und mild."", welches Wort kommt unmittelbar vor dem Wort ""ist""? A:","['Der', 'Himmel', 'ist', 'bewoelkt', 'aber', 'es', 'bleibt', 'trocken', 'und', 'mild']",Himmel,bewoelkt
"F: In dem Satz ""Sie kocht gern leckere Gerichte aus verschiedenen Laendern Europas."", welches Wort kommt unmittelbar vor dem Wort ""aus""? A:","['Sie', 'kocht', 'gern', 'leckere', 'Gerichte', 'aus', 'verschiedenen', 'Laendern', 'Europas']",Gerichte,kocht
"Welches Wort steht im Satz ""Wir fahren im Herbst oft mit dem Auto ins Gebirge zum Wandern."" direkt vor ""dem""? ","['Wir', 'fahren', 'im', 'Herbst', 'oft', 'mit', 'dem', 'Auto', 'ins', 'Gebirge', 'zum', 'Wandern']",mit,im
"Welches Wort steht im Satz ""Wir essen heute Abend Pizza mit viel Kaese und Tomaten."" direkt vor ""viel""? ","['Wir', 'essen', 'heute', 'Abend', 'Pizza', 'mit', 'viel', 'Kaese', 'und', 'Tomaten']",mit,und
"F: In dem Satz ""Ich schreibe eine E-Mail an meinen Chef wegen des Meetings."", welches Wort kommt unmittelbar vor dem Wort ""Chef""? A:","['Ich', 'schreibe', 'eine', 'E-Mail', 'an', 'meinen', 'Chef', 'wegen', 'des', 'Meetings']",meinen,meinen
"Welches Wort steht im Satz ""Der Vogel zwitschert froehlich auf dem Ast des alten Baums."" direkt vor ""alten""? ","['Der', 'Vogel', 'zwitschert', 'froehlich', 'auf', 'dem', 'Ast', 'des', 'alten', 'Baums']",des,des
"F: In dem Satz ""Der Vogel singt frueh am Morgen ein froehliches Lied im Garten."", welches Wort kommt unmittelbar vor dem Wort ""froehliches""? A:","['Der', 'Vogel', 'singt', 'frueh', 'am', 'Morgen', 'ein', 'froehliches', 'Lied', 'im', 'Garten']",ein,singt
"Welches Wort steht im Satz ""Wir machen eine Bootsfahrt auf dem See bei schoenem Wetter."" direkt vor ""machen""? ","['Wir', 'machen', 'eine', 'Bootsfahrt', 'auf', 'dem', 'See', 'bei', 'schoenem', 'Wetter']",Wir,dem
"F: In dem Satz ""Sie schreibt eine Postkarte an ihre beste Freundin."", welches Wort steht direkt vor dem Wort ""beste""? A:","['Sie', 'schreibt', 'eine', 'Postkarte', 'an', 'ihre', 'beste', 'Freundin']",ihre,eine
"F: In dem Satz ""Wir feiern Ostern traditionell mit bunten Eiern und Familie."", welches Wort kommt unmittelbar vor dem Wort ""Eiern""? A:","['Wir', 'feiern', 'Ostern', 'traditionell', 'mit', 'bunten', 'Eiern', 'und', 'Familie']",bunten,feiern
"Welches Wort steht im Satz ""Der Vogel baut ein Nest im Baum vor unserem Haus."" direkt vor ""Baum""? ","['Der', 'Vogel', 'baut', 'ein', 'Nest', 'im', 'Baum', 'vor', 'unserem', 'Haus']",im,im
"F: In dem Satz ""Ich lerne Deutsch, um in Deutschland zu arbeiten und mich zu verstaendigen."", welches Wort steht direkt vor dem Wort ""Deutschland""? A:","['Ich', 'lerne', 'Deutsch', 'um', 'in', 'Deutschland', 'zu', 'arbeiten', 'und', 'mich', 'zu', 'verstaendigen']",in,in
"F: In dem Satz ""Wir essen heute frische Pasta mit Tomatensosse und Salat dazu gern."", welches Wort kommt unmittelbar vor dem Wort ""Tomatensosse""? A:","['Wir', 'essen', 'heute', 'frische', 'Pasta', 'mit', 'Tomatensosse', 'und', 'Salat', 'dazu', 'gern']",mit,heute
"Welches Wort steht im Satz ""Wir treffen uns am Sonntag zum Fruehstueck im Café."" direkt vor ""Sonntag""? ","['Wir', 'treffen', 'uns', 'am', 'Sonntag', 'zum', 'Fruehstueck', 'im', 'Café']",am,treffen
"F: In dem Satz ""Der Junge spielt gerne Fussball auf dem Sportplatz."", welches Wort steht direkt vor dem Wort ""Junge""? A:","['Der', 'Junge', 'spielt', 'gerne', 'Fussball', 'auf', 'dem', 'Sportplatz']",Der,auf
"F: In dem Satz ""Ich koche heute eine cremige Kuerbissuppe mit frischen Gewuerzen."", welches Wort kommt unmittelbar vor dem Wort ""heute""? A:","['Ich', 'koche', 'heute', 'eine', 'cremige', 'Kuerbissuppe', 'mit', 'frischen', 'Gewuerzen']",koche,frischen
"F: In dem Satz ""Die Kinder spielen draussen im Garten mit ihren Freunden."", welches Wort steht direkt vor dem Wort ""spielen""? A:","['Die', 'Kinder', 'spielen', 'draussen', 'im', 'Garten', 'mit', 'ihren', 'Freunden']",Kinder,mit
"F: In dem Satz ""Sie hoert Musik, waehrend sie Hausaufgaben macht und sich konzentriert."", welches Wort kommt unmittelbar vor dem Wort ""hoert""? A:","['Sie', 'hoert', 'Musik', 'waehrend', 'sie', 'Hausaufgaben', 'macht', 'und', 'sich', 'konzentriert']",Sie,und
"Welches Wort steht im Satz ""Ich geniesse die Ruhe beim Lesen eines spannenden Romans."" direkt vor ""Lesen""? ","['Ich', 'geniesse', 'die', 'Ruhe', 'beim', 'Lesen', 'eines', 'spannenden', 'Romans']",beim,geniesse
"F: In dem Satz ""Sie schreibt ein Gedicht ueber den Fruehling und die Natur."", welches Wort steht direkt vor dem Wort ""schreibt""? A:","['Sie', 'schreibt', 'ein', 'Gedicht', 'ueber', 'den', 'Fruehling', 'und', 'die', 'Natur']",Sie,den
"Welches Wort steht im Satz ""Die Blumen bluehen bunt im Fruehling auf dem Balkon zuhause."" direkt vor ""dem""? ","['Die', 'Blumen', 'bluehen', 'bunt', 'im', 'Fruehling', 'auf', 'dem', 'Balkon', 'zuhause']",auf,dem
"Welches Wort steht im Satz ""Der Vogel baut ein Nest im Baum vor unserem Haus."" direkt vor ""unserem""? ","['Der', 'Vogel', 'baut', 'ein', 'Nest', 'im', 'Baum', 'vor', 'unserem', 'Haus']",vor,unserem
"F: In dem Satz ""Das Kind malt ein buntes Bild mit vielen Farben."", welches Wort steht direkt vor dem Wort ""mit""? A:","['Das', 'Kind', 'malt', 'ein', 'buntes', 'Bild', 'mit', 'vielen', 'Farben']",Bild,buntes
"Welches Wort steht im Satz ""Der Vogel zwitschert froehlich auf dem Baum im Park."" direkt vor ""Vogel""? ","['Der', 'Vogel', 'zwitschert', 'froehlich', 'auf', 'dem', 'Baum', 'im', 'Park']",Der,dem
"F: In dem Satz ""Der Vogel baut ein Nest hoch oben im Baum."", welches Wort steht direkt vor dem Wort ""ein""? A:","['Der', 'Vogel', 'baut', 'ein', 'Nest', 'hoch', 'oben', 'im', 'Baum']",baut,im
"Welches Wort steht im Satz ""Der Regen faellt sanft auf die Blaetter im Garten."" direkt vor ""sanft""? ","['Der', 'Regen', 'faellt', 'sanft', 'auf', 'die', 'Blaetter', 'im', 'Garten']",faellt,im
"F: In dem Satz ""Wir besuchen am Sonntag das Museum fuer moderne Kunst in der Stadt."", welches Wort kommt unmittelbar vor dem Wort ""besuchen""? A:","['Wir', 'besuchen', 'am', 'Sonntag', 'das', 'Museum', 'fuer', 'moderne', 'Kunst', 'in', 'der', 'Stadt']",Wir,fuer
"Welches Wort steht im Satz ""Der Lehrer erklaert die neue Grammatikregel geduldig und verstaendlich."" direkt vor ""Grammatikregel""? ","['Der', 'Lehrer', 'erklaert', 'die', 'neue', 'Grammatikregel', 'geduldig', 'und', 'verstaendlich']",neue,die
"Welches Wort steht im Satz ""Ich koche heute Abend eine leckere Gemuesesuppe mit frischen Kraeutern."" direkt vor ""Gemuesesuppe""? ","['Ich', 'koche', 'heute', 'Abend', 'eine', 'leckere', 'Gemuesesuppe', 'mit', 'frischen', 'Kraeutern']",leckere,heute
"F: In dem Satz ""Die Katze spielt mit dem kleinen roten Laserpunkt im Wohnzimmer."", welches Wort kommt unmittelbar vor dem Wort ""Laserpunkt""? A:","['Die', 'Katze', 'spielt', 'mit', 'dem', 'kleinen', 'roten', 'Laserpunkt', 'im', 'Wohnzimmer']",roten,roten
"F: In dem Satz ""Der Hund bellt laut, wenn jemand an der Tuer klingelt und begruesst."", welches Wort steht direkt vor dem Wort ""Tuer""? A:","['Der', 'Hund', 'bellt', 'laut', 'wenn', 'jemand', 'an', 'der', 'Tuer', 'klingelt', 'und', 'begruesst']",der,an
"F: In dem Satz ""Die Blumen im Garten bluehen bunt und duften wunderbar."", welches Wort steht direkt vor dem Wort ""Blumen""? A:","['Die', 'Blumen', 'im', 'Garten', 'bluehen', 'bunt', 'und', 'duften', 'wunderbar']",Die,im
"F: In dem Satz ""Wir machen einen Ausflug zum See am Samstag."", welches Wort steht direkt vor dem Wort ""am""? A:","['Wir', 'machen', 'einen', 'Ausflug', 'zum', 'See', 'am', 'Samstag']",See,am
"F: In dem Satz ""Die Blumen duften herrlich im Garten neben dem Haus."", welches Wort kommt unmittelbar vor dem Wort ""herrlich""? A:","['Die', 'Blumen', 'duften', 'herrlich', 'im', 'Garten', 'neben', 'dem', 'Haus']",duften,dem
"F: In dem Satz ""Sie kocht leckere Gerichte aus frischem Gemuese und Kraeutern."", welches Wort kommt unmittelbar vor dem Wort ""und""? A:","['Sie', 'kocht', 'leckere', 'Gerichte', 'aus', 'frischem', 'Gemuese', 'und', 'Kraeutern']",Gemuese,aus
"F: In dem Satz ""Wir feiern Silvester mit Freunden und einem grossen Feuerwerk."", welches Wort kommt unmittelbar vor dem Wort ""grossen""? A:","['Wir', 'feiern', 'Silvester', 'mit', 'Freunden', 'und', 'einem', 'grossen', 'Feuerwerk']",einem,einem
"Welches Wort steht im Satz ""Sie schreibt eine Karte an ihre Freundin zum Geburtstag."" direkt vor ""an""? ","['Sie', 'schreibt', 'eine', 'Karte', 'an', 'ihre', 'Freundin', 'zum', 'Geburtstag']",Karte,ihre
"F: In dem Satz ""Sie faehrt jeden Tag mit dem Fahrrad zur Arbeit."", welches Wort steht direkt vor dem Wort ""faehrt""? A:","['Sie', 'faehrt', 'jeden', 'Tag', 'mit', 'dem', 'Fahrrad', 'zur', 'Arbeit']",Sie,faehrt
"F: In dem Satz ""Wir machen eine Pause und trinken eine Tasse Kaffee zusammen im Café."", welches Wort steht direkt vor dem Wort ""zusammen""? A:","['Wir', 'machen', 'eine', 'Pause', 'und', 'trinken', 'eine', 'Tasse', 'Kaffee', 'zusammen', 'im', 'Café']",Kaffee,trinken
"F: In dem Satz ""Der Lehrer lobt die Schueler fuer ihre guten Leistungen."", welches Wort kommt unmittelbar vor dem Wort ""fuer""? A:","['Der', 'Lehrer', 'lobt', 'die', 'Schueler', 'fuer', 'ihre', 'guten', 'Leistungen']",Schueler,fuer
"F: In dem Satz ""Ich gehe abends spazieren, um den Kopf frei zu bekommen."", welches Wort kommt unmittelbar vor dem Wort ""spazieren""? A:","['Ich', 'gehe', 'abends', 'spazieren', 'um', 'den', 'Kopf', 'frei', 'zu', 'bekommen']",abends,gehe
"F: In dem Satz ""Sie liest jeden Abend vor dem Schlafengehen ein Buch."", welches Wort steht direkt vor dem Wort ""liest""? A:","['Sie', 'liest', 'jeden', 'Abend', 'vor', 'dem', 'Schlafengehen', 'ein', 'Buch']",Sie,ein
"F: In dem Satz ""Sie trinkt morgens warmen Tee mit Honig und Zitrone."", welches Wort kommt unmittelbar vor dem Wort ""trinkt""? A:","['Sie', 'trinkt', 'morgens', 'warmen', 'Tee', 'mit', 'Honig', 'und', 'Zitrone']",Sie,trinkt
"F: In dem Satz ""Der Vogel zwitschert laut im Garten und begruesst den neuen Tag."", welches Wort kommt unmittelbar vor dem Wort ""im""? A:","['Der', 'Vogel', 'zwitschert', 'laut', 'im', 'Garten', 'und', 'begruesst', 'den', 'neuen', 'Tag']",laut,neuen
"F: In dem Satz ""Wir feiern Weihnachten traditionell mit der ganzen Familie und Geschenken."", welches Wort kommt unmittelbar vor dem Wort ""ganzen""? A:","['Wir', 'feiern', 'Weihnachten', 'traditionell', 'mit', 'der', 'ganzen', 'Familie', 'und', 'Geschenken']",der,traditionell
"F: In dem Satz ""Das Konzert beginnt um acht Uhr am Abend."", welches Wort steht direkt vor dem Wort ""am""? A:","['Das', 'Konzert', 'beginnt', 'um', 'acht', 'Uhr', 'am', 'Abend']",Uhr,acht
"F: In dem Satz ""Die Blumen auf dem Balkon bluehen schoen in der warmen Sonne."", welches Wort kommt unmittelbar vor dem Wort ""der""? A:","['Die', 'Blumen', 'auf', 'dem', 'Balkon', 'bluehen', 'schoen', 'in', 'der', 'warmen', 'Sonne']",in,schoen
"F: In dem Satz ""Sie kocht heute eine Suppe mit vielen frischen Kraeutern."", welches Wort steht direkt vor dem Wort ""Suppe""? A:","['Sie', 'kocht', 'heute', 'eine', 'Suppe', 'mit', 'vielen', 'frischen', 'Kraeutern']",eine,heute
"Welches Wort steht im Satz ""Der Himmel ist heute bewoelkt, aber es bleibt trocken und mild."" direkt vor ""bleibt""? ","['Der', 'Himmel', 'ist', 'heute', 'bewoelkt', 'aber', 'es', 'bleibt', 'trocken', 'und', 'mild']",es,und
"F: In dem Satz ""Wir machen einen Ausflug in die Berge und geniessen die Natur."", welches Wort steht direkt vor dem Wort ""geniessen""? A:","['Wir', 'machen', 'einen', 'Ausflug', 'in', 'die', 'Berge', 'und', 'geniessen', 'die', 'Natur']",und,machen
"F: In dem Satz ""Die Blumen bluehen bunt und duften angenehm im Fruehling."", welches Wort steht direkt vor dem Wort ""im""? A:","['Die', 'Blumen', 'bluehen', 'bunt', 'und', 'duften', 'angenehm', 'im', 'Fruehling']",angenehm,im
"F: In dem Satz ""Der Zug kommt puenktlich am Bahnhof an."", welches Wort steht direkt vor dem Wort ""kommt""? A:","['Der', 'Zug', 'kommt', 'puenktlich', 'am', 'Bahnhof', 'an']",Zug,am
"Welches Wort steht im Satz ""Die Katze spielt mit ihrem Lieblingsspielzeug im Wohnzimmer froehlich."" direkt vor ""im""? ","['Die', 'Katze', 'spielt', 'mit', 'ihrem', 'Lieblingsspielzeug', 'im', 'Wohnzimmer', 'froehlich']",Lieblingsspielzeug,ohnzimmer
"F: In dem Satz ""Sie spielt Geige und uebt fleissig fuer das Konzert naechste Woche."", welches Wort kommt unmittelbar vor dem Wort ""naechste""? A:","['Sie', 'spielt', 'Geige', 'und', 'uebt', 'fleissig', 'fuer', 'das', 'Konzert', 'naechste', 'Woche']",Konzert,naechste
"F: In dem Satz ""Wir besuchen naechste Woche das Museum fuer moderne Kunst."", welches Wort steht direkt vor dem Wort ""das""? A:","['Wir', 'besuchen', 'naechste', 'Woche', 'das', 'Museum', 'fuer', 'moderne', 'Kunst']",Woche,fuer
"F: In dem Satz ""Sie schreibt eine Karte an ihre Grosseltern zum Geburtstag."", welches Wort steht direkt vor dem Wort ""ihre""? A:","['Sie', 'schreibt', 'eine', 'Karte', 'an', 'ihre', 'Grosseltern', 'zum', 'Geburtstag']",an,ihre
"F: In dem Satz ""Wir fahren im Winter in die Berge zum Skifahren und Rodeln oft."", welches Wort kommt unmittelbar vor dem Wort ""und""? A:","['Wir', 'fahren', 'im', 'Winter', 'in', 'die', 'Berge', 'zum', 'Skifahren', 'und', 'Rodeln', 'oft']",Skifahren,fahren
"Welches Wort steht im Satz ""Die Blumen auf dem Balkon bluehen schoen in der warmen Sonne."" direkt vor ""warmen""? ","['Die', 'Blumen', 'auf', 'dem', 'Balkon', 'bluehen', 'schoen', 'in', 'der', 'warmen', 'Sonne']",der,der
"F: In dem Satz ""Die Kinder malen Bilder fuer den Kunstwettbewerb in der Schule."", welches Wort kommt unmittelbar vor dem Wort ""Kinder""? A:","['Die', 'Kinder', 'malen', 'Bilder', 'fuer', 'den', 'Kunstwettbewerb', 'in', 'der', 'Schule']",Die,der
"F: In dem Satz ""Wir fahren mit dem Fahrrad durch den Park am Wochenende zum Ausflug."", welches Wort kommt unmittelbar vor dem Wort ""den""? A:","['Wir', 'fahren', 'mit', 'dem', 'Fahrrad', 'durch', 'den', 'Park', 'am', 'Wochenende', 'zum', 'Ausflug']",durch,fahren
"F: In dem Satz ""Sie schreibt eine Postkarte aus dem Urlaub an ihre Freunde."", welches Wort kommt unmittelbar vor dem Wort ""Urlaub""? A:","['Sie', 'schreibt', 'eine', 'Postkarte', 'aus', 'dem', 'Urlaub', 'an', 'ihre', 'Freunde']",dem,schreibt
"Welches Wort steht im Satz ""Er faehrt jeden Tag mit dem Fahrrad zur Arbeit in der Stadt."" direkt vor ""zur""? ","['Er', 'faehrt', 'jeden', 'Tag', 'mit', 'dem', 'Fahrrad', 'zur', 'Arbeit', 'in', 'der', 'Stadt']",Fahrrad,dem
"F: In dem Satz ""Die Katze spielt mit ihrem Lieblingsspielzeug im Wohnzimmer froehlich."", welches Wort kommt unmittelbar vor dem Wort ""Katze""? A:","['Die', 'Katze', 'spielt', 'mit', 'ihrem', 'Lieblingsspielzeug', 'im', 'Wohnzimmer', 'froehlich']",Die,im
"F: In dem Satz ""Ich lese oft spannende Buecher ueber Geschichte und Kultur aus aller Welt."", welches Wort steht direkt vor dem Wort ""ueber""? A:","['Ich', 'lese', 'oft', 'spannende', 'Buecher', 'ueber', 'Geschichte', 'und', 'Kultur', 'aus', 'aller', 'Welt']",Buecher,oft
"F: In dem Satz ""Wir feiern Weihnachten mit der ganzen Familie zusammen und essen viel."", welches Wort steht direkt vor dem Wort ""ganzen""? A:","['Wir', 'feiern', 'Weihnachten', 'mit', 'der', 'ganzen', 'Familie', 'zusammen', 'und', 'essen', 'viel']",der,feiern
"F: In dem Satz ""Im Park spielen viele Kinder laut auf dem Spielplatz."", welches Wort steht direkt vor dem Wort ""auf""? A:","['Im', 'Park', 'spielen', 'viele', 'Kinder', 'laut', 'auf', 'dem', 'Spielplatz']",laut,spielen
"Welches Wort steht im Satz ""Die Kinder spielen Verstecken im Garten und lachen laut."" direkt vor ""im""? ","['Die', 'Kinder', 'spielen', 'Verstecken', 'im', 'Garten', 'und', 'lachen', 'laut']",Verstecken,spielen
"F: In dem Satz ""Er liest die Zeitung beim Fruehstueck jeden Morgen."", welches Wort steht direkt vor dem Wort ""jeden""? A:","['Er', 'liest', 'die', 'Zeitung', 'beim', 'Fruehstueck', 'jeden', 'Morgen']",Fruehstueck,jeden
"Welches Wort steht im Satz ""Er repariert sein Fahrrad in der Werkstatt seines Nachbarn."" direkt vor ""sein""? ","['Er', 'repariert', 'sein', 'Fahrrad', 'in', 'der', 'Werkstatt', 'seines', 'Nachbarn']",repariert,erkstatt
"F: In dem Satz ""Ich gehe abends spazieren, um den Kopf frei zu bekommen."", welches Wort kommt unmittelbar vor dem Wort ""abends""? A:","['Ich', 'gehe', 'abends', 'spazieren', 'um', 'den', 'Kopf', 'frei', 'zu', 'bekommen']",gehe,frei
"Welches Wort steht im Satz ""Die Sonne scheint warm auf das Gesicht im Sommer."" direkt vor ""Sonne""? ","['Die', 'Sonne', 'scheint', 'warm', 'auf', 'das', 'Gesicht', 'im', 'Sommer']",Die,scheint
"Welches Wort steht im Satz ""Er repariert das Fahrrad im Keller mit Werkzeug und Geduld."" direkt vor ""im""? ","['Er', 'repariert', 'das', 'Fahrrad', 'im', 'Keller', 'mit', 'Werkzeug', 'und', 'Geduld']",Fahrrad,im
"F: In dem Satz ""Der Himmel ist klar und die Sonne scheint warm und hell."", welches Wort kommt unmittelbar vor dem Wort ""warm""? A:","['Der', 'Himmel', 'ist', 'klar', 'und', 'die', 'Sonne', 'scheint', 'warm', 'und', 'hell']",scheint,ist
"F: In dem Satz ""Der Film im Kino war sehr spannend und lustig."", welches Wort steht direkt vor dem Wort ""sehr""? A:","['Der', 'Film', 'im', 'Kino', 'war', 'sehr', 'spannend', 'und', 'lustig']",war,sehr
"Welches Wort steht im Satz ""Die Blumen bluehen bunt und duften herrlich im Fruehlingsgarten."" direkt vor ""herrlich""? ","['Die', 'Blumen', 'bluehen', 'bunt', 'und', 'duften', 'herrlich', 'im', 'Fruehlingsgarten']",duften,herrlich
"F: In dem Satz ""Ich gehe joggen im Wald am Morgen und geniesse."", welches Wort steht direkt vor dem Wort ""und""? A:","['Ich', 'gehe', 'joggen', 'im', 'Wald', 'am', 'Morgen', 'und', 'geniesse']",Morgen,und
"Welches Wort steht im Satz ""Der Hund liebt es, im Park mit anderen Hunden zu spielen."" direkt vor ""zu""? ","['Der', 'Hund', 'liebt', 'es', 'im', 'Park', 'mit', 'anderen', 'Hunden', 'zu', 'spielen']",Hunden,anderen
"F: In dem Satz ""Sie kocht oft italienische Gerichte mit frischen Kraeutern und Tomaten."", welches Wort kommt unmittelbar vor dem Wort ""und""? A:","['Sie', 'kocht', 'oft', 'italienische', 'Gerichte', 'mit', 'frischen', 'Kraeutern', 'und', 'Tomaten']",Kraeutern,frischen
"F: In dem Satz ""Ich lese oft spannende Buecher ueber Geschichte und Kultur."", welches Wort steht direkt vor dem Wort ""Buecher""? A:","['Ich', 'lese', 'oft', 'spannende', 'Buecher', 'ueber', 'Geschichte', 'und', 'Kultur']",spannende,lese
"F: In dem Satz ""Wir treffen uns am Sonntag zum gemuetlichen Fruehstueck im Café."", welches Wort kommt unmittelbar vor dem Wort ""Fruehstueck""? A:","['Wir', 'treffen', 'uns', 'am', 'Sonntag', 'zum', 'gemuetlichen', 'Fruehstueck', 'im', 'Café']",gemuetlichen,ir
"F: In dem Satz ""Wir besuchen naechste Woche das Theater und sehen ein neues Stueck."", welches Wort steht direkt vor dem Wort ""naechste""? A:","['Wir', 'besuchen', 'naechste', 'Woche', 'das', 'Theater', 'und', 'sehen', 'ein', 'neues', 'Stueck']",besuchen,und
"F: In dem Satz ""Der Vogel singt ein schoenes Lied am fruehen Morgen."", welches Wort steht direkt vor dem Wort ""fruehen""? A:","['Der', 'Vogel', 'singt', 'ein', 'schoenes', 'Lied', 'am', 'fruehen', 'Morgen']",am,ein
"F: In dem Satz ""Wir fahren im Sommer ans Meer zum Schwimmen und Entspannen jedes Jahr heute."", welches Wort kommt unmittelbar vor dem Wort ""fahren""? A:","['Wir', 'fahren', 'im', 'Sommer', 'ans', 'Meer', 'zum', 'Schwimmen', 'und', 'Entspannen', 'jedes', 'Jahr', 'heute']",Wir,jedes
"F: In dem Satz ""Die Blumen auf dem Balkon bluehen schoen in der warmen Sonne."", welches Wort kommt unmittelbar vor dem Wort ""schoen""? A:","['Die', 'Blumen', 'auf', 'dem', 'Balkon', 'bluehen', 'schoen', 'in', 'der', 'warmen', 'Sonne']",bluehen,auf
"F: In dem Satz ""Der Hund wartet geduldig vor der Tuer."", welches Wort steht direkt vor dem Wort ""geduldig""? A:","['Der', 'Hund', 'wartet', 'geduldig', 'vor', 'der', 'Tuer']",wartet,der
"F: In dem Satz ""Er faehrt jeden Morgen mit dem Fahrrad zur Arbeit in die Stadt."", welches Wort kommt unmittelbar vor dem Wort ""jeden""? A:","['Er', 'faehrt', 'jeden', 'Morgen', 'mit', 'dem', 'Fahrrad', 'zur', 'Arbeit', 'in', 'die', 'Stadt']",faehrt,faehrt
"F: In dem Satz ""Wir feiern Weihnachten mit der ganzen Familie zusammen."", welches Wort steht direkt vor dem Wort ""mit""? A:","['Wir', 'feiern', 'Weihnachten', 'mit', 'der', 'ganzen', 'Familie', 'zusammen']",Weihnachten,der
"F: In dem Satz ""Wir besuchen morgen das neue Museum in der Stadt."", welches Wort steht direkt vor dem Wort ""Museum""? A:","['Wir', 'besuchen', 'morgen', 'das', 'neue', 'Museum', 'in', 'der', 'Stadt']",neue,ir
"Welches Wort steht im Satz ""Wir essen heute Abend frische Pasta mit Tomatensosse und Parmesan."" direkt vor ""Abend""? ","['Wir', 'essen', 'heute', 'Abend', 'frische', 'Pasta', 'mit', 'Tomatensosse', 'und', 'Parmesan']",heute,mit
"F: In dem Satz ""Wir machen eine Pause und trinken Kaffee zusammen in der Kueche oft."", welches Wort kommt unmittelbar vor dem Wort ""der""? A:","['Wir', 'machen', 'eine', 'Pause', 'und', 'trinken', 'Kaffee', 'zusammen', 'in', 'der', 'Kueche', 'oft']",in,trinken
"F: In dem Satz ""Ich schreibe eine Nachricht an meine Eltern zum Geburtstag heute."", welches Wort kommt unmittelbar vor dem Wort ""an""? A:","['Ich', 'schreibe', 'eine', 'Nachricht', 'an', 'meine', 'Eltern', 'zum', 'Geburtstag', 'heute']",Nachricht,meine
"F: In dem Satz ""Ich schreibe eine E-Mail an meinen Chef wegen Terminen."", welches Wort steht direkt vor dem Wort ""Chef""? A:","['Ich', 'schreibe', 'eine', 'E-Mail', 'an', 'meinen', 'Chef', 'wegen', 'Terminen']",meinen,schreibe
"F: In dem Satz ""Wir fahren mit dem Fahrrad durch den Park am Wochenende."", welches Wort steht direkt vor dem Wort ""Fahrrad""? A:","['Wir', 'fahren', 'mit', 'dem', 'Fahrrad', 'durch', 'den', 'Park', 'am', 'Wochenende']",dem,fahren
"F: In dem Satz ""Sie schreibt eine E-Mail an ihre Freundin und erzaehlt."", welches Wort steht direkt vor dem Wort ""E-Mail""? A:","['Sie', 'schreibt', 'eine', 'E-Mail', 'an', 'ihre', 'Freundin', 'und', 'erzaehlt']",eine,schreibt
"F: In dem Satz ""Ich lerne jeden Tag neue deutsche Woerter."", welches Wort steht direkt vor dem Wort ""neue""? A:","['Ich', 'lerne', 'jeden', 'Tag', 'neue', 'deutsche', 'Woerter']",Tag,neue
"F: In dem Satz ""Der Lehrer gibt viele Hausaufgaben fuer das Wochenende an seine Schueler."", welches Wort steht direkt vor dem Wort ""Lehrer""? A:","['Der', 'Lehrer', 'gibt', 'viele', 'Hausaufgaben', 'fuer', 'das', 'Wochenende', 'an', 'seine', 'Schueler']",Der,seine
"F: In dem Satz ""Sie kocht gern mit frischen Kraeutern aus dem Garten."", welches Wort steht direkt vor dem Wort ""dem""? A:","['Sie', 'kocht', 'gern', 'mit', 'frischen', 'Kraeutern', 'aus', 'dem', 'Garten']",aus,kocht
"Welches Wort steht im Satz ""Die Kinder freuen sich auf die bevorstehenden Sommerferien sehr."" direkt vor ""Sommerferien""? ","['Die', 'Kinder', 'freuen', 'sich', 'auf', 'die', 'bevorstehenden', 'Sommerferien', 'sehr']",bevorstehenden,die
"F: In dem Satz ""Sie kocht gerne mit frischen Kraeutern aus dem Garten."", welches Wort steht direkt vor dem Wort ""frischen""? A:","['Sie', 'kocht', 'gerne', 'mit', 'frischen', 'Kraeutern', 'aus', 'dem', 'Garten']",mit,aus
"Welches Wort steht im Satz ""Wir feiern heute ein Fest mit Freunden und leckerem Essen."" direkt vor ""heute""? ","['Wir', 'feiern', 'heute', 'ein', 'Fest', 'mit', 'Freunden', 'und', 'leckerem', 'Essen']",feiern,ir
"F: In dem Satz ""Der Berg ist hoch und bietet tolle Aussicht auf das Tal."", welches Wort kommt unmittelbar vor dem Wort ""das""? A:","['Der', 'Berg', 'ist', 'hoch', 'und', 'bietet', 'tolle', 'Aussicht', 'auf', 'das', 'Tal']",auf,auf
"F: In dem Satz ""Wir feiern Weihnachten mit der ganzen Familie zusammen und geniessen."", welches Wort kommt unmittelbar vor dem Wort ""zusammen""? A:","['Wir', 'feiern', 'Weihnachten', 'mit', 'der', 'ganzen', 'Familie', 'zusammen', 'und', 'geniessen']",Familie,ir
"F: In dem Satz ""Sie liest gern spannende Krimis und Thriller am Abend vor dem Schlafen."", welches Wort kommt unmittelbar vor dem Wort ""Krimis""? A:","['Sie', 'liest', 'gern', 'spannende', 'Krimis', 'und', 'Thriller', 'am', 'Abend', 'vor', 'dem', 'Schlafen']",spannende,und
"F: In dem Satz ""Sie hoert gern Musik, waehrend sie am Computer arbeitet zu Hause oft."", welches Wort kommt unmittelbar vor dem Wort ""zu""? A:","['Sie', 'hoert', 'gern', 'Musik', 'waehrend', 'sie', 'am', 'Computer', 'arbeitet', 'zu', 'Hause', 'oft']",arbeitet,arbeitet
"F: In dem Satz ""Wir feiern Ostern traditionell mit bunten Eiern und der Familie."", welches Wort kommt unmittelbar vor dem Wort ""der""? A:","['Wir', 'feiern', 'Ostern', 'traditionell', 'mit', 'bunten', 'Eiern', 'und', 'der', 'Familie']",und,feiern
"Welches Wort steht im Satz ""Er faehrt jeden Morgen mit dem Fahrrad zur Arbeit in die Stadt."" direkt vor ""Fahrrad""? ","['Er', 'faehrt', 'jeden', 'Morgen', 'mit', 'dem', 'Fahrrad', 'zur', 'Arbeit', 'in', 'die', 'Stadt']",dem,in
"F: In dem Satz ""Sie hoert Musik, waehrend sie Hausaufgaben macht."", welches Wort steht direkt vor dem Wort ""waehrend""? A:","['Sie', 'hoert', 'Musik', 'waehrend', 'sie', 'Hausaufgaben', 'macht']",Musik,macht
"F: In dem Satz ""Ich koche heute Abend ein leckeres Abendessen fuer meine Familie."", welches Wort steht direkt vor dem Wort ""koche""? A:","['Ich', 'koche', 'heute', 'Abend', 'ein', 'leckeres', 'Abendessen', 'fuer', 'meine', 'Familie']",Ich,koche
"F: In dem Satz ""Sie schreibt eine Karte an ihre Freundin zum Geburtstag."", welches Wort kommt unmittelbar vor dem Wort ""schreibt""? A:","['Sie', 'schreibt', 'eine', 'Karte', 'an', 'ihre', 'Freundin', 'zum', 'Geburtstag']",Sie,schreibt
"Welches Wort steht im Satz ""Sie liest gern spannende Romane ueber Abenteuer und ferne Laender."" direkt vor ""ueber""? ","['Sie', 'liest', 'gern', 'spannende', 'Romane', 'ueber', 'Abenteuer', 'und', 'ferne', 'Laender']",Romane,ferne
"F: In dem Satz ""Der Vogel baut ein Nest hoch oben im alten Baum."", welches Wort kommt unmittelbar vor dem Wort ""baut""? A:","['Der', 'Vogel', 'baut', 'ein', 'Nest', 'hoch', 'oben', 'im', 'alten', 'Baum']",Vogel,im
"Welches Wort steht im Satz ""Wir gehen morgen frueh zum Markt, um frisches Obst zu kaufen."" direkt vor ""morgen""? ","['Wir', 'gehen', 'morgen', 'frueh', 'zum', 'Markt', 'um', 'frisches', 'Obst', 'zu', 'kaufen']",gehen,morgen
"F: In dem Satz ""Wir feiern im Sommer ein grosses Familienfest."", welches Wort steht direkt vor dem Wort ""grosses""? A:","['Wir', 'feiern', 'im', 'Sommer', 'ein', 'grosses', 'Familienfest']",ein,grosses
"Welches Wort steht im Satz ""Wir feiern heute den Geburtstag meiner Schwester mit vielen Gaesten."" direkt vor ""feiern""? ","['Wir', 'feiern', 'heute', 'den', 'Geburtstag', 'meiner', 'Schwester', 'mit', 'vielen', 'Gaesten']",Wir,ir
"Welches Wort steht im Satz ""Wir treffen uns am Sonntag zum Fruehstueck im kleinen Café."" direkt vor ""uns""? ","['Wir', 'treffen', 'uns', 'am', 'Sonntag', 'zum', 'Fruehstueck', 'im', 'kleinen', 'Café']",treffen,uns
"F: In dem Satz ""Wir feiern naechsten Monat eine grosse Geburtstagsparty."", welches Wort steht direkt vor dem Wort ""grosse""? A:","['Wir', 'feiern', 'naechsten', 'Monat', 'eine', 'grosse', 'Geburtstagsparty']",eine,naechsten
"Welches Wort steht im Satz ""Die Katze springt geschickt auf das hohe Buecherregal oben."" direkt vor ""hohe""? ","['Die', 'Katze', 'springt', 'geschickt', 'auf', 'das', 'hohe', 'Buecherregal', 'oben']",das,das
"Welches Wort steht im Satz ""Der Vogel fliegt hoch in den blauen Himmel ueber uns."" direkt vor ""blauen""? ","['Der', 'Vogel', 'fliegt', 'hoch', 'in', 'den', 'blauen', 'Himmel', 'ueber', 'uns']",den,blauen
"F: In dem Satz ""Der Hund laeuft schnell durch den Garten und spielt mit dem Ball."", welches Wort kommt unmittelbar vor dem Wort ""mit""? A:","['Der', 'Hund', 'laeuft', 'schnell', 'durch', 'den', 'Garten', 'und', 'spielt', 'mit', 'dem', 'Ball']",spielt,mit
"Welches Wort steht im Satz ""Wir feiern Weihnachten mit der ganzen Familie und leckerem Essen."" direkt vor ""leckerem""? ","['Wir', 'feiern', 'Weihnachten', 'mit', 'der', 'ganzen', 'Familie', 'und', 'leckerem', 'Essen']",und,ir
"F: In dem Satz ""Der Vogel zwitschert laut im Garten und begruesst den neuen Tag."", welches Wort kommt unmittelbar vor dem Wort ""begruesst""? A:","['Der', 'Vogel', 'zwitschert', 'laut', 'im', 'Garten', 'und', 'begruesst', 'den', 'neuen', 'Tag']",und,neuen
"F: In dem Satz ""Ich hoere Musik, waehrend ich Hausaufgaben mache und mich konzentriere."", welches Wort kommt unmittelbar vor dem Wort ""ich""? A:","['Ich', 'hoere', 'Musik', 'waehrend', 'ich', 'Hausaufgaben', 'mache', 'und', 'mich', 'konzentriere']",waehrend,hoere
"F: In dem Satz ""Das Kind malt ein buntes Bild mit vielen Farben."", welches Wort steht direkt vor dem Wort ""malt""? A:","['Das', 'Kind', 'malt', 'ein', 'buntes', 'Bild', 'mit', 'vielen', 'Farben']",Kind,ein
"F: In dem Satz ""Wir besuchen im Sommer oft den See zum Schwimmen und Entspannen."", welches Wort kommt unmittelbar vor dem Wort ""und""? A:","['Wir', 'besuchen', 'im', 'Sommer', 'oft', 'den', 'See', 'zum', 'Schwimmen', 'und', 'Entspannen']",Schwimmen,oft
"F: In dem Satz ""Der Lehrer lobt die Schueler fuer ihre guten Leistungen."", welches Wort steht direkt vor dem Wort ""lobt""? A:","['Der', 'Lehrer', 'lobt', 'die', 'Schueler', 'fuer', 'ihre', 'guten', 'Leistungen']",Lehrer,lobt
"F: In dem Satz ""Wir machen eine Pause und trinken eine Tasse Kaffee."", welches Wort steht direkt vor dem Wort ""Tasse""? A:","['Wir', 'machen', 'eine', 'Pause', 'und', 'trinken', 'eine', 'Tasse', 'Kaffee']",eine,und
"F: In dem Satz ""Wir machen eine Pause und trinken eine Tasse Kaffee."", welches Wort steht direkt vor dem Wort ""Pause""? A:","['Wir', 'machen', 'eine', 'Pause', 'und', 'trinken', 'eine', 'Tasse', 'Kaffee']",eine,trinken
"F: In dem Satz ""Ich trinke morgens gern Tee mit Honig und frischer Zitrone."", welches Wort kommt unmittelbar vor dem Wort ""trinke""? A:","['Ich', 'trinke', 'morgens', 'gern', 'Tee', 'mit', 'Honig', 'und', 'frischer', 'Zitrone']",Ich,trinke
"F: In dem Satz ""Der Lehrer gibt uns viele interessante Aufgaben im Unterricht."", welches Wort steht direkt vor dem Wort ""uns""? A:","['Der', 'Lehrer', 'gibt', 'uns', 'viele', 'interessante', 'Aufgaben', 'im', 'Unterricht']",gibt,uns
"F: In dem Satz ""Der Hund bellt laut, wenn jemand an der Tuer klingelt."", welches Wort steht direkt vor dem Wort ""an""? A:","['Der', 'Hund', 'bellt', 'laut', 'wenn', 'jemand', 'an', 'der', 'Tuer', 'klingelt']",jemand,an
"F: In dem Satz ""Sie hat ein neues Kleid fuer die Party gekauft."", welches Wort steht direkt vor dem Wort ""Party""? A:","['Sie', 'hat', 'ein', 'neues', 'Kleid', 'fuer', 'die', 'Party', 'gekauft']",die,die
"F: In dem Satz ""Bitte oeffne das Fenster, es ist warm und stickig im Zimmer heute."", welches Wort kommt unmittelbar vor dem Wort ""Fenster""? A:","['Bitte', 'oeffne', 'das', 'Fenster', 'es', 'ist', 'warm', 'und', 'stickig', 'im', 'Zimmer', 'heute']",das,das
"F: In dem Satz ""Wir treffen uns am Sonntag zum Fruehstueck im Café."", welches Wort kommt unmittelbar vor dem Wort ""uns""? A:","['Wir', 'treffen', 'uns', 'am', 'Sonntag', 'zum', 'Fruehstueck', 'im', 'Café']",treffen,am
"F: In dem Satz ""Wir feiern Silvester mit Freunden und viel Spass und Musik in der Stadt."", welches Wort steht direkt vor dem Wort ""Silvester""? A:","['Wir', 'feiern', 'Silvester', 'mit', 'Freunden', 'und', 'viel', 'Spass', 'und', 'Musik', 'in', 'der', 'Stadt']",feiern,ir
"F: In dem Satz ""Sie kocht heute eine Suppe mit frischen Kraeutern."", welches Wort steht direkt vor dem Wort ""mit""? A:","['Sie', 'kocht', 'heute', 'eine', 'Suppe', 'mit', 'frischen', 'Kraeutern']",Suppe,heute
"F: In dem Satz ""Das Wetter im Fruehling ist oft wechselhaft."", welches Wort steht direkt vor dem Wort ""Wetter""? A:","['Das', 'Wetter', 'im', 'Fruehling', 'ist', 'oft', 'wechselhaft']",Das,oft
"Welches Wort steht im Satz ""Wir pflanzen gemeinsam Blumen im Garten fuer den Fruehling."" direkt vor ""im""? ","['Wir', 'pflanzen', 'gemeinsam', 'Blumen', 'im', 'Garten', 'fuer', 'den', 'Fruehling']",Blumen,den
"F: In dem Satz ""Im Park spielen viele Kinder froehlich und laut auf dem Spielplatz."", welches Wort steht direkt vor dem Wort ""und""? A:","['Im', 'Park', 'spielen', 'viele', 'Kinder', 'froehlich', 'und', 'laut', 'auf', 'dem', 'Spielplatz']",froehlich,spielen
"Welches Wort steht im Satz ""Die Blumen im Garten bluehen schoen in der warmen Sonne."" direkt vor ""schoen""? ","['Die', 'Blumen', 'im', 'Garten', 'bluehen', 'schoen', 'in', 'der', 'warmen', 'Sonne']",bluehen,der
"Welches Wort steht im Satz ""Der Lehrer lobt die Schueler fuer ihre guten Leistungen im Test."" direkt vor ""fuer""? ","['Der', 'Lehrer', 'lobt', 'die', 'Schueler', 'fuer', 'ihre', 'guten', 'Leistungen', 'im', 'Test']",Schueler,die
"F: In dem Satz ""Wir besuchen das Museum, um mehr ueber Kunst zu lernen."", welches Wort steht direkt vor dem Wort ""das""? A:","['Wir', 'besuchen', 'das', 'Museum', 'um', 'mehr', 'ueber', 'Kunst', 'zu', 'lernen']",besuchen,besuchen
"Welches Wort steht im Satz ""Der Hund liegt zufrieden in seinem Koerbchen und schlaeft."" direkt vor ""liegt""? ","['Der', 'Hund', 'liegt', 'zufrieden', 'in', 'seinem', 'Koerbchen', 'und', 'schlaeft']",Hund,in
"Welches Wort steht im Satz ""Die Kinder spielen draussen im Garten Verstecken und haben viel Spass."" direkt vor ""Kinder""? ","['Die', 'Kinder', 'spielen', 'draussen', 'im', 'Garten', 'Verstecken', 'und', 'haben', 'viel', 'Spass']",Die,spielen
"Welches Wort steht im Satz ""Ich trinke morgens gern schwarzen Kaffee ohne Zucker und Milch."" direkt vor ""trinke""? ","['Ich', 'trinke', 'morgens', 'gern', 'schwarzen', 'Kaffee', 'ohne', 'Zucker', 'und', 'Milch']",Ich,trinke
"Welches Wort steht im Satz ""Wir machen eine Wanderung durch den Wald und hoeren Voegel."" direkt vor ""machen""? ","['Wir', 'machen', 'eine', 'Wanderung', 'durch', 'den', 'Wald', 'und', 'hoeren', 'Voegel']",Wir,ir
"F: In dem Satz ""Sie liest jeden Abend vor dem Schlafengehen ein interessantes Buch."", welches Wort kommt unmittelbar vor dem Wort ""jeden""? A:","['Sie', 'liest', 'jeden', 'Abend', 'vor', 'dem', 'Schlafengehen', 'ein', 'interessantes', 'Buch']",liest,interessantes
"F: In dem Satz ""Wir machen einen Ausflug zum See am Samstag mit der Familie."", welches Wort kommt unmittelbar vor dem Wort ""See""? A:","['Wir', 'machen', 'einen', 'Ausflug', 'zum', 'See', 'am', 'Samstag', 'mit', 'der', 'Familie']",zum,einen
"Welches Wort steht im Satz ""Der Winter bringt oft Schnee und kalte Temperaturen in unsere Region."" direkt vor ""Temperaturen""? ","['Der', 'Winter', 'bringt', 'oft', 'Schnee', 'und', 'kalte', 'Temperaturen', 'in', 'unsere', 'Region']",kalte,in
"F: In dem Satz ""Ich hoere gern Podcasts ueber Wissenschaft und Technik."", welches Wort steht direkt vor dem Wort ""hoere""? A:","['Ich', 'hoere', 'gern', 'Podcasts', 'ueber', 'Wissenschaft', 'und', 'Technik']",Ich,issenschaft
"F: In dem Satz ""Der Hund bellt laut, wenn jemand an der Tuer klingelt."", welches Wort kommt unmittelbar vor dem Wort ""bellt""? A:","['Der', 'Hund', 'bellt', 'laut', 'wenn', 'jemand', 'an', 'der', 'Tuer', 'klingelt']",Hund,bellt
"Welches Wort steht im Satz ""Wir gehen morgen frueh zum Markt, um frisches Obst zu kaufen."" direkt vor ""zu""? ","['Wir', 'gehen', 'morgen', 'frueh', 'zum', 'Markt', 'um', 'frisches', 'Obst', 'zu', 'kaufen']",Obst,um
"Welches Wort steht im Satz ""Der Himmel ist heute bewoelkt, aber es bleibt trocken und mild."" direkt vor ""bleibt""? ","['Der', 'Himmel', 'ist', 'heute', 'bewoelkt', 'aber', 'es', 'bleibt', 'trocken', 'und', 'mild']",es,aber
"Welches Wort steht im Satz ""Sie naeht eine warme Jacke fuer den kommenden Winter."" direkt vor ""kommenden""? ","['Sie', 'naeht', 'eine', 'warme', 'Jacke', 'fuer', 'den', 'kommenden', 'Winter']",den,den
"Welches Wort steht im Satz ""Die Katze spielt mit ihrem Lieblingsspielzeug auf dem Wohnzimmerboden."" direkt vor ""ihrem""? ","['Die', 'Katze', 'spielt', 'mit', 'ihrem', 'Lieblingsspielzeug', 'auf', 'dem', 'Wohnzimmerboden']",mit,dem
"Welches Wort steht im Satz ""Wir spielen Karten und lachen laut bis spaet in Nacht."" direkt vor ""laut""? ","['Wir', 'spielen', 'Karten', 'und', 'lachen', 'laut', 'bis', 'spaet', 'in', 'Nacht']",lachen,ir
"F: In dem Satz ""Das Wetter wird im Sommer oft sehr heiss und trocken."", welches Wort steht direkt vor dem Wort ""und""? A:","['Das', 'Wetter', 'wird', 'im', 'Sommer', 'oft', 'sehr', 'heiss', 'und', 'trocken']",heiss,trocken
"Welches Wort steht im Satz ""Sie schreibt regelmaessig Briefe an ihre Freunde und Verwandten."" direkt vor ""Briefe""? ","['Sie', 'schreibt', 'regelmaessig', 'Briefe', 'an', 'ihre', 'Freunde', 'und', 'Verwandten']",regelmaessig,an
"F: In dem Satz ""Der Hund frisst sein Futter mit grossem Appetit."", welches Wort steht direkt vor dem Wort ""mit""? A:","['Der', 'Hund', 'frisst', 'sein', 'Futter', 'mit', 'grossem', 'Appetit']",Futter,frisst
"F: In dem Satz ""Die Blumen bluehen bunt im Fruehling auf dem Balkon."", welches Wort kommt unmittelbar vor dem Wort ""im""? A:","['Die', 'Blumen', 'bluehen', 'bunt', 'im', 'Fruehling', 'auf', 'dem', 'Balkon']",bunt,dem
"Welches Wort steht im Satz ""Die Kinder spielen draussen im Park mit bunten Luftballons."" direkt vor ""Park""? ","['Die', 'Kinder', 'spielen', 'draussen', 'im', 'Park', 'mit', 'bunten', 'Luftballons']",im,draussen
"Welches Wort steht im Satz ""Die Kinder spielen draussen im Garten mit ihren bunten Spielsachen."" direkt vor ""Garten""? ","['Die', 'Kinder', 'spielen', 'draussen', 'im', 'Garten', 'mit', 'ihren', 'bunten', 'Spielsachen']",im,im
"F: In dem Satz ""Sie schreibt regelmaessig Briefe an ihre Grosseltern auf dem Land."", welches Wort kommt unmittelbar vor dem Wort ""auf""? A:","['Sie', 'schreibt', 'regelmaessig', 'Briefe', 'an', 'ihre', 'Grosseltern', 'auf', 'dem', 'Land']",Grosseltern,dem
"F: In dem Satz ""Sie tanzt begeistert im Tanzkurs jeden Freitagabend."", welches Wort steht direkt vor dem Wort ""im""? A:","['Sie', 'tanzt', 'begeistert', 'im', 'Tanzkurs', 'jeden', 'Freitagabend']",begeistert,im
"F: In dem Satz ""Der Vogel zwitschert froehlich im Baum neben dem Haus morgens."", welches Wort steht direkt vor dem Wort ""froehlich""? A:","['Der', 'Vogel', 'zwitschert', 'froehlich', 'im', 'Baum', 'neben', 'dem', 'Haus', 'morgens']",zwitschert,froehlich
"Welches Wort steht im Satz ""Er liest taeglich die Zeitung am Fruehstueckstisch in der Kueche."" direkt vor ""in""? ","['Er', 'liest', 'taeglich', 'die', 'Zeitung', 'am', 'Fruehstueckstisch', 'in', 'der', 'Kueche']",Fruehstueckstisch,der
"F: In dem Satz ""Wir feiern naechsten Monat eine grosse Geburtstagsparty."", welches Wort steht direkt vor dem Wort ""grosse""? A:","['Wir', 'feiern', 'naechsten', 'Monat', 'eine', 'grosse', 'Geburtstagsparty']",eine,ir
"Welches Wort steht im Satz ""Er schreibt taeglich in sein Tagebuch ueber seine Erlebnisse und Gedanken."" direkt vor ""und""? ","['Er', 'schreibt', 'taeglich', 'in', 'sein', 'Tagebuch', 'ueber', 'seine', 'Erlebnisse', 'und', 'Gedanken']",Erlebnisse,taeglich
"F: In dem Satz ""Wir fahren oft mit dem Auto ins Gebirge zum Wandern."", welches Wort kommt unmittelbar vor dem Wort ""dem""? A:","['Wir', 'fahren', 'oft', 'mit', 'dem', 'Auto', 'ins', 'Gebirge', 'zum', 'Wandern']",mit,ins
"F: In dem Satz ""Wir machen eine Pause und trinken frischen Kaffee in der Sonne."", welches Wort steht direkt vor dem Wort ""Kaffee""? A:","['Wir', 'machen', 'eine', 'Pause', 'und', 'trinken', 'frischen', 'Kaffee', 'in', 'der', 'Sonne']",frischen,eine
"F: In dem Satz ""Die Lampe leuchtet hell im Zimmer neben dem Bett."", welches Wort steht direkt vor dem Wort ""dem""? A:","['Die', 'Lampe', 'leuchtet', 'hell', 'im', 'Zimmer', 'neben', 'dem', 'Bett']",neben,leuchtet
"Welches Wort steht im Satz ""Der Hund rennt schnell durch den Park voller Freude."" direkt vor ""den""? ","['Der', 'Hund', 'rennt', 'schnell', 'durch', 'den', 'Park', 'voller', 'Freude']",durch,den
"F: In dem Satz ""Ich koche heute eine Pizza mit frischem Gemuese."", welches Wort steht direkt vor dem Wort ""heute""? A:","['Ich', 'koche', 'heute', 'eine', 'Pizza', 'mit', 'frischem', 'Gemuese']",koche,heute
"F: In dem Satz ""Die Kinder malen bunte Bilder fuer das Schulprojekt im Kunstunterricht."", welches Wort kommt unmittelbar vor dem Wort ""das""? A:","['Die', 'Kinder', 'malen', 'bunte', 'Bilder', 'fuer', 'das', 'Schulprojekt', 'im', 'Kunstunterricht']",fuer,im
"Welches Wort steht im Satz ""Die Sonne scheint warm durch das Fenster ins Wohnzimmer."" direkt vor ""durch""? ","['Die', 'Sonne', 'scheint', 'warm', 'durch', 'das', 'Fenster', 'ins', 'Wohnzimmer']",warm,ins
"F: In dem Satz ""Wir fahren mit dem Fahrrad durch den Park am Wochenende zum Entspannen."", welches Wort kommt unmittelbar vor dem Wort ""zum""? A:","['Wir', 'fahren', 'mit', 'dem', 'Fahrrad', 'durch', 'den', 'Park', 'am', 'Wochenende', 'zum', 'Entspannen']",Wochenende,ir
"Welches Wort steht im Satz ""Wir machen eine Wanderung durch die Berge am Wochenende."" direkt vor ""durch""? ","['Wir', 'machen', 'eine', 'Wanderung', 'durch', 'die', 'Berge', 'am', 'Wochenende']",Wanderung,die
"F: In dem Satz ""Der Hund bellt, wenn jemand an der Tuer klingelt."", welches Wort steht direkt vor dem Wort ""an""? A:","['Der', 'Hund', 'bellt', 'wenn', 'jemand', 'an', 'der', 'Tuer', 'klingelt']",jemand,bellt
"Welches Wort steht im Satz ""Wir besuchen am Wochenende das neue Theaterstueck in der Stadt."" direkt vor ""das""? ","['Wir', 'besuchen', 'am', 'Wochenende', 'das', 'neue', 'Theaterstueck', 'in', 'der', 'Stadt']",Wochenende,ochenende
"F: In dem Satz ""Ich gehe gerne joggen im Wald am Morgen."", welches Wort steht direkt vor dem Wort ""gerne""? A:","['Ich', 'gehe', 'gerne', 'joggen', 'im', 'Wald', 'am', 'Morgen']",gehe,im
"F: In dem Satz ""Sie schreibt eine E-Mail an ihre beste Freundin und erzaehlt Neuigkeiten."", welches Wort steht direkt vor dem Wort ""E-Mail""? A:","['Sie', 'schreibt', 'eine', 'E-Mail', 'an', 'ihre', 'beste', 'Freundin', 'und', 'erzaehlt', 'Neuigkeiten']",eine,erzaehlt
"F: In dem Satz ""Wir feiern heute Geburtstag mit Familie und Freunden zusammen."", welches Wort kommt unmittelbar vor dem Wort ""Freunden""? A:","['Wir', 'feiern', 'heute', 'Geburtstag', 'mit', 'Familie', 'und', 'Freunden', 'zusammen']",und,mit
"F: In dem Satz ""Die Blumen bluehen bunt im Fruehling und Sommer."", welches Wort steht direkt vor dem Wort ""bluehen""? A:","['Die', 'Blumen', 'bluehen', 'bunt', 'im', 'Fruehling', 'und', 'Sommer']",Blumen,im
"Welches Wort steht im Satz ""Wir machen eine Fahrradtour entlang des Flusses bei schoenem Wetter."" direkt vor ""machen""? ","['Wir', 'machen', 'eine', 'Fahrradtour', 'entlang', 'des', 'Flusses', 'bei', 'schoenem', 'Wetter']",Wir,des
"F: In dem Satz ""Der Hund frisst sein Futter mit grossem Appetit."", welches Wort steht direkt vor dem Wort ""Hund""? A:","['Der', 'Hund', 'frisst', 'sein', 'Futter', 'mit', 'grossem', 'Appetit']",Der,sein
"F: In dem Satz ""Ich mag es, im Herbst durch bunte Blaetter zu laufen."", welches Wort steht direkt vor dem Wort ""mag""? A:","['Ich', 'mag', 'es', 'im', 'Herbst', 'durch', 'bunte', 'Blaetter', 'zu', 'laufen']",Ich,laufen
"F: In dem Satz ""Wir besuchen im Sommer oft den See zum Schwimmen und Entspannen."", welches Wort kommt unmittelbar vor dem Wort ""im""? A:","['Wir', 'besuchen', 'im', 'Sommer', 'oft', 'den', 'See', 'zum', 'Schwimmen', 'und', 'Entspannen']",besuchen,besuchen
"F: In dem Satz ""Wir feiern heute das Fest mit Freunden und Familie zusammen."", welches Wort kommt unmittelbar vor dem Wort ""heute""? A:","['Wir', 'feiern', 'heute', 'das', 'Fest', 'mit', 'Freunden', 'und', 'Familie', 'zusammen']",feiern,feiern
"F: In dem Satz ""Sie kocht gern italienische Gerichte fuer ihre Freunde."", welches Wort steht direkt vor dem Wort ""Gerichte""? A:","['Sie', 'kocht', 'gern', 'italienische', 'Gerichte', 'fuer', 'ihre', 'Freunde']",italienische,ihre
"F: In dem Satz ""Ich lerne Deutsch, um besser arbeiten zu koennen."", welches Wort steht direkt vor dem Wort ""besser""? A:","['Ich', 'lerne', 'Deutsch', 'um', 'besser', 'arbeiten', 'zu', 'koennen']",um,besser
"F: In dem Satz ""Er schreibt taeglich in sein Tagebuch ueber seine Gedanken."", welches Wort kommt unmittelbar vor dem Wort ""Tagebuch""? A:","['Er', 'schreibt', 'taeglich', 'in', 'sein', 'Tagebuch', 'ueber', 'seine', 'Gedanken']",sein,seine
"F: In dem Satz ""Sie spielt gern Klavier und uebt jeden Tag fleissig."", welches Wort steht direkt vor dem Wort ""uebt""? A:","['Sie', 'spielt', 'gern', 'Klavier', 'und', 'uebt', 'jeden', 'Tag', 'fleissig']",und,spielt
"F: In dem Satz ""Das Auto ist schnell und sparsam im Verbrauch."", welches Wort steht direkt vor dem Wort ""sparsam""? A:","['Das', 'Auto', 'ist', 'schnell', 'und', 'sparsam', 'im', 'Verbrauch']",und,sparsam
"F: In dem Satz ""Der Vogel singt frueh am Morgen ein froehliches Lied draussen."", welches Wort kommt unmittelbar vor dem Wort ""ein""? A:","['Der', 'Vogel', 'singt', 'frueh', 'am', 'Morgen', 'ein', 'froehliches', 'Lied', 'draussen']",Morgen,froehliches
"Welches Wort steht im Satz ""Der Himmel ist klar und die Sterne leuchten in der Nacht."" direkt vor ""ist""? ","['Der', 'Himmel', 'ist', 'klar', 'und', 'die', 'Sterne', 'leuchten', 'in', 'der', 'Nacht']",Himmel,ist
"Welches Wort steht im Satz ""Ich koche heute eine leckere Tomatensuppe mit frischen Kraeutern."" direkt vor ""eine""? ","['Ich', 'koche', 'heute', 'eine', 'leckere', 'Tomatensuppe', 'mit', 'frischen', 'Kraeutern']",heute,frischen
"F: In dem Satz ""Ich trinke abends gerne warmen Kraeutertee zum Entspannen."", welches Wort kommt unmittelbar vor dem Wort ""warmen""? A:","['Ich', 'trinke', 'abends', 'gerne', 'warmen', 'Kraeutertee', 'zum', 'Entspannen']",gerne,gerne
"Welches Wort steht im Satz ""Wir geniessen den sonnigen Tag beim Spielen im Park zusammen."" direkt vor ""beim""? ","['Wir', 'geniessen', 'den', 'sonnigen', 'Tag', 'beim', 'Spielen', 'im', 'Park', 'zusammen']",Tag,sonnigen
"Welches Wort steht im Satz ""Er liest taeglich die Zeitung am Fruehstueckstisch zu Hause."" direkt vor ""am""? ","['Er', 'liest', 'taeglich', 'die', 'Zeitung', 'am', 'Fruehstueckstisch', 'zu', 'Hause']",Zeitung,taeglich
"F: In dem Satz ""Wir fahren im Herbst oft mit dem Auto ins Gebirge."", welches Wort kommt unmittelbar vor dem Wort ""oft""? A:","['Wir', 'fahren', 'im', 'Herbst', 'oft', 'mit', 'dem', 'Auto', 'ins', 'Gebirge']",Herbst,ins
"F: In dem Satz ""Er faehrt mit dem Zug zur Arbeit in die Stadt jeden Tag heute."", welches Wort kommt unmittelbar vor dem Wort ""faehrt""? A:","['Er', 'faehrt', 'mit', 'dem', 'Zug', 'zur', 'Arbeit', 'in', 'die', 'Stadt', 'jeden', 'Tag', 'heute']",Er,faehrt
"Welches Wort steht im Satz ""Die Sonne scheint warm und hell durch die geoeffneten Fenster."" direkt vor ""durch""? ","['Die', 'Sonne', 'scheint', 'warm', 'und', 'hell', 'durch', 'die', 'geoeffneten', 'Fenster']",hell,scheint
"F: In dem Satz ""Ich esse gern Schokolade und suesse Kuchen."", welches Wort steht direkt vor dem Wort ""und""? A:","['Ich', 'esse', 'gern', 'Schokolade', 'und', 'suesse', 'Kuchen']",Schokolade,und
"Welches Wort steht im Satz ""Ich gehe abends oft spazieren, um den Kopf frei zu bekommen."" direkt vor ""Kopf""? ","['Ich', 'gehe', 'abends', 'oft', 'spazieren', 'um', 'den', 'Kopf', 'frei', 'zu', 'bekommen']",den,abends
"F: In dem Satz ""Wir besuchen das Museum, um Kunst zu lernen und zu bewundern."", welches Wort kommt unmittelbar vor dem Wort ""um""? A:","['Wir', 'besuchen', 'das', 'Museum', 'um', 'Kunst', 'zu', 'lernen', 'und', 'zu', 'bewundern']",Museum,besuchen
"Welches Wort steht im Satz ""Ich geniesse den Duft von frischem Kaffee am fruehen Morgen."" direkt vor ""von""? ","['Ich', 'geniesse', 'den', 'Duft', 'von', 'frischem', 'Kaffee', 'am', 'fruehen', 'Morgen']",Duft,fruehen
"F: In dem Satz ""Sie liest gern Romane ueber Abenteuer und spannende Geschichten."", welches Wort kommt unmittelbar vor dem Wort ""und""? A:","['Sie', 'liest', 'gern', 'Romane', 'ueber', 'Abenteuer', 'und', 'spannende', 'Geschichten']",Abenteuer,spannende
"F: In dem Satz ""Ich lese oft Buecher ueber Geschichte und interessante Kulturen weltweit."", welches Wort kommt unmittelbar vor dem Wort ""oft""? A:","['Ich', 'lese', 'oft', 'Buecher', 'ueber', 'Geschichte', 'und', 'interessante', 'Kulturen', 'weltweit']",lese,lese
"Welches Wort steht im Satz ""Die Katze schnurrt zufrieden, wenn sie gestreichelt wird vom Besitzer."" direkt vor ""wird""? ","['Die', 'Katze', 'schnurrt', 'zufrieden', 'wenn', 'sie', 'gestreichelt', 'wird', 'vom', 'Besitzer']",gestreichelt,vom
"F: In dem Satz ""Die Katze schnurrt zufrieden, wenn sie gestreichelt wird."", welches Wort kommt unmittelbar vor dem Wort ""Katze""? A:","['Die', 'Katze', 'schnurrt', 'zufrieden', 'wenn', 'sie', 'gestreichelt', 'wird']",Die,schnurrt
"F: In dem Satz ""Die Lampe leuchtet hell im dunklen Zimmer."", welches Wort steht direkt vor dem Wort ""hell""? A:","['Die', 'Lampe', 'leuchtet', 'hell', 'im', 'dunklen', 'Zimmer']",leuchtet,hell
"Welches Wort steht im Satz ""Der Lehrer erklaert geduldig die schwierigen Grammatikregeln im Unterricht."" direkt vor ""erklaert""? ","['Der', 'Lehrer', 'erklaert', 'geduldig', 'die', 'schwierigen', 'Grammatikregeln', 'im', 'Unterricht']",Lehrer,erklaert
"F: In dem Satz ""Wir besuchen naechste Woche das neue Museum in der Stadt."", welches Wort steht direkt vor dem Wort ""Woche""? A:","['Wir', 'besuchen', 'naechste', 'Woche', 'das', 'neue', 'Museum', 'in', 'der', 'Stadt']",naechste,oche
"F: In dem Satz ""Wir fahren im Winter in die Berge zum Skifahren und Rodeln oft heute."", welches Wort kommt unmittelbar vor dem Wort ""Skifahren""? A:","['Wir', 'fahren', 'im', 'Winter', 'in', 'die', 'Berge', 'zum', 'Skifahren', 'und', 'Rodeln', 'oft', 'heute']",zum,fahren
"F: In dem Satz ""Wir machen einen Spaziergang durch den Wald am Nachmittag."", welches Wort steht direkt vor dem Wort ""Spaziergang""? A:","['Wir', 'machen', 'einen', 'Spaziergang', 'durch', 'den', 'Wald', 'am', 'Nachmittag']",einen,einen
"Welches Wort steht im Satz ""Die Kinder basteln Laternen fuer das Martinsfest in der Schule."" direkt vor ""basteln""? ","['Die', 'Kinder', 'basteln', 'Laternen', 'fuer', 'das', 'Martinsfest', 'in', 'der', 'Schule']",Kinder,das
"Welches Wort steht im Satz ""Sie pflueckt Wildblumen und bindet einen bunten Strauss daraus."" direkt vor ""einen""? ","['Sie', 'pflueckt', 'Wildblumen', 'und', 'bindet', 'einen', 'bunten', 'Strauss', 'daraus']",bindet,daraus
"F: In dem Satz ""Der Lehrer erklaert die Grammatik sehr geduldig und klar."", welches Wort steht direkt vor dem Wort ""Lehrer""? A:","['Der', 'Lehrer', 'erklaert', 'die', 'Grammatik', 'sehr', 'geduldig', 'und', 'klar']",Der,die
"F: In dem Satz ""Wir machen eine Radtour am Wochenende entlang des Flusses."", welches Wort kommt unmittelbar vor dem Wort ""eine""? A:","['Wir', 'machen', 'eine', 'Radtour', 'am', 'Wochenende', 'entlang', 'des', 'Flusses']",machen,machen
"Welches Wort steht im Satz ""Sie tanzt leidenschaftlich gern jeden Samstagabend in der Tanzschule."" direkt vor ""Samstagabend""? ","['Sie', 'tanzt', 'leidenschaftlich', 'gern', 'jeden', 'Samstagabend', 'in', 'der', 'Tanzschule']",jeden,der
"F: In dem Satz ""Wir fahren mit dem Zug in die naechste Stadt."", welches Wort steht direkt vor dem Wort ""naechste""? A:","['Wir', 'fahren', 'mit', 'dem', 'Zug', 'in', 'die', 'naechste', 'Stadt']",die,in
"F: In dem Satz ""Er faehrt mit dem Zug puenktlich zur Arbeit in die Stadt."", welches Wort kommt unmittelbar vor dem Wort ""zur""? A:","['Er', 'faehrt', 'mit', 'dem', 'Zug', 'puenktlich', 'zur', 'Arbeit', 'in', 'die', 'Stadt']",puenktlich,faehrt
"F: In dem Satz ""Ich trinke abends gern eine heisse Tasse Tee."", welches Wort steht direkt vor dem Wort ""abends""? A:","['Ich', 'trinke', 'abends', 'gern', 'eine', 'heisse', 'Tasse', 'Tee']",trinke,heisse
"Welches Wort steht im Satz ""Der Himmel faerbt sich rosa beim Sonnenaufgang ueber den Bergen."" direkt vor ""faerbt""? ","['Der', 'Himmel', 'faerbt', 'sich', 'rosa', 'beim', 'Sonnenaufgang', 'ueber', 'den', 'Bergen']",Himmel,den
"F: In dem Satz ""Wir treffen uns morgen im Café zum Fruehstuecken."", welches Wort steht direkt vor dem Wort ""im""? A:","['Wir', 'treffen', 'uns', 'morgen', 'im', 'Café', 'zum', 'Fruehstuecken']",morgen,im
"F: In dem Satz ""Der Film war spannend und sehr unterhaltsam."", welches Wort steht direkt vor dem Wort ""sehr""? A:","['Der', 'Film', 'war', 'spannend', 'und', 'sehr', 'unterhaltsam']",und,sehr
"F: In dem Satz ""Der Fluss fliesst ruhig durch die gruene Landschaft."", welches Wort steht direkt vor dem Wort ""die""? A:","['Der', 'Fluss', 'fliesst', 'ruhig', 'durch', 'die', 'gruene', 'Landschaft']",durch,fliesst
"F: In dem Satz ""Ich lerne jeden Tag neue deutsche Woerter und Redewendungen fuer den Alltag."", welches Wort steht direkt vor dem Wort ""fuer""? A:","['Ich', 'lerne', 'jeden', 'Tag', 'neue', 'deutsche', 'Woerter', 'und', 'Redewendungen', 'fuer', 'den', 'Alltag']",Redewendungen,jeden
"Welches Wort steht im Satz ""Die Kinder spielen draussen im Garten Verstecken und haben viel Spass."" direkt vor ""Kinder""? ","['Die', 'Kinder', 'spielen', 'draussen', 'im', 'Garten', 'Verstecken', 'und', 'haben', 'viel', 'Spass']",Die,spielen
"Welches Wort steht im Satz ""Die Kinder basteln Laternen fuer das Martinsfest in der Schule."" direkt vor ""Kinder""? ","['Die', 'Kinder', 'basteln', 'Laternen', 'fuer', 'das', 'Martinsfest', 'in', 'der', 'Schule']",Die,fuer
"Welches Wort steht im Satz ""Er faehrt taeglich mit dem Fahrrad zur Arbeit in die Stadt."" direkt vor ""mit""? ","['Er', 'faehrt', 'taeglich', 'mit', 'dem', 'Fahrrad', 'zur', 'Arbeit', 'in', 'die', 'Stadt']",taeglich,in
"F: In dem Satz ""Der Hund bellt, wenn jemand an der Tuer klingelt."", welches Wort steht direkt vor dem Wort ""jemand""? A:","['Der', 'Hund', 'bellt', 'wenn', 'jemand', 'an', 'der', 'Tuer', 'klingelt']",wenn,bellt
"F: In dem Satz ""Sie liest gern spannende Buecher ueber Abenteuer."", welches Wort steht direkt vor dem Wort ""Buecher""? A:","['Sie', 'liest', 'gern', 'spannende', 'Buecher', 'ueber', 'Abenteuer']",spannende,gern
"F: In dem Satz ""Die Katze spielt mit ihrem Lieblingsspielzeug auf dem Wohnzimmerboden."", welches Wort kommt unmittelbar vor dem Wort ""Lieblingsspielzeug""? A:","['Die', 'Katze', 'spielt', 'mit', 'ihrem', 'Lieblingsspielzeug', 'auf', 'dem', 'Wohnzimmerboden']",ihrem,dem
"F: In dem Satz ""Ich trinke gerne schwarzen Kaffee mit etwas Zucker und Milch."", welches Wort kommt unmittelbar vor dem Wort ""Kaffee""? A:","['Ich', 'trinke', 'gerne', 'schwarzen', 'Kaffee', 'mit', 'etwas', 'Zucker', 'und', 'Milch']",schwarzen,etwas
"F: In dem Satz ""Sie hoert Musik, waehrend sie ihre Hausaufgaben macht und sich konzentriert."", welches Wort steht direkt vor dem Wort ""macht""? A:","['Sie', 'hoert', 'Musik', 'waehrend', 'sie', 'ihre', 'Hausaufgaben', 'macht', 'und', 'sich', 'konzentriert']",Hausaufgaben,macht
"F: In dem Satz ""Sie liest gern spannende Buecher ueber ferne Laender und Kulturen oft."", welches Wort kommt unmittelbar vor dem Wort ""Buecher""? A:","['Sie', 'liest', 'gern', 'spannende', 'Buecher', 'ueber', 'ferne', 'Laender', 'und', 'Kulturen', 'oft']",spannende,ferne
"Welches Wort steht im Satz ""Das Wetter ist heute ideal zum Fahrradfahren im Park."" direkt vor ""Fahrradfahren""? ","['Das', 'Wetter', 'ist', 'heute', 'ideal', 'zum', 'Fahrradfahren', 'im', 'Park']",zum,ist
"F: In dem Satz ""Wir feiern naechsten Monat eine grosse Geburtstagsparty zu Hause mit Freunden und Familie."", welches Wort steht direkt vor dem Wort ""Hause""? A:","['Wir', 'feiern', 'naechsten', 'Monat', 'eine', 'grosse', 'Geburtstagsparty', 'zu', 'Hause', 'mit', 'Freunden', 'und', 'Familie']",zu,feiern
"F: In dem Satz ""Der Vogel singt ein schoenes Lied am Morgen."", welches Wort steht direkt vor dem Wort ""singt""? A:","['Der', 'Vogel', 'singt', 'ein', 'schoenes', 'Lied', 'am', 'Morgen']",Vogel,singt
"Welches Wort steht im Satz ""Sie schreibt einen Brief an ihre beste Freundin in Berlin."" direkt vor ""schreibt""? ","['Sie', 'schreibt', 'einen', 'Brief', 'an', 'ihre', 'beste', 'Freundin', 'in', 'Berlin']",Sie,in
"F: In dem Satz ""Der Himmel ist blau und die Sonne scheint hell und warm heute."", welches Wort kommt unmittelbar vor dem Wort ""blau""? A:","['Der', 'Himmel', 'ist', 'blau', 'und', 'die', 'Sonne', 'scheint', 'hell', 'und', 'warm', 'heute']",ist,scheint
"Welches Wort steht im Satz ""Wir geniessen den sonnigen Tag beim Picknick im Park zusammen."" direkt vor ""beim""? ","['Wir', 'geniessen', 'den', 'sonnigen', 'Tag', 'beim', 'Picknick', 'im', 'Park', 'zusammen']",Tag,sonnigen
"F: In dem Satz ""Wir fahren im Sommer an den See zum Baden."", welches Wort steht direkt vor dem Wort ""im""? A:","['Wir', 'fahren', 'im', 'Sommer', 'an', 'den', 'See', 'zum', 'Baden']",fahren,fahren
"F: In dem Satz ""Der Hund laeuft schnell durch den grossen Garten und spielt."", welches Wort steht direkt vor dem Wort ""und""? A:","['Der', 'Hund', 'laeuft', 'schnell', 'durch', 'den', 'grossen', 'Garten', 'und', 'spielt']",Garten,und
"F: In dem Satz ""Der Zug kommt puenktlich am Bahnhof an."", welches Wort steht direkt vor dem Wort ""puenktlich""? A:","['Der', 'Zug', 'kommt', 'puenktlich', 'am', 'Bahnhof', 'an']",kommt,an
"F: In dem Satz ""Wir gehen heute Abend ins Restaurant zum gemuetlichen Essen."", welches Wort kommt unmittelbar vor dem Wort ""Restaurant""? A:","['Wir', 'gehen', 'heute', 'Abend', 'ins', 'Restaurant', 'zum', 'gemuetlichen', 'Essen']",ins,heute
"F: In dem Satz ""Sie schreibt eine Postkarte an ihre Grosseltern."", welches Wort steht direkt vor dem Wort ""ihre""? A:","['Sie', 'schreibt', 'eine', 'Postkarte', 'an', 'ihre', 'Grosseltern']",an,schreibt
"F: In dem Satz ""Wir fahren im Sommer ans Meer zum Schwimmen."", welches Wort steht direkt vor dem Wort ""Meer""? A:","['Wir', 'fahren', 'im', 'Sommer', 'ans', 'Meer', 'zum', 'Schwimmen']",ans,ans
"F: In dem Satz ""Ich hoere gern Podcasts ueber Wissenschaft und Technik."", welches Wort steht direkt vor dem Wort ""hoere""? A:","['Ich', 'hoere', 'gern', 'Podcasts', 'ueber', 'Wissenschaft', 'und', 'Technik']",Ich,issenschaft
"Welches Wort steht im Satz ""Er faehrt jeden Tag mit dem Fahrrad zur Arbeit in die Stadt."" direkt vor ""die""? ","['Er', 'faehrt', 'jeden', 'Tag', 'mit', 'dem', 'Fahrrad', 'zur', 'Arbeit', 'in', 'die', 'Stadt']",in,zur
"Welches Wort steht im Satz ""Der Hund wartet geduldig vor der Haustuer auf seinen Spaziergang."" direkt vor ""auf""? ","['Der', 'Hund', 'wartet', 'geduldig', 'vor', 'der', 'Haustuer', 'auf', 'seinen', 'Spaziergang']",Haustuer,auf
"F: In dem Satz ""Wir machen eine Wanderung durch den schoenen Wald."", welches Wort steht direkt vor dem Wort ""eine""? A:","['Wir', 'machen', 'eine', 'Wanderung', 'durch', 'den', 'schoenen', 'Wald']",machen,ald
"F: In dem Satz ""Der Hund liegt entspannt auf dem Teppich vor dem Kamin."", welches Wort kommt unmittelbar vor dem Wort ""auf""? A:","['Der', 'Hund', 'liegt', 'entspannt', 'auf', 'dem', 'Teppich', 'vor', 'dem', 'Kamin']",entspannt,vor
"Welches Wort steht im Satz ""Ich geniesse die Ruhe beim Lesen eines guten Romans am Abend."" direkt vor ""Romans""? ","['Ich', 'geniesse', 'die', 'Ruhe', 'beim', 'Lesen', 'eines', 'guten', 'Romans', 'am', 'Abend']",guten,am
"F: In dem Satz ""Die Katze spielt mit ihrem Lieblingsspielzeug im Wohnzimmer froehlich."", welches Wort kommt unmittelbar vor dem Wort ""Wohnzimmer""? A:","['Die', 'Katze', 'spielt', 'mit', 'ihrem', 'Lieblingsspielzeug', 'im', 'Wohnzimmer', 'froehlich']",im,mit
"F: In dem Satz ""Wir fahren im Winter oft in die Berge zum Skifahren."", welches Wort steht direkt vor dem Wort ""oft""? A:","['Wir', 'fahren', 'im', 'Winter', 'oft', 'in', 'die', 'Berge', 'zum', 'Skifahren']",Winter,fahren
"F: In dem Satz ""Sie kocht leckere Gerichte mit frischem Gemuese aus dem Garten."", welches Wort kommt unmittelbar vor dem Wort ""Gemuese""? A:","['Sie', 'kocht', 'leckere', 'Gerichte', 'mit', 'frischem', 'Gemuese', 'aus', 'dem', 'Garten']",frischem,aus
"Welches Wort steht im Satz ""Die Kinder spielen draussen im Park mit bunten Luftballons und lachen."" direkt vor ""draussen""? ","['Die', 'Kinder', 'spielen', 'draussen', 'im', 'Park', 'mit', 'bunten', 'Luftballons', 'und', 'lachen']",spielen,spielen
"Welches Wort steht im Satz ""Ich trinke morgens heissen Kaffee, um wach zu werden."" direkt vor ""morgens""? ","['Ich', 'trinke', 'morgens', 'heissen', 'Kaffee', 'um', 'wach', 'zu', 'werden']",trinke,trinke
"Welches Wort steht im Satz ""Die Katze schnurrt leise, waehrend sie auf dem Schoss sitzt."" direkt vor ""sie""? ","['Die', 'Katze', 'schnurrt', 'leise', 'waehrend', 'sie', 'auf', 'dem', 'Schoss', 'sitzt']",waehrend,auf
"F: In dem Satz ""Ich trinke abends oft einen Kraeutertee zum Entspannen vor dem Schlaf."", welches Wort kommt unmittelbar vor dem Wort ""oft""? A:","['Ich', 'trinke', 'abends', 'oft', 'einen', 'Kraeutertee', 'zum', 'Entspannen', 'vor', 'dem', 'Schlaf']",abends,abends
"F: In dem Satz ""Ich koche heute eine cremige Kuerbissuppe mit frischen Gewuerzen."", welches Wort kommt unmittelbar vor dem Wort ""frischen""? A:","['Ich', 'koche', 'heute', 'eine', 'cremige', 'Kuerbissuppe', 'mit', 'frischen', 'Gewuerzen']",mit,frischen
"F: In dem Satz ""Wir gehen heute Abend ins Theater und sehen ein Stueck."", welches Wort steht direkt vor dem Wort ""Theater""? A:","['Wir', 'gehen', 'heute', 'Abend', 'ins', 'Theater', 'und', 'sehen', 'ein', 'Stueck']",ins,heute
"Welches Wort steht im Satz ""Der Vogel zwitschert munter im Baum vor unserem Fenster."" direkt vor ""im""? ","['Der', 'Vogel', 'zwitschert', 'munter', 'im', 'Baum', 'vor', 'unserem', 'Fenster']",munter,im
"F: In dem Satz ""Die Blumen im Park bluehen bunt und duften angenehm."", welches Wort steht direkt vor dem Wort ""im""? A:","['Die', 'Blumen', 'im', 'Park', 'bluehen', 'bunt', 'und', 'duften', 'angenehm']",Blumen,im
"F: In dem Satz ""Er faehrt jeden Morgen mit dem Fahrrad zur Arbeit in die Stadt."", welches Wort kommt unmittelbar vor dem Wort ""faehrt""? A:","['Er', 'faehrt', 'jeden', 'Morgen', 'mit', 'dem', 'Fahrrad', 'zur', 'Arbeit', 'in', 'die', 'Stadt']",Er,faehrt
"F: In dem Satz ""Die Lampe leuchtet hell im Zimmer neben dem Bett und Tisch heute."", welches Wort kommt unmittelbar vor dem Wort ""leuchtet""? A:","['Die', 'Lampe', 'leuchtet', 'hell', 'im', 'Zimmer', 'neben', 'dem', 'Bett', 'und', 'Tisch', 'heute']",Lampe,dem
