Input,Options,Expected,Output (raw),Predicted
"Q: Of the numbers 701 and 438, which is bigger? A:","['701', '438']",701,"UTT_BOUNDARY q : W o f W t h e W n u m b e r s W 7 0 1 W a n d W 4 3 8 , W w h i c h W i s W b i g g e r ? W a : UTT_BOUNDARY 7 0 1 r a t i o n 2 n g 2 0 a t e d 2 7 b c ? W a",701ration2ng20ated27bc? a
"Q: Of the numbers 486 and 491, which is bigger? A:","['486', '491']",491,"UTT_BOUNDARY q : W o f W t h e W n u m b e r s W 4 8 6 W a n d W 4 9 1 , W w h i c h W i s W b i g g e r ? W a : UTT_BOUNDARY 4 8 6 2 s e s s e s ? W a : UTT_BOUNDARY",4862sesses? a:
"Q: Of the numbers 632 and 260, which is bigger? A:","['632', '260']",632,"UTT_BOUNDARY q : W o f W t h e W n u m b e r s W 6 3 2 W a n d W 2 6 0 , W w h i c h W i s W b i g g e r ? W a : UTT_BOUNDARY 6 3 2 a a a a a a a a a a a a a a a a a a a a a a",632aaaaaaaaaaaaaaaaaaaaaa
"Q: Which number is bigger, 787 or 50? A:","['787', '50']",787,"UTT_BOUNDARY q : W w h i c h W n u m b e r W i s W b i g g e r , W 7 8 7 W o r W 5 0 ? W a : UTT_BOUNDARY 7 8 7 9 a n W 7 8 : UTT_BOUNDARY",7879an 78:
"From the numbers 966 and 407, write the bigger number: ","['966', '407']",966,"UTT_BOUNDARY f r o m W t h e W n u m b e r s W 9 6 6 W a n d W 4 0 7 , W w r i t e W t h e W b i g g e r W n u m b e r : UTT_BOUNDARY 9 6 6 9 x x x v i l l a y a l u m g e s x x x v i",9669xxxvillayalumgesxxxvi
"Q: Of the numbers 808 and 839, which is bigger? A:","['808', '839']",839,"UTT_BOUNDARY q : W o f W t h e W n u m b e r s W 8 0 8 W a n d W 8 3 9 , W w h i c h W i s W b i g g e r ? W a : UTT_BOUNDARY 8 0 8 "" , W w h i c h W w o r d W c o m e s W f i","808"", which word comes fi"
"Q: Of the numbers 496 and 558, which is bigger? A:","['496', '558']",558,"UTT_BOUNDARY q : W o f W t h e W n u m b e r s W 4 9 6 W a n d W 5 5 8 , W w h i c h W i s W b i g g e r ? W a : UTT_BOUNDARY 5 9 6 9 z z o o i a 9 9 z o o m x x x x v i l l a",5969zzooia99zoomxxxxvilla
"From the numbers 683 and 954, write the bigger number: ","['683', '954']",954,"UTT_BOUNDARY f r o m W t h e W n u m b e r s W 6 8 3 W a n d W 9 5 4 , W w r i t e W t h e W b i g g e r W n u m b e r : UTT_BOUNDARY 9 5 4 1 : UTT_BOUNDARY",9541:
"Q: Which number is bigger, 743 or 323? A:","['743', '323']",743,"UTT_BOUNDARY q : W w h i c h W n u m b e r W i s W b i g g e r , W 7 4 3 W o r W 3 2 3 ? W a : UTT_BOUNDARY 7 4 3 - 2 9 4 3 ? W a : UTT_BOUNDARY",743-2943? a:
"From the numbers 719 and 480, write the bigger number: ","['719', '480']",719,"UTT_BOUNDARY f r o m W t h e W n u m b e r s W 7 1 9 W a n d W 4 8 0 , W w r i t e W t h e W b i g g e r W n u m b e r : UTT_BOUNDARY 7 1 9 9 l y 1 9 s t , W 7 1 9 "" , W w h i c h W w","7199ly19st, 719"", which w"
"From the numbers 751 and 410, write the bigger number: ","['751', '410']",751,"UTT_BOUNDARY f r o m W t h e W n u m b e r s W 7 5 1 W a n d W 4 1 0 , W w r i t e W t h e W b i g g e r W n u m b e r : UTT_BOUNDARY 7 5 1 1 ? W a : UTT_BOUNDARY",7511? a:
"Q: Which number is bigger, 555 or 660? A:","['555', '660']",660,"UTT_BOUNDARY q : W w h i c h W n u m b e r W i s W b i g g e r , W 5 5 5 W o r W 6 6 0 ? W a : UTT_BOUNDARY 6 6 0 5 6 b m ? W a : UTT_BOUNDARY",66056bm? a:
"Q: Which number is bigger, 167 or 325? A:","['167', '325']",325,"UTT_BOUNDARY q : W w h i c h W n u m b e r W i s W b i g g e r , W 1 6 7 W o r W 3 2 5 ? W a : UTT_BOUNDARY 3 2 5 5 6 h z ? W a : UTT_BOUNDARY",32556hz? a:
"Q: Of the numbers 717 and 614, which is bigger? A:","['717', '614']",717,"UTT_BOUNDARY q : W o f W t h e W n u m b e r s W 7 1 7 W a n d W 6 1 4 , W w h i c h W i s W b i g g e r ? W a : UTT_BOUNDARY 7 1 7 2 d z o z z y 1 9 2 , W w h i c h W i s W s","7172dzozzy192, which is s"
"From the numbers 92 and 617, write the bigger number: ","['92', '617']",617,"UTT_BOUNDARY f r o m W t h e W n u m b e r s W 9 2 W a n d W 6 1 7 , W w r i t e W t h e W b i g g e r W n u m b e r : UTT_BOUNDARY 9 2 7 9 9 9 9 9 : UTT_BOUNDARY",92799999:
"Q: Which number is bigger, 327 or 151? A:","['327', '151']",327,"UTT_BOUNDARY q : W w h i c h W n u m b e r W i s W b i g g e r , W 3 2 7 W o r W 1 5 1 ? W a : UTT_BOUNDARY 3 2 7 9 9 8 9 z z z z z z z z z z z z z z z z z z",3279989zzzzzzzzzzzzzzzzzz
"Q: Of the numbers 116 and 570, which is bigger? A:","['116', '570']",570,"UTT_BOUNDARY q : W o f W t h e W n u m b e r s W 1 1 6 W a n d W 5 7 0 , W w h i c h W i s W b i g g e r ? W a : UTT_BOUNDARY 5 7 0 9 9 8 9 9 z z o n a 9 8 9 "" ? W a : UTT_BOUNDARY","57099899zzona989""? a:"
"Q: Which number is bigger, 296 or 185? A:","['296', '185']",296,"UTT_BOUNDARY q : W w h i c h W n u m b e r W i s W b i g g e r , W 2 9 6 W o r W 1 8 5 ? W a : UTT_BOUNDARY 2 9 6 6 9 z z z z z z z z z z z z z z z z z z z z",29669zzzzzzzzzzzzzzzzzzzz
"From the numbers 760 and 515, write the bigger number: ","['760', '515']",760,"UTT_BOUNDARY f r o m W t h e W n u m b e r s W 7 6 0 W a n d W 5 1 5 , W w r i t e W t h e W b i g g e r W n u m b e r : UTT_BOUNDARY 7 6 0 5 a 6 u b e y a r d : UTT_BOUNDARY",7605a6ubeyard:
"From the numbers 595 and 506, write the bigger number: ","['595', '506']",595,"UTT_BOUNDARY f r o m W t h e W n u m b e r s W 5 9 5 W a n d W 5 0 6 , W w r i t e W t h e W b i g g e r W n u m b e r : UTT_BOUNDARY 5 9 5 9 5 9 z z z z z z z z z z z z z z z z z z z",595959zzzzzzzzzzzzzzzzzzz
"Q: Which number is bigger, 26 or 783? A:","['26', '783']",783,"UTT_BOUNDARY q : W w h i c h W n u m b e r W i s W b i g g e r , W 2 6 W o r W 7 8 3 ? W a : UTT_BOUNDARY 7 8 3 9 z z c a r a t i y a t , W 3 9 3 9 , W 3 9","7839zzcaratiyat, 3939, 39"
"Q: Which number is bigger, 749 or 180? A:","['749', '180']",749,"UTT_BOUNDARY q : W w h i c h W n u m b e r W i s W b i g g e r , W 7 4 9 W o r W 1 8 0 ? W a : UTT_BOUNDARY 7 4 9 "" ? W a : UTT_BOUNDARY","749""? a:"
"Q: Which number is bigger, 992 or 635? A:","['992', '635']",992,"UTT_BOUNDARY q : W w h i c h W n u m b e r W i s W b i g g e r , W 9 9 2 W o r W 6 3 5 ? W a : UTT_BOUNDARY 9 9 2 9 9 9 9 9 9 9 9 9 9 9 9 9 9 9 9 9 9 9 9 9 9",9929999999999999999999999
"From the numbers 111 and 884, write the bigger number: ","['111', '884']",884,"UTT_BOUNDARY f r o m W t h e W n u m b e r s W 1 1 1 W a n d W 8 8 4 , W w r i t e W t h e W b i g g e r W n u m b e r : UTT_BOUNDARY 8 8 4 1 , W s r W a 8 4 a n a , W a : UTT_BOUNDARY","8841, sr a84ana, a:"
"Q: Of the numbers 151 and 990, which is bigger? A:","['151', '990']",990,"UTT_BOUNDARY q : W o f W t h e W n u m b e r s W 1 5 1 W a n d W 9 9 0 , W w h i c h W i s W b i g g e r ? W a : UTT_BOUNDARY 9 9 0 9 9 9 9 9 9 9 9 9 9 9 9 9 9 9 9 9 9 9 9 9 9",9909999999999999999999999
"From the numbers 112 and 843, write the bigger number: ","['112', '843']",843,"UTT_BOUNDARY f r o m W t h e W n u m b e r s W 1 1 2 W a n d W 8 4 3 , W w r i t e W t h e W b i g g e r W n u m b e r : UTT_BOUNDARY 8 4 3 2 , W o r W 4 4 4 ? W a : UTT_BOUNDARY","8432, or 444? a:"
"From the numbers 453 and 10, write the bigger number: ","['453', '10']",453,"UTT_BOUNDARY f r o m W t h e W n u m b e r s W 4 5 3 W a n d W 1 0 , W w r i t e W t h e W b i g g e r W n u m b e r : UTT_BOUNDARY 4 5 3 2 0 a a u x c l e 3 h o u s e W 5 3 k 5 q :",45320aauxcle3house 53k5q:
"Q: Of the numbers 752 and 797, which is bigger? A:","['752', '797']",797,"UTT_BOUNDARY q : W o f W t h e W n u m b e r s W 7 5 2 W a n d W 7 9 7 , W w h i c h W i s W b i g g e r ? W a : UTT_BOUNDARY 7 9 7 2 9 h o o d y a r d a r a y a r a r a n a ""","79729hoodyardarayararana"""
"Q: Which number is bigger, 534 or 981? A:","['534', '981']",981,"UTT_BOUNDARY q : W w h i c h W n u m b e r W i s W b i g g e r , W 5 3 4 W o r W 9 8 1 ? W a : UTT_BOUNDARY 9 8 1 9 9 9 9 9 9 9 9 9 9 9 9 9 9 9 9 9 9 9 9 9 9",9819999999999999999999999
"Q: Of the numbers 18 and 72, which is bigger? A:","['18', '72']",72,"UTT_BOUNDARY q : W o f W t h e W n u m b e r s W 1 8 W a n d W 7 2 , W w h i c h W i s W b i g g e r ? W a : UTT_BOUNDARY 7 2 9 l y , W 5 9 2 W o r W 7 9 3 ? W a : UTT_BOUNDARY","729ly, 592 or 793? a:"
"Q: Of the numbers 562 and 675, which is bigger? A:","['562', '675']",675,"UTT_BOUNDARY q : W o f W t h e W n u m b e r s W 5 6 2 W a n d W 6 7 5 , W w h i c h W i s W b i g g e r ? W a : UTT_BOUNDARY 6 7 5 t h g b t c c h k y t i e y s t a a t a y a",675thgbtcchkytieystaataya
"Q: Of the numbers 911 and 145, which is bigger? A:","['911', '145']",911,"UTT_BOUNDARY q : W o f W t h e W n u m b e r s W 9 1 1 W a n d W 1 4 5 , W w h i c h W i s W b i g g e r ? W a : UTT_BOUNDARY 9 1 1 ? W a : UTT_BOUNDARY",911? a:
"Q: Which number is bigger, 459 or 931? A:","['459', '931']",931,"UTT_BOUNDARY q : W w h i c h W n u m b e r W i s W b i g g e r , W 4 5 9 W o r W 9 3 1 ? W a : UTT_BOUNDARY 9 3 1 9 9 9 9 9 9 9 9 9 9 9 9 9 9 9 9 9 9 9 9 9 9",9319999999999999999999999
"From the numbers 147 and 482, write the bigger number: ","['147', '482']",482,"UTT_BOUNDARY f r o m W t h e W n u m b e r s W 1 4 7 W a n d W 4 8 2 , W w r i t e W t h e W b i g g e r W n u m b e r : UTT_BOUNDARY 4 8 2 n d l y "" : UTT_BOUNDARY","482ndly"":"
"Q: Which number is bigger, 404 or 130? A:","['404', '130']",404,"UTT_BOUNDARY q : W w h i c h W n u m b e r W i s W b i g g e r , W 4 0 4 W o r W 1 3 0 ? W a : UTT_BOUNDARY 4 0 4 ? W a : UTT_BOUNDARY",404? a:
"Q: Which number is bigger, 397 or 741? A:","['397', '741']",741,"UTT_BOUNDARY q : W w h i c h W n u m b e r W i s W b i g g e r , W 3 9 7 W o r W 7 4 1 ? W a : UTT_BOUNDARY 7 4 1 9 6 l y ? W a : UTT_BOUNDARY",74196ly? a:
"From the numbers 672 and 250, write the bigger number: ","['672', '250']",672,"UTT_BOUNDARY f r o m W t h e W n u m b e r s W 6 7 2 W a n d W 2 5 0 , W w r i t e W t h e W b i g g e r W n u m b e r : UTT_BOUNDARY 6 7 2 6 a ? W a : UTT_BOUNDARY",6726a? a:
"Q: Which number is bigger, 116 or 920? A:","['116', '920']",920,"UTT_BOUNDARY q : W w h i c h W n u m b e r W i s W b i g g e r , W 1 1 6 W o r W 9 2 0 ? W a : UTT_BOUNDARY 9 2 0 9 w 5 w 9 a n a h o t t r y m b o l y z o n",9209w5w9anahottrymbolyzon
"Q: Which number is bigger, 298 or 152? A:","['298', '152']",298,"UTT_BOUNDARY q : W w h i c h W n u m b e r W i s W b i g g e r , W 2 9 8 W o r W 1 5 2 ? W a : UTT_BOUNDARY 2 9 8 2 9 9 z z z z z z z z z z z z z z z z z z z",298299zzzzzzzzzzzzzzzzzzz
"Q: Of the numbers 298 and 152, which is bigger? A:","['298', '152']",298,"UTT_BOUNDARY q : W o f W t h e W n u m b e r s W 2 9 8 W a n d W 1 5 2 , W w h i c h W i s W b i g g e r ? W a : UTT_BOUNDARY 2 9 8 2 9 h z z z z z z z z z z z z z z z z z z z",29829hzzzzzzzzzzzzzzzzzzz
"Q: Which number is bigger, 57 or 163? A:","['57', '163']",163,"UTT_BOUNDARY q : W w h i c h W n u m b e r W i s W b i g g e r , W 5 7 W o r W 1 6 3 ? W a : UTT_BOUNDARY 1 6 3 6 s e c o n d s ? W a : UTT_BOUNDARY",1636seconds? a:
"Q: Which number is bigger, 174 or 414? A:","['174', '414']",414,"UTT_BOUNDARY q : W w h i c h W n u m b e r W i s W b i g g e r , W 1 7 4 W o r W 4 1 4 ? W a : UTT_BOUNDARY 4 1 4 1 h z z c z y k y z a h o w s k i y e v k y",4141hzzczykyzahowskiyevky
"Q: Which number is bigger, 448 or 653? A:","['448', '653']",653,"UTT_BOUNDARY q : W w h i c h W n u m b e r W i s W b i g g e r , W 4 4 8 W o r W 6 5 3 ? W a : UTT_BOUNDARY 6 5 3 9 z z z z z z z z z z z z z z z z z z z z z",6539zzzzzzzzzzzzzzzzzzzzz
"Q: Which number is bigger, 749 or 535? A:","['749', '535']",749,"UTT_BOUNDARY q : W w h i c h W n u m b e r W i s W b i g g e r , W 7 4 9 W o r W 5 3 5 ? W a : UTT_BOUNDARY 7 4 9 9 r o w p r i n t 5 2 k i q u i a l u a n t",7499rowprint52kiquialuant
"Q: Of the numbers 377 and 21, which is bigger? A:","['377', '21']",377,"UTT_BOUNDARY q : W o f W t h e W n u m b e r s W 3 7 7 W a n d W 2 1 , W w h i c h W i s W b i g g e r ? W a : UTT_BOUNDARY 3 7 7 p h o n e W 8 1 1 ? W a : UTT_BOUNDARY",377phone 811? a:
"Q: Of the numbers 962 and 416, which is bigger? A:","['962', '416']",962,"UTT_BOUNDARY q : W o f W t h e W n u m b e r s W 9 6 2 W a n d W 4 1 6 , W w h i c h W i s W b i g g e r ? W a : UTT_BOUNDARY 9 6 2 9 9 9 9 9 9 9 9 9 9 9 9 9 9 9 9 9 9 9 9 9 9",9629999999999999999999999
"From the numbers 757 and 190, write the bigger number: ","['757', '190']",757,"UTT_BOUNDARY f r o m W t h e W n u m b e r s W 7 5 7 W a n d W 1 9 0 , W w r i t e W t h e W b i g g e r W n u m b e r : UTT_BOUNDARY 7 5 7 "" , W w h i c h W w o r d W c o m e s W r i","757"", which word comes ri"
"Q: Which number is bigger, 229 or 708? A:","['229', '708']",708,"UTT_BOUNDARY q : W w h i c h W n u m b e r W i s W b i g g e r , W 2 2 9 W o r W 7 0 8 ? W a : UTT_BOUNDARY 7 0 8 s r ? W a : UTT_BOUNDARY",708sr? a:
"From the numbers 467 and 552, write the bigger number: ","['467', '552']",552,"UTT_BOUNDARY f r o m W t h e W n u m b e r s W 4 6 7 W a n d W 5 5 2 , W w r i t e W t h e W b i g g e r W n u m b e r : UTT_BOUNDARY 5 5 2 9 9 z z z z 1 9 9 z z z z z z z z z z z : UTT_BOUNDARY",55299zzzz199zzzzzzzzzzz:
"Q: Of the numbers 786 and 179, which is bigger? A:","['786', '179']",786,"UTT_BOUNDARY q : W o f W t h e W n u m b e r s W 7 8 6 W a n d W 1 7 9 , W w h i c h W i s W b i g g e r ? W a : UTT_BOUNDARY 7 8 6 2 9 9 z z z c z y k i a n u b e v "" , W w h","786299zzzczykianubev"", wh"
"Q: Of the numbers 149 and 37, which is bigger? A:","['149', '37']",149,"UTT_BOUNDARY q : W o f W t h e W n u m b e r s W 1 4 9 W a n d W 3 7 , W w h i c h W i s W b i g g e r ? W a : UTT_BOUNDARY 1 4 9 a W 9 9 9 9 9 9 9 9 9 9 9 9 9 9 9 9 9 9 9 9",149a 99999999999999999999
"From the numbers 928 and 160, write the bigger number: ","['928', '160']",928,"UTT_BOUNDARY f r o m W t h e W n u m b e r s W 9 2 8 W a n d W 1 6 0 , W w r i t e W t h e W b i g g e r W n u m b e r : UTT_BOUNDARY 9 2 8 "" , W w h i c h W w o r d W c o m e s W f i","928"", which word comes fi"
"Q: Which number is bigger, 794 or 976? A:","['794', '976']",976,"UTT_BOUNDARY q : W w h i c h W n u m b e r W i s W b i g g e r , W 7 9 4 W o r W 9 7 6 ? W a : UTT_BOUNDARY 9 7 6 9 z z o m b i e z z W z u c c h i n i W w o",9769zzombiezz zucchini wo
"From the numbers 651 and 782, write the bigger number: ","['651', '782']",782,"UTT_BOUNDARY f r o m W t h e W n u m b e r s W 6 5 1 W a n d W 7 8 2 , W w r i t e W t h e W b i g g e r W n u m b e r : UTT_BOUNDARY 7 8 2 1 t h g ? W a : UTT_BOUNDARY",7821thg? a:
"Q: Which number is bigger, 894 or 439? A:","['894', '439']",894,"UTT_BOUNDARY q : W w h i c h W n u m b e r W i s W b i g g e r , W 8 9 4 W o r W 4 3 9 ? W a : UTT_BOUNDARY 8 9 4 9 9 4 9 4 9 9 4 9 , W w h i c h W i s W s m","894994949949, which is sm"
"From the numbers 127 and 535, write the bigger number: ","['127', '535']",535,"UTT_BOUNDARY f r o m W t h e W n u m b e r s W 1 2 7 W a n d W 5 3 5 , W w r i t e W t h e W b i g g e r W n u m b e r : UTT_BOUNDARY 5 3 5 9 z z z z z z z z z z z z z z z z z z z z z",5359zzzzzzzzzzzzzzzzzzzzz
"Q: Of the numbers 700 and 450, which is bigger? A:","['700', '450']",700,"UTT_BOUNDARY q : W o f W t h e W n u m b e r s W 7 0 0 W a n d W 4 5 0 , W w h i c h W i s W b i g g e r ? W a : UTT_BOUNDARY 7 0 0 0 r t z p e s z W z o o i d s W y e a r s W",7000rtzpesz zooids years 
"Q: Which number is bigger, 695 or 253? A:","['695', '253']",695,"UTT_BOUNDARY q : W w h i c h W n u m b e r W i s W b i g g e r , W 6 9 5 W o r W 2 5 3 ? W a : UTT_BOUNDARY 6 9 5 q u g g a r d 5 3 g a a e q : UTT_BOUNDARY",695quggard53gaaeq:
"From the numbers 573 and 381, write the bigger number: ","['573', '381']",573,"UTT_BOUNDARY f r o m W t h e W n u m b e r s W 5 7 3 W a n d W 3 8 1 , W w r i t e W t h e W b i g g e r W n u m b e r : UTT_BOUNDARY 5 7 3 ? W a : UTT_BOUNDARY",573? a:
"Q: Of the numbers 487 and 110, which is bigger? A:","['487', '110']",487,"UTT_BOUNDARY q : W o f W t h e W n u m b e r s W 4 8 7 W a n d W 1 1 0 , W w h i c h W i s W b i g g e r ? W a : UTT_BOUNDARY 4 8 7 0 "" W o r W "" s i g n "" ? W a : UTT_BOUNDARY","4870"" or ""sign""? a:"
"Q: Which number is bigger, 571 or 31? A:","['571', '31']",571,"UTT_BOUNDARY q : W w h i c h W n u m b e r W i s W b i g g e r , W 5 7 1 W o r W 3 1 ? W a : UTT_BOUNDARY 3 7 1 9 z z c z o z y m y z a m a n t a y a n a s",3719zzczozymyzamantayanas
"Q: Which number is bigger, 764 or 430? A:","['764', '430']",764,"UTT_BOUNDARY q : W w h i c h W n u m b e r W i s W b i g g e r , W 7 6 4 W o r W 4 3 0 ? W a : UTT_BOUNDARY 7 6 4 s t 2 0 9 "" ? W a : UTT_BOUNDARY","764st209""? a:"
"Q: Which number is bigger, 53 or 115? A:","['53', '115']",115,"UTT_BOUNDARY q : W w h i c h W n u m b e r W i s W b i g g e r , W 5 3 W o r W 1 1 5 ? W a : UTT_BOUNDARY 1 1 5 5 a ? W a : UTT_BOUNDARY",1155a? a:
"Q: Which number is bigger, 278 or 334? A:","['278', '334']",334,"UTT_BOUNDARY q : W w h i c h W n u m b e r W i s W b i g g e r , W 2 7 8 W o r W 3 3 4 ? W a : UTT_BOUNDARY 3 3 4 4 6 a a ? W a : UTT_BOUNDARY",33446aa? a:
"Q: Which number is bigger, 199 or 636? A:","['199', '636']",636,"UTT_BOUNDARY q : W w h i c h W n u m b e r W i s W b i g g e r , W 1 9 9 W o r W 6 3 6 ? W a : UTT_BOUNDARY 6 3 6 6 b p o p z o m b i a n u s "" , W w h i c h","6366bpopzombianus"", which"
"Q: Of the numbers 393 and 309, which is bigger? A:","['393', '309']",393,"UTT_BOUNDARY q : W o f W t h e W n u m b e r s W 3 9 3 W a n d W 3 0 9 , W w h i c h W i s W b i g g e r ? W a : UTT_BOUNDARY 3 9 3 9 , W 3 9 3 9 , W 3 9 3 9 , W 3 9 3 9 , W 3","3939, 3939, 3939, 3939, 3"
"Q: Of the numbers 914 and 555, which is bigger? A:","['914', '555']",914,"UTT_BOUNDARY q : W o f W t h e W n u m b e r s W 9 1 4 W a n d W 5 5 5 , W w h i c h W i s W b i g g e r ? W a : UTT_BOUNDARY 9 1 4 1 h o o d f 1 9 4 2 , W w h i c h W i s W s","9141hoodf1942, which is s"
"Q: Of the numbers 747 and 602, which is bigger? A:","['747', '602']",747,"UTT_BOUNDARY q : W o f W t h e W n u m b e r s W 7 4 7 W a n d W 6 0 2 , W w h i c h W i s W b i g g e r ? W a : UTT_BOUNDARY 7 4 7 2 a 9 e "" ? W a : UTT_BOUNDARY","7472a9e""? a:"
"Q: Of the numbers 148 and 681, which is bigger? A:","['148', '681']",681,"UTT_BOUNDARY q : W o f W t h e W n u m b e r s W 1 4 8 W a n d W 6 8 1 , W w h i c h W i s W b i g g e r ? W a : UTT_BOUNDARY 6 8 1 g m a r k s o u t h "" ? W a : UTT_BOUNDARY","681gmarksouth""? a:"
"Q: Which number is bigger, 864 or 400? A:","['864', '400']",864,"UTT_BOUNDARY q : W w h i c h W n u m b e r W i s W b i g g e r , W 8 6 4 W o r W 4 0 0 ? W a : UTT_BOUNDARY 8 6 4 4 6 a ? W a : UTT_BOUNDARY",86446a? a:
"Q: Of the numbers 595 and 235, which is bigger? A:","['595', '235']",595,"UTT_BOUNDARY q : W o f W t h e W n u m b e r s W 5 9 5 W a n d W 2 3 5 , W w h i c h W i s W b i g g e r ? W a : UTT_BOUNDARY 5 9 5 5 z z z z z z z z z z z z z z z z z z z z z",5955zzzzzzzzzzzzzzzzzzzzz
"From the numbers 592 and 653, write the bigger number: ","['592', '653']",653,"UTT_BOUNDARY f r o m W t h e W n u m b e r s W 5 9 2 W a n d W 6 5 3 , W w r i t e W t h e W b i g g e r W n u m b e r : UTT_BOUNDARY 6 5 3 9 z z z : UTT_BOUNDARY",6539zzz:
"From the numbers 137 and 538, write the bigger number: ","['137', '538']",538,"UTT_BOUNDARY f r o m W t h e W n u m b e r s W 1 3 7 W a n d W 5 3 8 , W w r i t e W t h e W b i g g e r W n u m b e r : UTT_BOUNDARY 5 3 8 9 a n a t h a r : UTT_BOUNDARY",5389anathar:
"Q: Of the numbers 808 and 846, which is bigger? A:","['808', '846']",846,"UTT_BOUNDARY q : W o f W t h e W n u m b e r s W 8 0 8 W a n d W 8 4 6 , W w h i c h W i s W b i g g e r ? W a : UTT_BOUNDARY 8 4 6 2 "" , W w h i c h W o n e W r h y m e s W w","8462"", which one rhymes w"
"Q: Which number is bigger, 307 or 594? A:","['307', '594']",594,"UTT_BOUNDARY q : W w h i c h W n u m b e r W i s W b i g g e r , W 3 0 7 W o r W 5 9 4 ? W a : UTT_BOUNDARY 5 9 4 4 9 h z z z z z y z z a m b v a y a r W a v",59449hzzzzzyzzambvayar av
"Q: Which number is bigger, 592 or 901? A:","['592', '901']",901,"UTT_BOUNDARY q : W w h i c h W n u m b e r W i s W b i g g e r , W 5 9 2 W o r W 9 0 1 ? W a : UTT_BOUNDARY 9 0 1 9 z z z c z y z z l y z k a z y z z y z z y",9019zzzczyzzlyzkazyzzyzzy
"From the numbers 610 and 890, write the bigger number: ","['610', '890']",890,"UTT_BOUNDARY f r o m W t h e W n u m b e r s W 6 1 0 W a n d W 8 9 0 , W w r i t e W t h e W b i g g e r W n u m b e r : UTT_BOUNDARY 8 9 0 1 a b i l e j a c k : UTT_BOUNDARY",8901abilejack:
"From the numbers 528 and 409, write the bigger number: ","['528', '409']",528,"UTT_BOUNDARY f r o m W t h e W n u m b e r s W 5 2 8 W a n d W 4 0 9 , W w r i t e W t h e W b i g g e r W n u m b e r : UTT_BOUNDARY 5 2 8 9 2 9 9 z z z z z z z z z z z z z z z z z z",5289299zzzzzzzzzzzzzzzzzz
"From the numbers 829 and 369, write the bigger number: ","['829', '369']",829,"UTT_BOUNDARY f r o m W t h e W n u m b e r s W 8 2 9 W a n d W 3 6 9 , W w r i t e W t h e W b i g g e r W n u m b e r : UTT_BOUNDARY 8 2 9 9 z o n a : UTT_BOUNDARY",8299zona:
"From the numbers 131 and 522, write the bigger number: ","['131', '522']",522,"UTT_BOUNDARY f r o m W t h e W n u m b e r s W 1 3 1 W a n d W 5 2 2 , W w r i t e W t h e W b i g g e r W n u m b e r : UTT_BOUNDARY 5 2 2 9 2 9 k a y a r u m r a r a n u c c r u m b",522929kayarumraranuccrumb
"Q: Of the numbers 53 and 115, which is bigger? A:","['53', '115']",115,"UTT_BOUNDARY q : W o f W t h e W n u m b e r s W 5 3 W a n d W 1 1 5 , W w h i c h W i s W b i g g e r ? W a : UTT_BOUNDARY 1 1 5 4 a a a a a n a a a 2 a a a a a a a a a a a",1154aaaaanaaa2aaaaaaaaaaa
"Q: Of the numbers 24 and 132, which is bigger? A:","['24', '132']",132,"UTT_BOUNDARY q : W o f W t h e W n u m b e r s W 2 4 W a n d W 1 3 2 , W w h i c h W i s W b i g g e r ? W a : UTT_BOUNDARY 2 4 2 2 a a ? W a : UTT_BOUNDARY",2422aa? a:
"Q: Which number is bigger, 508 or 391? A:","['508', '391']",508,"UTT_BOUNDARY q : W w h i c h W n u m b e r W i s W b i g g e r , W 5 0 8 W o r W 3 9 1 ? W a : UTT_BOUNDARY 5 0 8 9 7 ? W a : UTT_BOUNDARY",50897? a:
"Q: Of the numbers 65 and 715, which is bigger? A:","['65', '715']",715,"UTT_BOUNDARY q : W o f W t h e W n u m b e r s W 6 5 W a n d W 7 1 5 , W w h i c h W i s W b i g g e r ? W a : UTT_BOUNDARY 7 1 5 1 h i g h w a y W 7 3 2 u W a n d W 4 5 1 ,","7151highway 732u and 451,"
"From the numbers 487 and 110, write the bigger number: ","['487', '110']",487,"UTT_BOUNDARY f r o m W t h e W n u m b e r s W 4 8 7 W a n d W 1 1 0 , W w r i t e W t h e W b i g g e r W n u m b e r : UTT_BOUNDARY 4 8 7 7 1 ? W a : UTT_BOUNDARY",48771? a:
"Q: Which number is bigger, 672 or 250? A:","['672', '250']",672,"UTT_BOUNDARY q : W w h i c h W n u m b e r W i s W b i g g e r , W 6 7 2 W o r W 2 5 0 ? W a : UTT_BOUNDARY 6 7 2 6 a 6 6 b c o z e q : UTT_BOUNDARY",6726a66bcozeq:
"From the numbers 879 and 793, write the bigger number: ","['879', '793']",879,"UTT_BOUNDARY f r o m W t h e W n u m b e r s W 8 7 9 W a n d W 7 9 3 , W w r i t e W t h e W b i g g e r W n u m b e r : UTT_BOUNDARY 8 7 9 3 9 9 z W : UTT_BOUNDARY",879399z :
"Q: Of the numbers 114 and 775, which is bigger? A:","['114', '775']",775,"UTT_BOUNDARY q : W o f W t h e W n u m b e r s W 1 1 4 W a n d W 7 7 5 , W w h i c h W i s W b i g g e r ? W a : UTT_BOUNDARY 7 7 5 9 "" W o r W "" s i n g l e "" ? W a : UTT_BOUNDARY","7759"" or ""single""? a:"
"From the numbers 363 and 269, write the bigger number: ","['363', '269']",363,"UTT_BOUNDARY f r o m W t h e W n u m b e r s W 3 6 3 W a n d W 2 6 9 , W w r i t e W t h e W b i g g e r W n u m b e r : UTT_BOUNDARY 3 6 3 9 z o o m o n s t e p h a l i a n s , W 3 9","3639zoomonstephalians, 39"
"From the numbers 390 and 587, write the bigger number: ","['390', '587']",587,"UTT_BOUNDARY f r o m W t h e W n u m b e r s W 3 9 0 W a n d W 5 8 7 , W w r i t e W t h e W b i g g e r W n u m b e r : UTT_BOUNDARY 5 8 7 , W a n d W 7 0 4 , W w h i c h W i s W s m","587, and 704, which is sm"
"Q: Which number is bigger, 138 or 300? A:","['138', '300']",300,"UTT_BOUNDARY q : W w h i c h W n u m b e r W i s W b i g g e r , W 1 3 8 W o r W 3 0 0 ? W a : UTT_BOUNDARY 3 0 0 0 "" ? W a : UTT_BOUNDARY","3000""? a:"
"Q: Of the numbers 846 and 436, which is bigger? A:","['846', '436']",846,"UTT_BOUNDARY q : W o f W t h e W n u m b e r s W 8 4 6 W a n d W 4 3 6 , W w h i c h W i s W b i g g e r ? W a : UTT_BOUNDARY 8 4 6 6 a a a a a 7 a a a a a a a a a a a a a a a",8466aaaaa7aaaaaaaaaaaaaaa
"From the numbers 309 and 466, write the bigger number: ","['309', '466']",466,"UTT_BOUNDARY f r o m W t h e W n u m b e r s W 3 0 9 W a n d W 4 6 6 , W w r i t e W t h e W b i g g e r W n u m b e r : UTT_BOUNDARY 4 6 6 , W w h i c h W i s W b i g g e r ? W a : UTT_BOUNDARY","466, which is bigger? a:"
"Q: Of the numbers 348 and 15, which is bigger? A:","['348', '15']",348,"UTT_BOUNDARY q : W o f W t h e W n u m b e r s W 3 4 8 W a n d W 1 5 , W w h i c h W i s W b i g g e r ? W a : UTT_BOUNDARY 3 4 8 9 a n c e 9 W t h a n : UTT_BOUNDARY",3489ance9 than:
"Q: Of the numbers 639 and 919, which is bigger? A:","['639', '919']",919,"UTT_BOUNDARY q : W o f W t h e W n u m b e r s W 6 3 9 W a n d W 9 1 9 , W w h i c h W i s W b i g g e r ? W a : UTT_BOUNDARY 9 1 9 9 9 z o o m t i v q u e b : UTT_BOUNDARY",91999zoomtivqueb:
"Q: Which number is bigger, 221 or 562? A:","['221', '562']",562,"UTT_BOUNDARY q : W w h i c h W n u m b e r W i s W b i g g e r , W 2 2 1 W o r W 5 6 2 ? W a : UTT_BOUNDARY 5 6 2 9 9 6 2 9 9 9 8 3 9 : UTT_BOUNDARY",5629962999839:
"From the numbers 901 and 520, write the bigger number: ","['901', '520']",901,"UTT_BOUNDARY f r o m W t h e W n u m b e r s W 9 0 1 W a n d W 5 2 0 , W w r i t e W t h e W b i g g e r W n u m b e r : UTT_BOUNDARY 9 0 1 1 ? W a : UTT_BOUNDARY",9011? a:
"From the numbers 404 and 130, write the bigger number: ","['404', '130']",404,"UTT_BOUNDARY f r o m W t h e W n u m b e r s W 4 0 4 W a n d W 1 3 0 , W w r i t e W t h e W b i g g e r W n u m b e r : UTT_BOUNDARY 4 0 4 "" , W w h i c h W w o r d W c o m e s W f i","404"", which word comes fi"
"Q: Which number is bigger, 260 or 749? A:","['260', '749']",749,"UTT_BOUNDARY q : W w h i c h W n u m b e r W i s W b i g g e r , W 2 6 0 W o r W 7 4 9 ? W a : UTT_BOUNDARY 7 4 9 9 1 9 9 z 9 9 9 9 9 9 9 9 9 9 9 9 9 9 9 9 9",7499199z99999999999999999
"Q: Of the numbers 305 and 60, which is bigger? A:","['305', '60']",305,"UTT_BOUNDARY q : W o f W t h e W n u m b e r s W 3 0 5 W a n d W 6 0 , W w h i c h W i s W b i g g e r ? W a : UTT_BOUNDARY 3 0 5 0 b r u s h , W 5 9 4 W o v e r W 5 0 0 "" W","3050brush, 594 over 500"" "
"From the numbers 846 and 520, write the bigger number: ","['846', '520']",846,"UTT_BOUNDARY f r o m W t h e W n u m b e r s W 8 4 6 W a n d W 5 2 0 , W w r i t e W t h e W b i g g e r W n u m b e r : UTT_BOUNDARY 8 4 6 2 a a ? W a : UTT_BOUNDARY",8462aa? a:
"Q: Which number is bigger, 708 or 317? A:","['708', '317']",708,"UTT_BOUNDARY q : W w h i c h W n u m b e r W i s W b i g g e r , W 7 0 8 W o r W 3 1 7 ? W a : UTT_BOUNDARY 7 0 8 s e d d e n b o r g ? W a : UTT_BOUNDARY",708seddenborg? a:
"Q: Which number is bigger, 892 or 335? A:","['892', '335']",892,"UTT_BOUNDARY q : W w h i c h W n u m b e r W i s W b i g g e r , W 8 9 2 W o r W 3 3 5 ? W a : UTT_BOUNDARY 8 9 2 9 9 z z z 2 9 9 3 9 , W 3 9 2 9 W i n 9 t 9","89299zzz29939, 3929 in9t9"
"Q: Of the numbers 887 and 990, which is bigger? A:","['887', '990']",990,"UTT_BOUNDARY q : W o f W t h e W n u m b e r s W 8 8 7 W a n d W 9 9 0 , W w h i c h W i s W b i g g e r ? W a : UTT_BOUNDARY 9 9 0 9 9 0 a n a z z a 8 9 9 0 a 9 a 9 9 z o n a",990990anazza8990a9a99zona
"Q: Of the numbers 516 and 292, which is bigger? A:","['516', '292']",516,"UTT_BOUNDARY q : W o f W t h e W n u m b e r s W 5 1 6 W a n d W 2 9 2 , W w h i c h W i s W b i g g e r ? W a : UTT_BOUNDARY 5 1 6 6 2 9 9 9 9 9 9 9 9 9 9 9 9 9 9 9 9 9 9 9 9",5166299999999999999999999
"Q: Which number is bigger, 990 or 498? A:","['990', '498']",990,"UTT_BOUNDARY q : W w h i c h W n u m b e r W i s W b i g g e r , W 9 9 0 W o r W 4 9 8 ? W a : UTT_BOUNDARY 9 9 0 0 "" ? W a : UTT_BOUNDARY","9900""? a:"
"Q: Of the numbers 308 and 97, which is bigger? A:","['308', '97']",308,"UTT_BOUNDARY q : W o f W t h e W n u m b e r s W 3 0 8 W a n d W 9 7 , W w h i c h W i s W b i g g e r ? W a : UTT_BOUNDARY 3 0 8 l y ? W a : UTT_BOUNDARY",308ly? a:
"Q: Which number is bigger, 411 or 604? A:","['411', '604']",604,"UTT_BOUNDARY q : W w h i c h W n u m b e r W i s W b i g g e r , W 4 1 1 W o r W 6 0 4 ? W a : UTT_BOUNDARY 6 0 4 1 5 ? W a : UTT_BOUNDARY",60415? a:
"Q: Which number is bigger, 221 or 552? A:","['221', '552']",552,"UTT_BOUNDARY q : W w h i c h W n u m b e r W i s W b i g g e r , W 2 2 1 W o r W 5 5 2 ? W a : UTT_BOUNDARY 5 5 2 9 c z s 2 : UTT_BOUNDARY",5529czs2:
"Q: Of the numbers 454 and 810, which is bigger? A:","['454', '810']",810,"UTT_BOUNDARY q : W o f W t h e W n u m b e r s W 4 5 4 W a n d W 8 1 0 , W w h i c h W i s W b i g g e r ? W a : UTT_BOUNDARY 8 1 0 s k a t e b o a r d i n g : UTT_BOUNDARY",810skateboarding:
"From the numbers 510 and 188, write the bigger number: ","['510', '188']",510,"UTT_BOUNDARY f r o m W t h e W n u m b e r s W 5 1 0 W a n d W 1 8 8 , W w r i t e W t h e W b i g g e r W n u m b e r : UTT_BOUNDARY 5 1 0 9 9 9 9 8 a 9 9 9 9 9 9 9 z o o 9 9 a 9 q u",51099998a9999999zoo99a9qu
"Q: Which number is bigger, 507 or 512? A:","['507', '512']",512,"UTT_BOUNDARY q : W w h i c h W n u m b e r W i s W b i g g e r , W 5 0 7 W o r W 5 1 2 ? W a : UTT_BOUNDARY 5 0 7 g g a g e r s z z z z z z z z z z z z z z z",507ggagerszzzzzzzzzzzzzzz
"From the numbers 492 and 279, write the bigger number: ","['492', '279']",492,"UTT_BOUNDARY f r o m W t h e W n u m b e r s W 4 9 2 W a n d W 2 7 9 , W w r i t e W t h e W b i g g e r W n u m b e r : UTT_BOUNDARY 4 9 2 9 9 z z z c z o o 9 9 2 a & l 9 : UTT_BOUNDARY",49299zzzczoo992a&l9:
"From the numbers 708 and 317, write the bigger number: ","['708', '317']",708,"UTT_BOUNDARY f r o m W t h e W n u m b e r s W 7 0 8 W a n d W 3 1 7 , W w r i t e W t h e W b i g g e r W n u m b e r : UTT_BOUNDARY 7 0 8 "" , W w h i c h W w o r d W c o m e s W r i","708"", which word comes ri"
"Q: Which number is bigger, 423 or 185? A:","['423', '185']",423,"UTT_BOUNDARY q : W w h i c h W n u m b e r W i s W b i g g e r , W 4 2 3 W o r W 1 8 5 ? W a : UTT_BOUNDARY 4 2 3 9 z z z z z z z z z z z z z z z z z z z z z",4239zzzzzzzzzzzzzzzzzzzzz
"From the numbers 950 and 369, write the bigger number: ","['950', '369']",950,"UTT_BOUNDARY f r o m W t h e W n u m b e r s W 9 5 0 W a n d W 3 6 9 , W w r i t e W t h e W b i g g e r W n u m b e r : UTT_BOUNDARY 9 5 0 9 z z z z z z z z z z z z z z z z z z z z z",9509zzzzzzzzzzzzzzzzzzzzz
"Q: Which number is bigger, 101 or 723? A:","['101', '723']",723,"UTT_BOUNDARY q : W w h i c h W n u m b e r W i s W b i g g e r , W 1 0 1 W o r W 7 2 3 ? W a : UTT_BOUNDARY 7 2 3 2 0 a a a u a y a n a y a y a y a y a y a y",72320aaauayanayayayayayay
"Q: Which number is bigger, 523 or 772? A:","['523', '772']",772,"UTT_BOUNDARY q : W w h i c h W n u m b e r W i s W b i g g e r , W 5 2 3 W o r W 7 7 2 ? W a : UTT_BOUNDARY 7 7 2 6 9 9 z z z c o m b o b y g o o d b y e s h",772699zzzcombobygoodbyesh
"Q: Of the numbers 829 and 369, which is bigger? A:","['829', '369']",829,"UTT_BOUNDARY q : W o f W t h e W n u m b e r s W 8 2 9 W a n d W 3 6 9 , W w h i c h W i s W b i g g e r ? W a : UTT_BOUNDARY 8 2 9 9 9 z z z z z z z z z z z o n y k a z a k y",82999zzzzzzzzzzzonykazaky
"Q: Of the numbers 203 and 466, which is bigger? A:","['203', '466']",466,"UTT_BOUNDARY q : W o f W t h e W n u m b e r s W 2 0 3 W a n d W 4 6 6 , W w h i c h W i s W b i g g e r ? W a : UTT_BOUNDARY 4 6 6 e 6 a r c h a e a a a a a a a a a a a a a a",466e6archaeaaaaaaaaaaaaaa
"From the numbers 854 and 342, write the bigger number: ","['854', '342']",854,"UTT_BOUNDARY f r o m W t h e W n u m b e r s W 8 5 4 W a n d W 3 4 2 , W w r i t e W t h e W b i g g e r W n u m b e r : UTT_BOUNDARY 8 5 4 2 9 9 z z z 1 1 9 z z z z z z z z z z z z z",854299zzz119zzzzzzzzzzzzz
"Q: Of the numbers 651 and 142, which is bigger? A:","['651', '142']",651,"UTT_BOUNDARY q : W o f W t h e W n u m b e r s W 6 5 1 W a n d W 1 4 2 , W w h i c h W i s W b i g g e r ? W a : UTT_BOUNDARY 6 5 1 9 5 9 9 9 9 9 9 9 9 9 9 9 9 9 9 9 9 9 9 9 9",6519599999999999999999999
"Q: Which number is bigger, 309 or 549? A:","['309', '549']",549,"UTT_BOUNDARY q : W w h i c h W n u m b e r W i s W b i g g e r , W 3 0 9 W o r W 5 4 9 ? W a : UTT_BOUNDARY 5 4 9 ? W a : UTT_BOUNDARY",549? a:
"Q: Of the numbers 564 and 140, which is bigger? A:","['564', '140']",564,"UTT_BOUNDARY q : W o f W t h e W n u m b e r s W 5 6 4 W a n d W 1 4 0 , W w h i c h W i s W b i g g e r ? W a : UTT_BOUNDARY 5 6 4 s t o r m v 5 b ? W a : UTT_BOUNDARY",564stormv5b? a:
"Q: Of the numbers 20 and 883, which is bigger? A:","['20', '883']",883,"UTT_BOUNDARY q : W o f W t h e W n u m b e r s W 2 0 W a n d W 8 8 3 , W w h i c h W i s W b i g g e r ? W a : UTT_BOUNDARY 8 8 3 , W 8 9 3 "" , W w h i c h W n u m b e r W i","883, 893"", which number i"
"From the numbers 260 and 749, write the bigger number: ","['260', '749']",749,"UTT_BOUNDARY f r o m W t h e W n u m b e r s W 2 6 0 W a n d W 7 4 9 , W w r i t e W t h e W b i g g e r W n u m b e r : UTT_BOUNDARY 7 4 9 2 9 a n a h , W a : UTT_BOUNDARY","74929anah, a:"
"Q: Of the numbers 374 and 540, which is bigger? A:","['374', '540']",540,"UTT_BOUNDARY q : W o f W t h e W n u m b e r s W 3 7 4 W a n d W 5 4 0 , W w h i c h W i s W b i g g e r ? W a : UTT_BOUNDARY 5 4 4 2 a a 6 4 4 6 a 6 a a a a a a a a a a a a a",5442aa6446a6aaaaaaaaaaaaa
"Q: Which number is bigger, 881 or 248? A:","['881', '248']",881,"UTT_BOUNDARY q : W w h i c h W n u m b e r W i s W b i g g e r , W 8 8 1 W o r W 2 4 8 ? W a : UTT_BOUNDARY 8 8 1 1 ? W a : UTT_BOUNDARY",8811? a:
"Q: Which number is bigger, 72 or 140? A:","['72', '140']",140,"UTT_BOUNDARY q : W w h i c h W n u m b e r W i s W b i g g e r , W 7 2 W o r W 1 4 0 ? W a : UTT_BOUNDARY 1 4 0 0 s t e r m c h a i r W x i v "" ? W a : UTT_BOUNDARY","1400stermchair xiv""? a:"
"Q: Which number is bigger, 74 or 866? A:","['74', '866']",866,"UTT_BOUNDARY q : W w h i c h W n u m b e r W i s W b i g g e r , W 7 4 W o r W 8 6 6 ? W a : UTT_BOUNDARY 8 6 6 6 a 9 ? W a : UTT_BOUNDARY",8666a9? a:
"From the numbers 772 and 549, write the bigger number: ","['772', '549']",772,"UTT_BOUNDARY f r o m W t h e W n u m b e r s W 7 7 2 W a n d W 5 4 9 , W w r i t e W t h e W b i g g e r W n u m b e r : UTT_BOUNDARY 7 7 2 9 9 9 9 9 9 9 9 9 9 9 9 9 a a 9 9 : UTT_BOUNDARY",7729999999999999aa99:
"Q: Of the numbers 217 and 670, which is bigger? A:","['217', '670']",670,"UTT_BOUNDARY q : W o f W t h e W n u m b e r s W 2 1 7 W a n d W 6 7 0 , W w h i c h W i s W b i g g e r ? W a : UTT_BOUNDARY 6 7 0 5 a t e t h y o u r t o n g u e f o o t "" ?","6705atethyourtonguefoot""?"
"Q: Of the numbers 23 and 696, which is bigger? A:","['23', '696']",696,"UTT_BOUNDARY q : W o f W t h e W n u m b e r s W 2 3 W a n d W 6 9 6 , W w h i c h W i s W b i g g e r ? W a : UTT_BOUNDARY 6 9 6 9 9 9 9 9 9 9 9 9 9 9 9 9 9 9 9 9 9 9 a a 9",6969999999999999999999aa9
"Q: Of the numbers 321 and 800, which is bigger? A:","['321', '800']",800,"UTT_BOUNDARY q : W o f W t h e W n u m b e r s W 3 2 1 W a n d W 8 0 0 , W w h i c h W i s W b i g g e r ? W a : UTT_BOUNDARY 8 0 0 s a u r u s "" h w 5 0 0 k m a z o o "" W o r","800saurus""hw500kmazoo"" or"
"Q: Which number is bigger, 948 or 547? A:","['948', '547']",948,"UTT_BOUNDARY q : W w h i c h W n u m b e r W i s W b i g g e r , W 9 4 8 W o r W 5 4 7 ? W a : UTT_BOUNDARY 9 4 8 9 a 8 9 z z c z y k y o u c z y e v i c h n",9489a89zzczykyouczyevichn
"Q: Which number is bigger, 469 or 777? A:","['469', '777']",777,"UTT_BOUNDARY q : W w h i c h W n u m b e r W i s W b i g g e r , W 4 6 9 W o r W 7 7 7 ? W a : UTT_BOUNDARY 7 7 7 p a r k i n g ? W a : UTT_BOUNDARY",777parking? a:
"Q: Which number is bigger, 540 or 207? A:","['540', '207']",540,"UTT_BOUNDARY q : W w h i c h W n u m b e r W i s W b i g g e r , W 5 4 0 W o r W 2 0 7 ? W a : UTT_BOUNDARY 5 4 0 9 ? W a : UTT_BOUNDARY",5409? a:
"Q: Of the numbers 367 and 493, which is bigger? A:","['367', '493']",493,"UTT_BOUNDARY q : W o f W t h e W n u m b e r s W 3 6 7 W a n d W 4 9 3 , W w h i c h W i s W b i g g e r ? W a : UTT_BOUNDARY 4 9 3 9 , W 3 9 3 9 , W 4 9 3 , W o r W 2 9 3 ? W","4939, 3939, 493, or 293? "
"Q: Of the numbers 210 and 872, which is bigger? A:","['210', '872']",872,"UTT_BOUNDARY q : W o f W t h e W n u m b e r s W 2 1 0 W a n d W 8 7 2 , W w h i c h W i s W b i g g e r ? W a : UTT_BOUNDARY 8 7 2 u 9 z l e r "" ? W a : UTT_BOUNDARY","872u9zler""? a:"
"From the numbers 123 and 59, write the bigger number: ","['123', '59']",123,"UTT_BOUNDARY f r o m W t h e W n u m b e r s W 1 2 3 W a n d W 5 9 , W w r i t e W t h e W b i g g e r W n u m b e r : UTT_BOUNDARY 1 2 3 9 , W w h i c h W i s W s m a l l e r ? W a","1239, which is smaller? a"
"From the numbers 781 and 153, write the bigger number: ","['781', '153']",781,"UTT_BOUNDARY f r o m W t h e W n u m b e r s W 7 8 1 W a n d W 1 5 3 , W w r i t e W t h e W b i g g e r W n u m b e r : UTT_BOUNDARY 7 8 1 1 : UTT_BOUNDARY",7811:
"Q: Of the numbers 940 and 164, which is bigger? A:","['940', '164']",940,"UTT_BOUNDARY q : W o f W t h e W n u m b e r s W 9 4 0 W a n d W 1 6 4 , W w h i c h W i s W b i g g e r ? W a : UTT_BOUNDARY 9 4 0 9 4 9 9 z z z c z y k y a r d z b c z y p i",9409499zzzczykyardzbczypi
"From the numbers 929 and 842, write the bigger number: ","['929', '842']",929,"UTT_BOUNDARY f r o m W t h e W n u m b e r s W 9 2 9 W a n d W 8 4 2 , W w r i t e W t h e W b i g g e r W n u m b e r : UTT_BOUNDARY 9 2 9 1 9 s q u a r e f u l l y ? W a : UTT_BOUNDARY",92919squarefully? a:
"From the numbers 915 and 448, write the bigger number: ","['915', '448']",915,"UTT_BOUNDARY f r o m W t h e W n u m b e r s W 9 1 5 W a n d W 4 4 8 , W w r i t e W t h e W b i g g e r W n u m b e r : UTT_BOUNDARY 9 1 5 9 z o m b i e 9 z i m b a b w e a n i a n a",9159zombie9zimbabweaniana
"From the numbers 720 and 576, write the bigger number: ","['720', '576']",720,"UTT_BOUNDARY f r o m W t h e W n u m b e r s W 7 2 0 W a n d W 5 7 6 , W w r i t e W t h e W b i g g e r W n u m b e r : UTT_BOUNDARY 7 2 0 9 2 0 a , W 7 2 9 , W w h i c h W i s W s m","720920a, 729, which is sm"
"Q: Which number is bigger, 62 or 802? A:","['62', '802']",802,"UTT_BOUNDARY q : W w h i c h W n u m b e r W i s W b i g g e r , W 6 2 W o r W 8 0 2 ? W a : UTT_BOUNDARY 8 0 2 b c e l o o 9 r o o m e t r y W s t o r e :",802bceloo9roometry store:
"From the numbers 147 and 576, write the bigger number: ","['147', '576']",576,"UTT_BOUNDARY f r o m W t h e W n u m b e r s W 1 4 7 W a n d W 5 7 6 , W w r i t e W t h e W b i g g e r W n u m b e r : UTT_BOUNDARY 5 7 6 9 9 9 9 9 9 9 9 9 9 9 9 9 9 9 9 9 9 9 9 9 9",5769999999999999999999999
"From the numbers 482 and 202, write the bigger number: ","['482', '202']",482,"UTT_BOUNDARY f r o m W t h e W n u m b e r s W 4 8 2 W a n d W 2 0 2 , W w r i t e W t h e W b i g g e r W n u m b e r : UTT_BOUNDARY 4 8 2 ? W a : UTT_BOUNDARY",482? a:
"From the numbers 720 and 739, write the bigger number: ","['720', '739']",739,"UTT_BOUNDARY f r o m W t h e W n u m b e r s W 7 2 0 W a n d W 7 3 9 , W w r i t e W t h e W b i g g e r W n u m b e r : UTT_BOUNDARY 7 2 9 9 2 9 9 a : UTT_BOUNDARY",7299299a:
"Q: Which number is bigger, 914 or 555? A:","['914', '555']",914,"UTT_BOUNDARY q : W w h i c h W n u m b e r W i s W b i g g e r , W 9 1 4 W o r W 5 5 5 ? W a : UTT_BOUNDARY 9 1 4 1 h o o d r o m b i e m b 5 9 c z z y z W a",9141hoodrombiemb59czzyz a
"Q: Of the numbers 546 and 350, which is bigger? A:","['546', '350']",546,"UTT_BOUNDARY q : W o f W t h e W n u m b e r s W 5 4 6 W a n d W 3 5 0 , W w h i c h W i s W b i g g e r ? W a : UTT_BOUNDARY 5 4 6 6 a a a a a 5 a a a a a a a a a a a a a a a",5466aaaaa5aaaaaaaaaaaaaaa
"From the numbers 541 and 97, write the bigger number: ","['541', '97']",541,"UTT_BOUNDARY f r o m W t h e W n u m b e r s W 5 4 1 W a n d W 9 7 , W w r i t e W t h e W b i g g e r W n u m b e r : UTT_BOUNDARY 5 4 1 9 z z z z 9 9 9 9 9 9 9 9 9 9 9 9 9 9 9 9 9",5419zzzz99999999999999999
"Q: Which number is bigger, 18 or 929? A:","['18', '929']",929,"UTT_BOUNDARY q : W w h i c h W n u m b e r W i s W b i g g e r , W 1 8 W o r W 9 2 9 ? W a : UTT_BOUNDARY 9 2 9 9 9 z z c z y k y n y z W y e a h ? W a : UTT_BOUNDARY",92999zzczykynyz yeah? a:
"From the numbers 839 and 45, write the bigger number: ","['839', '45']",839,"UTT_BOUNDARY f r o m W t h e W n u m b e r s W 8 3 9 W a n d W 4 5 , W w r i t e W t h e W b i g g e r W n u m b e r : UTT_BOUNDARY 8 3 9 9 9 z o n a 9 z o n a & l t 5 9 : UTT_BOUNDARY",83999zona9zona&lt59:
"Q: Which number is bigger, 383 or 675? A:","['383', '675']",675,"UTT_BOUNDARY q : W w h i c h W n u m b e r W i s W b i g g e r , W 3 8 3 W o r W 6 7 5 ? W a : UTT_BOUNDARY 6 7 5 3 9 q : UTT_BOUNDARY",67539q:
"Q: Of the numbers 672 and 744, which is bigger? A:","['672', '744']",744,"UTT_BOUNDARY q : W o f W t h e W n u m b e r s W 6 7 2 W a n d W 7 4 4 , W w h i c h W i s W b i g g e r ? W a : UTT_BOUNDARY 7 4 4 4 h z z c z y k y z a w s k y a W c r o s s",7444hzzczykyzawskya cross
"Q: Which number is bigger, 740 or 187? A:","['740', '187']",740,"UTT_BOUNDARY q : W w h i c h W n u m b e r W i s W b i g g e r , W 7 4 0 W o r W 1 8 7 ? W a : UTT_BOUNDARY 7 4 0 9 9 8 a t e t h a n W o b t a i n e d W a W",740998atethan obtained a 
"From the numbers 320 and 111, write the bigger number: ","['320', '111']",320,"UTT_BOUNDARY f r o m W t h e W n u m b e r s W 3 2 0 W a n d W 1 1 1 , W w r i t e W t h e W b i g g e r W n u m b e r : UTT_BOUNDARY 3 2 0 9 9 l a m t a t h 2 9 l a h a l a y a r u m",32099lamtath29lahalayarum
"Q: Of the numbers 445 and 528, which is bigger? A:","['445', '528']",528,"UTT_BOUNDARY q : W o f W t h e W n u m b e r s W 4 4 5 W a n d W 5 2 8 , W w h i c h W i s W b i g g e r ? W a : UTT_BOUNDARY 5 2 8 5 "" ? W a : UTT_BOUNDARY","5285""? a:"
"From the numbers 157 and 694, write the bigger number: ","['157', '694']",694,"UTT_BOUNDARY f r o m W t h e W n u m b e r s W 1 5 7 W a n d W 6 9 4 , W w r i t e W t h e W b i g g e r W n u m b e r : UTT_BOUNDARY 6 9 4 9 z z z c z y m y e 5 W y e a r s a f t e r",6949zzzczymye5 yearsafter
"Q: Of the numbers 912 and 28, which is bigger? A:","['912', '28']",912,"UTT_BOUNDARY q : W o f W t h e W n u m b e r s W 9 1 2 W a n d W 2 8 , W w h i c h W i s W b i g g e r ? W a : UTT_BOUNDARY 9 1 2 9 9 9 9 1 9 9 9 9 9 9 9 9 9 9 9 9 9 9 9 9 9",9129999199999999999999999
"Q: Of the numbers 534 and 46, which is bigger? A:","['534', '46']",534,"UTT_BOUNDARY q : W o f W t h e W n u m b e r s W 5 3 4 W a n d W 4 6 , W w h i c h W i s W b i g g e r ? W a : UTT_BOUNDARY 5 3 4 h o e k g t h e r i n g a l h t 5 3 l t h r",534hoekgtheringalht53lthr
"Q: Which number is bigger, 206 or 306? A:","['206', '306']",306,"UTT_BOUNDARY q : W w h i c h W n u m b e r W i s W b i g g e r , W 2 0 6 W o r W 3 0 6 ? W a : UTT_BOUNDARY 3 0 6 6 b g ? W a : UTT_BOUNDARY",3066bg? a:
"Q: Which number is bigger, 852 or 713? A:","['852', '713']",852,"UTT_BOUNDARY q : W w h i c h W n u m b e r W i s W b i g g e r , W 8 5 2 W o r W 7 1 3 ? W a : UTT_BOUNDARY 8 5 2 9 9 z z z 2 9 9 2 a 9 z z W 2 9 2 9 W z u z",85299zzz2992a9zz 2929 zuz
"Q: Of the numbers 11 and 847, which is bigger? A:","['11', '847']",847,"UTT_BOUNDARY q : W o f W t h e W n u m b e r s W 1 1 W a n d W 8 4 7 , W w h i c h W i s W b i g g e r ? W a : UTT_BOUNDARY 8 4 7 , W 8 4 7 W o r W 7 1 7 ? W a : UTT_BOUNDARY","847, 847 or 717? a:"
"Q: Of the numbers 29 and 920, which is bigger? A:","['29', '920']",920,"UTT_BOUNDARY q : W o f W t h e W n u m b e r s W 2 9 W a n d W 9 2 0 , W w h i c h W i s W b i g g e r ? W a : UTT_BOUNDARY 9 2 0 9 "" W o r W "" o n c e "" ? W a : UTT_BOUNDARY","9209"" or ""once""? a:"
"Q: Which number is bigger, 194 or 262? A:","['194', '262']",262,"UTT_BOUNDARY q : W w h i c h W n u m b e r W i s W b i g g e r , W 1 9 4 W o r W 2 6 2 ? W a : UTT_BOUNDARY 2 6 2 9 ? W a : UTT_BOUNDARY",2629? a:
"From the numbers 197 and 95, write the bigger number: ","['197', '95']",197,"UTT_BOUNDARY f r o m W t h e W n u m b e r s W 1 9 7 W a n d W 9 5 , W w r i t e W t h e W b i g g e r W n u m b e r : UTT_BOUNDARY 1 9 7 9 9 9 z z z z z z z z z z z z z z z z z z W",197999zzzzzzzzzzzzzzzzzz 
"From the numbers 239 and 287, write the bigger number: ","['239', '287']",287,"UTT_BOUNDARY f r o m W t h e W n u m b e r s W 2 3 9 W a n d W 2 8 7 , W w r i t e W t h e W b i g g e r W n u m b e r : UTT_BOUNDARY 2 8 7 9 9 9 9 9 9 9 9 : UTT_BOUNDARY",28799999999:
"Q: Which number is bigger, 814 or 826? A:","['814', '826']",826,"UTT_BOUNDARY q : W w h i c h W n u m b e r W i s W b i g g e r , W 8 1 4 W o r W 8 2 6 ? W a : UTT_BOUNDARY 8 1 4 4 ? W a : UTT_BOUNDARY",8144? a:
"From the numbers 658 and 588, write the bigger number: ","['658', '588']",658,"UTT_BOUNDARY f r o m W t h e W n u m b e r s W 6 5 8 W a n d W 5 8 8 , W w r i t e W t h e W b i g g e r W n u m b e r : UTT_BOUNDARY 6 5 8 9 9 8 9 9 z z z z z z z z z z z z z z z z z",65899899zzzzzzzzzzzzzzzzz
"From the numbers 462 and 438, write the bigger number: ","['462', '438']",462,"UTT_BOUNDARY f r o m W t h e W n u m b e r s W 4 6 2 W a n d W 4 3 8 , W w r i t e W t h e W b i g g e r W n u m b e r : UTT_BOUNDARY 4 6 8 , W w h i c h W i s W b i g g e r ? W a : UTT_BOUNDARY","468, which is bigger? a:"
"Q: Of the numbers 593 and 269, which is bigger? A:","['593', '269']",593,"UTT_BOUNDARY q : W o f W t h e W n u m b e r s W 5 9 3 W a n d W 2 6 9 , W w h i c h W i s W b i g g e r ? W a : UTT_BOUNDARY 5 9 3 9 z z z z z z z z z z z z z z z z z z z z z",5939zzzzzzzzzzzzzzzzzzzzz
"Q: Which number is bigger, 356 or 704? A:","['356', '704']",704,"UTT_BOUNDARY q : W w h i c h W n u m b e r W i s W b i g g e r , W 3 5 6 W o r W 7 0 4 ? W a : UTT_BOUNDARY 7 0 4 a q u i q : UTT_BOUNDARY",704aquiq:
"From the numbers 11 and 847, write the bigger number: ","['11', '847']",847,"UTT_BOUNDARY f r o m W t h e W n u m b e r s W 1 1 W a n d W 8 4 7 , W w r i t e W t h e W b i g g e r W n u m b e r : UTT_BOUNDARY 8 4 7 l a n d "" , W w h i c h W w o r d W c o m e","847land"", which word come"
"Q: Of the numbers 738 and 497, which is bigger? A:","['738', '497']",738,"UTT_BOUNDARY q : W o f W t h e W n u m b e r s W 7 3 8 W a n d W 4 9 7 , W w h i c h W i s W b i g g e r ? W a : UTT_BOUNDARY 7 3 8 , W 7 3 7 l y ? W a : UTT_BOUNDARY","738, 737ly? a:"
"From the numbers 48 and 615, write the bigger number: ","['48', '615']",615,"UTT_BOUNDARY f r o m W t h e W n u m b e r s W 4 8 W a n d W 6 1 5 , W w r i t e W t h e W b i g g e r W n u m b e r : UTT_BOUNDARY 6 1 5 1 a b l a n k a h : UTT_BOUNDARY",6151ablankah:
"Q: Of the numbers 407 and 905, which is bigger? A:","['407', '905']",905,"UTT_BOUNDARY q : W o f W t h e W n u m b e r s W 4 0 7 W a n d W 9 0 5 , W w h i c h W i s W b i g g e r ? W a : UTT_BOUNDARY 9 0 5 "" W o r W "" w i n d y "" ? W a : UTT_BOUNDARY","905"" or ""windy""? a:"
"Q: Which number is bigger, 299 or 784? A:","['299', '784']",784,"UTT_BOUNDARY q : W w h i c h W n u m b e r W i s W b i g g e r , W 2 9 9 W o r W 7 8 4 ? W a : UTT_BOUNDARY 7 8 4 9 9 z z z z c z y k i a w s z y z z z z z z",78499zzzzczykiawszyzzzzzz
"Q: Of the numbers 459 and 931, which is bigger? A:","['459', '931']",931,"UTT_BOUNDARY q : W o f W t h e W n u m b e r s W 4 5 9 W a n d W 9 3 1 , W w h i c h W i s W b i g g e r ? W a : UTT_BOUNDARY 9 3 1 9 9 9 9 9 9 9 9 9 9 9 9 9 9 9 9 9 9 9 9 9 9",9319999999999999999999999
"Q: Which number is bigger, 342 or 650? A:","['342', '650']",650,"UTT_BOUNDARY q : W w h i c h W n u m b e r W i s W b i g g e r , W 3 4 2 W o r W 6 5 0 ? W a : UTT_BOUNDARY 6 5 0 5 6 b c ? W a : UTT_BOUNDARY",65056bc? a:
"From the numbers 634 and 581, write the bigger number: ","['634', '581']",634,"UTT_BOUNDARY f r o m W t h e W n u m b e r s W 6 3 4 W a n d W 5 8 1 , W w r i t e W t h e W b i g g e r W n u m b e r : UTT_BOUNDARY 6 3 4 s t a n d s : UTT_BOUNDARY",634stands:
"Q: Of the numbers 716 and 385, which is bigger? A:","['716', '385']",716,"UTT_BOUNDARY q : W o f W t h e W n u m b e r s W 7 1 6 W a n d W 3 8 5 , W w h i c h W i s W b i g g e r ? W a : UTT_BOUNDARY 7 1 6 w o o d s ? W a : UTT_BOUNDARY",716woods? a:
"From the numbers 990 and 498, write the bigger number: ","['990', '498']",990,"UTT_BOUNDARY f r o m W t h e W n u m b e r s W 9 9 0 W a n d W 4 9 8 , W w r i t e W t h e W b i g g e r W n u m b e r : UTT_BOUNDARY 9 9 0 a 9 z o n a l 9 z z z z z z z z z z z y z l",990a9zonal9zzzzzzzzzzzyzl
"Q: Which number is bigger, 749 or 441? A:","['749', '441']",749,"UTT_BOUNDARY q : W w h i c h W n u m b e r W i s W b i g g e r , W 7 4 9 W o r W 4 4 1 ? W a : UTT_BOUNDARY 7 4 9 9 9 9 9 9 9 9 9 9 9 9 9 9 9 9 9 9 9 9 9 9 9",7499999999999999999999999
"Q: Which number is bigger, 645 or 521? A:","['645', '521']",645,"UTT_BOUNDARY q : W w h i c h W n u m b e r W i s W b i g g e r , W 6 4 5 W o r W 5 2 1 ? W a : UTT_BOUNDARY 6 4 5 5 ? W a : UTT_BOUNDARY",6455? a:
"Q: Which number is bigger, 538 or 732? A:","['538', '732']",732,"UTT_BOUNDARY q : W w h i c h W n u m b e r W i s W b i g g e r , W 5 3 8 W o r W 7 3 2 ? W a : UTT_BOUNDARY 7 3 2 "" ? W a : UTT_BOUNDARY","732""? a:"
"From the numbers 876 and 35, write the bigger number: ","['876', '35']",876,"UTT_BOUNDARY f r o m W t h e W n u m b e r s W 8 7 6 W a n d W 3 5 , W w r i t e W t h e W b i g g e r W n u m b e r : UTT_BOUNDARY 8 7 6 , W s 8 7 7 "" , W w h i c h W o n e W r h y","876, s877"", which one rhy"
"Q: Of the numbers 514 and 944, which is bigger? A:","['514', '944']",944,"UTT_BOUNDARY q : W o f W t h e W n u m b e r s W 5 1 4 W a n d W 9 4 4 , W w h i c h W i s W b i g g e r ? W a : UTT_BOUNDARY 9 4 4 4 W o r W 4 4 4 ? W a : UTT_BOUNDARY",9444 or 444? a:
"Q: Of the numbers 444 and 901, which is bigger? A:","['444', '901']",901,"UTT_BOUNDARY q : W o f W t h e W n u m b e r s W 4 4 4 W a n d W 9 0 1 , W w h i c h W i s W b i g g e r ? W a : UTT_BOUNDARY 9 0 1 s t o r m "" W o r W "" r a i l r o a d "" ? W","901storm"" or ""railroad""? "
"Q: Which number is bigger, 676 or 514? A:","['676', '514']",676,"UTT_BOUNDARY q : W w h i c h W n u m b e r W i s W b i g g e r , W 6 7 6 W o r W 5 1 4 ? W a : UTT_BOUNDARY 6 7 6 6 a 6 b p ? W a : UTT_BOUNDARY",6766a6bp? a:
"Q: Of the numbers 954 and 358, which is bigger? A:","['954', '358']",954,"UTT_BOUNDARY q : W o f W t h e W n u m b e r s W 9 5 4 W a n d W 3 5 8 , W w h i c h W i s W b i g g e r ? W a : UTT_BOUNDARY 9 5 4 9 h o f e n W : UTT_BOUNDARY",9549hofen :
"Q: Of the numbers 50 and 375, which is bigger? A:","['50', '375']",375,"UTT_BOUNDARY q : W o f W t h e W n u m b e r s W 5 0 W a n d W 3 7 5 , W w h i c h W i s W b i g g e r ? W a : UTT_BOUNDARY 3 7 5 0 f u l l y ? W a : UTT_BOUNDARY",3750fully? a:
"Q: Which number is bigger, 437 or 280? A:","['437', '280']",437,"UTT_BOUNDARY q : W w h i c h W n u m b e r W i s W b i g g e r , W 4 3 7 W o r W 2 8 0 ? W a : UTT_BOUNDARY 4 3 7 2 9 a ? W a : UTT_BOUNDARY",43729a? a:
"Q: Of the numbers 586 and 983, which is bigger? A:","['586', '983']",983,"UTT_BOUNDARY q : W o f W t h e W n u m b e r s W 5 8 6 W a n d W 9 8 3 , W w h i c h W i s W b i g g e r ? W a : UTT_BOUNDARY 9 8 3 9 x p l a n t a t i o n "" W o r W "" w e a r","9839xplantation"" or ""wear"
"From the numbers 455 and 45, write the bigger number: ","['455', '45']",455,"UTT_BOUNDARY f r o m W t h e W n u m b e r s W 4 5 5 W a n d W 4 5 , W w r i t e W t h e W b i g g e r W n u m b e r : UTT_BOUNDARY 4 5 5 5 f u f f 5 5 f 5 v e h i l l v e 5 e 5 s e",4555fuff55f5vehillve5e5se
"Q: Which number is bigger, 902 or 427? A:","['902', '427']",902,"UTT_BOUNDARY q : W w h i c h W n u m b e r W i s W b i g g e r , W 9 0 2 W o r W 4 2 7 ? W a : UTT_BOUNDARY 9 0 2 9 2 9 l a r g e h a u s t y W s o u p s c t",902929largehausty soupsct
"From the numbers 152 and 264, write the bigger number: ","['152', '264']",264,"UTT_BOUNDARY f r o m W t h e W n u m b e r s W 1 5 2 W a n d W 2 6 4 , W w r i t e W t h e W b i g g e r W n u m b e r : UTT_BOUNDARY 2 6 4 9 2 9 9 z z z z z z z z z z z z z z z z z z",2649299zzzzzzzzzzzzzzzzzz
"Q: Which number is bigger, 737 or 196? A:","['737', '196']",737,"UTT_BOUNDARY q : W w h i c h W n u m b e r W i s W b i g g e r , W 7 3 7 W o r W 1 9 6 ? W a : UTT_BOUNDARY 7 3 7 r d g ? W 7 9 6 c o n 9 8 3 9 : UTT_BOUNDARY",737rdg? 796con9839:
"Q: Which number is bigger, 374 or 859? A:","['374', '859']",859,"UTT_BOUNDARY q : W w h i c h W n u m b e r W i s W b i g g e r , W 3 7 4 W o r W 8 5 9 ? W a : UTT_BOUNDARY 8 5 9 "" ? W a : UTT_BOUNDARY","859""? a:"
"Q: Of the numbers 810 and 529, which is bigger? A:","['810', '529']",810,"UTT_BOUNDARY q : W o f W t h e W n u m b e r s W 8 1 0 W a n d W 5 2 9 , W w h i c h W i s W b i g g e r ? W a : UTT_BOUNDARY 8 1 0 s a n d w i c h W y e a r b o o k "" ? W a :","810sandwich yearbook""? a:"
"Q: Of the numbers 484 and 603, which is bigger? A:","['484', '603']",603,"UTT_BOUNDARY q : W o f W t h e W n u m b e r s W 4 8 4 W a n d W 6 0 3 , W w h i c h W i s W b i g g e r ? W a : UTT_BOUNDARY 6 0 3 9 z z c z o z u m i a n u m b e r y e o u s",6039zzczozumianumberyeous
"Q: Which number is bigger, 738 or 497? A:","['738', '497']",738,"UTT_BOUNDARY q : W w h i c h W n u m b e r W i s W b i g g e r , W 7 3 8 W o r W 4 9 7 ? W a : UTT_BOUNDARY 7 3 8 9 9 8 a n 9 8 8 9 9 z "" ? W a : UTT_BOUNDARY","738998an98899z""? a:"
"From the numbers 620 and 766, write the bigger number: ","['620', '766']",766,"UTT_BOUNDARY f r o m W t h e W n u m b e r s W 6 2 0 W a n d W 7 6 6 , W w r i t e W t h e W b i g g e r W n u m b e r : UTT_BOUNDARY 7 6 6 s t o r m "" , W w h i c h W w o r d W c o m","766storm"", which word com"
"Q: Of the numbers 74 and 439, which is bigger? A:","['74', '439']",439,"UTT_BOUNDARY q : W o f W t h e W n u m b e r s W 7 4 W a n d W 4 3 9 , W w h i c h W i s W b i g g e r ? W a : UTT_BOUNDARY 4 3 9 , W 4 9 9 , W 4 9 9 , W a n d W 9 9 9 , W w","439, 499, 499, and 999, w"
"Q: Of the numbers 231 and 397, which is bigger? A:","['231', '397']",397,"UTT_BOUNDARY q : W o f W t h e W n u m b e r s W 2 3 1 W a n d W 3 9 7 , W w h i c h W i s W b i g g e r ? W a : UTT_BOUNDARY 3 9 7 9 9 z z z z z z z z z z z z z z z z z z z z",39799zzzzzzzzzzzzzzzzzzzz
"From the numbers 260 and 36, write the bigger number: ","['260', '36']",260,"UTT_BOUNDARY f r o m W t h e W n u m b e r s W 2 6 0 W a n d W 3 6 , W w r i t e W t h e W b i g g e r W n u m b e r : UTT_BOUNDARY 3 6 0 5 a ? W a : UTT_BOUNDARY",3605a? a:
"From the numbers 42 and 936, write the bigger number: ","['42', '936']",936,"UTT_BOUNDARY f r o m W t h e W n u m b e r s W 4 2 W a n d W 9 3 6 , W w r i t e W t h e W b i g g e r W n u m b e r : UTT_BOUNDARY 9 3 6 9 9 9 9 9 9 9 9 9 9 9 9 9 9 9 9 9 9 9 9 9 9",9369999999999999999999999
"Q: Which number is bigger, 467 or 552? A:","['467', '552']",552,"UTT_BOUNDARY q : W w h i c h W n u m b e r W i s W b i g g e r , W 4 6 7 W o r W 5 5 2 ? W a : UTT_BOUNDARY 5 5 2 9 9 z z z z z z z z z z z z z z z z z z z z",55299zzzzzzzzzzzzzzzzzzzz
"From the numbers 520 and 997, write the bigger number: ","['520', '997']",997,"UTT_BOUNDARY f r o m W t h e W n u m b e r s W 5 2 0 W a n d W 9 9 7 , W w r i t e W t h e W b i g g e r W n u m b e r : UTT_BOUNDARY 9 9 7 9 9 9 9 9 9 9 9 a l a y a l a z z a 2 9 , W","99799999999alayalazza29, "
"From the numbers 221 and 552, write the bigger number: ","['221', '552']",552,"UTT_BOUNDARY f r o m W t h e W n u m b e r s W 2 2 1 W a n d W 5 5 2 , W w r i t e W t h e W b i g g e r W n u m b e r : UTT_BOUNDARY 5 5 2 9 9 z z z z z z z z z z z z z z z z z z z z",55299zzzzzzzzzzzzzzzzzzzz
"Q: Of the numbers 676 and 306, which is bigger? A:","['676', '306']",676,"UTT_BOUNDARY q : W o f W t h e W n u m b e r s W 6 7 6 W a n d W 3 0 6 , W w h i c h W i s W b i g g e r ? W a : UTT_BOUNDARY 6 7 6 g ? W a : UTT_BOUNDARY",676g? a:
"Q: Of the numbers 402 and 670, which is bigger? A:","['402', '670']",670,"UTT_BOUNDARY q : W o f W t h e W n u m b e r s W 4 0 2 W a n d W 6 7 0 , W w h i c h W i s W b i g g e r ? W a : UTT_BOUNDARY 6 7 0 2 a n d 7 9 3 7 6 c ? W a : UTT_BOUNDARY",6702and79376c? a:
"From the numbers 767 and 564, write the bigger number: ","['767', '564']",767,"UTT_BOUNDARY f r o m W t h e W n u m b e r s W 7 6 7 W a n d W 5 6 4 , W w r i t e W t h e W b i g g e r W n u m b e r : UTT_BOUNDARY 7 6 7 s t o r m c h a i r : UTT_BOUNDARY",767stormchair:
"Q: Which number is bigger, 321 or 800? A:","['321', '800']",800,"UTT_BOUNDARY q : W w h i c h W n u m b e r W i s W b i g g e r , W 3 2 1 W o r W 8 0 0 ? W a : UTT_BOUNDARY 8 0 0 ? W a : UTT_BOUNDARY",800? a:
"Q: Which number is bigger, 654 or 144? A:","['654', '144']",654,"UTT_BOUNDARY q : W w h i c h W n u m b e r W i s W b i g g e r , W 6 5 4 W o r W 1 4 4 ? W a : UTT_BOUNDARY 6 5 4 4 6 h z z c z y k y z a k y v w 5 y z "" 1 4","65446hzzczykyzakyvw5yz""14"
"Q: Which number is bigger, 924 or 911? A:","['924', '911']",924,"UTT_BOUNDARY q : W w h i c h W n u m b e r W i s W b i g g e r , W 9 2 4 W o r W 9 1 1 ? W a : UTT_BOUNDARY 9 1 1 9 9 8 9 9 1 ? W 9 : UTT_BOUNDARY",911998991? 9:
"Q: Which number is bigger, 309 or 466? A:","['309', '466']",466,"UTT_BOUNDARY q : W w h i c h W n u m b e r W i s W b i g g e r , W 3 0 9 W o r W 4 6 6 ? W a : UTT_BOUNDARY 4 6 6 e 6 a r c h "" v i l l a g e "" ? W a : UTT_BOUNDARY","466e6arch""village""? a:"
"Q: Of the numbers 741 and 817, which is bigger? A:","['741', '817']",817,"UTT_BOUNDARY q : W o f W t h e W n u m b e r s W 7 4 1 W a n d W 8 1 7 , W w h i c h W i s W b i g g e r ? W a : UTT_BOUNDARY 8 1 7 1 , W w h i c h W o n e W r h y m e s W w i","8171, which one rhymes wi"
"From the numbers 917 and 705, write the bigger number: ","['917', '705']",917,"UTT_BOUNDARY f r o m W t h e W n u m b e r s W 9 1 7 W a n d W 7 0 5 , W w r i t e W t h e W b i g g e r W n u m b e r : UTT_BOUNDARY 9 1 7 9 "" , W w h i c h W w o r d W c o m e s W r","9179"", which word comes r"
"Q: Of the numbers 138 and 300, which is bigger? A:","['138', '300']",300,"UTT_BOUNDARY q : W o f W t h e W n u m b e r s W 1 3 8 W a n d W 3 0 0 , W w h i c h W i s W b i g g e r ? W a : UTT_BOUNDARY 3 0 0 "" ? W a : UTT_BOUNDARY","300""? a:"
"Q: Of the numbers 467 and 552, which is bigger? A:","['467', '552']",552,"UTT_BOUNDARY q : W o f W t h e W n u m b e r s W 4 6 7 W a n d W 5 5 2 , W w h i c h W i s W b i g g e r ? W a : UTT_BOUNDARY 5 5 2 9 9 9 9 9 9 9 9 9 9 9 9 9 9 9 9 9 9 9 9 9 9",5529999999999999999999999
"Q: Which number is bigger, 124 or 940? A:","['124', '940']",940,"UTT_BOUNDARY q : W w h i c h W n u m b e r W i s W b i g g e r , W 1 2 4 W o r W 9 4 0 ? W a : UTT_BOUNDARY 9 4 0 4 a 9 z i a n a 9 0 h a p a n p a a a a a a",9404a9ziana90hapanpaaaaaa
"From the numbers 374 and 540, write the bigger number: ","['374', '540']",540,"UTT_BOUNDARY f r o m W t h e W n u m b e r s W 3 7 4 W a n d W 5 4 0 , W w r i t e W t h e W b i g g e r W n u m b e r : UTT_BOUNDARY 5 4 4 4 2 ? W a : UTT_BOUNDARY",54442? a:
"Q: Of the numbers 709 and 527, which is bigger? A:","['709', '527']",709,"UTT_BOUNDARY q : W o f W t h e W n u m b e r s W 7 0 9 W a n d W 5 2 7 , W w h i c h W i s W b i g g e r ? W a : UTT_BOUNDARY 7 0 9 "" , W w h a t W i s W t h e W l a s t W w o","709"", what is the last wo"
"Q: Which number is bigger, 74 or 948? A:","['74', '948']",948,"UTT_BOUNDARY q : W w h i c h W n u m b e r W i s W b i g g e r , W 7 4 W o r W 9 4 8 ? W a : UTT_BOUNDARY 9 4 8 2 9 h x x x x v i i i i y a i a f i r s c 4",94829hxxxxviiiiyaiafirsc4
"Q: Which number is bigger, 555 or 231? A:","['555', '231']",555,"UTT_BOUNDARY q : W w h i c h W n u m b e r W i s W b i g g e r , W 5 5 5 W o r W 2 3 1 ? W a : UTT_BOUNDARY 5 5 5 5 g g y g y a g u a ? W a : UTT_BOUNDARY",5555ggygyagua? a:
"From the numbers 636 and 826, write the bigger number: ","['636', '826']",826,"UTT_BOUNDARY f r o m W t h e W n u m b e r s W 6 3 6 W a n d W 8 2 6 , W w r i t e W t h e W b i g g e r W n u m b e r : UTT_BOUNDARY 8 2 6 2 9 9 a e : UTT_BOUNDARY",826299ae:
"Q: Of the numbers 355 and 817, which is bigger? A:","['355', '817']",817,"UTT_BOUNDARY q : W o f W t h e W n u m b e r s W 3 5 5 W a n d W 8 1 7 , W w h i c h W i s W b i g g e r ? W a : UTT_BOUNDARY 8 1 7 1 h o o d 1 5 9 2 s t o r m r e h e n s i v",8171hood1592stormrehensiv
"Q: Which number is bigger, 941 or 632? A:","['941', '632']",941,"UTT_BOUNDARY q : W w h i c h W n u m b e r W i s W b i g g e r , W 9 4 1 W o r W 6 3 2 ? W a : UTT_BOUNDARY 9 4 1 2 s e y a r d 9 l f 2 b g r g z 1 4 1 : UTT_BOUNDARY",9412seyard9lf2bgrgz141:
"Q: Of the numbers 403 and 386, which is bigger? A:","['403', '386']",403,"UTT_BOUNDARY q : W o f W t h e W n u m b e r s W 4 0 3 W a n d W 3 8 6 , W w h i c h W i s W b i g g e r ? W a : UTT_BOUNDARY 4 0 3 l a q : UTT_BOUNDARY",403laq:
"Q: Of the numbers 383 and 226, which is bigger? A:","['383', '226']",383,"UTT_BOUNDARY q : W o f W t h e W n u m b e r s W 3 8 3 W a n d W 2 2 6 , W w h i c h W i s W b i g g e r ? W a : UTT_BOUNDARY 3 8 3 n d , W 3 8 3 , W 5 3 8 W a n d W 4 3 8 , W","383nd, 383, 538 and 438, "
"From the numbers 863 and 860, write the bigger number: ","['863', '860']",863,"UTT_BOUNDARY f r o m W t h e W n u m b e r s W 8 6 3 W a n d W 8 6 0 , W w r i t e W t h e W b i g g e r W n u m b e r : UTT_BOUNDARY 8 6 0 9 9 9 9 0 a a 9 z a b e t h a n W t o w n ""","86099990aa9zabethan town"""
"Q: Which number is bigger, 751 or 410? A:","['751', '410']",751,"UTT_BOUNDARY q : W w h i c h W n u m b e r W i s W b i g g e r , W 7 5 1 W o r W 4 1 0 ? W a : UTT_BOUNDARY 7 5 1 1 ? W a : UTT_BOUNDARY",7511? a:
"Q: Which number is bigger, 275 or 435? A:","['275', '435']",435,"UTT_BOUNDARY q : W w h i c h W n u m b e r W i s W b i g g e r , W 2 7 5 W o r W 4 3 5 ? W a : UTT_BOUNDARY 4 3 5 "" ? W a : UTT_BOUNDARY","435""? a:"
"Q: Of the numbers 26 and 783, which is bigger? A:","['26', '783']",783,"UTT_BOUNDARY q : W o f W t h e W n u m b e r s W 2 6 W a n d W 7 8 3 , W w h i c h W i s W b i g g e r ? W a : UTT_BOUNDARY 7 8 3 , W 7 7 3 , W 7 7 3 W a n d W 7 9 3 , W w h","783, 773, 773 and 793, wh"
"Q: Which number is bigger, 766 or 978? A:","['766', '978']",978,"UTT_BOUNDARY q : W w h i c h W n u m b e r W i s W b i g g e r , W 7 6 6 W o r W 9 7 8 ? W a : UTT_BOUNDARY 9 7 8 9 9 z z z z z z z z z z z z z z z z z z z z",97899zzzzzzzzzzzzzzzzzzzz
"Q: Of the numbers 774 and 926, which is bigger? A:","['774', '926']",926,"UTT_BOUNDARY q : W o f W t h e W n u m b e r s W 7 7 4 W a n d W 9 2 6 , W w h i c h W i s W b i g g e r ? W a : UTT_BOUNDARY 9 2 6 9 9 9 9 9 9 9 9 9 9 9 9 9 9 9 9 9 9 9 9 9 9",9269999999999999999999999
"From the numbers 995 and 163, write the bigger number: ","['995', '163']",995,"UTT_BOUNDARY f r o m W t h e W n u m b e r s W 9 9 5 W a n d W 1 6 3 , W w r i t e W t h e W b i g g e r W n u m b e r : UTT_BOUNDARY 9 9 5 9 "" , W w h i c h W w o r d W c o m e s W r","9959"", which word comes r"
"Q: Which number is bigger, 605 or 642? A:","['605', '642']",642,"UTT_BOUNDARY q : W w h i c h W n u m b e r W i s W b i g g e r , W 6 0 5 W o r W 6 4 2 ? W a : UTT_BOUNDARY 6 4 2 6 a ? W a : UTT_BOUNDARY",6426a? a:
"From the numbers 296 and 185, write the bigger number: ","['296', '185']",296,"UTT_BOUNDARY f r o m W t h e W n u m b e r s W 2 9 6 W a n d W 1 8 5 , W w r i t e W t h e W b i g g e r W n u m b e r : UTT_BOUNDARY 2 9 6 9 z z o m b i e : UTT_BOUNDARY",2969zzombie:
"Q: Which number is bigger, 632 or 260? A:","['632', '260']",632,"UTT_BOUNDARY q : W w h i c h W n u m b e r W i s W b i g g e r , W 6 3 2 W o r W 2 6 0 ? W a : UTT_BOUNDARY 6 3 2 l a q : UTT_BOUNDARY",632laq:
"From the numbers 946 and 761, write the bigger number: ","['946', '761']",946,"UTT_BOUNDARY f r o m W t h e W n u m b e r s W 9 4 6 W a n d W 7 6 1 , W w r i t e W t h e W b i g g e r W n u m b e r : UTT_BOUNDARY 9 4 6 9 x 1 9 4 6 9 : UTT_BOUNDARY",9469x19469:
"Q: Of the numbers 328 and 843, which is bigger? A:","['328', '843']",843,"UTT_BOUNDARY q : W o f W t h e W n u m b e r s W 3 2 8 W a n d W 8 4 3 , W w h i c h W i s W b i g g e r ? W a : UTT_BOUNDARY 8 4 3 7 , W 5 3 7 W a i r f o r c e "" f e e d s W","8437, 537 airforce""feeds "
"Q: Which number is bigger, 508 or 249? A:","['508', '249']",508,"UTT_BOUNDARY q : W w h i c h W n u m b e r W i s W b i g g e r , W 5 0 8 W o r W 2 4 9 ? W a : UTT_BOUNDARY 5 0 8 9 0 9 9 z z z z c z y p i g z a m a n z a y",5089099zzzzczypigzamanzay
"Q: Which number is bigger, 642 or 273? A:","['642', '273']",642,"UTT_BOUNDARY q : W w h i c h W n u m b e r W i s W b i g g e r , W 6 4 2 W o r W 2 7 3 ? W a : UTT_BOUNDARY 6 4 2 9 6 9 s e ? W a : UTT_BOUNDARY",642969se? a:
"Q: Of the numbers 260 and 749, which is bigger? A:","['260', '749']",749,"UTT_BOUNDARY q : W o f W t h e W n u m b e r s W 2 6 0 W a n d W 7 4 9 , W w h i c h W i s W b i g g e r ? W a : UTT_BOUNDARY 7 4 9 2 9 h z z z z o n y m o u m h z a 2 9 h t h",74929hzzzzonymoumhza29hth
"Q: Which number is bigger, 573 or 550? A:","['573', '550']",573,"UTT_BOUNDARY q : W w h i c h W n u m b e r W i s W b i g g e r , W 5 7 3 W o r W 5 5 0 ? W a : UTT_BOUNDARY 5 7 3 ? W a : UTT_BOUNDARY",573? a:
"Q: Which number is bigger, 390 or 587? A:","['390', '587']",587,"UTT_BOUNDARY q : W w h i c h W n u m b e r W i s W b i g g e r , W 3 9 0 W o r W 5 8 7 ? W a : UTT_BOUNDARY 5 8 0 0 "" ? W a : UTT_BOUNDARY","5800""? a:"
"From the numbers 678 and 278, write the bigger number: ","['678', '278']",678,"UTT_BOUNDARY f r o m W t h e W n u m b e r s W 6 7 8 W a n d W 2 7 8 , W w r i t e W t h e W b i g g e r W n u m b e r : UTT_BOUNDARY 6 7 8 9 9 7 8 9 9 z z z : UTT_BOUNDARY",678997899zzz:
"Q: Of the numbers 586 and 393, which is bigger? A:","['586', '393']",586,"UTT_BOUNDARY q : W o f W t h e W n u m b e r s W 5 8 6 W a n d W 3 9 3 , W w h i c h W i s W b i g g e r ? W a : UTT_BOUNDARY 5 8 6 2 W a r e a W a r o u n d W t h e W w o r l",5862 area around the worl
"Q: Of the numbers 721 and 829, which is bigger? A:","['721', '829']",829,"UTT_BOUNDARY q : W o f W t h e W n u m b e r s W 7 2 1 W a n d W 8 2 9 , W w h i c h W i s W b i g g e r ? W a : UTT_BOUNDARY 8 2 9 9 9 z z z c z y g o y s y z d a l y z o n g",82999zzzczygoysyzdalyzong
"Q: Which number is bigger, 846 or 520? A:","['846', '520']",846,"UTT_BOUNDARY q : W w h i c h W n u m b e r W i s W b i g g e r , W 8 4 6 W o r W 5 2 0 ? W a : UTT_BOUNDARY 8 4 6 6 a ? W a : UTT_BOUNDARY",8466a? a:
"Q: Of the numbers 284 and 388, which is bigger? A:","['284', '388']",388,"UTT_BOUNDARY q : W o f W t h e W n u m b e r s W 2 8 4 W a n d W 3 8 8 , W w h i c h W i s W b i g g e r ? W a : UTT_BOUNDARY 3 8 8 h o u s e "" ? W a : UTT_BOUNDARY","388house""? a:"
"From the numbers 451 and 21, write the bigger number: ","['451', '21']",451,"UTT_BOUNDARY f r o m W t h e W n u m b e r s W 4 5 1 W a n d W 2 1 , W w r i t e W t h e W b i g g e r W n u m b e r : UTT_BOUNDARY 4 5 1 W a n d W 9 1 1 ? W a : UTT_BOUNDARY",451 and 911? a:
"From the numbers 677 and 477, write the bigger number: ","['677', '477']",677,"UTT_BOUNDARY f r o m W t h e W n u m b e r s W 6 7 7 W a n d W 4 7 7 , W w r i t e W t h e W b i g g e r W n u m b e r : UTT_BOUNDARY 6 7 7 9 9 7 9 9 9 7 9 9 : UTT_BOUNDARY",677997999799:
"Q: Of the numbers 432 and 729, which is bigger? A:","['432', '729']",729,"UTT_BOUNDARY q : W o f W t h e W n u m b e r s W 4 3 2 W a n d W 7 2 9 , W w h i c h W i s W b i g g e r ? W a : UTT_BOUNDARY 7 2 9 9 9 z z z c z y k y a r d W s W b i k e s z",72999zzzczykyard s bikesz
"From the numbers 366 and 277, write the bigger number: ","['366', '277']",366,"UTT_BOUNDARY f r o m W t h e W n u m b e r s W 3 6 6 W a n d W 2 7 7 , W w r i t e W t h e W b i g g e r W n u m b e r : UTT_BOUNDARY 3 6 6 6 a a ? W a : UTT_BOUNDARY",3666aa? a:
"From the numbers 629 and 512, write the bigger number: ","['629', '512']",629,"UTT_BOUNDARY f r o m W t h e W n u m b e r s W 6 2 9 W a n d W 5 1 2 , W w r i t e W t h e W b i g g e r W n u m b e r : UTT_BOUNDARY 6 2 9 u 9 z l e 9 : UTT_BOUNDARY",629u9zle9:
"From the numbers 97 and 393, write the bigger number: ","['97', '393']",393,"UTT_BOUNDARY f r o m W t h e W n u m b e r s W 9 7 W a n d W 3 9 3 , W w r i t e W t h e W b i g g e r W n u m b e r : UTT_BOUNDARY 9 7 3 9 x p r e s s "" , W w h i c h W w o r d W c","9739xpress"", which word c"
"Q: Of the numbers 986 and 619, which is bigger? A:","['986', '619']",986,"UTT_BOUNDARY q : W o f W t h e W n u m b e r s W 9 8 6 W a n d W 6 1 9 , W w h i c h W i s W b i g g e r ? W a : UTT_BOUNDARY 9 8 6 , W w h i c h W i s W b i g g e r ? W a : UTT_BOUNDARY","986, which is bigger? a:"
"Q: Of the numbers 449 and 926, which is bigger? A:","['449', '926']",926,"UTT_BOUNDARY q : W o f W t h e W n u m b e r s W 4 4 9 W a n d W 9 2 6 , W w h i c h W i s W b i g g e r ? W a : UTT_BOUNDARY 9 2 6 9 9 z z z z 9 9 9 9 9 9 9 9 9 9 9 9 9 9 9 9",92699zzzz9999999999999999
"Q: Which number is bigger, 913 or 350? A:","['913', '350']",913,"UTT_BOUNDARY q : W w h i c h W n u m b e r W i s W b i g g e r , W 9 1 3 W o r W 3 5 0 ? W a : UTT_BOUNDARY 9 1 3 9 2 9 9 9 3 9 : UTT_BOUNDARY",9139299939:
"Q: Of the numbers 609 and 293, which is bigger? A:","['609', '293']",609,"UTT_BOUNDARY q : W o f W t h e W n u m b e r s W 6 0 9 W a n d W 2 9 3 , W w h i c h W i s W b i g g e r ? W a : UTT_BOUNDARY 6 0 9 a a u l t , W 3 9 3 ? W a : UTT_BOUNDARY","609aault, 393? a:"
"Q: Which number is bigger, 415 or 253? A:","['415', '253']",415,"UTT_BOUNDARY q : W w h i c h W n u m b e r W i s W b i g g e r , W 4 1 5 W o r W 2 5 3 ? W a : UTT_BOUNDARY 4 1 5 4 a a a ? W a : UTT_BOUNDARY",4154aaa? a:
"From the numbers 486 and 491, write the bigger number: ","['486', '491']",491,"UTT_BOUNDARY f r o m W t h e W n u m b e r s W 4 8 6 W a n d W 4 9 1 , W w r i t e W t h e W b i g g e r W n u m b e r : UTT_BOUNDARY 4 9 1 1 9 z z 1 9 1 9 9 1 9 1 9 9 7 9 9 9 : UTT_BOUNDARY",49119zz19199191997999:
"From the numbers 351 and 599, write the bigger number: ","['351', '599']",599,"UTT_BOUNDARY f r o m W t h e W n u m b e r s W 3 5 1 W a n d W 5 9 9 , W w r i t e W t h e W b i g g e r W n u m b e r : UTT_BOUNDARY 5 9 9 9 z z z z z z z z z z z z z z z z z z z z z",5999zzzzzzzzzzzzzzzzzzzzz
"From the numbers 867 and 755, write the bigger number: ","['867', '755']",867,"UTT_BOUNDARY f r o m W t h e W n u m b e r s W 8 6 7 W a n d W 7 5 5 , W w r i t e W t h e W b i g g e r W n u m b e r : UTT_BOUNDARY 8 6 7 9 9 9 z z 1 9 9 1 9 9 8 9 : UTT_BOUNDARY",867999zz19919989:
"From the numbers 60 and 395, write the bigger number: ","['60', '395']",395,"UTT_BOUNDARY f r o m W t h e W n u m b e r s W 6 0 W a n d W 3 9 5 , W w r i t e W t h e W b i g g e r W n u m b e r : UTT_BOUNDARY 3 9 5 0 g ? W a : UTT_BOUNDARY",3950g? a:
"Q: Which number is bigger, 576 or 569? A:","['576', '569']",576,"UTT_BOUNDARY q : W w h i c h W n u m b e r W i s W b i g g e r , W 5 7 6 W o r W 5 6 9 ? W a : UTT_BOUNDARY 5 6 9 9 6 9 9 z z z c z y k i a n u b e v "" b y z","5699699zzzczykianubev""byz"
"Q: Of the numbers 854 and 342, which is bigger? A:","['854', '342']",854,"UTT_BOUNDARY q : W o f W t h e W n u m b e r s W 8 5 4 W a n d W 3 4 2 , W w h i c h W i s W b i g g e r ? W a : UTT_BOUNDARY 8 5 4 4 5 4 h z 4 2 4 4 4 4 v v 5 v 1 4 4 4 4 4 4",854454hz424444vv5v1444444
"Q: Of the numbers 681 and 432, which is bigger? A:","['681', '432']",681,"UTT_BOUNDARY q : W o f W t h e W n u m b e r s W 6 8 1 W a n d W 4 3 2 , W w h i c h W i s W b i g g e r ? W a : UTT_BOUNDARY 6 8 1 2 a l t h u b b e r g r o u n d 2 4 4 4 W a",6812althubberground2444 a
"From the numbers 940 and 164, write the bigger number: ","['940', '164']",940,"UTT_BOUNDARY f r o m W t h e W n u m b e r s W 9 4 0 W a n d W 1 6 4 , W w r i t e W t h e W b i g g e r W n u m b e r : UTT_BOUNDARY 9 4 0 2 9 l a q : UTT_BOUNDARY",94029laq:
"Q: Which number is bigger, 114 or 83? A:","['114', '83']",114,"UTT_BOUNDARY q : W w h i c h W n u m b e r W i s W b i g g e r , W 1 1 4 W o r W 8 3 ? W a : UTT_BOUNDARY 1 1 4 4 ? W a : UTT_BOUNDARY",1144? a:
"Q: Of the numbers 190 and 939, which is bigger? A:","['190', '939']",939,"UTT_BOUNDARY q : W o f W t h e W n u m b e r s W 1 9 0 W a n d W 9 3 9 , W w h i c h W i s W b i g g e r ? W a : UTT_BOUNDARY 9 3 9 W g r a m 2 o n d s h i r e , W 6 9 9 , W 9","939 gram2ondshire, 699, 9"
"Q: Of the numbers 351 and 948, which is bigger? A:","['351', '948']",948,"UTT_BOUNDARY q : W o f W t h e W n u m b e r s W 3 5 1 W a n d W 9 4 8 , W w h i c h W i s W b i g g e r ? W a : UTT_BOUNDARY 9 4 8 9 a 8 z y r a a z a r a y a n a W y o u t h",9489a8zyraazarayana youth
"From the numbers 74 and 866, write the bigger number: ","['74', '866']",866,"UTT_BOUNDARY f r o m W t h e W n u m b e r s W 7 4 W a n d W 8 6 6 , W w r i t e W t h e W b i g g e r W n u m b e r : UTT_BOUNDARY 8 6 6 u m b u s h e e p : UTT_BOUNDARY",866umbusheep:
"Q: Of the numbers 767 and 564, which is bigger? A:","['767', '564']",767,"UTT_BOUNDARY q : W o f W t h e W n u m b e r s W 7 6 7 W a n d W 5 6 4 , W w h i c h W i s W b i g g e r ? W a : UTT_BOUNDARY 7 6 7 s t o r m y W b r o t h e r s W a n d W s i",767stormy brothers and si
"Q: Which number is bigger, 395 or 119? A:","['395', '119']",395,"UTT_BOUNDARY q : W w h i c h W n u m b e r W i s W b i g g e r , W 3 9 5 W o r W 1 1 9 ? W a : UTT_BOUNDARY 3 9 5 9 z z z z z z z z z z z z z z z z z z z z z",3959zzzzzzzzzzzzzzzzzzzzz
"Q: Which number is bigger, 830 or 419? A:","['830', '419']",830,"UTT_BOUNDARY q : W w h i c h W n u m b e r W i s W b i g g e r , W 8 3 0 W o r W 4 1 9 ? W a : UTT_BOUNDARY 8 3 0 9 2 9 9 z z c z y k i a n W z u c c h i n i",8309299zzczykian zucchini
"Q: Of the numbers 838 and 696, which is bigger? A:","['838', '696']",838,"UTT_BOUNDARY q : W o f W t h e W n u m b e r s W 8 3 8 W a n d W 6 9 6 , W w h i c h W i s W b i g g e r ? W a : UTT_BOUNDARY 8 3 8 "" ? W a : UTT_BOUNDARY","838""? a:"
"Q: Which number is bigger, 308 or 97? A:","['308', '97']",308,"UTT_BOUNDARY q : W w h i c h W n u m b e r W i s W b i g g e r , W 3 0 8 W o r W 9 7 ? W a : UTT_BOUNDARY 3 0 8 i r e d , W 7 3 7 p a r k s u i t e b c : UTT_BOUNDARY","308ired, 737parksuitebc:"
"Q: Which number is bigger, 529 or 813? A:","['529', '813']",813,"UTT_BOUNDARY q : W w h i c h W n u m b e r W i s W b i g g e r , W 5 2 9 W o r W 8 1 3 ? W a : UTT_BOUNDARY 8 1 3 9 z z l e 1 9 z l e r s : UTT_BOUNDARY",8139zzle19zlers:
"Q: Which number is bigger, 736 or 243? A:","['736', '243']",736,"UTT_BOUNDARY q : W w h i c h W n u m b e r W i s W b i g g e r , W 7 3 6 W o r W 2 4 3 ? W a : UTT_BOUNDARY 7 3 6 l a q u y s i l f r i e n d s h i p y o u o",736laquysilfriendshipyouo
"Q: Which number is bigger, 891 or 777? A:","['891', '777']",891,"UTT_BOUNDARY q : W w h i c h W n u m b e r W i s W b i g g e r , W 8 9 1 W o r W 7 7 7 ? W a : UTT_BOUNDARY 8 9 1 1 ? W a : UTT_BOUNDARY",8911? a:
"Q: Of the numbers 679 and 400, which is bigger? A:","['679', '400']",679,"UTT_BOUNDARY q : W o f W t h e W n u m b e r s W 6 7 9 W a n d W 4 0 0 , W w h i c h W i s W b i g g e r ? W a : UTT_BOUNDARY 6 7 9 u x b u r g h o u z o o "" ? W a : UTT_BOUNDARY","679uxburghouzoo""? a:"
"Q: Which number is bigger, 946 or 761? A:","['946', '761']",946,"UTT_BOUNDARY q : W w h i c h W n u m b e r W i s W b i g g e r , W 9 4 6 W o r W 7 6 1 ? W a : UTT_BOUNDARY 9 4 6 6 9 9 z z z c o 3 9 z z z W 9 4 9 4 7 x 4 4",946699zzzco39zzz 94947x44
"From the numbers 116 and 934, write the bigger number: ","['116', '934']",934,"UTT_BOUNDARY f r o m W t h e W n u m b e r s W 1 1 6 W a n d W 9 3 4 , W w r i t e W t h e W b i g g e r W n u m b e r : UTT_BOUNDARY 9 3 4 1 9 z z c z y m y s t e m o b i l e c h n a",93419zzczymystemobilechna
"Q: Which number is bigger, 137 or 442? A:","['137', '442']",442,"UTT_BOUNDARY q : W w h i c h W n u m b e r W i s W b i g g e r , W 1 3 7 W o r W 4 4 2 ? W a : UTT_BOUNDARY 4 4 2 ? W a : UTT_BOUNDARY",442? a:
"Q: Which number is bigger, 249 or 39? A:","['249', '39']",249,"UTT_BOUNDARY q : W w h i c h W n u m b e r W i s W b i g g e r , W 2 4 9 W o r W 3 9 ? W a : UTT_BOUNDARY 2 4 9 9 W o r W 2 9 1 ? W a : UTT_BOUNDARY",2499 or 291? a:
"From the numbers 157 and 134, write the bigger number: ","['157', '134']",157,"UTT_BOUNDARY f r o m W t h e W n u m b e r s W 1 5 7 W a n d W 1 3 4 , W w r i t e W t h e W b i g g e r W n u m b e r : UTT_BOUNDARY 1 5 7 2 o f e l 5 e n 1 e x p l o r e r : UTT_BOUNDARY",1572ofel5en1explorer:
"From the numbers 65 and 601, write the bigger number: ","['65', '601']",601,"UTT_BOUNDARY f r o m W t h e W n u m b e r s W 6 5 W a n d W 6 0 1 , W w r i t e W t h e W b i g g e r W n u m b e r : UTT_BOUNDARY 6 0 1 9 b c 1 9 o o z y g o o d y g o o d y g o o",6019bc19oozygoodygoodygoo
"Q: Of the numbers 448 and 653, which is bigger? A:","['448', '653']",653,"UTT_BOUNDARY q : W o f W t h e W n u m b e r s W 4 4 8 W a n d W 6 5 3 , W w h i c h W i s W b i g g e r ? W a : UTT_BOUNDARY 6 5 3 6 9 a a ? W a : UTT_BOUNDARY",65369aa? a:
"Q: Of the numbers 608 and 524, which is bigger? A:","['608', '524']",608,"UTT_BOUNDARY q : W o f W t h e W n u m b e r s W 6 0 8 W a n d W 5 2 4 , W w h i c h W i s W b i g g e r ? W a : UTT_BOUNDARY 6 0 8 b u s t o r y "" g a s p o u r e d W e a c h","608bustory""gaspoured each"
"Q: Of the numbers 948 and 547, which is bigger? A:","['948', '547']",948,"UTT_BOUNDARY q : W o f W t h e W n u m b e r s W 9 4 8 W a n d W 5 4 7 , W w h i c h W i s W b i g g e r ? W a : UTT_BOUNDARY 9 4 8 9 5 9 "" ? W a : UTT_BOUNDARY","948959""? a:"
"From the numbers 940 and 508, write the bigger number: ","['940', '508']",940,"UTT_BOUNDARY f r o m W t h e W n u m b e r s W 9 4 0 W a n d W 5 0 8 , W w r i t e W t h e W b i g g e r W n u m b e r : UTT_BOUNDARY 9 4 0 "" , W w h i c h W w o r d W c o m e s W r i","940"", which word comes ri"
"Q: Which number is bigger, 206 or 817? A:","['206', '817']",817,"UTT_BOUNDARY q : W w h i c h W n u m b e r W i s W b i g g e r , W 2 0 6 W o r W 8 1 7 ? W a : UTT_BOUNDARY 8 1 7 1 a n d 1 8 : UTT_BOUNDARY",8171and18:
"From the numbers 278 and 585, write the bigger number: ","['278', '585']",585,"UTT_BOUNDARY f r o m W t h e W n u m b e r s W 2 7 8 W a n d W 5 8 5 , W w r i t e W t h e W b i g g e r W n u m b e r : UTT_BOUNDARY 5 8 5 5 9 z z z z z z z z z z z z z z z z z z z z",58559zzzzzzzzzzzzzzzzzzzz
"From the numbers 533 and 486, write the bigger number: ","['533', '486']",533,"UTT_BOUNDARY f r o m W t h e W n u m b e r s W 5 3 3 W a n d W 4 8 6 , W w r i t e W t h e W b i g g e r W n u m b e r : UTT_BOUNDARY 5 3 3 9 z z c z : UTT_BOUNDARY",5339zzcz:
"Q: Which number is bigger, 195 or 72? A:","['195', '72']",195,"UTT_BOUNDARY q : W w h i c h W n u m b e r W i s W b i g g e r , W 1 9 5 W o r W 7 2 ? W a : UTT_BOUNDARY 1 9 5 9 z z z z z 9 z z z z z z z z z z z z z z z",1959zzzzz9zzzzzzzzzzzzzzz
"Q: Which number is bigger, 257 or 606? A:","['257', '606']",606,"UTT_BOUNDARY q : W w h i c h W n u m b e r W i s W b i g g e r , W 2 5 7 W o r W 6 0 6 ? W a : UTT_BOUNDARY 6 0 6 6 6 z z z c z y k y a : UTT_BOUNDARY",60666zzzczykya:
"Q: Of the numbers 260 and 36, which is bigger? A:","['260', '36']",260,"UTT_BOUNDARY q : W o f W t h e W n u m b e r s W 2 6 0 W a n d W 3 6 , W w h i c h W i s W b i g g e r ? W a : UTT_BOUNDARY 3 6 0 2 ? W a : UTT_BOUNDARY",3602? a:
"Q: Which number is bigger, 116 or 570? A:","['116', '570']",570,"UTT_BOUNDARY q : W w h i c h W n u m b e r W i s W b i g g e r , W 1 1 6 W o r W 5 7 0 ? W a : UTT_BOUNDARY 5 7 0 5 6 d z z z z z z z z z z z z z z z z z z z",57056dzzzzzzzzzzzzzzzzzzz
"Q: Of the numbers 457 and 74, which is bigger? A:","['457', '74']",457,"UTT_BOUNDARY q : W o f W t h e W n u m b e r s W 4 5 7 W a n d W 7 4 , W w h i c h W i s W b i g g e r ? W a : UTT_BOUNDARY 4 5 7 W o f W t h e W w o r d W "" t h e r e "" ? W","457 of the word ""there""? "
"From the numbers 597 and 105, write the bigger number: ","['597', '105']",597,"UTT_BOUNDARY f r o m W t h e W n u m b e r s W 5 9 7 W a n d W 1 0 5 , W w r i t e W t h e W b i g g e r W n u m b e r : UTT_BOUNDARY 5 9 7 7 9 9 9 9 9 9 9 9 9 9 9 9 : UTT_BOUNDARY",5977999999999999:
"Q: Which number is bigger, 998 or 763? A:","['998', '763']",998,"UTT_BOUNDARY q : W w h i c h W n u m b e r W i s W b i g g e r , W 9 9 8 W o r W 7 6 3 ? W a : UTT_BOUNDARY 9 9 8 9 9 9 9 9 9 9 9 9 9 9 9 9 9 9 9 9 9 9 9 9 9",9989999999999999999999999
"Q: Of the numbers 571 and 73, which is bigger? A:","['571', '73']",571,"UTT_BOUNDARY q : W o f W t h e W n u m b e r s W 5 7 1 W a n d W 7 3 , W w h i c h W i s W b i g g e r ? W a : UTT_BOUNDARY 5 7 1 9 z z z l e 5 9 4 8 l 9 5 9 z z z c z o o 9",5719zzzle5948l959zzzczoo9
"Q: Of the numbers 451 and 173, which is bigger? A:","['451', '173']",451,"UTT_BOUNDARY q : W o f W t h e W n u m b e r s W 4 5 1 W a n d W 1 7 3 , W w h i c h W i s W b i g g e r ? W a : UTT_BOUNDARY 4 5 1 W 5 z z z 1 2 9 9 z z z z z z z z z z z z z",451 5zzz1299zzzzzzzzzzzzz
"Q: Of the numbers 538 and 370, which is bigger? A:","['538', '370']",538,"UTT_BOUNDARY q : W o f W t h e W n u m b e r s W 5 3 8 W a n d W 3 7 0 , W w h i c h W i s W b i g g e r ? W a : UTT_BOUNDARY 5 3 8 9 , W 5 3 8 W o r W 5 2 8 ? W a : UTT_BOUNDARY","5389, 538 or 528? a:"
"Q: Which number is bigger, 460 or 272? A:","['460', '272']",460,"UTT_BOUNDARY q : W w h i c h W n u m b e r W i s W b i g g e r , W 4 6 0 W o r W 2 7 2 ? W a : UTT_BOUNDARY 4 6 0 s t o r o u s 9 4 z : UTT_BOUNDARY",460storous94z:
"Q: Which number is bigger, 610 or 890? A:","['610', '890']",890,"UTT_BOUNDARY q : W w h i c h W n u m b e r W i s W b i g g e r , W 6 1 0 W o r W 8 9 0 ? W a : UTT_BOUNDARY 8 9 0 9 9 8 9 9 z z "" 9 9 0 9 0 a n d & l t ; b r","89099899zz""99090and&lt;br"
"Q: Of the numbers 450 and 986, which is bigger? A:","['450', '986']",986,"UTT_BOUNDARY q : W o f W t h e W n u m b e r s W 4 5 0 W a n d W 9 8 6 , W w h i c h W i s W b i g g e r ? W a : UTT_BOUNDARY 9 8 6 a a a a h o w a y a a a a a a a a a a a a a",986aaaahowayaaaaaaaaaaaaa
"Q: Which number is bigger, 966 or 846? A:","['966', '846']",966,"UTT_BOUNDARY q : W w h i c h W n u m b e r W i s W b i g g e r , W 9 6 6 W o r W 8 4 6 ? W a : UTT_BOUNDARY 9 6 6 6 9 9 z z z l e 9 9 z o n e 9 9 9 z l a t 9",966699zzzle99zone999zlat9
"From the numbers 129 and 526, write the bigger number: ","['129', '526']",526,"UTT_BOUNDARY f r o m W t h e W n u m b e r s W 1 2 9 W a n d W 5 2 6 , W w r i t e W t h e W b i g g e r W n u m b e r : UTT_BOUNDARY 5 2 6 9 9 9 9 z z z z z z z z z z z z z z z z z z",5269999zzzzzzzzzzzzzzzzzz
"Q: Of the numbers 114 and 83, which is bigger? A:","['114', '83']",114,"UTT_BOUNDARY q : W o f W t h e W n u m b e r s W 1 1 4 W a n d W 8 3 , W w h i c h W i s W b i g g e r ? W a : UTT_BOUNDARY 8 3 4 6 h o f e n , W 8 4 3 , W 8 4 4 W a n d W 8","8346hofen, 843, 844 and 8"
"From the numbers 586 and 701, write the bigger number: ","['586', '701']",701,"UTT_BOUNDARY f r o m W t h e W n u m b e r s W 5 8 6 W a n d W 7 0 1 , W w r i t e W t h e W b i g g e r W n u m b e r : UTT_BOUNDARY 7 0 1 1 a b o o k c a s e "" , W w h i c h W w o r","7011abookcase"", which wor"
"Q: Which number is bigger, 909 or 859? A:","['909', '859']",909,"UTT_BOUNDARY q : W w h i c h W n u m b e r W i s W b i g g e r , W 9 0 9 W o r W 8 5 9 ? W a : UTT_BOUNDARY 9 0 9 "" ? W a : UTT_BOUNDARY","909""? a:"
"From the numbers 697 and 972, write the bigger number: ","['697', '972']",972,"UTT_BOUNDARY f r o m W t h e W n u m b e r s W 6 9 7 W a n d W 9 7 2 , W w r i t e W t h e W b i g g e r W n u m b e r : UTT_BOUNDARY 9 7 2 9 9 9 9 9 : UTT_BOUNDARY",97299999:
"Q: Of the numbers 885 and 558, which is bigger? A:","['885', '558']",885,"UTT_BOUNDARY q : W o f W t h e W n u m b e r s W 8 8 5 W a n d W 5 5 8 , W w h i c h W i s W b i g g e r ? W a : UTT_BOUNDARY 8 8 5 5 9 8 9 z z z z z 5 9 8 5 5 5 W a x i a b l",8855989zzzzz598555 axiabl
"Q: Of the numbers 78 and 38, which is bigger? A:","['78', '38']",78,"UTT_BOUNDARY q : W o f W t h e W n u m b e r s W 7 8 W a n d W 3 8 , W w h i c h W i s W b i g g e r ? W a : UTT_BOUNDARY 7 8 9 9 9 z z z c z o z y m y W n o v e l , W "" t","78999zzzczozymy novel, ""t"
"Q: Of the numbers 913 and 350, which is bigger? A:","['913', '350']",913,"UTT_BOUNDARY q : W o f W t h e W n u m b e r s W 9 1 3 W a n d W 3 5 0 , W w h i c h W i s W b i g g e r ? W a : UTT_BOUNDARY 9 1 3 t h g b t h u s b u r g "" v o u r o b u n d","913thgbthusburg""vourobund"
"Q: Which number is bigger, 748 or 964? A:","['748', '964']",964,"UTT_BOUNDARY q : W w h i c h W n u m b e r W i s W b i g g e r , W 7 4 8 W o r W 9 6 4 ? W a : UTT_BOUNDARY 9 6 4 7 6 9 & l t ; UTT_BOUNDARY",964769&lt;
"From the numbers 587 and 942, write the bigger number: ","['587', '942']",942,"UTT_BOUNDARY f r o m W t h e W n u m b e r s W 5 8 7 W a n d W 9 4 2 , W w r i t e W t h e W b i g g e r W n u m b e r : UTT_BOUNDARY 9 4 2 9 x 4 4 4 & l t ; b r & g t ; 5 9 1 9 z z z",9429x444&lt;br&gt;5919zzz
"From the numbers 957 and 676, write the bigger number: ","['957', '676']",957,"UTT_BOUNDARY f r o m W t h e W n u m b e r s W 9 5 7 W a n d W 6 7 6 , W w r i t e W t h e W b i g g e r W n u m b e r : UTT_BOUNDARY 9 5 7 9 9 9 9 9 9 9 9 9 9 9 9 9 9 9 9 9 9 9 9 9 9",9579999999999999999999999
"Q: Of the numbers 187 and 945, which is bigger? A:","['187', '945']",945,"UTT_BOUNDARY q : W o f W t h e W n u m b e r s W 1 8 7 W a n d W 9 4 5 , W w h i c h W i s W b i g g e r ? W a : UTT_BOUNDARY 9 4 5 9 z z z z z z z z z z z z z z z z z z z z z",9459zzzzzzzzzzzzzzzzzzzzz
"Q: Of the numbers 269 and 827, which is bigger? A:","['269', '827']",827,"UTT_BOUNDARY q : W o f W t h e W n u m b e r s W 2 6 9 W a n d W 8 2 7 , W w h i c h W i s W b i g g e r ? W a : UTT_BOUNDARY 8 2 7 9 9 z z z z z 1 2 9 z z z z z z z z z z z z",82799zzzzz129zzzzzzzzzzzz
"Q: Which number is bigger, 490 or 274? A:","['490', '274']",490,"UTT_BOUNDARY q : W w h i c h W n u m b e r W i s W b i g g e r , W 4 9 0 W o r W 2 7 4 ? W a : UTT_BOUNDARY 4 9 0 0 s r 0 b g g g g t j W a n d W 5 9 0 W g r",4900sr0bggggtj and 590 gr
"From the numbers 749 and 441, write the bigger number: ","['749', '441']",749,"UTT_BOUNDARY f r o m W t h e W n u m b e r s W 7 4 9 W a n d W 4 4 1 , W w r i t e W t h e W b i g g e r W n u m b e r : UTT_BOUNDARY 7 4 9 9 9 z z z c z o o 9 9 : UTT_BOUNDARY",74999zzzczoo99:
"From the numbers 853 and 251, write the bigger number: ","['853', '251']",853,"UTT_BOUNDARY f r o m W t h e W n u m b e r s W 8 5 3 W a n d W 2 5 1 , W w r i t e W t h e W b i g g e r W n u m b e r : UTT_BOUNDARY 8 5 3 2 , W w h i c h W i s W b i g g e r ? W a :","8532, which is bigger? a:"
"From the numbers 848 and 981, write the bigger number: ","['848', '981']",981,"UTT_BOUNDARY f r o m W t h e W n u m b e r s W 8 4 8 W a n d W 9 8 1 , W w r i t e W t h e W b i g g e r W n u m b e r : UTT_BOUNDARY 9 8 1 1 9 s x "" , W w h i c h W w o r d W c o m e","98119sx"", which word come"
"Q: Which number is bigger, 463 or 654? A:","['463', '654']",654,"UTT_BOUNDARY q : W w h i c h W n u m b e r W i s W b i g g e r , W 4 6 3 W o r W 6 5 4 ? W a : UTT_BOUNDARY 6 5 4 4 6 h z "" ? W a : UTT_BOUNDARY","65446hz""? a:"
"Q: Of the numbers 994 and 624, which is bigger? A:","['994', '624']",994,"UTT_BOUNDARY q : W o f W t h e W n u m b e r s W 9 9 4 W a n d W 6 2 4 , W w h i c h W i s W b i g g e r ? W a : UTT_BOUNDARY 9 9 4 1 9 h x x x v i l l a 4 a 4 a 4 W a q : UTT_BOUNDARY",99419hxxxvilla4a4a4 aq:
"Q: Of the numbers 268 and 441, which is bigger? A:","['268', '441']",441,"UTT_BOUNDARY q : W o f W t h e W n u m b e r s W 2 6 8 W a n d W 4 4 1 , W w h i c h W i s W b i g g e r ? W a : UTT_BOUNDARY 4 4 1 1 a d e r s b u r g "" ? W a : UTT_BOUNDARY","4411adersburg""? a:"
"Q: Of the numbers 670 and 982, which is bigger? A:","['670', '982']",982,"UTT_BOUNDARY q : W o f W t h e W n u m b e r s W 6 7 0 W a n d W 9 8 2 , W w h i c h W i s W b i g g e r ? W a : UTT_BOUNDARY 9 8 2 9 9 9 h a n d k a : UTT_BOUNDARY",982999handka:
"Q: Of the numbers 307 and 594, which is bigger? A:","['307', '594']",594,"UTT_BOUNDARY q : W o f W t h e W n u m b e r s W 3 0 7 W a n d W 5 9 4 , W w h i c h W i s W b i g g e r ? W a : UTT_BOUNDARY 5 9 4 4 9 h z z : UTT_BOUNDARY",59449hzz:
"From the numbers 946 and 228, write the bigger number: ","['946', '228']",946,"UTT_BOUNDARY f r o m W t h e W n u m b e r s W 9 4 6 W a n d W 2 2 8 , W w r i t e W t h e W b i g g e r W n u m b e r : UTT_BOUNDARY 9 4 6 9 9 z o n a : UTT_BOUNDARY",94699zona:
"From the numbers 114 and 775, write the bigger number: ","['114', '775']",775,"UTT_BOUNDARY f r o m W t h e W n u m b e r s W 1 1 4 W a n d W 7 7 5 , W w r i t e W t h e W b i g g e r W n u m b e r : UTT_BOUNDARY 7 7 5 5 9 9 z z z 1 9 z l e 1 9 z l e s "" , W w h","775599zzz19zle19zles"", wh"
"Q: Of the numbers 888 and 15, which is bigger? A:","['888', '15']",888,"UTT_BOUNDARY q : W o f W t h e W n u m b e r s W 8 8 8 W a n d W 1 5 , W w h i c h W i s W b i g g e r ? W a : UTT_BOUNDARY 8 8 8 1 1 8 a n d z a p o n g "" ? W a : UTT_BOUNDARY","888118andzapong""? a:"
"From the numbers 651 and 142, write the bigger number: ","['651', '142']",651,"UTT_BOUNDARY f r o m W t h e W n u m b e r s W 6 5 1 W a n d W 1 4 2 , W w r i t e W t h e W b i g g e r W n u m b e r : UTT_BOUNDARY 6 5 1 9 z z z z z z z z z z z z z z z z z z z z z",6519zzzzzzzzzzzzzzzzzzzzz
"Q: Of the numbers 675 and 246, which is bigger? A:","['675', '246']",675,"UTT_BOUNDARY q : W o f W t h e W n u m b e r s W 6 7 5 W a n d W 2 4 6 , W w h i c h W i s W b i g g e r ? W a : UTT_BOUNDARY 6 7 5 t h g b t c c c h a y a r a y a r a W a i r",675thgbtccchayarayara air
"From the numbers 734 and 428, write the bigger number: ","['734', '428']",734,"UTT_BOUNDARY f r o m W t h e W n u m b e r s W 7 3 4 W a n d W 4 2 8 , W w r i t e W t h e W b i g g e r W n u m b e r : UTT_BOUNDARY 7 3 4 a 9 a 9 z a 2 9 9 : UTT_BOUNDARY",734a9a9za299:
"Q: Which number is bigger, 604 or 446? A:","['604', '446']",604,"UTT_BOUNDARY q : W w h i c h W n u m b e r W i s W b i g g e r , W 6 0 4 W o r W 4 4 6 ? W a : UTT_BOUNDARY 6 0 4 6 6 a ? W a : UTT_BOUNDARY",60466a? a:
"Q: Of the numbers 835 and 52, which is bigger? A:","['835', '52']",835,"UTT_BOUNDARY q : W o f W t h e W n u m b e r s W 8 3 5 W a n d W 5 2 , W w h i c h W i s W b i g g e r ? W a : UTT_BOUNDARY 8 3 5 l a n d r v i l l e "" ? W a : UTT_BOUNDARY","835landrville""? a:"
"From the numbers 274 and 565, write the bigger number: ","['274', '565']",565,"UTT_BOUNDARY f r o m W t h e W n u m b e r s W 2 7 4 W a n d W 5 6 5 , W w r i t e W t h e W b i g g e r W n u m b e r : UTT_BOUNDARY 5 6 5 5 f 5 ? W a : UTT_BOUNDARY",5655f5? a:
"Q: Which number is bigger, 143 or 248? A:","['143', '248']",248,"UTT_BOUNDARY q : W w h i c h W n u m b e r W i s W b i g g e r , W 1 4 3 W o r W 2 4 8 ? W a : UTT_BOUNDARY 2 4 3 4 ? W a : UTT_BOUNDARY",2434? a:
"Q: Of the numbers 893 and 793, which is bigger? A:","['893', '793']",893,"UTT_BOUNDARY q : W o f W t h e W n u m b e r s W 8 9 3 W a n d W 7 9 3 , W w h i c h W i s W b i g g e r ? W a : UTT_BOUNDARY 8 9 3 , W w h i c h W i s W s m a l l e r ? W a :","893, which is smaller? a:"
"From the numbers 952 and 257, write the bigger number: ","['952', '257']",952,"UTT_BOUNDARY f r o m W t h e W n u m b e r s W 9 5 2 W a n d W 2 5 7 , W w r i t e W t h e W b i g g e r W n u m b e r : UTT_BOUNDARY 9 5 2 9 x x v i l l e y a r d t v g u : UTT_BOUNDARY",9529xxvilleyardtvgu:
"Q: Which number is bigger, 63 or 378? A:","['63', '378']",378,"UTT_BOUNDARY q : W w h i c h W n u m b e r W i s W b i g g e r , W 6 3 W o r W 3 7 8 ? W a : UTT_BOUNDARY 3 7 8 6 j a n u a r y 2 5 5 a k e r s o n v i l l",3786january255akersonvill
"Q: Of the numbers 143 and 248, which is bigger? A:","['143', '248']",248,"UTT_BOUNDARY q : W o f W t h e W n u m b e r s W 1 4 3 W a n d W 2 4 8 , W w h i c h W i s W b i g g e r ? W a : UTT_BOUNDARY 2 4 3 4 h z z : UTT_BOUNDARY",2434hzz:
"Q: Which number is bigger, 496 or 558? A:","['496', '558']",558,"UTT_BOUNDARY q : W w h i c h W n u m b e r W i s W b i g g e r , W 4 9 6 W o r W 5 5 8 ? W a : UTT_BOUNDARY 5 9 6 9 z z z z z z z z z z z z z z z z z z z z z",5969zzzzzzzzzzzzzzzzzzzzz
"Q: Of the numbers 829 and 138, which is bigger? A:","['829', '138']",829,"UTT_BOUNDARY q : W o f W t h e W n u m b e r s W 8 2 9 W a n d W 1 3 8 , W w h i c h W i s W b i g g e r ? W a : UTT_BOUNDARY 8 2 9 9 9 z "" ? W a : UTT_BOUNDARY","82999z""? a:"
"From the numbers 986 and 464, write the bigger number: ","['986', '464']",986,"UTT_BOUNDARY f r o m W t h e W n u m b e r s W 9 8 6 W a n d W 4 6 4 , W w r i t e W t h e W b i g g e r W n u m b e r : UTT_BOUNDARY 9 8 6 u z z l e "" , W w h i c h W w o r d W c o m","986uzzle"", which word com"
"Q: Which number is bigger, 198 or 894? A:","['198', '894']",894,"UTT_BOUNDARY q : W w h i c h W n u m b e r W i s W b i g g e r , W 1 9 8 W o r W 8 9 4 ? W a : UTT_BOUNDARY 8 9 4 1 9 9 8 9 9 z z z z 1 1 9 4 9 : UTT_BOUNDARY",894199899zzzz11949:
"From the numbers 355 and 817, write the bigger number: ","['355', '817']",817,"UTT_BOUNDARY f r o m W t h e W n u m b e r s W 3 5 5 W a n d W 8 1 7 , W w r i t e W t h e W b i g g e r W n u m b e r : UTT_BOUNDARY 8 1 7 9 1 a l t h y 1 9 9 1 1 : UTT_BOUNDARY",81791althy19911:
"From the numbers 912 and 28, write the bigger number: ","['912', '28']",912,"UTT_BOUNDARY f r o m W t h e W n u m b e r s W 9 1 2 W a n d W 2 8 , W w r i t e W t h e W b i g g e r W n u m b e r : UTT_BOUNDARY 9 1 2 9 9 z o m b i e : UTT_BOUNDARY",91299zombie:
"Q: Which number is bigger, 389 or 611? A:","['389', '611']",611,"UTT_BOUNDARY q : W w h i c h W n u m b e r W i s W b i g g e r , W 3 8 9 W o r W 6 1 1 ? W a : UTT_BOUNDARY 6 1 9 9 8 9 9 9 9 z z z z z z z z z z z z z z z z",619989999zzzzzzzzzzzzzzzz
"From the numbers 571 and 31, write the bigger number: ","['571', '31']",571,"UTT_BOUNDARY f r o m W t h e W n u m b e r s W 5 7 1 W a n d W 3 1 , W w r i t e W t h e W b i g g e r W n u m b e r : UTT_BOUNDARY 5 7 1 1 9 9 9 9 z z c z , W - W 4 1 9 , W z o o m","57119999zzcz, - 419, zoom"
"Q: Which number is bigger, 546 or 350? A:","['546', '350']",546,"UTT_BOUNDARY q : W w h i c h W n u m b e r W i s W b i g g e r , W 5 4 6 W o r W 3 5 0 ? W a : UTT_BOUNDARY 5 4 0 5 6 6 a ? W a : UTT_BOUNDARY",540566a? a:
"From the numbers 703 and 290, write the bigger number: ","['703', '290']",703,"UTT_BOUNDARY f r o m W t h e W n u m b e r s W 7 0 3 W a n d W 2 9 0 , W w r i t e W t h e W b i g g e r W n u m b e r : UTT_BOUNDARY 7 0 3 "" , W w h i c h W 3 0 6 W o r W 3 7 3 ? W a","703"", which 306 or 373? a"
"Q: Of the numbers 260 and 553, which is bigger? A:","['260', '553']",553,"UTT_BOUNDARY q : W o f W t h e W n u m b e r s W 2 6 0 W a n d W 5 5 3 , W w h i c h W i s W b i g g e r ? W a : UTT_BOUNDARY 5 5 3 2 9 a 9 9 h a v a p a t a y a a a a a a a a",55329a99havapatayaaaaaaaa
"From the numbers 411 and 389, write the bigger number: ","['411', '389']",411,"UTT_BOUNDARY f r o m W t h e W n u m b e r s W 4 1 1 W a n d W 3 8 9 , W w r i t e W t h e W b i g g e r W n u m b e r : UTT_BOUNDARY 4 1 1 1 9 9 l e s o m e t h i n g W l i k e W t h",411199lesomething like th
"From the numbers 891 and 359, write the bigger number: ","['891', '359']",891,"UTT_BOUNDARY f r o m W t h e W n u m b e r s W 8 9 1 W a n d W 3 5 9 , W w r i t e W t h e W b i g g e r W n u m b e r : UTT_BOUNDARY 8 9 1 1 9 9 z o n e 9 9 9 z z z : UTT_BOUNDARY",891199zone999zzz:
"Q: Of the numbers 96 and 402, which is bigger? A:","['96', '402']",402,"UTT_BOUNDARY q : W o f W t h e W n u m b e r s W 9 6 W a n d W 4 0 2 , W w h i c h W i s W b i g g e r ? W a : UTT_BOUNDARY 4 0 2 ? W a : UTT_BOUNDARY",402? a:
"Q: Which number is bigger, 867 or 756? A:","['867', '756']",867,"UTT_BOUNDARY q : W w h i c h W n u m b e r W i s W b i g g e r , W 8 6 7 W o r W 7 5 6 ? W a : UTT_BOUNDARY 8 6 7 7 6 9 9 7 9 9 z z z : UTT_BOUNDARY",8677699799zzz:
"Q: Which number is bigger, 464 or 941? A:","['464', '941']",941,"UTT_BOUNDARY q : W w h i c h W n u m b e r W i s W b i g g e r , W 4 6 4 W o r W 9 4 1 ? W a : UTT_BOUNDARY 9 4 1 9 9 1 9 9 z z z 1 1 9 4 1 4 4 4 4 4 4 4 4 4",94199199zzz11941444444444
"Q: Which number is bigger, 607 or 773? A:","['607', '773']",773,"UTT_BOUNDARY q : W w h i c h W n u m b e r W i s W b i g g e r , W 6 0 7 W o r W 7 7 3 ? W a : UTT_BOUNDARY 7 7 3 9 2 9 9 z o n t 9 : UTT_BOUNDARY",7739299zont9:
"Q: Of the numbers 161 and 759, which is bigger? A:","['161', '759']",759,"UTT_BOUNDARY q : W o f W t h e W n u m b e r s W 1 6 1 W a n d W 7 5 9 , W w h i c h W i s W b i g g e r ? W a : UTT_BOUNDARY 7 5 9 9 9 8 a t t t t h e m b e r t o s a s t e m",759998atttthembertosastem
"Q: Of the numbers 595 and 495, which is bigger? A:","['595', '495']",595,"UTT_BOUNDARY q : W o f W t h e W n u m b e r s W 5 9 5 W a n d W 4 9 5 , W w h i c h W i s W b i g g e r ? W a : UTT_BOUNDARY 5 9 5 9 z z z z z z z z z z z z z z z z z z z z z",5959zzzzzzzzzzzzzzzzzzzzz
"Q: Of the numbers 741 and 816, which is bigger? A:","['741', '816']",816,"UTT_BOUNDARY q : W o f W t h e W n u m b e r s W 7 4 1 W a n d W 8 1 6 , W w h i c h W i s W b i g g e r ? W a : UTT_BOUNDARY 8 1 6 w o r d s h i p "" ? W a : UTT_BOUNDARY","816wordship""? a:"
"From the numbers 179 and 643, write the bigger number: ","['179', '643']",643,"UTT_BOUNDARY f r o m W t h e W n u m b e r s W 1 7 9 W a n d W 6 4 3 , W w r i t e W t h e W b i g g e r W n u m b e r : UTT_BOUNDARY 6 4 3 9 z z z c z y m y s t e s e f e l d W a n d",6439zzzczymystesefeld and
"Q: Which number is bigger, 845 or 981? A:","['845', '981']",981,"UTT_BOUNDARY q : W w h i c h W n u m b e r W i s W b i g g e r , W 8 4 5 W o r W 9 8 1 ? W a : UTT_BOUNDARY 9 8 1 5 9 h o o d 1 9 9 : UTT_BOUNDARY",98159hood199:
"Q: Which number is bigger, 678 or 278? A:","['678', '278']",678,"UTT_BOUNDARY q : W w h i c h W n u m b e r W i s W b i g g e r , W 6 7 8 W o r W 2 7 8 ? W a : UTT_BOUNDARY 6 7 8 9 7 7 9 9 8 9 9 z z z z z z z z z z z z z z",67897799899zzzzzzzzzzzzzz
"Q: Of the numbers 137 and 538, which is bigger? A:","['137', '538']",538,"UTT_BOUNDARY q : W o f W t h e W n u m b e r s W 1 3 7 W a n d W 5 3 8 , W w h i c h W i s W b i g g e r ? W a : UTT_BOUNDARY 5 3 8 9 6 a o z a b e t r a n y a t s e f e l d e",53896aozabetranyatsefelde
"Q: Of the numbers 92 and 617, which is bigger? A:","['92', '617']",617,"UTT_BOUNDARY q : W o f W t h e W n u m b e r s W 9 2 W a n d W 6 1 7 , W w h i c h W i s W b i g g e r ? W a : UTT_BOUNDARY 9 2 7 1 9 9 z c z y k y j i m y W y o g u r t y g",927199zczykyjimy yogurtyg
"Q: Which number is bigger, 158 or 292? A:","['158', '292']",292,"UTT_BOUNDARY q : W w h i c h W n u m b e r W i s W b i g g e r , W 1 5 8 W o r W 2 9 2 ? W a : UTT_BOUNDARY 2 9 2 9 ? W a : UTT_BOUNDARY",2929? a:
"Q: Of the numbers 864 and 530, which is bigger? A:","['864', '530']",864,"UTT_BOUNDARY q : W o f W t h e W n u m b e r s W 8 6 4 W a n d W 5 3 0 , W w h i c h W i s W b i g g e r ? W a : UTT_BOUNDARY 8 6 4 d g 7 9 4 7 w a y "" ? W a : UTT_BOUNDARY","864dg7947way""? a:"
"Q: Of the numbers 982 and 26, which is bigger? A:","['982', '26']",982,"UTT_BOUNDARY q : W o f W t h e W n u m b e r s W 9 8 2 W a n d W 2 6 , W w h i c h W i s W b i g g e r ? W a : UTT_BOUNDARY 9 8 2 r d g ? W a : UTT_BOUNDARY",982rdg? a:
"Q: Of the numbers 153 and 406, which is bigger? A:","['153', '406']",406,"UTT_BOUNDARY q : W o f W t h e W n u m b e r s W 1 5 3 W a n d W 4 0 6 , W w h i c h W i s W b i g g e r ? W a : UTT_BOUNDARY 4 0 6 9 z z c z o z z y m y a a s y a r a m a "" s","4069zzczozzymyaasyarama""s"
"Q: Which number is bigger, 212 or 858? A:","['212', '858']",858,"UTT_BOUNDARY q : W w h i c h W n u m b e r W i s W b i g g e r , W 2 1 2 W o r W 8 5 8 ? W a : UTT_BOUNDARY 8 5 8 5 ? W a : UTT_BOUNDARY",8585? a:
"Q: Of the numbers 455 and 45, which is bigger? A:","['455', '45']",455,"UTT_BOUNDARY q : W o f W t h e W n u m b e r s W 4 5 5 W a n d W 4 5 , W w h i c h W i s W b i g g e r ? W a : UTT_BOUNDARY 4 5 5 5 f 5 5 a 5 5 5 5 v 5 v 5 v v v v v e r 5 v",4555f55a5555v5v5vvvvver5v
"Q: Which number is bigger, 773 or 142? A:","['773', '142']",773,"UTT_BOUNDARY q : W w h i c h W n u m b e r W i s W b i g g e r , W 7 7 3 W o r W 1 4 2 ? W a : UTT_BOUNDARY 7 7 3 9 z z a 2 9 9 3 9 W t o W 7 9 3 ? W a : UTT_BOUNDARY",7739zza29939 to 793? a:
"From the numbers 942 and 736, write the bigger number: ","['942', '736']",942,"UTT_BOUNDARY f r o m W t h e W n u m b e r s W 9 4 2 W a n d W 7 3 6 , W w r i t e W t h e W b i g g e r W n u m b e r : UTT_BOUNDARY 9 4 2 9 x 4 4 3 & l t ; 5 9 2 9 z z z z z : UTT_BOUNDARY",9429x443&lt;5929zzzzz:
"Q: Which number is bigger, 480 or 93? A:","['480', '93']",480,"UTT_BOUNDARY q : W w h i c h W n u m b e r W i s W b i g g e r , W 4 8 0 W o r W 9 3 ? W a : UTT_BOUNDARY 4 8 0 ? W a : UTT_BOUNDARY",480? a:
"Q: Which number is bigger, 795 or 75? A:","['795', '75']",795,"UTT_BOUNDARY q : W w h i c h W n u m b e r W i s W b i g g e r , W 7 9 5 W o r W 7 5 ? W a : UTT_BOUNDARY 7 9 5 5 f f ? W a : UTT_BOUNDARY",7955ff? a:
"Q: Which number is bigger, 196 or 694? A:","['196', '694']",694,"UTT_BOUNDARY q : W w h i c h W n u m b e r W i s W b i g g e r , W 1 9 6 W o r W 6 9 4 ? W a : UTT_BOUNDARY 6 9 4 6 9 9 z z z c z y k i a n W i n t e r n a t",694699zzzczykian internat
"From the numbers 953 and 229, write the bigger number: ","['953', '229']",953,"UTT_BOUNDARY f r o m W t h e W n u m b e r s W 9 5 3 W a n d W 2 2 9 , W w r i t e W t h e W b i g g e r W n u m b e r : UTT_BOUNDARY 9 5 3 9 x p l a n a t e d 2 9 9 q u a r t e r s :",9539xplanated299quarters:
"Q: Of the numbers 676 and 514, which is bigger? A:","['676', '514']",676,"UTT_BOUNDARY q : W o f W t h e W n u m b e r s W 6 7 6 W a n d W 5 1 4 , W w h i c h W i s W b i g g e r ? W a : UTT_BOUNDARY 6 7 6 s t o r m y a r d b u r g e r s t a m p ? W",676stormyardburgerstamp? 
"Q: Which number is bigger, 355 or 723? A:","['355', '723']",723,"UTT_BOUNDARY q : W w h i c h W n u m b e r W i s W b i g g e r , W 3 5 5 W o r W 7 2 3 ? W a : UTT_BOUNDARY 7 2 3 a 6 6 a g o ? W a : UTT_BOUNDARY",723a66ago? a:
"Q: Which number is bigger, 188 or 872? A:","['188', '872']",872,"UTT_BOUNDARY q : W w h i c h W n u m b e r W i s W b i g g e r , W 1 8 8 W o r W 8 7 2 ? W a : UTT_BOUNDARY 8 7 2 7 9 9 8 9 z z z z z z z z z z z z z z z z z",87279989zzzzzzzzzzzzzzzzz
"Q: Of the numbers 645 and 521, which is bigger? A:","['645', '521']",645,"UTT_BOUNDARY q : W o f W t h e W n u m b e r s W 6 4 5 W a n d W 5 2 1 , W w h i c h W i s W b i g g e r ? W a : UTT_BOUNDARY 6 4 5 5 g g y a g u a z o o "" ? W a : UTT_BOUNDARY","6455ggyaguazoo""? a:"
"From the numbers 707 and 884, write the bigger number: ","['707', '884']",884,"UTT_BOUNDARY f r o m W t h e W n u m b e r s W 7 0 7 W a n d W 8 8 4 , W w r i t e W t h e W b i g g e r W n u m b e r : UTT_BOUNDARY 8 8 4 1 h i p q g a y a t s g a y a n g a y a n a",8841hipqgayatsgayangayana
"Q: Of the numbers 473 and 152, which is bigger? A:","['473', '152']",473,"UTT_BOUNDARY q : W o f W t h e W n u m b e r s W 4 7 3 W a n d W 1 5 2 , W w h i c h W i s W b i g g e r ? W a : UTT_BOUNDARY 4 7 3 ? W a : UTT_BOUNDARY",473? a:
"Q: Of the numbers 766 and 847, which is bigger? A:","['766', '847']",847,"UTT_BOUNDARY q : W o f W t h e W n u m b e r s W 7 6 6 W a n d W 8 4 7 , W w h i c h W i s W b i g g e r ? W a : UTT_BOUNDARY 8 6 6 2 , W w h i c h W o n e W r h y m e s W w i","8662, which one rhymes wi"
"Q: Of the numbers 702 and 80, which is bigger? A:","['702', '80']",702,"UTT_BOUNDARY q : W o f W t h e W n u m b e r s W 7 0 2 W a n d W 8 0 , W w h i c h W i s W b i g g e r ? W a : UTT_BOUNDARY 8 0 2 "" , W w h i c h W w o r d W c o m e s W r i","802"", which word comes ri"
"From the numbers 25 and 343, write the bigger number: ","['25', '343']",343,"UTT_BOUNDARY f r o m W t h e W n u m b e r s W 2 5 W a n d W 3 4 3 , W w r i t e W t h e W b i g g e r W n u m b e r : UTT_BOUNDARY 3 4 3 3 6 a a a a a a a a a a a a a a a a a a a a",34336aaaaaaaaaaaaaaaaaaaa
"Q: Of the numbers 994 and 361, which is bigger? A:","['994', '361']",994,"UTT_BOUNDARY q : W o f W t h e W n u m b e r s W 9 9 4 W a n d W 3 6 1 , W w h i c h W i s W b i g g e r ? W a : UTT_BOUNDARY 9 9 4 9 4 9 4 9 , W 9 9 8 9 , W w h a t W i s W t","99494949, 9989, what is t"
"Q: Which number is bigger, 343 or 351? A:","['343', '351']",351,"UTT_BOUNDARY q : W w h i c h W n u m b e r W i s W b i g g e r , W 3 4 3 W o r W 3 5 1 ? W a : UTT_BOUNDARY 3 4 3 4 a a 6 x x p l a i n y o u t h e r e a s k",3434aa6xxplainyouthereask
"Q: Which number is bigger, 852 or 58? A:","['852', '58']",852,"UTT_BOUNDARY q : W w h i c h W n u m b e r W i s W b i g g e r , W 8 5 2 W o r W 5 8 ? W a : UTT_BOUNDARY 8 5 2 9 9 z z z z z c z y z w z w z z c z y z z z",85299zzzzzczyzwzwzzczyzzz
"Q: Which number is bigger, 723 or 488? A:","['723', '488']",723,"UTT_BOUNDARY q : W w h i c h W n u m b e r W i s W b i g g e r , W 7 2 3 W o r W 4 8 8 ? W a : UTT_BOUNDARY 7 2 3 9 z z c z o 2 8 9 3 : UTT_BOUNDARY",7239zzczo2893:
"From the numbers 809 and 605, write the bigger number: ","['809', '605']",809,"UTT_BOUNDARY f r o m W t h e W n u m b e r s W 8 0 9 W a n d W 6 0 5 , W w r i t e W t h e W b i g g e r W n u m b e r : UTT_BOUNDARY 8 0 9 : UTT_BOUNDARY",809:
"Q: Which number is bigger, 320 or 52? A:","['320', '52']",320,"UTT_BOUNDARY q : W w h i c h W n u m b e r W i s W b i g g e r , W 3 2 0 W o r W 5 2 ? W a : UTT_BOUNDARY 3 2 0 9 9 z z z c z y n t z y m y a c u s t a n o",32099zzzczyntzymyacustano
"From the numbers 374 and 390, write the bigger number: ","['374', '390']",390,"UTT_BOUNDARY f r o m W t h e W n u m b e r s W 3 7 4 W a n d W 3 9 0 , W w r i t e W t h e W b i g g e r W n u m b e r : UTT_BOUNDARY 3 7 4 0 a a 6 h a , W 3 9 0 k a y , W 3 9 0 0 , W","3740aa6ha, 390kay, 3900, "
"Q: Of the numbers 839 and 879, which is bigger? A:","['839', '879']",879,"UTT_BOUNDARY q : W o f W t h e W n u m b e r s W 8 3 9 W a n d W 8 7 9 , W w h i c h W i s W b i g g e r ? W a : UTT_BOUNDARY 8 7 9 "" W o r W "" s u b w a y "" ? W a : UTT_BOUNDARY","879"" or ""subway""? a:"
"From the numbers 283 and 160, write the bigger number: ","['283', '160']",283,"UTT_BOUNDARY f r o m W t h e W n u m b e r s W 2 8 3 W a n d W 1 6 0 , W w r i t e W t h e W b i g g e r W n u m b e r : UTT_BOUNDARY 2 8 3 0 z i p e r z a n d o z o n a "" , W w h i c","2830ziperzandozona"", whic"
"From the numbers 158 and 816, write the bigger number: ","['158', '816']",816,"UTT_BOUNDARY f r o m W t h e W n u m b e r s W 1 5 8 W a n d W 8 1 6 , W w r i t e W t h e W b i g g e r W n u m b e r : UTT_BOUNDARY 8 1 6 9 9 9 z z l e 9 9 8 9 , W w h i c h W i s W","816999zzle9989, which is "
"Q: Of the numbers 589 and 247, which is bigger? A:","['589', '247']",589,"UTT_BOUNDARY q : W o f W t h e W n u m b e r s W 5 8 9 W a n d W 2 4 7 , W w h i c h W i s W b i g g e r ? W a : UTT_BOUNDARY 5 8 9 9 9 z z z z z z z z z z z z z z z z z z z z",58999zzzzzzzzzzzzzzzzzzzz
"Q: Which number is bigger, 803 or 137? A:","['803', '137']",803,"UTT_BOUNDARY q : W w h i c h W n u m b e r W i s W b i g g e r , W 8 0 3 W o r W 1 3 7 ? W a : UTT_BOUNDARY 8 0 3 7 c 6 9 3 9 & l t ; 5 9 3 9 : UTT_BOUNDARY",8037c6939&lt;5939:
"From the numbers 187 and 945, write the bigger number: ","['187', '945']",945,"UTT_BOUNDARY f r o m W t h e W n u m b e r s W 1 8 7 W a n d W 9 4 5 , W w r i t e W t h e W b i g g e r W n u m b e r : UTT_BOUNDARY 9 4 5 9 z z z z z z z z z z z z z z z z z z z z z",9459zzzzzzzzzzzzzzzzzzzzz
"Q: Which number is bigger, 192 or 827? A:","['192', '827']",827,"UTT_BOUNDARY q : W w h i c h W n u m b e r W i s W b i g g e r , W 1 9 2 W o r W 8 2 7 ? W a : UTT_BOUNDARY 8 2 7 u d e 9 y e z g e r m a n : UTT_BOUNDARY",827ude9yezgerman:
"From the numbers 619 and 150, write the bigger number: ","['619', '150']",619,"UTT_BOUNDARY f r o m W t h e W n u m b e r s W 6 1 9 W a n d W 1 5 0 , W w r i t e W t h e W b i g g e r W n u m b e r : UTT_BOUNDARY 6 1 9 w a r d j u b l y 9 : UTT_BOUNDARY",619wardjubly9:
"Q: Of the numbers 197 and 95, which is bigger? A:","['197', '95']",197,"UTT_BOUNDARY q : W o f W t h e W n u m b e r s W 1 9 7 W a n d W 9 5 , W w h i c h W i s W b i g g e r ? W a : UTT_BOUNDARY 1 9 7 8 z W a n d W 9 9 7 9 "" ? W a : UTT_BOUNDARY","1978z and 9979""? a:"
"Q: Which number is bigger, 360 or 601? A:","['360', '601']",601,"UTT_BOUNDARY q : W w h i c h W n u m b e r W i s W b i g g e r , W 3 6 0 W o r W 6 0 1 ? W a : UTT_BOUNDARY 6 0 1 s t , W 6 0 1 s t W b c t k o o z y g e a y","601st, 601st bctkoozygeay"
"Q: Of the numbers 162 and 737, which is bigger? A:","['162', '737']",737,"UTT_BOUNDARY q : W o f W t h e W n u m b e r s W 1 6 2 W a n d W 7 3 7 , W w h i c h W i s W b i g g e r ? W a : UTT_BOUNDARY 7 3 7 r d g a r d t g b h o r n , W 5 2 8 W o v e","737rdgardtgbhorn, 528 ove"
"Q: Which number is bigger, 949 or 578? A:","['949', '578']",949,"UTT_BOUNDARY q : W w h i c h W n u m b e r W i s W b i g g e r , W 9 4 9 W o r W 5 7 8 ? W a : UTT_BOUNDARY 9 4 9 9 9 z z z z c z y k i a n u b e v z W b y z",94999zzzzczykianubevz byz
"Q: Which number is bigger, 899 or 100? A:","['899', '100']",899,"UTT_BOUNDARY q : W w h i c h W n u m b e r W i s W b i g g e r , W 8 9 9 W o r W 1 0 0 ? W a : UTT_BOUNDARY 8 9 9 s ? W a : UTT_BOUNDARY",899s? a:
"Q: Of the numbers 704 and 893, which is bigger? A:","['704', '893']",893,"UTT_BOUNDARY q : W o f W t h e W n u m b e r s W 7 0 4 W a n d W 8 9 3 , W w h i c h W i s W b i g g e r ? W a : UTT_BOUNDARY 8 9 3 , W 8 9 3 "" , W w h i c h W w o r d W c o m","893, 893"", which word com"
"Q: Of the numbers 124 and 977, which is bigger? A:","['124', '977']",977,"UTT_BOUNDARY q : W o f W t h e W n u m b e r s W 1 2 4 W a n d W 9 7 7 , W w h i c h W i s W b i g g e r ? W a : UTT_BOUNDARY 9 7 7 9 9 z z z z z y a 9 9 z o z o m e t a b l e",97799zzzzzya99zozometable
"Q: Which number is bigger, 928 or 160? A:","['928', '160']",928,"UTT_BOUNDARY q : W w h i c h W n u m b e r W i s W b i g g e r , W 9 2 8 W o r W 1 6 0 ? W a : UTT_BOUNDARY 9 2 8 9 2 0 9 z z z z z z z z z z z z z z z z z z",9289209zzzzzzzzzzzzzzzzzz
"Q: Of the numbers 58 and 451, which is bigger? A:","['58', '451']",451,"UTT_BOUNDARY q : W o f W t h e W n u m b e r s W 5 8 W a n d W 4 5 1 , W w h i c h W i s W b i g g e r ? W a : UTT_BOUNDARY 5 8 1 1 5 l t 5 ? W a : UTT_BOUNDARY",58115lt5? a:
"Q: Which number is bigger, 532 or 756? A:","['532', '756']",756,"UTT_BOUNDARY q : W w h i c h W n u m b e r W i s W b i g g e r , W 5 3 2 W o r W 7 5 6 ? W a : UTT_BOUNDARY 7 5 6 2 9 d ? W a : UTT_BOUNDARY",75629d? a:
"Q: Which number is bigger, 127 or 76? A:","['127', '76']",127,"UTT_BOUNDARY q : W w h i c h W n u m b e r W i s W b i g g e r , W 1 2 7 W o r W 7 6 ? W a : UTT_BOUNDARY 1 2 7 6 b o o k s h e l f "" e x c l u b b e r s :","1276bookshelf""exclubbers:"
"From the numbers 663 and 15, write the bigger number: ","['663', '15']",663,"UTT_BOUNDARY f r o m W t h e W n u m b e r s W 6 6 3 W a n d W 1 5 , W w r i t e W t h e W b i g g e r W n u m b e r : UTT_BOUNDARY 6 6 3 6 l 6 g 6 4 5 x x p l o r e W 6 9 2 , W w h","6636l6g645xxplore 692, wh"
"Q: Of the numbers 876 and 35, which is bigger? A:","['876', '35']",876,"UTT_BOUNDARY q : W o f W t h e W n u m b e r s W 8 7 6 W a n d W 3 5 , W w h i c h W i s W b i g g e r ? W a : UTT_BOUNDARY 8 7 6 6 a 9 9 9 9 a 2 o x p h o n e h o y l a t e",8766a9999a2oxphonehoylate
"Q: Of the numbers 654 and 144, which is bigger? A:","['654', '144']",654,"UTT_BOUNDARY q : W o f W t h e W n u m b e r s W 6 5 4 W a n d W 1 4 4 , W w h i c h W i s W b i g g e r ? W a : UTT_BOUNDARY 6 5 4 4 6 h z z c z y s y l t i n s k y W b e a c",65446hzzczysyltinsky beac
"Q: Which number is bigger, 157 or 694? A:","['157', '694']",694,"UTT_BOUNDARY q : W w h i c h W n u m b e r W i s W b i g g e r , W 1 5 7 W o r W 6 9 4 ? W a : UTT_BOUNDARY 6 9 4 6 9 9 z z z c z y k i a n u W z o n y h t a",694699zzzczykianu zonyhta
"Q: Which number is bigger, 300 or 197? A:","['300', '197']",300,"UTT_BOUNDARY q : W w h i c h W n u m b e r W i s W b i g g e r , W 3 0 0 W o r W 1 9 7 ? W a : UTT_BOUNDARY 3 0 0 ? W a : UTT_BOUNDARY",300? a:
"Q: Which number is bigger, 456 or 811? A:","['456', '811']",811,"UTT_BOUNDARY q : W w h i c h W n u m b e r W i s W b i g g e r , W 4 5 6 W o r W 8 1 1 ? W a : UTT_BOUNDARY 8 1 1 ? W a : UTT_BOUNDARY",811? a:
"Q: Which number is bigger, 209 or 619? A:","['209', '619']",619,"UTT_BOUNDARY q : W w h i c h W n u m b e r W i s W b i g g e r , W 2 0 9 W o r W 6 1 9 ? W a : UTT_BOUNDARY 6 1 9 r e a m a x 9 a n a "" ? W a : UTT_BOUNDARY","619reamax9ana""? a:"
"Q: Which number is bigger, 433 or 56? A:","['433', '56']",433,"UTT_BOUNDARY q : W w h i c h W n u m b e r W i s W b i g g e r , W 4 3 3 W o r W 5 6 ? W a : UTT_BOUNDARY 5 6 3 t h l 6 9 9 c o n v i n c e d W t h e W n o",563thl699convinced the no
"Q: Which number is bigger, 250 or 167? A:","['250', '167']",250,"UTT_BOUNDARY q : W w h i c h W n u m b e r W i s W b i g g e r , W 2 5 0 W o r W 1 6 7 ? W a : UTT_BOUNDARY 2 5 0 ? W a : UTT_BOUNDARY",250? a:
"From the numbers 893 and 793, write the bigger number: ","['893', '793']",893,"UTT_BOUNDARY f r o m W t h e W n u m b e r s W 8 9 3 W a n d W 7 9 3 , W w r i t e W t h e W b i g g e r W n u m b e r : UTT_BOUNDARY 8 9 3 9 "" , W w h i c h W w o r d W c o m e s W r","8939"", which word comes r"
"Q: Which number is bigger, 265 or 65? A:","['265', '65']",265,"UTT_BOUNDARY q : W w h i c h W n u m b e r W i s W b i g g e r , W 2 6 5 W o r W 6 5 ? W a : UTT_BOUNDARY 2 6 5 5 ? W a : UTT_BOUNDARY",2655? a:
"From the numbers 712 and 234, write the bigger number: ","['712', '234']",712,"UTT_BOUNDARY f r o m W t h e W n u m b e r s W 7 1 2 W a n d W 2 3 4 , W w r i t e W t h e W b i g g e r W n u m b e r : UTT_BOUNDARY 7 1 2 t h g 5 1 a t y t h a : UTT_BOUNDARY",712thg51atytha:
"Q: Of the numbers 538 and 732, which is bigger? A:","['538', '732']",732,"UTT_BOUNDARY q : W o f W t h e W n u m b e r s W 5 3 8 W a n d W 7 3 2 , W w h i c h W i s W b i g g e r ? W a : UTT_BOUNDARY 7 3 2 , W 5 3 2 , W 5 3 2 W a n d W 5 2 2 ? W a :","732, 532, 532 and 522? a:"
"Q: Of the numbers 636 and 826, which is bigger? A:","['636', '826']",826,"UTT_BOUNDARY q : W o f W t h e W n u m b e r s W 6 3 6 W a n d W 8 2 6 , W w h i c h W i s W b i g g e r ? W a : UTT_BOUNDARY 8 2 6 6 a a a a a a a a a a a a a a a a a a a a a",8266aaaaaaaaaaaaaaaaaaaaa
"Q: Of the numbers 461 and 41, which is bigger? A:","['461', '41']",461,"UTT_BOUNDARY q : W o f W t h e W n u m b e r s W 4 6 1 W a n d W 4 1 , W w h i c h W i s W b i g g e r ? W a : UTT_BOUNDARY 4 6 1 9 a d e q u a t e l y t h e l a t e x p l a",4619adequatelythelatexpla
"Q: Of the numbers 804 and 101, which is bigger? A:","['804', '101']",804,"UTT_BOUNDARY q : W o f W t h e W n u m b e r s W 8 0 4 W a n d W 1 0 1 , W w h i c h W i s W b i g g e r ? W a : UTT_BOUNDARY 8 0 4 1 b c ? W a : UTT_BOUNDARY",8041bc? a:
"Q: Of the numbers 66 and 547, which is bigger? A:","['66', '547']",547,"UTT_BOUNDARY q : W o f W t h e W n u m b e r s W 6 6 W a n d W 5 4 7 , W w h i c h W i s W b i g g e r ? W a : UTT_BOUNDARY 6 6 7 6 g ? W a : UTT_BOUNDARY",6676g? a:
"From the numbers 634 and 336, write the bigger number: ","['634', '336']",634,"UTT_BOUNDARY f r o m W t h e W n u m b e r s W 6 3 4 W a n d W 3 3 6 , W w r i t e W t h e W b i g g e r W n u m b e r : UTT_BOUNDARY 6 3 4 6 l 6 g h x f x x x x x v i l l a r s i e n",6346l6ghxfxxxxxvillarsien
"Q: Which number is bigger, 102 or 980? A:","['102', '980']",980,"UTT_BOUNDARY q : W w h i c h W n u m b e r W i s W b i g g e r , W 1 0 2 W o r W 9 8 0 ? W a : UTT_BOUNDARY 9 8 0 s r & l a h o o d 2 : UTT_BOUNDARY",980sr&lahood2:
"Q: Which number is bigger, 951 or 505? A:","['951', '505']",951,"UTT_BOUNDARY q : W w h i c h W n u m b e r W i s W b i g g e r , W 9 5 1 W o r W 5 0 5 ? W a : UTT_BOUNDARY 9 5 1 9 z z c z y k y n k s s n o w s z k y z k a",9519zzczykynkssnowszkyzka
"Q: Of the numbers 45 and 166, which is bigger? A:","['45', '166']",166,"UTT_BOUNDARY q : W o f W t h e W n u m b e r s W 4 5 W a n d W 1 6 6 , W w h i c h W i s W b i g g e r ? W a : UTT_BOUNDARY 1 6 6 6 c a r p u s c a t o r y "" m m y "" ? W a :","1666carpuscatory""mmy""? a:"
"From the numbers 737 and 788, write the bigger number: ","['737', '788']",788,"UTT_BOUNDARY f r o m W t h e W n u m b e r s W 7 3 7 W a n d W 7 8 8 , W w r i t e W t h e W b i g g e r W n u m b e r : UTT_BOUNDARY 7 8 8 , W 7 9 8 m w a v e W b y W j o h n a t e n","788, 798mwave by johnaten"
"Q: Of the numbers 940 and 508, which is bigger? A:","['940', '508']",940,"UTT_BOUNDARY q : W o f W t h e W n u m b e r s W 9 4 0 W a n d W 5 0 8 , W w h i c h W i s W b i g g e r ? W a : UTT_BOUNDARY 9 4 0 9 9 4 9 z z z c z o 2 w 9 & l 9 4 9 2 9 a 9",9409949zzzczo2w9&l94929a9
"From the numbers 374 and 859, write the bigger number: ","['374', '859']",859,"UTT_BOUNDARY f r o m W t h e W n u m b e r s W 3 7 4 W a n d W 8 5 9 , W w r i t e W t h e W b i g g e r W n u m b e r : UTT_BOUNDARY 8 5 v 1 z o o i a 9 z a 8 9 z o n a : UTT_BOUNDARY",85v1zooia9za89zona:
"Q: Which number is bigger, 891 or 359? A:","['891', '359']",891,"UTT_BOUNDARY q : W w h i c h W n u m b e r W i s W b i g g e r , W 8 9 1 W o r W 3 5 9 ? W a : UTT_BOUNDARY 8 9 1 1 9 9 z z z 1 9 9 1 1 9 9 9 9 9 9 9 9 9 9 9",891199zzz1991199999999999
"From the numbers 40 and 318, write the bigger number: ","['40', '318']",318,"UTT_BOUNDARY f r o m W t h e W n u m b e r s W 4 0 W a n d W 3 1 8 , W w r i t e W t h e W b i g g e r W n u m b e r : UTT_BOUNDARY 4 0 8 , W 4 0 8 W o f W t h e W w o r d W "" s i z","408, 408 of the word ""siz"
"From the numbers 480 and 93, write the bigger number: ","['480', '93']",480,"UTT_BOUNDARY f r o m W t h e W n u m b e r s W 4 8 0 W a n d W 9 3 , W w r i t e W t h e W b i g g e r W n u m b e r : UTT_BOUNDARY 4 8 0 , W 2 0 9 "" , W w h i c h W w o r d W c o m","480, 209"", which word com"
"Q: Which number is bigger, 957 or 676? A:","['957', '676']",957,"UTT_BOUNDARY q : W w h i c h W n u m b e r W i s W b i g g e r , W 9 5 7 W o r W 6 7 6 ? W a : UTT_BOUNDARY 9 5 7 u s t r a t e d 2 9 ? W a : UTT_BOUNDARY",957ustrated29? a:
"From the numbers 274 and 288, write the bigger number: ","['274', '288']",288,"UTT_BOUNDARY f r o m W t h e W n u m b e r s W 2 7 4 W a n d W 2 8 8 , W w r i t e W t h e W b i g g e r W n u m b e r : UTT_BOUNDARY 2 8 4 8 9 2 9 9 z z z z z z z z z z z z z z z z z",28489299zzzzzzzzzzzzzzzzz
"From the numbers 552 and 775, write the bigger number: ","['552', '775']",775,"UTT_BOUNDARY f r o m W t h e W n u m b e r s W 5 5 2 W a n d W 7 7 5 , W w r i t e W t h e W b i g g e r W n u m b e r : UTT_BOUNDARY 7 7 5 5 7 h ? W a : UTT_BOUNDARY",77557h? a:
"Q: Of the numbers 919 and 437, which is bigger? A:","['919', '437']",919,"UTT_BOUNDARY q : W o f W t h e W n u m b e r s W 9 1 9 W a n d W 4 3 7 , W w h i c h W i s W b i g g e r ? W a : UTT_BOUNDARY 9 1 9 1 9 9 n a m e : UTT_BOUNDARY",919199name:
"From the numbers 886 and 554, write the bigger number: ","['886', '554']",886,"UTT_BOUNDARY f r o m W t h e W n u m b e r s W 8 8 6 W a n d W 5 5 4 , W w r i t e W t h e W b i g g e r W n u m b e r : UTT_BOUNDARY 8 8 6 7 9 9 9 9 9 9 9 9 9 9 9 9 9 9 9 9 9 9 9 9 9",8867999999999999999999999
"Q: Of the numbers 650 and 442, which is bigger? A:","['650', '442']",650,"UTT_BOUNDARY q : W o f W t h e W n u m b e r s W 6 5 0 W a n d W 4 4 2 , W w h i c h W i s W b i g g e r ? W a : UTT_BOUNDARY 6 5 0 5 6 b u f t h 5 5 9 q u a r r y W 5 4 2 W r",65056bufth559quarry 542 r
"Q: Of the numbers 830 and 719, which is bigger? A:","['830', '719']",830,"UTT_BOUNDARY q : W o f W t h e W n u m b e r s W 8 3 0 W a n d W 7 1 9 , W w h i c h W i s W b i g g e r ? W a : UTT_BOUNDARY 8 3 0 "" , W w h i c h W w o r d W c o m e s W f i","830"", which word comes fi"
"Q: Which number is bigger, 942 or 230? A:","['942', '230']",942,"UTT_BOUNDARY q : W w h i c h W n u m b e r W i s W b i g g e r , W 9 4 2 W o r W 2 3 0 ? W a : UTT_BOUNDARY 9 4 2 9 a 9 z i 9 9 2 9 z z z z z z z z z z z z z",9429a9zi9929zzzzzzzzzzzzz
"Q: Of the numbers 526 and 694, which is bigger? A:","['526', '694']",694,"UTT_BOUNDARY q : W o f W t h e W n u m b e r s W 5 2 6 W a n d W 6 9 4 , W w h i c h W i s W b i g g e r ? W a : UTT_BOUNDARY 6 9 4 6 9 a a a a a a a a a a a a a a a a a a a a",69469aaaaaaaaaaaaaaaaaaaa
"Q: Which number is bigger, 115 or 98? A:","['115', '98']",115,"UTT_BOUNDARY q : W w h i c h W n u m b e r W i s W b i g g e r , W 1 1 5 W o r W 9 8 ? W a : UTT_BOUNDARY 1 1 5 9 ? W a : UTT_BOUNDARY",1159? a:
"Q: Which number is bigger, 27 or 885? A:","['27', '885']",885,"UTT_BOUNDARY q : W w h i c h W n u m b e r W i s W b i g g e r , W 2 7 W o r W 8 8 5 ? W a : UTT_BOUNDARY 8 8 5 5 h ? W a : UTT_BOUNDARY",8855h? a:
"Q: Which number is bigger, 90 or 166? A:","['90', '166']",166,"UTT_BOUNDARY q : W w h i c h W n u m b e r W i s W b i g g e r , W 9 0 W o r W 1 6 6 ? W a : UTT_BOUNDARY 1 6 6 6 s t 2 0 l i g h t ? W a : UTT_BOUNDARY",1666st20light? a:
"Q: Of the numbers 772 and 549, which is bigger? A:","['772', '549']",772,"UTT_BOUNDARY q : W o f W t h e W n u m b e r s W 7 7 2 W a n d W 5 4 9 , W w h i c h W i s W b i g g e r ? W a : UTT_BOUNDARY 7 7 2 9 9 9 9 9 9 9 9 9 9 9 9 9 9 9 9 9 9 9 9 9 9",7729999999999999999999999
"Q: Which number is bigger, 647 or 178? A:","['647', '178']",647,"UTT_BOUNDARY q : W w h i c h W n u m b e r W i s W b i g g e r , W 6 4 7 W o r W 1 7 8 ? W a : UTT_BOUNDARY 6 4 7 7 9 9 8 9 9 z z z z z z z z z z z z z z z z",647799899zzzzzzzzzzzzzzzz
"Q: Which number is bigger, 293 or 906? A:","['293', '906']",906,"UTT_BOUNDARY q : W w h i c h W n u m b e r W i s W b i g g e r , W 2 9 3 W o r W 9 0 6 ? W a : UTT_BOUNDARY 9 0 6 ? W a : UTT_BOUNDARY",906? a:
"Q: Which number is bigger, 452 or 974? A:","['452', '974']",974,"UTT_BOUNDARY q : W w h i c h W n u m b e r W i s W b i g g e r , W 4 5 2 W o r W 9 7 4 ? W a : UTT_BOUNDARY 9 7 4 4 4 4 4 h x ? W a : UTT_BOUNDARY",9744444hx? a:
"Q: Of the numbers 116 and 920, which is bigger? A:","['116', '920']",920,"UTT_BOUNDARY q : W o f W t h e W n u m b e r s W 1 1 6 W a n d W 9 2 0 , W w h i c h W i s W b i g g e r ? W a : UTT_BOUNDARY 9 2 0 9 w a n d e r s : UTT_BOUNDARY",9209wanders:
"Q: Of the numbers 228 and 100, which is bigger? A:","['228', '100']",228,"UTT_BOUNDARY q : W o f W t h e W n u m b e r s W 2 2 8 W a n d W 1 0 0 , W w h i c h W i s W b i g g e r ? W a : UTT_BOUNDARY 2 0 0 0 "" ? W a : UTT_BOUNDARY","2000""? a:"
"Q: Which number is bigger, 462 or 438? A:","['462', '438']",462,"UTT_BOUNDARY q : W w h i c h W n u m b e r W i s W b i g g e r , W 4 6 2 W o r W 4 3 8 ? W a : UTT_BOUNDARY 4 3 8 6 a ? W a : UTT_BOUNDARY",4386a? a:
"Q: Which number is bigger, 49 or 871? A:","['49', '871']",871,"UTT_BOUNDARY q : W w h i c h W n u m b e r W i s W b i g g e r , W 4 9 W o r W 8 7 1 ? W a : UTT_BOUNDARY 8 7 1 1 ? W a : UTT_BOUNDARY",8711? a:
"Q: Which number is bigger, 149 or 114? A:","['149', '114']",149,"UTT_BOUNDARY q : W w h i c h W n u m b e r W i s W b i g g e r , W 1 4 9 W o r W 1 1 4 ? W a : UTT_BOUNDARY 1 4 9 z "" ? W a : UTT_BOUNDARY","149z""? a:"
"From the numbers 386 and 221, write the bigger number: ","['386', '221']",386,"UTT_BOUNDARY f r o m W t h e W n u m b e r s W 3 8 6 W a n d W 2 2 1 , W w r i t e W t h e W b i g g e r W n u m b e r : UTT_BOUNDARY 3 8 6 2 a 9 W a 3 9 4 9 , W w h i c h W i s W s m","3862a9 a3949, which is sm"
"Q: Which number is bigger, 251 or 178? A:","['251', '178']",251,"UTT_BOUNDARY q : W w h i c h W n u m b e r W i s W b i g g e r , W 2 5 1 W o r W 1 7 8 ? W a : UTT_BOUNDARY 2 5 1 1 ? W a : UTT_BOUNDARY",2511? a:
"From the numbers 503 and 343, write the bigger number: ","['503', '343']",503,"UTT_BOUNDARY f r o m W t h e W n u m b e r s W 5 0 3 W a n d W 3 4 3 , W w r i t e W t h e W b i g g e r W n u m b e r : UTT_BOUNDARY 5 0 3 2 0 b r o s b a : UTT_BOUNDARY",50320brosba:
"From the numbers 385 and 292, write the bigger number: ","['385', '292']",385,"UTT_BOUNDARY f r o m W t h e W n u m b e r s W 3 8 5 W a n d W 2 9 2 , W w r i t e W t h e W b i g g e r W n u m b e r : UTT_BOUNDARY 3 8 5 n d x 1 8 9 , W w h i c h W i s W b i g g e","385ndx189, which is bigge"
"Q: Which number is bigger, 118 or 596? A:","['118', '596']",596,"UTT_BOUNDARY q : W w h i c h W n u m b e r W i s W b i g g e r , W 1 1 8 W o r W 5 9 6 ? W a : UTT_BOUNDARY 5 9 6 9 z z z z 9 9 5 9 5 9 x x v i i i W o 9 8 6",5969zzzz995959xxviii o986
"From the numbers 167 and 325, write the bigger number: ","['167', '325']",325,"UTT_BOUNDARY f r o m W t h e W n u m b e r s W 1 6 7 W a n d W 3 2 5 , W w r i t e W t h e W b i g g e r W n u m b e r : UTT_BOUNDARY 3 2 5 9 9 z z z z z z z z z z z z z z z z z z z z",32599zzzzzzzzzzzzzzzzzzzz
"From the numbers 63 and 378, write the bigger number: ","['63', '378']",378,"UTT_BOUNDARY f r o m W t h e W n u m b e r s W 6 3 W a n d W 3 7 8 , W w r i t e W t h e W b i g g e r W n u m b e r : UTT_BOUNDARY 3 7 8 9 a a a n t z a m a n d a s "" : UTT_BOUNDARY","3789aaantzamandas"":"
"From the numbers 403 and 386, write the bigger number: ","['403', '386']",403,"UTT_BOUNDARY f r o m W t h e W n u m b e r s W 4 0 3 W a n d W 3 8 6 , W w r i t e W t h e W b i g g e r W n u m b e r : UTT_BOUNDARY 4 0 3 2 4 v o o r d e v r t h r e e f o l d e a t",40324voordevrthreefoldeat
"From the numbers 389 and 983, write the bigger number: ","['389', '983']",983,"UTT_BOUNDARY f r o m W t h e W n u m b e r s W 3 8 9 W a n d W 9 8 3 , W w r i t e W t h e W b i g g e r W n u m b e r : UTT_BOUNDARY 9 8 3 9 : UTT_BOUNDARY",9839:
"Q: Of the numbers 506 and 855, which is bigger? A:","['506', '855']",855,"UTT_BOUNDARY q : W o f W t h e W n u m b e r s W 5 0 6 W a n d W 8 5 5 , W w h i c h W i s W b i g g e r ? W a : UTT_BOUNDARY 8 5 5 0 5 z z z z z z 5 9 0 0 9 0 9 9 9 z o n e z",85505zzzzzz590090999zonez
"Q: Of the numbers 687 and 499, which is bigger? A:","['687', '499']",687,"UTT_BOUNDARY q : W o f W t h e W n u m b e r s W 6 8 7 W a n d W 4 9 9 , W w h i c h W i s W b i g g e r ? W a : UTT_BOUNDARY 6 8 7 6 , W w h i c h W w o r d W c o m e s W r i","6876, which word comes ri"
"From the numbers 96 and 354, write the bigger number: ","['96', '354']",354,"UTT_BOUNDARY f r o m W t h e W n u m b e r s W 9 6 W a n d W 3 5 4 , W w r i t e W t h e W b i g g e r W n u m b e r : UTT_BOUNDARY 3 5 4 z z z z z z z z z z z z z z z z z z z z z z",354zzzzzzzzzzzzzzzzzzzzzz
"Q: Which number is bigger, 27 or 404? A:","['27', '404']",404,"UTT_BOUNDARY q : W w h i c h W n u m b e r W i s W b i g g e r , W 2 7 W o r W 4 0 4 ? W a : UTT_BOUNDARY 4 0 4 z z c z z z z z z z z z z z z z z z z z z z",404zzczzzzzzzzzzzzzzzzzzz
"Q: Of the numbers 947 and 997, which is bigger? A:","['947', '997']",997,"UTT_BOUNDARY q : W o f W t h e W n u m b e r s W 9 4 7 W a n d W 9 9 7 , W w h i c h W i s W b i g g e r ? W a : UTT_BOUNDARY 9 9 7 9 9 9 9 9 9 9 9 9 9 9 9 9 9 9 9 9 9 9 9 9 9",9979999999999999999999999
"From the numbers 690 and 461, write the bigger number: ","['690', '461']",690,"UTT_BOUNDARY f r o m W t h e W n u m b e r s W 6 9 0 W a n d W 4 6 1 , W w r i t e W t h e W b i g g e r W n u m b e r : UTT_BOUNDARY 6 9 0 9 9 9 9 9 9 9 9 9 9 9 9 a a 9 n a q u i : UTT_BOUNDARY",690999999999999aa9naqui:
"From the numbers 450 and 986, write the bigger number: ","['450', '986']",986,"UTT_BOUNDARY f r o m W t h e W n u m b e r s W 4 5 0 W a n d W 9 8 6 , W w r i t e W t h e W b i g g e r W n u m b e r : UTT_BOUNDARY 9 8 6 "" , W w h i c h W w o r d W c o m e s W r i","986"", which word comes ri"
"From the numbers 64 and 905, write the bigger number: ","['64', '905']",905,"UTT_BOUNDARY f r o m W t h e W n u m b e r s W 6 4 W a n d W 9 0 5 , W w r i t e W t h e W b i g g e r W n u m b e r : UTT_BOUNDARY 9 0 5 "" , W w h i c h W w o r d W c o m e s W r i","905"", which word comes ri"
"From the numbers 769 and 639, write the bigger number: ","['769', '639']",769,"UTT_BOUNDARY f r o m W t h e W n u m b e r s W 7 6 9 W a n d W 6 3 9 , W w r i t e W t h e W b i g g e r W n u m b e r : UTT_BOUNDARY 7 6 9 a 9 9 9 a 9 a c a y a c a s t a c a a a a W",769a999a9acayacastacaaaa 
"From the numbers 749 and 43, write the bigger number: ","['749', '43']",749,"UTT_BOUNDARY f r o m W t h e W n u m b e r s W 7 4 9 W a n d W 4 3 , W w r i t e W t h e W b i g g e r W n u m b e r : UTT_BOUNDARY 7 4 9 9 9 9 9 9 9 9 9 9 9 9 9 9 9 9 9 9 9 9 9 9 9",7499999999999999999999999
"Q: Which number is bigger, 526 or 694? A:","['526', '694']",694,"UTT_BOUNDARY q : W w h i c h W n u m b e r W i s W b i g g e r , W 5 2 6 W o r W 6 9 4 ? W a : UTT_BOUNDARY 6 9 4 6 9 a q u e x : UTT_BOUNDARY",69469aquex:
"From the numbers 102 and 980, write the bigger number: ","['102', '980']",980,"UTT_BOUNDARY f r o m W t h e W n u m b e r s W 1 0 2 W a n d W 9 8 0 , W w r i t e W t h e W b i g g e r W n u m b e r : UTT_BOUNDARY 9 8 0 1 a b b c z e c i n i : UTT_BOUNDARY",9801abbczecini:
"Q: Which number is bigger, 383 or 226? A:","['383', '226']",383,"UTT_BOUNDARY q : W w h i c h W n u m b e r W i s W b i g g e r , W 3 8 3 W o r W 2 2 6 ? W a : UTT_BOUNDARY 3 8 3 n d W s t r e e t "" ? W a : UTT_BOUNDARY","383nd street""? a:"
"Q: Of the numbers 591 and 642, which is bigger? A:","['591', '642']",642,"UTT_BOUNDARY q : W o f W t h e W n u m b e r s W 5 9 1 W a n d W 6 4 2 , W w h i c h W i s W b i g g e r ? W a : UTT_BOUNDARY 6 4 2 9 a h a w a y a r a z o n a ? W a : UTT_BOUNDARY",6429ahawayarazona? a:
"From the numbers 948 and 547, write the bigger number: ","['948', '547']",948,"UTT_BOUNDARY f r o m W t h e W n u m b e r s W 9 4 8 W a n d W 5 4 7 , W w r i t e W t h e W b i g g e r W n u m b e r : UTT_BOUNDARY 9 4 8 9 9 z o n e 9 9 8 9 9 9 9 9 9 9 9 9 9 9 9 9",94899zone9989999999999999
"From the numbers 77 and 935, write the bigger number: ","['77', '935']",935,"UTT_BOUNDARY f r o m W t h e W n u m b e r s W 7 7 W a n d W 9 3 5 , W w r i t e W t h e W b i g g e r W n u m b e r : UTT_BOUNDARY 9 3 5 9 z z z z z z z z z z z z z z z z z z z z z",9359zzzzzzzzzzzzzzzzzzzzz
"Q: Of the numbers 458 and 148, which is bigger? A:","['458', '148']",458,"UTT_BOUNDARY q : W o f W t h e W n u m b e r s W 4 5 8 W a n d W 1 4 8 , W w h i c h W i s W b i g g e r ? W a : UTT_BOUNDARY 4 5 8 ? W a : UTT_BOUNDARY",458? a:
"Q: Which number is bigger, 219 or 483? A:","['219', '483']",483,"UTT_BOUNDARY q : W w h i c h W n u m b e r W i s W b i g g e r , W 2 1 9 W o r W 4 8 3 ? W a : UTT_BOUNDARY 4 8 3 9 z z z z z z z z z z z z z z z z z z z z z",4839zzzzzzzzzzzzzzzzzzzzz
"Q: Which number is bigger, 781 or 153? A:","['781', '153']",781,"UTT_BOUNDARY q : W w h i c h W n u m b e r W i s W b i g g e r , W 7 8 1 W o r W 1 5 3 ? W a : UTT_BOUNDARY 7 8 1 1 g o t t e n W t h e W s t o r m "" ? W a :","7811gotten the storm""? a:"
"From the numbers 900 and 834, write the bigger number: ","['900', '834']",900,"UTT_BOUNDARY f r o m W t h e W n u m b e r s W 9 0 0 W a n d W 8 3 4 , W w r i t e W t h e W b i g g e r W n u m b e r : UTT_BOUNDARY 9 0 0 "" , W w h i c h W w o r d W c o m e s W f i","900"", which word comes fi"
"Q: Which number is bigger, 444 or 916? A:","['444', '916']",916,"UTT_BOUNDARY q : W w h i c h W n u m b e r W i s W b i g g e r , W 4 4 4 W o r W 9 1 6 ? W a : UTT_BOUNDARY 9 1 6 ? W a : UTT_BOUNDARY",916? a:
"From the numbers 926 and 292, write the bigger number: ","['926', '292']",926,"UTT_BOUNDARY f r o m W t h e W n u m b e r s W 9 2 6 W a n d W 2 9 2 , W w r i t e W t h e W b i g g e r W n u m b e r : UTT_BOUNDARY 9 2 6 9 z o n a : UTT_BOUNDARY",9269zona:
"Q: Of the numbers 320 and 111, which is bigger? A:","['320', '111']",320,"UTT_BOUNDARY q : W o f W t h e W n u m b e r s W 3 2 0 W a n d W 1 1 1 , W w h i c h W i s W b i g g e r ? W a : UTT_BOUNDARY 3 2 0 l 9 2 0 b a h a v e a v a , W 3 2 e 9 2 e ,","320l920bahaveava, 32e92e,"
"Q: Which number is bigger, 620 or 291? A:","['620', '291']",620,"UTT_BOUNDARY q : W w h i c h W n u m b e r W i s W b i g g e r , W 6 2 0 W o r W 2 9 1 ? W a : UTT_BOUNDARY 6 2 0 a d a r s h a s g a i a n g a c h a c h i a",620adarshasgaiangachachia
"Q: Which number is bigger, 74 or 439? A:","['74', '439']",439,"UTT_BOUNDARY q : W w h i c h W n u m b e r W i s W b i g g e r , W 7 4 W o r W 4 3 9 ? W a : UTT_BOUNDARY 4 3 9 , W w h i c h W i s W b i g g e r ? W a : UTT_BOUNDARY","439, which is bigger? a:"
"From the numbers 581 and 629, write the bigger number: ","['581', '629']",629,"UTT_BOUNDARY f r o m W t h e W n u m b e r s W 5 8 1 W a n d W 6 2 9 , W w r i t e W t h e W b i g g e r W n u m b e r : UTT_BOUNDARY 6 2 9 u 9 z l e 9 : UTT_BOUNDARY",629u9zle9:
"Q: Which number is bigger, 875 or 311? A:","['875', '311']",875,"UTT_BOUNDARY q : W w h i c h W n u m b e r W i s W b i g g e r , W 8 7 5 W o r W 3 1 1 ? W a : UTT_BOUNDARY 8 7 5 5 a a a a a 9 a r a a a h W a a a a a a a a",8755aaaaa9araaah aaaaaaaa
"Q: Of the numbers 304 and 878, which is bigger? A:","['304', '878']",878,"UTT_BOUNDARY q : W o f W t h e W n u m b e r s W 3 0 4 W a n d W 8 7 8 , W w h i c h W i s W b i g g e r ? W a : UTT_BOUNDARY 8 7 8 9 h o u s e w i f e "" ? W a : UTT_BOUNDARY","8789housewife""? a:"
"From the numbers 496 and 558, write the bigger number: ","['496', '558']",558,"UTT_BOUNDARY f r o m W t h e W n u m b e r s W 4 9 6 W a n d W 5 5 8 , W w r i t e W t h e W b i g g e r W n u m b e r : UTT_BOUNDARY 5 9 6 9 z o o m x x x x v i l l a x a t W 3 9 4 W",5969zoomxxxxvillaxat 394 
"Q: Of the numbers 281 and 102, which is bigger? A:","['281', '102']",281,"UTT_BOUNDARY q : W o f W t h e W n u m b e r s W 2 8 1 W a n d W 1 0 2 , W w h i c h W i s W b i g g e r ? W a : UTT_BOUNDARY 2 8 1 1 ? W a : UTT_BOUNDARY",2811? a:
"From the numbers 661 and 378, write the bigger number: ","['661', '378']",661,"UTT_BOUNDARY f r o m W t h e W n u m b e r s W 6 6 1 W a n d W 3 7 8 , W w r i t e W t h e W b i g g e r W n u m b e r : UTT_BOUNDARY 6 6 1 6 9 a o x p l a i n : UTT_BOUNDARY",66169aoxplain:
"Q: Which number is bigger, 707 or 937? A:","['707', '937']",937,"UTT_BOUNDARY q : W w h i c h W n u m b e r W i s W b i g g e r , W 7 0 7 W o r W 9 3 7 ? W a : UTT_BOUNDARY 9 3 7 9 4 9 ? W a : UTT_BOUNDARY",937949? a:
"From the numbers 852 and 713, write the bigger number: ","['852', '713']",852,"UTT_BOUNDARY f r o m W t h e W n u m b e r s W 8 5 2 W a n d W 7 1 3 , W w r i t e W t h e W b i g g e r W n u m b e r : UTT_BOUNDARY 8 5 2 9 9 z z z : UTT_BOUNDARY",85299zzz:
"Q: Which number is bigger, 152 or 917? A:","['152', '917']",917,"UTT_BOUNDARY q : W w h i c h W n u m b e r W i s W b i g g e r , W 1 5 2 W o r W 9 1 7 ? W a : UTT_BOUNDARY 9 1 7 9 9 z z c z y k y a : UTT_BOUNDARY",91799zzczykya:
"Q: Which number is bigger, 530 or 921? A:","['530', '921']",921,"UTT_BOUNDARY q : W w h i c h W n u m b e r W i s W b i g g e r , W 5 3 0 W o r W 9 2 1 ? W a : UTT_BOUNDARY 9 2 1 9 s u b b e r g k 5 o b k y t o s e s e y v",9219subbergk5obkytoseseyv
"Q: Of the numbers 177 and 820, which is bigger? A:","['177', '820']",820,"UTT_BOUNDARY q : W o f W t h e W n u m b e r s W 1 7 7 W a n d W 8 2 0 , W w h i c h W i s W b i g g e r ? W a : UTT_BOUNDARY 8 2 0 9 "" ? W a : UTT_BOUNDARY","8209""? a:"
"Q: Which number is bigger, 622 or 583? A:","['622', '583']",622,"UTT_BOUNDARY q : W w h i c h W n u m b e r W i s W b i g g e r , W 6 2 2 W o r W 5 8 3 ? W a : UTT_BOUNDARY 6 2 2 9 9 e 7 b o o k s t o r e x p l o r i n t o",62299e7bookstorexplorinto
"From the numbers 324 and 214, write the bigger number: ","['324', '214']",324,"UTT_BOUNDARY f r o m W t h e W n u m b e r s W 3 2 4 W a n d W 2 1 4 , W w r i t e W t h e W b i g g e r W n u m b e r : UTT_BOUNDARY 3 1 4 4 , W 3 1 4 W a n d W 1 4 4 , W w h i c h W","3144, 314 and 144, which "
"Q: Which number is bigger, 697 or 972? A:","['697', '972']",972,"UTT_BOUNDARY q : W w h i c h W n u m b e r W i s W b i g g e r , W 6 9 7 W o r W 9 7 2 ? W a : UTT_BOUNDARY 9 7 2 9 9 8 9 9 9 8 9 9 9 9 9 9 9 9 9 9 9 9 9 9 9",9729989998999999999999999
"Q: Which number is bigger, 532 or 147? A:","['532', '147']",532,"UTT_BOUNDARY q : W w h i c h W n u m b e r W i s W b i g g e r , W 5 3 2 W o r W 1 4 7 ? W a : UTT_BOUNDARY 5 3 2 c o u n t r y h o u s e "" ? W a : UTT_BOUNDARY","532countryhouse""? a:"
"Q: Of the numbers 359 and 254, which is bigger? A:","['359', '254']",359,"UTT_BOUNDARY q : W o f W t h e W n u m b e r s W 3 5 9 W a n d W 2 5 4 , W w h i c h W i s W b i g g e r ? W a : UTT_BOUNDARY 3 5 9 W a n d W 3 9 1 , W w h i c h W i s W s m a","359 and 391, which is sma"
"Q: Of the numbers 805 and 935, which is bigger? A:","['805', '935']",935,"UTT_BOUNDARY q : W o f W t h e W n u m b e r s W 8 0 5 W a n d W 9 3 5 , W w h i c h W i s W b i g g e r ? W a : UTT_BOUNDARY 9 3 5 "" , W w h i c h W w o r d W c o m e s W f i","935"", which word comes fi"
"Q: Which number is bigger, 829 or 369? A:","['829', '369']",829,"UTT_BOUNDARY q : W w h i c h W n u m b e r W i s W b i g g e r , W 8 2 9 W o r W 3 6 9 ? W a : UTT_BOUNDARY 8 2 9 9 9 z z z z z z z z z z z z z z z z z z z z",82999zzzzzzzzzzzzzzzzzzzz
"Q: Which number is bigger, 883 or 493? A:","['883', '493']",883,"UTT_BOUNDARY q : W w h i c h W n u m b e r W i s W b i g g e r , W 8 8 3 W o r W 4 9 3 ? W a : UTT_BOUNDARY 8 8 3 3 9 9 9 9 8 6 9 & l a 3 9 2 9 : UTT_BOUNDARY",88339999869&la3929:
"Q: Of the numbers 973 and 619, which is bigger? A:","['973', '619']",973,"UTT_BOUNDARY q : W o f W t h e W n u m b e r s W 9 7 3 W a n d W 6 1 9 , W w h i c h W i s W b i g g e r ? W a : UTT_BOUNDARY 9 7 3 t o n W v o t e b r a n d t k a r W v o l k",973ton votebrandtkar volk
"Q: Which number is bigger, 946 or 228? A:","['946', '228']",946,"UTT_BOUNDARY q : W w h i c h W n u m b e r W i s W b i g g e r , W 9 4 6 W o r W 2 2 8 ? W a : UTT_BOUNDARY 9 4 6 9 9 9 9 9 9 9 9 9 9 9 9 9 9 9 9 9 9 9 9 9 9",9469999999999999999999999
"Q: Which number is bigger, 830 or 874? A:","['830', '874']",874,"UTT_BOUNDARY q : W w h i c h W n u m b e r W i s W b i g g e r , W 8 3 0 W o r W 8 7 4 ? W a : UTT_BOUNDARY 8 7 4 4 1 h x , W 8 9 4 1 5 9 z , W 7 4 4 , W a v","87441hx, 894159z, 744, av"
"Q: Of the numbers 887 and 897, which is bigger? A:","['887', '897']",897,"UTT_BOUNDARY q : W o f W t h e W n u m b e r s W 8 8 7 W a n d W 8 9 7 , W w h i c h W i s W b i g g e r ? W a : UTT_BOUNDARY 8 9 7 7 9 9 8 9 9 9 9 9 9 9 9 9 9 9 9 9 9 9 9 9 9",8977998999999999999999999
"From the numbers 596 and 553, write the bigger number: ","['596', '553']",596,"UTT_BOUNDARY f r o m W t h e W n u m b e r s W 5 9 6 W a n d W 5 5 3 , W w r i t e W t h e W b i g g e r W n u m b e r : UTT_BOUNDARY 5 9 6 6 9 z o n e 9 9 9 9 9 9 9 9 9 9 9 9 9 9 9 9",59669zone9999999999999999
"From the numbers 285 and 997, write the bigger number: ","['285', '997']",997,"UTT_BOUNDARY f r o m W t h e W n u m b e r s W 2 8 5 W a n d W 9 9 7 , W w r i t e W t h e W b i g g e r W n u m b e r : UTT_BOUNDARY 9 9 7 9 9 9 9 9 9 9 9 9 9 9 9 9 9 9 9 9 9 9 9 9 9",9979999999999999999999999
"Q: Of the numbers 992 and 635, which is bigger? A:","['992', '635']",992,"UTT_BOUNDARY q : W o f W t h e W n u m b e r s W 9 9 2 W a n d W 6 3 5 , W w h i c h W i s W b i g g e r ? W a : UTT_BOUNDARY 9 9 2 a a a a y a a a a a a a a a a a a a a a a a",992aaaayaaaaaaaaaaaaaaaaa
"From the numbers 314 and 367, write the bigger number: ","['314', '367']",367,"UTT_BOUNDARY f r o m W t h e W n u m b e r s W 3 1 4 W a n d W 3 6 7 , W w r i t e W t h e W b i g g e r W n u m b e r : UTT_BOUNDARY 3 6 7 9 a a 9 z a 2 o o z o t e q u i : UTT_BOUNDARY",3679aa9za2oozotequi:
"From the numbers 276 and 702, write the bigger number: ","['276', '702']",702,"UTT_BOUNDARY f r o m W t h e W n u m b e r s W 2 7 6 W a n d W 7 0 2 , W w r i t e W t h e W b i g g e r W n u m b e r : UTT_BOUNDARY 7 0 2 u W u n d e r W t h e W a n n u a l W z o o",702u under the annual zoo
"Q: Of the numbers 746 and 673, which is bigger? A:","['746', '673']",746,"UTT_BOUNDARY q : W o f W t h e W n u m b e r s W 7 4 6 W a n d W 6 7 3 , W w h i c h W i s W b i g g e r ? W a : UTT_BOUNDARY 7 4 6 2 , W 7 4 6 , W o r W 7 6 4 ? W a : UTT_BOUNDARY","7462, 746, or 764? a:"
"Q: Of the numbers 645 and 564, which is bigger? A:","['645', '564']",645,"UTT_BOUNDARY q : W o f W t h e W n u m b e r s W 6 4 5 W a n d W 5 6 4 , W w h i c h W i s W b i g g e r ? W a : UTT_BOUNDARY 6 4 5 4 a a a a a a a a a a a a a a a a a a a a a",6454aaaaaaaaaaaaaaaaaaaaa
"From the numbers 880 and 33, write the bigger number: ","['880', '33']",880,"UTT_BOUNDARY f r o m W t h e W n u m b e r s W 8 8 0 W a n d W 3 3 , W w r i t e W t h e W b i g g e r W n u m b e r : UTT_BOUNDARY 8 8 0 9 9 z o n e 9 0 a u x "" , W w h i c h W w o","88099zone90aux"", which wo"
"Q: Which number is bigger, 738 or 34? A:","['738', '34']",738,"UTT_BOUNDARY q : W w h i c h W n u m b e r W i s W b i g g e r , W 7 3 8 W o r W 3 4 ? W a : UTT_BOUNDARY 7 3 8 ? W a : UTT_BOUNDARY",738? a:
"From the numbers 427 and 866, write the bigger number: ","['427', '866']",866,"UTT_BOUNDARY f r o m W t h e W n u m b e r s W 4 2 7 W a n d W 8 6 6 , W w r i t e W t h e W b i g g e r W n u m b e r : UTT_BOUNDARY 8 6 6 2 , W w h i c h W i s W s m a l l e r ? W a","8662, which is smaller? a"
"Q: Of the numbers 363 and 400, which is bigger? A:","['363', '400']",400,"UTT_BOUNDARY q : W o f W t h e W n u m b e r s W 3 6 3 W a n d W 4 0 0 , W w h i c h W i s W b i g g e r ? W a : UTT_BOUNDARY 4 0 0 ? W a : UTT_BOUNDARY",400? a:
"From the numbers 215 and 986, write the bigger number: ","['215', '986']",986,"UTT_BOUNDARY f r o m W t h e W n u m b e r s W 2 1 5 W a n d W 9 8 6 , W w r i t e W t h e W b i g g e r W n u m b e r : UTT_BOUNDARY 9 8 6 9 9 9 9 9 9 9 9 a a n 9 9 : UTT_BOUNDARY",98699999999aan99:
"Q: Of the numbers 88 and 475, which is bigger? A:","['88', '475']",475,"UTT_BOUNDARY q : W o f W t h e W n u m b e r s W 8 8 W a n d W 4 7 5 , W w h i c h W i s W b i g g e r ? W a : UTT_BOUNDARY 8 8 8 "" ? W a : UTT_BOUNDARY","888""? a:"
"Q: Of the numbers 659 and 573, which is bigger? A:","['659', '573']",659,"UTT_BOUNDARY q : W o f W t h e W n u m b e r s W 6 5 9 W a n d W 5 7 3 , W w h i c h W i s W b i g g e r ? W a : UTT_BOUNDARY 6 5 9 z z z c z y k i a n u b e v "" r y s e y e v","659zzzczykianubev""ryseyev"
"From the numbers 458 and 536, write the bigger number: ","['458', '536']",536,"UTT_BOUNDARY f r o m W t h e W n u m b e r s W 4 5 8 W a n d W 5 3 6 , W w r i t e W t h e W b i g g e r W n u m b e r : UTT_BOUNDARY 5 3 6 9 z z z c z y b i a n u s z y y o u k n o w",5369zzzczybianuszyyouknow
"Q: Of the numbers 760 and 515, which is bigger? A:","['760', '515']",760,"UTT_BOUNDARY q : W o f W t h e W n u m b e r s W 7 6 0 W a n d W 5 1 5 , W w h i c h W i s W b i g g e r ? W a : UTT_BOUNDARY 7 6 0 5 6 b c ? W a : UTT_BOUNDARY",76056bc? a:
"Q: Which number is bigger, 569 or 981? A:","['569', '981']",981,"UTT_BOUNDARY q : W w h i c h W n u m b e r W i s W b i g g e r , W 5 6 9 W o r W 9 8 1 ? W a : UTT_BOUNDARY 9 8 1 9 9 9 9 9 9 9 9 9 9 9 9 9 9 9 9 9 9 9 9 9 9",9819999999999999999999999
"From the numbers 494 and 977, write the bigger number: ","['494', '977']",977,"UTT_BOUNDARY f r o m W t h e W n u m b e r s W 4 9 4 W a n d W 9 7 7 , W w r i t e W t h e W b i g g e r W n u m b e r : UTT_BOUNDARY 9 7 7 9 9 9 9 9 9 9 9 9 9 9 9 9 9 9 9 9 9 9 9 9 9",9779999999999999999999999
"Q: Which number is bigger, 763 or 794? A:","['763', '794']",794,"UTT_BOUNDARY q : W w h i c h W n u m b e r W i s W b i g g e r , W 7 6 3 W o r W 7 9 4 ? W a : UTT_BOUNDARY 7 9 4 3 9 9 z z z a 1 9 4 9 : UTT_BOUNDARY",794399zzza1949:
"Q: Of the numbers 234 and 111, which is bigger? A:","['234', '111']",234,"UTT_BOUNDARY q : W o f W t h e W n u m b e r s W 2 3 4 W a n d W 1 1 1 , W w h i c h W i s W b i g g e r ? W a : UTT_BOUNDARY 2 3 4 4 6 g a a z e t t e , W 3 4 4 , W a : UTT_BOUNDARY","23446gaazette, 344, a:"
"Q: Which number is bigger, 260 or 553? A:","['260', '553']",553,"UTT_BOUNDARY q : W w h i c h W n u m b e r W i s W b i g g e r , W 2 6 0 W o r W 5 5 3 ? W a : UTT_BOUNDARY 5 5 3 2 9 9 z z z c o n t z z z l a y t o f f e n",553299zzzcontzzzlaytoffen
"From the numbers 571 and 984, write the bigger number: ","['571', '984']",984,"UTT_BOUNDARY f r o m W t h e W n u m b e r s W 5 7 1 W a n d W 9 8 4 , W w r i t e W t h e W b i g g e r W n u m b e r : UTT_BOUNDARY 9 8 4 1 , W w h i c h W o n e W r h y m e s W w i","9841, which one rhymes wi"
"From the numbers 608 and 547, write the bigger number: ","['608', '547']",608,"UTT_BOUNDARY f r o m W t h e W n u m b e r s W 6 0 8 W a n d W 5 4 7 , W w r i t e W t h e W b i g g e r W n u m b e r : UTT_BOUNDARY 6 0 8 6 b c e l l u b b e r s : UTT_BOUNDARY",6086bcellubbers:
"Q: Which number is bigger, 464 or 277? A:","['464', '277']",464,"UTT_BOUNDARY q : W w h i c h W n u m b e r W i s W b i g g e r , W 4 6 4 W o r W 2 7 7 ? W a : UTT_BOUNDARY 4 6 4 9 9 z z z z z z z z z z z z z z z z z z z z",46499zzzzzzzzzzzzzzzzzzzz
"Q: Of the numbers 946 and 228, which is bigger? A:","['946', '228']",946,"UTT_BOUNDARY q : W o f W t h e W n u m b e r s W 9 4 6 W a n d W 2 2 8 , W w h i c h W i s W b i g g e r ? W a : UTT_BOUNDARY 9 4 6 9 9 9 9 9 9 9 9 9 9 9 9 9 9 9 9 9 9 9 9 9 9",9469999999999999999999999
"From the numbers 167 and 402, write the bigger number: ","['167', '402']",402,"UTT_BOUNDARY f r o m W t h e W n u m b e r s W 1 6 7 W a n d W 4 0 2 , W w r i t e W t h e W b i g g e r W n u m b e r : UTT_BOUNDARY 4 0 2 ? W a : UTT_BOUNDARY",402? a:
"Q: Which number is bigger, 36 or 221? A:","['36', '221']",221,"UTT_BOUNDARY q : W w h i c h W n u m b e r W i s W b i g g e r , W 3 6 W o r W 2 2 1 ? W a : UTT_BOUNDARY 2 2 1 2 9 2 x x p l o d e n t t h r o u g h o u t",221292xxplodentthroughout
"Q: Of the numbers 921 and 128, which is bigger? A:","['921', '128']",921,"UTT_BOUNDARY q : W o f W t h e W n u m b e r s W 9 2 1 W a n d W 1 2 8 , W w h i c h W i s W b i g g e r ? W a : UTT_BOUNDARY 9 2 1 1 9 z z z c z y g y y y y y y y y y y y y y",92119zzzczygyyyyyyyyyyyyy
"Q: Which number is bigger, 461 or 41? A:","['461', '41']",461,"UTT_BOUNDARY q : W w h i c h W n u m b e r W i s W b i g g e r , W 4 6 1 W o r W 4 1 ? W a : UTT_BOUNDARY 4 6 1 ? W a : UTT_BOUNDARY",461? a:
"From the numbers 262 and 336, write the bigger number: ","['262', '336']",336,"UTT_BOUNDARY f r o m W t h e W n u m b e r s W 2 6 2 W a n d W 3 3 6 , W w r i t e W t h e W b i g g e r W n u m b e r : UTT_BOUNDARY 3 3 6 2 9 a e n a i r e c t a l o g y t y a r d y",33629aenairectalogytyardy
"Q: Which number is bigger, 455 or 45? A:","['455', '45']",455,"UTT_BOUNDARY q : W w h i c h W n u m b e r W i s W b i g g e r , W 4 5 5 W o r W 4 5 ? W a : UTT_BOUNDARY 4 5 5 5 f u r r y 4 e p e r m u r a l a y a l a s",4555furry4epermuralayalas
"Q: Which number is bigger, 267 or 900? A:","['267', '900']",900,"UTT_BOUNDARY q : W w h i c h W n u m b e r W i s W b i g g e r , W 2 6 7 W o r W 9 0 0 ? W a : UTT_BOUNDARY 9 0 0 "" ? W a : UTT_BOUNDARY","900""? a:"
"Q: Which number is bigger, 405 or 569? A:","['405', '569']",569,"UTT_BOUNDARY q : W w h i c h W n u m b e r W i s W b i g g e r , W 4 0 5 W o r W 5 6 9 ? W a : UTT_BOUNDARY 5 6 9 5 9 a ? W a : UTT_BOUNDARY",56959a? a:
"Q: Which number is bigger, 490 or 150? A:","['490', '150']",490,"UTT_BOUNDARY q : W w h i c h W n u m b e r W i s W b i g g e r , W 4 9 0 W o r W 1 5 0 ? W a : UTT_BOUNDARY 4 9 0 0 s r ? W a : UTT_BOUNDARY",4900sr? a:
"From the numbers 692 and 547, write the bigger number: ","['692', '547']",692,"UTT_BOUNDARY f r o m W t h e W n u m b e r s W 6 9 2 W a n d W 5 4 7 , W w r i t e W t h e W b i g g e r W n u m b e r : UTT_BOUNDARY 6 9 2 9 u f f u 9 e l u v e l y a r d q u a s l 9",6929uffu9eluvelyardquasl9
"From the numbers 645 and 521, write the bigger number: ","['645', '521']",645,"UTT_BOUNDARY f r o m W t h e W n u m b e r s W 6 4 5 W a n d W 5 2 1 , W w r i t e W t h e W b i g g e r W n u m b e r : UTT_BOUNDARY 6 4 5 9 z z z z z z z z z z z z z z z z z z z z z",6459zzzzzzzzzzzzzzzzzzzzz
"From the numbers 315 and 701, write the bigger number: ","['315', '701']",701,"UTT_BOUNDARY f r o m W t h e W n u m b e r s W 3 1 5 W a n d W 7 0 1 , W w r i t e W t h e W b i g g e r W n u m b e r : UTT_BOUNDARY 7 0 1 1 r e p t a u p r e c o r d e r : UTT_BOUNDARY",7011reptauprecorder:
"Q: Which number is bigger, 614 or 134? A:","['614', '134']",614,"UTT_BOUNDARY q : W w h i c h W n u m b e r W i s W b i g g e r , W 6 1 4 W o r W 1 3 4 ? W a : UTT_BOUNDARY 6 1 4 4 6 h o 1 6 6 6 h o r s h i p y a r d t o m",61446ho1666horshipyardtom
"Q: Which number is bigger, 675 or 246? A:","['675', '246']",675,"UTT_BOUNDARY q : W w h i c h W n u m b e r W i s W b i g g e r , W 6 7 5 W o r W 2 4 6 ? W a : UTT_BOUNDARY 6 7 5 6 g ? W a : UTT_BOUNDARY",6756g? a:
"Q: Of the numbers 144 and 620, which is bigger? A:","['144', '620']",620,"UTT_BOUNDARY q : W o f W t h e W n u m b e r s W 1 4 4 W a n d W 6 2 0 , W w h i c h W i s W b i g g e r ? W a : UTT_BOUNDARY 6 2 0 a a u a g a a a g a r a a a r a g a a a r a",620aauagaaagaraaaragaaara
"Q: Of the numbers 469 and 59, which is bigger? A:","['469', '59']",469,"UTT_BOUNDARY q : W o f W t h e W n u m b e r s W 4 6 9 W a n d W 5 9 , W w h i c h W i s W b i g g e r ? W a : UTT_BOUNDARY 4 6 9 9 9 9 9 9 9 9 9 9 9 9 9 9 9 9 9 9 9 9 9 9 9",4699999999999999999999999
"Q: Which number is bigger, 573 or 381? A:","['573', '381']",573,"UTT_BOUNDARY q : W w h i c h W n u m b e r W i s W b i g g e r , W 5 7 3 W o r W 3 8 1 ? W a : UTT_BOUNDARY 5 7 3 9 z z z a 1 9 2 9 h o f e r W : UTT_BOUNDARY",5739zzza1929hofer :
"Q: Of the numbers 336 and 503, which is bigger? A:","['336', '503']",503,"UTT_BOUNDARY q : W o f W t h e W n u m b e r s W 3 3 6 W a n d W 5 0 3 , W w h i c h W i s W b i g g e r ? W a : UTT_BOUNDARY 5 0 3 l a q u e l y ? W a : UTT_BOUNDARY",503laquely? a:
"From the numbers 675 and 246, write the bigger number: ","['675', '246']",675,"UTT_BOUNDARY f r o m W t h e W n u m b e r s W 6 7 5 W a n d W 2 4 6 , W w r i t e W t h e W b i g g e r W n u m b e r : UTT_BOUNDARY 6 7 5 5 9 z z z z z z z z z z z z z z z z z : UTT_BOUNDARY",67559zzzzzzzzzzzzzzzzz:
"Q: Which number is bigger, 444 or 901? A:","['444', '901']",901,"UTT_BOUNDARY q : W w h i c h W n u m b e r W i s W b i g g e r , W 4 4 4 W o r W 9 0 1 ? W a : UTT_BOUNDARY 9 0 1 1 9 l y 2 5 ? W a : UTT_BOUNDARY",90119ly25? a:
"Q: Which number is bigger, 317 or 936? A:","['317', '936']",936,"UTT_BOUNDARY q : W w h i c h W n u m b e r W i s W b i g g e r , W 3 1 7 W o r W 9 3 6 ? W a : UTT_BOUNDARY 9 3 6 6 9 9 6 6 9 & l t ; b r & g t ; 9 3 6 9 9 z",936699669&lt;br&gt;93699z
"From the numbers 763 and 794, write the bigger number: ","['763', '794']",794,"UTT_BOUNDARY f r o m W t h e W n u m b e r s W 7 6 3 W a n d W 7 9 4 , W w r i t e W t h e W b i g g e r W n u m b e r : UTT_BOUNDARY 7 9 4 3 9 x p r e s s W : UTT_BOUNDARY",79439xpress :
"Q: Of the numbers 904 and 161, which is bigger? A:","['904', '161']",904,"UTT_BOUNDARY q : W o f W t h e W n u m b e r s W 9 0 4 W a n d W 1 6 1 , W w h i c h W i s W b i g g e r ? W a : UTT_BOUNDARY 9 0 4 1 a n d "" ? W a : UTT_BOUNDARY","9041and""? a:"
"From the numbers 949 and 578, write the bigger number: ","['949', '578']",949,"UTT_BOUNDARY f r o m W t h e W n u m b e r s W 9 4 9 W a n d W 5 7 8 , W w r i t e W t h e W b i g g e r W n u m b e r : UTT_BOUNDARY 9 4 9 9 9 9 9 9 9 9 9 9 9 9 9 9 9 9 9 9 9 9 9 9 9",9499999999999999999999999
"Q: Which number is bigger, 541 or 819? A:","['541', '819']",819,"UTT_BOUNDARY q : W w h i c h W n u m b e r W i s W b i g g e r , W 5 4 1 W o r W 8 1 9 ? W a : UTT_BOUNDARY 8 1 9 9 9 z o o m y a a n a "" ? W a : UTT_BOUNDARY","81999zoomyaana""? a:"
"Q: Which number is bigger, 449 or 926? A:","['449', '926']",926,"UTT_BOUNDARY q : W w h i c h W n u m b e r W i s W b i g g e r , W 4 4 9 W o r W 9 2 6 ? W a : UTT_BOUNDARY 9 2 6 9 s u 9 z l e "" ? W a : UTT_BOUNDARY","9269su9zle""? a:"
"Q: Which number is bigger, 862 or 743? A:","['862', '743']",862,"UTT_BOUNDARY q : W w h i c h W n u m b e r W i s W b i g g e r , W 8 6 2 W o r W 7 4 3 ? W a : UTT_BOUNDARY 8 6 3 ? W a : UTT_BOUNDARY",863? a:
"Q: Of the numbers 503 and 343, which is bigger? A:","['503', '343']",503,"UTT_BOUNDARY q : W o f W t h e W n u m b e r s W 5 0 3 W a n d W 3 4 3 , W w h i c h W i s W b i g g e r ? W a : UTT_BOUNDARY 5 0 3 l a q u e l y 9 5 0 a a a a a a a a a a a a",503laquely950aaaaaaaaaaaa
"Q: Which number is bigger, 568 or 387? A:","['568', '387']",568,"UTT_BOUNDARY q : W w h i c h W n u m b e r W i s W b i g g e r , W 5 6 8 W o r W 3 8 7 ? W a : UTT_BOUNDARY 5 6 8 ? W a : UTT_BOUNDARY",568? a:
"Q: Which number is bigger, 978 or 273? A:","['978', '273']",978,"UTT_BOUNDARY q : W w h i c h W n u m b e r W i s W b i g g e r , W 9 7 8 W o r W 2 7 3 ? W a : UTT_BOUNDARY 9 7 8 9 9 z z z 9 9 9 9 9 9 9 9 z W z w z z y z z",97899zzz99999999z zwzzyzz
"Q: Which number is bigger, 516 or 292? A:","['516', '292']",516,"UTT_BOUNDARY q : W w h i c h W n u m b e r W i s W b i g g e r , W 5 1 6 W o r W 2 9 2 ? W a : UTT_BOUNDARY 5 1 6 2 x p r e s s u r e : UTT_BOUNDARY",5162xpressure:
"From the numbers 307 and 702, write the bigger number: ","['307', '702']",702,"UTT_BOUNDARY f r o m W t h e W n u m b e r s W 3 0 7 W a n d W 7 0 2 , W w r i t e W t h e W b i g g e r W n u m b e r : UTT_BOUNDARY 7 0 2 a b h 9 a a : UTT_BOUNDARY",702abh9aa:
"From the numbers 534 and 46, write the bigger number: ","['534', '46']",534,"UTT_BOUNDARY f r o m W t h e W n u m b e r s W 5 3 4 W a n d W 4 6 , W w r i t e W t h e W b i g g e r W n u m b e r : UTT_BOUNDARY 5 3 4 2 9 a a 9 , W 5 3 2 , W r e 5 v a l u a b l","53429aa9, 532, re5valuabl"
"Q: Which number is bigger, 587 or 942? A:","['587', '942']",942,"UTT_BOUNDARY q : W w h i c h W n u m b e r W i s W b i g g e r , W 5 8 7 W o r W 9 4 2 ? W a : UTT_BOUNDARY 9 4 2 ? W a : UTT_BOUNDARY",942? a:
"Q: Of the numbers 754 and 792, which is bigger? A:","['754', '792']",792,"UTT_BOUNDARY q : W o f W t h e W n u m b e r s W 7 5 4 W a n d W 7 9 2 , W w h i c h W i s W b i g g e r ? W a : UTT_BOUNDARY 7 9 2 a a a a a h 2 7 a r a W a u a u d i e n c e",792aaaaah27ara auaudience
"From the numbers 839 and 879, write the bigger number: ","['839', '879']",879,"UTT_BOUNDARY f r o m W t h e W n u m b e r s W 8 3 9 W a n d W 8 7 9 , W w r i t e W t h e W b i g g e r W n u m b e r : UTT_BOUNDARY 8 7 9 9 "" , W w h i c h W w o r d W c o m e s W r","8799"", which word comes r"
"Q: Of the numbers 118 and 19, which is bigger? A:","['118', '19']",118,"UTT_BOUNDARY q : W o f W t h e W n u m b e r s W 1 1 8 W a n d W 1 9 , W w h i c h W i s W b i g g e r ? W a : UTT_BOUNDARY 1 1 8 9 "" W w h i c h W o n e W h a s W m o r e W","1189"" which one has more "
"Q: Which number is bigger, 579 or 294? A:","['579', '294']",579,"UTT_BOUNDARY q : W w h i c h W n u m b e r W i s W b i g g e r , W 5 7 9 W o r W 2 9 4 ? W a : UTT_BOUNDARY 5 7 9 9 z z z z z z z z z z z z z z z z z z z z z",5799zzzzzzzzzzzzzzzzzzzzz
"Q: Of the numbers 773 and 225, which is bigger? A:","['773', '225']",773,"UTT_BOUNDARY q : W o f W t h e W n u m b e r s W 7 7 3 W a n d W 2 2 5 , W w h i c h W i s W b i g g e r ? W a : UTT_BOUNDARY 7 7 3 ? W a : UTT_BOUNDARY",773? a:
"From the numbers 397 and 741, write the bigger number: ","['397', '741']",741,"UTT_BOUNDARY f r o m W t h e W n u m b e r s W 3 9 7 W a n d W 7 4 1 , W w r i t e W t h e W b i g g e r W n u m b e r : UTT_BOUNDARY 7 4 1 1 l y g i a n t t z o o "" , W w h i c h W w","7411lygianttzoo"", which w"
"From the numbers 313 and 220, write the bigger number: ","['313', '220']",313,"UTT_BOUNDARY f r o m W t h e W n u m b e r s W 3 1 3 W a n d W 2 2 0 , W w r i t e W t h e W b i g g e r W n u m b e r : UTT_BOUNDARY 3 1 3 9 u s t r a t e d , W 3 2 9 , W o r W 2 2 9","3139ustrated, 329, or 229"
"From the numbers 754 and 792, write the bigger number: ","['754', '792']",792,"UTT_BOUNDARY f r o m W t h e W n u m b e r s W 7 5 4 W a n d W 7 9 2 , W w r i t e W t h e W b i g g e r W n u m b e r : UTT_BOUNDARY 7 9 2 9 9 9 9 9 2 a 9 h t h 9 b t u l b y o n g W",792999992a9hth9btulbyong 
"Q: Of the numbers 717 and 940, which is bigger? A:","['717', '940']",940,"UTT_BOUNDARY q : W o f W t h e W n u m b e r s W 7 1 7 W a n d W 9 4 0 , W w h i c h W i s W b i g g e r ? W a : UTT_BOUNDARY 9 4 0 9 4 9 9 z z c z o 2 w 9 & l t ; b r & g t ;",9409499zzczo2w9&lt;br&gt;
"Q: Of the numbers 167 and 402, which is bigger? A:","['167', '402']",402,"UTT_BOUNDARY q : W o f W t h e W n u m b e r s W 1 6 7 W a n d W 4 0 2 , W w h i c h W i s W b i g g e r ? W a : UTT_BOUNDARY 4 0 2 ? W a : UTT_BOUNDARY",402? a:
"Q: Which number is bigger, 983 or 377? A:","['983', '377']",983,"UTT_BOUNDARY q : W w h i c h W n u m b e r W i s W b i g g e r , W 9 8 3 W o r W 3 7 7 ? W a : UTT_BOUNDARY 9 8 3 9 9 z z z z W 9 8 3 "" ? W a : UTT_BOUNDARY","98399zzzz 983""? a:"
"From the numbers 452 and 974, write the bigger number: ","['452', '974']",974,"UTT_BOUNDARY f r o m W t h e W n u m b e r s W 4 5 2 W a n d W 9 7 4 , W w r i t e W t h e W b i g g e r W n u m b e r : UTT_BOUNDARY 9 7 4 9 4 9 9 9 9 9 9 9 9 9 9 9 9 9 9 9 9 9 9 9 9",9749499999999999999999999
"Q: Which number is bigger, 841 or 991? A:","['841', '991']",991,"UTT_BOUNDARY q : W w h i c h W n u m b e r W i s W b i g g e r , W 8 4 1 W o r W 9 9 1 ? W a : UTT_BOUNDARY 9 9 1 1 9 9 9 9 1 9 9 1 9 9 9 9 9 9 9 9 9 9 9 9 9",9911999919919999999999999
"Q: Of the numbers 498 and 334, which is bigger? A:","['498', '334']",498,"UTT_BOUNDARY q : W o f W t h e W n u m b e r s W 4 9 8 W a n d W 3 3 4 , W w h i c h W i s W b i g g e r ? W a : UTT_BOUNDARY 4 9 8 9 9 z z z c z y k y j a a m y o r a n a x y",49899zzzczykyjaamyoranaxy
"Q: Of the numbers 929 and 842, which is bigger? A:","['929', '842']",929,"UTT_BOUNDARY q : W o f W t h e W n u m b e r s W 9 2 9 W a n d W 8 4 2 , W w h i c h W i s W b i g g e r ? W a : UTT_BOUNDARY 9 2 9 9 9 z z z z z z z z z z z z z z z z z z z z",92999zzzzzzzzzzzzzzzzzzzz
