Input,Options,Expected,Output (raw),Predicted
"Q: Which letter does the word ""arrive"" end with? A:","['a', 'r', 'r', 'i', 'v', 'e']",e,"UTT_BOUNDARY q : W w h i c h W l e t t e r W d o e s W t h e W w o r d W "" a r r i v e "" W e n d W w i t h ? W a : UTT_BOUNDARY e x h i b i t i o n s "" ? W a : UTT_BOUNDARY","exhibitions""? a:"
"Q: Which letter does the word ""grandparent"" end with? A:","['g', 'r', 'a', 'n', 'd', 'p', 'a', 'r', 'e', 'n', 't']",t,"UTT_BOUNDARY q : W w h i c h W l e t t e r W d o e s W t h e W w o r d W "" g r a n d p a r e n t "" W e n d W w i t h ? W a : UTT_BOUNDARY t r u c k ? W a : UTT_BOUNDARY",truck? a:
"Q: Which letter does the word ""small"" end with? A:","['s', 'm', 'a', 'l', 'l']",l,"UTT_BOUNDARY q : W w h i c h W l e t t e r W d o e s W t h e W w o r d W "" s m a l l "" W e n d W w i t h ? W a : UTT_BOUNDARY s m a l l e r "" W o r W "" s a n d w i c h "" ? W a","smaller"" or ""sandwich""? a"
"Q: What is the last letter of the word ""soft""? A:","['s', 'o', 'f', 't']",t,"UTT_BOUNDARY q : W w h a t W i s W t h e W l a s t W l e t t e r W o f W t h e W w o r d W "" s o f t "" ? W a : UTT_BOUNDARY h o t e l a n d o l p h i n s "" ? W a : UTT_BOUNDARY","hotelandolphins""? a:"
"Write the last letter of the word ""coffee"": ","['c', 'o', 'f', 'f', 'e', 'e']",e,"UTT_BOUNDARY w r i t e W t h e W l a s t W l e t t e r W o f W t h e W w o r d W "" c o f f e e "" : UTT_BOUNDARY e a c h "" : UTT_BOUNDARY","each"":"
"Q: Which letter does the word ""borrow"" end with? A:","['b', 'o', 'r', 'r', 'o', 'w']",w,"UTT_BOUNDARY q : W w h i c h W l e t t e r W d o e s W t h e W w o r d W "" b o r r o w "" W e n d W w i t h ? W a : UTT_BOUNDARY w i n n e r s h i p "" W o r W "" w i n n e r "" ? W","winnership"" or ""winner""? "
"Q: Which letter does the word ""every"" end with? A:","['e', 'v', 'e', 'r', 'y']",y,"UTT_BOUNDARY q : W w h i c h W l e t t e r W d o e s W t h e W w o r d W "" e v e r y "" W e n d W w i t h ? W a : UTT_BOUNDARY y e s t e r d a y "" ? W a : UTT_BOUNDARY","yesterday""? a:"
"Write the last letter of the word ""left"": ","['l', 'e', 'f', 't']",t,"UTT_BOUNDARY w r i t e W t h e W l a s t W l e t t e r W o f W t h e W w o r d W "" l e f t "" : UTT_BOUNDARY t h e y W d o n e W i t "" : UTT_BOUNDARY","they done it"":"
"Q: What is the last letter of the word ""downstairs""? A:","['d', 'o', 'w', 'n', 's', 't', 'a', 'i', 'r', 's']",s,"UTT_BOUNDARY q : W w h a t W i s W t h e W l a s t W l e t t e r W o f W t h e W w o r d W "" d o w n s t a i r s "" ? W a : UTT_BOUNDARY s o f a "" ? W a : UTT_BOUNDARY","sofa""? a:"
"Write the last letter of the word ""kite"": ","['k', 'i', 't', 'e']",e,"UTT_BOUNDARY w r i t e W t h e W l a s t W l e t t e r W o f W t h e W w o r d W "" k i t e "" : UTT_BOUNDARY e x c e p t "" : UTT_BOUNDARY","except"":"
"Write the last letter of the word ""chicken"": ","['c', 'h', 'i', 'c', 'k', 'e', 'n']",n,"UTT_BOUNDARY w r i t e W t h e W l a s t W l e t t e r W o f W t h e W w o r d W "" c h i c k e n "" : UTT_BOUNDARY e l s e "" : UTT_BOUNDARY","else"":"
"Q: What is the last letter of the word ""grass""? A:","['g', 'r', 'a', 's', 's']",s,"UTT_BOUNDARY q : W w h a t W i s W t h e W l a s t W l e t t e r W o f W t h e W w o r d W "" g r a s s "" ? W a : UTT_BOUNDARY s u r f i n g W w i t h W "" s t r a n g e "" ? W a","surfing with ""strange""? a"
"Q: What is the last letter of the word ""it""? A:","['i', 't']",t,"UTT_BOUNDARY q : W w h a t W i s W t h e W l a s t W l e t t e r W o f W t h e W w o r d W "" i t "" ? W a : UTT_BOUNDARY f i n i s h e d "" ? W a : UTT_BOUNDARY","finished""? a:"
"Q: Which letter does the word ""leather"" end with? A:","['l', 'e', 'a', 't', 'h', 'e', 'r']",r,"UTT_BOUNDARY q : W w h i c h W l e t t e r W d o e s W t h e W w o r d W "" l e a t h e r "" W e n d W w i t h ? W a : UTT_BOUNDARY r e a l l y "" W o r W "" s t o m a c h "" ? W a : UTT_BOUNDARY","really"" or ""stomach""? a:"
"Write the last letter of the word ""rice"": ","['r', 'i', 'c', 'e']",e,"UTT_BOUNDARY w r i t e W t h e W l a s t W l e t t e r W o f W t h e W w o r d W "" r i c e "" : UTT_BOUNDARY e x c e l l e n t "" : UTT_BOUNDARY","excellent"":"
"Q: What is the last letter of the word ""straight""? A:","['s', 't', 'r', 'a', 'i', 'g', 'h', 't']",t,"UTT_BOUNDARY q : W w h a t W i s W t h e W l a s t W l e t t e r W o f W t h e W w o r d W "" s t r a i g h t "" ? W a : UTT_BOUNDARY t r a m "" ? W a : UTT_BOUNDARY","tram""? a:"
"Q: Which letter does the word ""have"" end with? A:","['h', 'a', 'v', 'e']",e,"UTT_BOUNDARY q : W w h i c h W l e t t e r W d o e s W t h e W w o r d W "" h a v e "" W e n d W w i t h ? W a : UTT_BOUNDARY e x i t W a t W t h e W e n d W o f W t h e W w o",exit at the end of the wo
"Q: What is the last letter of the word ""cafeteria""? A:","['c', 'a', 'f', 'e', 't', 'e', 'r', 'i', 'a']",a,"UTT_BOUNDARY q : W w h a t W i s W t h e W l a s t W l e t t e r W o f W t h e W w o r d W "" c a f e t e r i a "" ? W a : UTT_BOUNDARY a f t e r w a r d s "" ? W a : UTT_BOUNDARY","afterwards""? a:"
"Write the last letter of the word ""beautiful"": ","['b', 'e', 'a', 'u', 't', 'i', 'f', 'u', 'l']",l,"UTT_BOUNDARY w r i t e W t h e W l a s t W l e t t e r W o f W t h e W w o r d W "" b e a u t i f u l "" : UTT_BOUNDARY l a z y t o w n "" : UTT_BOUNDARY","lazytown"":"
"Write the last letter of the word ""several"": ","['s', 'e', 'v', 'e', 'r', 'a', 'l']",l,"UTT_BOUNDARY w r i t e W t h e W l a s t W l e t t e r W o f W t h e W w o r d W "" s e v e r a l "" : UTT_BOUNDARY l e v e l "" : UTT_BOUNDARY","level"":"
"Q: What is the last letter of the word ""diploma""? A:","['d', 'i', 'p', 'l', 'o', 'm', 'a']",a,"UTT_BOUNDARY q : W w h a t W i s W t h e W l a s t W l e t t e r W o f W t h e W w o r d W "" d i p l o m a "" ? W a : UTT_BOUNDARY r e p a i r s "" ? W a : UTT_BOUNDARY","repairs""? a:"
"Q: What is the last letter of the word ""month""? A:","['m', 'o', 'n', 't', 'h']",h,"UTT_BOUNDARY q : W w h a t W i s W t h e W l a s t W l e t t e r W o f W t h e W w o r d W "" m o n t h "" ? W a : UTT_BOUNDARY h o u r "" ? W a : UTT_BOUNDARY","hour""? a:"
"Q: What is the last letter of the word ""site""? A:","['s', 'i', 't', 'e']",e,"UTT_BOUNDARY q : W w h a t W i s W t h e W l a s t W l e t t e r W o f W t h e W w o r d W "" s i t e "" ? W a : UTT_BOUNDARY e x i t W o r W "" s t a y "" ? W a : UTT_BOUNDARY","exit or ""stay""? a:"
"Write the last letter of the word ""cooking"": ","['c', 'o', 'o', 'k', 'i', 'n', 'g']",g,"UTT_BOUNDARY w r i t e W t h e W l a s t W l e t t e r W o f W t h e W w o r d W "" c o o k i n g "" : UTT_BOUNDARY g o o d b y e "" : UTT_BOUNDARY","goodbye"":"
"Q: Which letter does the word ""cover"" end with? A:","['c', 'o', 'v', 'e', 'r']",r,"UTT_BOUNDARY q : W w h i c h W l e t t e r W d o e s W t h e W w o r d W "" c o v e r "" W e n d W w i t h ? W a : UTT_BOUNDARY r e s t r o o m e r s ? W a : UTT_BOUNDARY",restroomers? a:
"Write the last letter of the word ""broken"": ","['b', 'r', 'o', 'k', 'e', 'n']",n,"UTT_BOUNDARY w r i t e W t h e W l a s t W l e t t e r W o f W t h e W w o r d W "" b r o k e n "" : UTT_BOUNDARY n o v e m b e r "" : UTT_BOUNDARY","november"":"
"Write the last letter of the word ""guy"": ","['g', 'u', 'y']",y,"UTT_BOUNDARY w r i t e W t h e W l a s t W l e t t e r W o f W t h e W w o r d W "" g u y "" : UTT_BOUNDARY y e a r s "" : UTT_BOUNDARY","years"":"
"Q: Which letter does the word ""invite"" end with? A:","['i', 'n', 'v', 'i', 't', 'e']",e,"UTT_BOUNDARY q : W w h i c h W l e t t e r W d o e s W t h e W w o r d W "" i n v i t e "" W e n d W w i t h ? W a : UTT_BOUNDARY e v e r y o n e "" W o r W "" e x i t "" ? W a : UTT_BOUNDARY","everyone"" or ""exit""? a:"
"Q: What is the last letter of the word ""man""? A:","['m', 'a', 'n']",n,"UTT_BOUNDARY q : W w h a t W i s W t h e W l a s t W l e t t e r W o f W t h e W w o r d W "" m a n "" ? W a : UTT_BOUNDARY n a t u r e "" ? W a : UTT_BOUNDARY","nature""? a:"
"Q: Which letter does the word ""television"" end with? A:","['t', 'e', 'l', 'e', 'v', 'i', 's', 'i', 'o', 'n']",n,"UTT_BOUNDARY q : W w h i c h W l e t t e r W d o e s W t h e W w o r d W "" t e l e v i s i o n "" W e n d W w i t h ? W a : UTT_BOUNDARY n o v e l "" W o r W "" w o n d e r f u l "" ? W a :","novel"" or ""wonderful""? a:"
"Q: Which letter does the word ""ice"" end with? A:","['i', 'c', 'e']",e,"UTT_BOUNDARY q : W w h i c h W l e t t e r W d o e s W t h e W w o r d W "" i c e "" W e n d W w i t h ? W a : UTT_BOUNDARY e x i t ? W a : UTT_BOUNDARY",exit? a:
"Q: Which letter does the word ""swim"" end with? A:","['s', 'w', 'i', 'm']",m,"UTT_BOUNDARY q : W w h i c h W l e t t e r W d o e s W t h e W w o r d W "" s w i m "" W e n d W w i t h ? W a : UTT_BOUNDARY m o n k e y s "" W o r W "" m i n u t e "" ? W a : UTT_BOUNDARY","monkeys"" or ""minute""? a:"
"Q: What is the last letter of the word ""above""? A:","['a', 'b', 'o', 'v', 'e']",e,"UTT_BOUNDARY q : W w h a t W i s W t h e W l a s t W l e t t e r W o f W t h e W w o r d W "" a b o v e "" ? W a : UTT_BOUNDARY e a r t h q u a k e , W a n d W "" a i r "" , W w h","earthquake, and ""air"", wh"
"Write the last letter of the word ""here"": ","['h', 'e', 'r', 'e']",e,"UTT_BOUNDARY w r i t e W t h e W l a s t W l e t t e r W o f W t h e W w o r d W "" h e r e "" : UTT_BOUNDARY e x c e p t W t h a t W t h e r e W i s W a W l o",except that there is a lo
"Q: What is the last letter of the word ""room""? A:","['r', 'o', 'o', 'm']",m,"UTT_BOUNDARY q : W w h a t W i s W t h e W l a s t W l e t t e r W o f W t h e W w o r d W "" r o o m "" ? W a : UTT_BOUNDARY r o o m m a t e "" ? W a : UTT_BOUNDARY","roommate""? a:"
"Q: What is the last letter of the word ""singer""? A:","['s', 'i', 'n', 'g', 'e', 'r']",r,"UTT_BOUNDARY q : W w h a t W i s W t h e W l a s t W l e t t e r W o f W t h e W w o r d W "" s i n g e r "" ? W a : UTT_BOUNDARY r e c o r d s "" ? W a : UTT_BOUNDARY","records""? a:"
"Write the last letter of the word ""way"": ","['w', 'a', 'y']",y,"UTT_BOUNDARY w r i t e W t h e W l a s t W l e t t e r W o f W t h e W w o r d W "" w a y "" : UTT_BOUNDARY y e l l o w "" : UTT_BOUNDARY","yellow"":"
"Q: What is the last letter of the word ""own""? A:","['o', 'w', 'n']",n,"UTT_BOUNDARY q : W w h a t W i s W t h e W l a s t W l e t t e r W o f W t h e W w o r d W "" o w n "" ? W a : UTT_BOUNDARY n e i g h b o r h o o d "" ? W a : UTT_BOUNDARY","neighborhood""? a:"
"Q: What is the last letter of the word ""student""? A:","['s', 't', 'u', 'd', 'e', 'n', 't']",t,"UTT_BOUNDARY q : W w h a t W i s W t h e W l a s t W l e t t e r W o f W t h e W w o r d W "" s t u d e n t "" ? W a : UTT_BOUNDARY t h e n W t h e y W w o u l d W b e W s i c k "" ?","then they would be sick""?"
"Q: Which letter does the word ""student"" end with? A:","['s', 't', 'u', 'd', 'e', 'n', 't']",t,"UTT_BOUNDARY q : W w h i c h W l e t t e r W d o e s W t h e W w o r d W "" s t u d e n t "" W e n d W w i t h ? W a : UTT_BOUNDARY t h e n , W w h i c h W w o r d W i m m e d i a t","then, which word immediat"
"Q: What is the last letter of the word ""dressed""? A:","['d', 'r', 'e', 's', 's', 'e', 'd']",d,"UTT_BOUNDARY q : W w h a t W i s W t h e W l a s t W l e t t e r W o f W t h e W w o r d W "" d r e s s e d "" ? W a : UTT_BOUNDARY d r e s s e d "" , W w h i c h W w o r d W c o m e","dressed"", which word come"
"Q: What is the last letter of the word ""wide""? A:","['w', 'i', 'd', 'e']",e,"UTT_BOUNDARY q : W w h a t W i s W t h e W l a s t W l e t t e r W o f W t h e W w o r d W "" w i d e "" ? W a : UTT_BOUNDARY e x p l o r e "" ? W a : UTT_BOUNDARY","explore""? a:"
"Q: What is the last letter of the word ""popular""? A:","['p', 'o', 'p', 'u', 'l', 'a', 'r']",r,"UTT_BOUNDARY q : W w h a t W i s W t h e W l a s t W l e t t e r W o f W t h e W w o r d W "" p o p u l a r "" ? W a : UTT_BOUNDARY n e i g h b o r h o o d "" W o r W "" s t a d i u m","neighborhood"" or ""stadium"
"Q: What is the last letter of the word ""sell""? A:","['s', 'e', 'l', 'l']",l,"UTT_BOUNDARY q : W w h a t W i s W t h e W l a s t W l e t t e r W o f W t h e W w o r d W "" s e l l "" ? W a : UTT_BOUNDARY l e n d "" ? W a : UTT_BOUNDARY","lend""? a:"
"Q: Which letter does the word ""see"" end with? A:","['s', 'e', 'e']",e,"UTT_BOUNDARY q : W w h i c h W l e t t e r W d o e s W t h e W w o r d W "" s e e "" W e n d W w i t h ? W a : UTT_BOUNDARY e n d e d "" W o r W "" s u n n y "" ? W a : UTT_BOUNDARY","ended"" or ""sunny""? a:"
"Q: Which letter does the word ""baseball"" end with? A:","['b', 'a', 's', 'e', 'b', 'a', 'l', 'l']",l,"UTT_BOUNDARY q : W w h i c h W l e t t e r W d o e s W t h e W w o r d W "" b a s e b a l l "" W e n d W w i t h ? W a : UTT_BOUNDARY l a s t a r z a "" W o r W "" c a n d y "" ? W a : UTT_BOUNDARY","lastarza"" or ""candy""? a:"
"Write the last letter of the word ""town"": ","['t', 'o', 'w', 'n']",n,"UTT_BOUNDARY w r i t e W t h e W l a s t W l e t t e r W o f W t h e W w o r d W "" t o w n "" : UTT_BOUNDARY n o v e m b e r "" : UTT_BOUNDARY","november"":"
"Q: What is the last letter of the word ""clown""? A:","['c', 'l', 'o', 'w', 'n']",n,"UTT_BOUNDARY q : W w h a t W i s W t h e W l a s t W l e t t e r W o f W t h e W w o r d W "" c l o w n "" ? W a : UTT_BOUNDARY c l o w n "" ? W a : UTT_BOUNDARY","clown""? a:"
"Write the last letter of the word ""yard"": ","['y', 'a', 'r', 'd']",d,"UTT_BOUNDARY w r i t e W t h e W l a s t W l e t t e r W o f W t h e W w o r d W "" y a r d "" : UTT_BOUNDARY y a r d "" : UTT_BOUNDARY","yard"":"
"Q: Which letter does the word ""house"" end with? A:","['h', 'o', 'u', 's', 'e']",e,"UTT_BOUNDARY q : W w h i c h W l e t t e r W d o e s W t h e W w o r d W "" h o u s e "" W e n d W w i t h ? W a : UTT_BOUNDARY e x p e n s i v e "" W o r W "" h o s p i t a l "" ?","expensive"" or ""hospital""?"
"Q: Which letter does the word ""plural"" end with? A:","['p', 'l', 'u', 'r', 'a', 'l']",l,"UTT_BOUNDARY q : W w h i c h W l e t t e r W d o e s W t h e W w o r d W "" p l u r a l "" W e n d W w i t h ? W a : UTT_BOUNDARY l e n d "" W o r W "" s p o i l "" ? W a : UTT_BOUNDARY","lend"" or ""spoil""? a:"
"Write the last letter of the word ""surf"": ","['s', 'u', 'r', 'f']",f,"UTT_BOUNDARY w r i t e W t h e W l a s t W l e t t e r W o f W t h e W w o r d W "" s u r f "" : UTT_BOUNDARY m o u s e "" : UTT_BOUNDARY","mouse"":"
"Q: What is the last letter of the word ""customer""? A:","['c', 'u', 's', 't', 'o', 'm', 'e', 'r']",r,"UTT_BOUNDARY q : W w h a t W i s W t h e W l a s t W l e t t e r W o f W t h e W w o r d W "" c u s t o m e r "" ? W a : UTT_BOUNDARY r u g b y ? W a : UTT_BOUNDARY",rugby? a:
"Write the last letter of the word ""competition"": ","['c', 'o', 'm', 'p', 'e', 't', 'i', 't', 'i', 'o', 'n']",n,"UTT_BOUNDARY w r i t e W t h e W l a s t W l e t t e r W o f W t h e W w o r d W "" c o m p e t i t i o n "" : UTT_BOUNDARY n o t e b o o k "" : UTT_BOUNDARY","notebook"":"
"Q: What is the last letter of the word ""sleep""? A:","['s', 'l', 'e', 'e', 'p']",p,"UTT_BOUNDARY q : W w h a t W i s W t h e W l a s t W l e t t e r W o f W t h e W w o r d W "" s l e e p "" ? W a : UTT_BOUNDARY p l a y g r o u n d "" ? W a : UTT_BOUNDARY","playground""? a:"
"Write the last letter of the word ""tour"": ","['t', 'o', 'u', 'r']",r,"UTT_BOUNDARY w r i t e W t h e W l a s t W l e t t e r W o f W t h e W w o r d W "" t o u r "" : UTT_BOUNDARY r o a s t "" : UTT_BOUNDARY","roast"":"
"Q: Which letter does the word ""first"" end with? A:","['f', 'i', 'r', 's', 't']",t,"UTT_BOUNDARY q : W w h i c h W l e t t e r W d o e s W t h e W w o r d W "" f i r s t "" W e n d W w i t h ? W a : UTT_BOUNDARY r e n t ? W a : UTT_BOUNDARY",rent? a:
"Q: What is the last letter of the word ""check""? A:","['c', 'h', 'e', 'c', 'k']",k,"UTT_BOUNDARY q : W w h a t W i s W t h e W l a s t W l e t t e r W o f W t h e W w o r d W "" c h e c k "" ? W a : UTT_BOUNDARY k e y b o a r d "" ? W a : UTT_BOUNDARY","keyboard""? a:"
"Write the last letter of the word ""luggage"": ","['l', 'u', 'g', 'g', 'a', 'g', 'e']",e,"UTT_BOUNDARY w r i t e W t h e W l a s t W l e t t e r W o f W t h e W w o r d W "" l u g g a g e "" : UTT_BOUNDARY e g g g g g g g g g g g g g g g g g g g g g g g g",egggggggggggggggggggggggg
"Q: Which letter does the word ""decide"" end with? A:","['d', 'e', 'c', 'i', 'd', 'e']",e,"UTT_BOUNDARY q : W w h i c h W l e t t e r W d o e s W t h e W w o r d W "" d e c i d e "" W e n d W w i t h ? W a : UTT_BOUNDARY e x p l a i n s W t h e W f o r m W o f W w h i c",explains the form of whic
"Q: What is the last letter of the word ""cleaner""? A:","['c', 'l', 'e', 'a', 'n', 'e', 'r']",r,"UTT_BOUNDARY q : W w h a t W i s W t h e W l a s t W l e t t e r W o f W t h e W w o r d W "" c l e a n e r "" ? W a : UTT_BOUNDARY r e p a i r s "" ? W a : UTT_BOUNDARY","repairs""? a:"
"Q: What is the last letter of the word ""rent""? A:","['r', 'e', 'n', 't']",t,"UTT_BOUNDARY q : W w h a t W i s W t h e W l a s t W l e t t e r W o f W t h e W w o r d W "" r e n t "" ? W a : UTT_BOUNDARY n e x t W d o o r "" ? W a : UTT_BOUNDARY","next door""? a:"
"Q: What is the last letter of the word ""eye""? A:","['e', 'y', 'e']",e,"UTT_BOUNDARY q : W w h a t W i s W t h e W l a s t W l e t t e r W o f W t h e W w o r d W "" e y e "" ? W a : UTT_BOUNDARY y e t u r n "" ? W a : UTT_BOUNDARY","yeturn""? a:"
"Q: What is the last letter of the word ""seat""? A:","['s', 'e', 'a', 't']",t,"UTT_BOUNDARY q : W w h a t W i s W t h e W l a s t W l e t t e r W o f W t h e W w o r d W "" s e a t "" ? W a : UTT_BOUNDARY t h e a t e r "" ? W a : UTT_BOUNDARY","theater""? a:"
"Q: What is the last letter of the word ""calendar""? A:","['c', 'a', 'l', 'e', 'n', 'd', 'a', 'r']",r,"UTT_BOUNDARY q : W w h a t W i s W t h e W l a s t W l e t t e r W o f W t h e W w o r d W "" c a l e n d a r "" ? W a : UTT_BOUNDARY r e c e i v e d W a n W a w a r d W f r o m W t h",received an award from th
"Q: Which letter does the word ""tights"" end with? A:","['t', 'i', 'g', 'h', 't', 's']",s,"UTT_BOUNDARY q : W w h i c h W l e t t e r W d o e s W t h e W w o r d W "" t i g h t s "" W e n d W w i t h ? W a : UTT_BOUNDARY t i g h t s "" W o r W "" s i g h t s e e i n g "" ?","tights"" or ""sightseeing""?"
"Q: Which letter does the word ""dancer"" end with? A:","['d', 'a', 'n', 'c', 'e', 'r']",r,"UTT_BOUNDARY q : W w h i c h W l e t t e r W d o e s W t h e W w o r d W "" d a n c e r "" W e n d W w i t h ? W a : UTT_BOUNDARY r a c k e t e r "" ? W a : UTT_BOUNDARY","racketer""? a:"
"Q: Which letter does the word ""any"" end with? A:","['a', 'n', 'y']",y,"UTT_BOUNDARY q : W w h i c h W l e t t e r W d o e s W t h e W w o r d W "" a n y "" W e n d W w i t h ? W a : UTT_BOUNDARY y e l l o w ? W a : UTT_BOUNDARY",yellow? a:
"Q: Which letter does the word ""rat"" end with? A:","['r', 'a', 't']",t,"UTT_BOUNDARY q : W w h i c h W l e t t e r W d o e s W t h e W w o r d W "" r a t "" W e n d W w i t h ? W a : UTT_BOUNDARY t o y s ? W a : UTT_BOUNDARY",toys? a:
"Q: What is the last letter of the word ""jacket""? A:","['j', 'a', 'c', 'k', 'e', 't']",t,"UTT_BOUNDARY q : W w h a t W i s W t h e W l a s t W l e t t e r W o f W t h e W w o r d W "" j a c k e t "" ? W a : UTT_BOUNDARY t h e a t e r "" ? W a : UTT_BOUNDARY","theater""? a:"
"Q: Which letter does the word ""boring"" end with? A:","['b', 'o', 'r', 'i', 'n', 'g']",g,"UTT_BOUNDARY q : W w h i c h W l e t t e r W d o e s W t h e W w o r d W "" b o r i n g "" W e n d W w i t h ? W a : UTT_BOUNDARY g r e e n "" W o r W "" s u b w a y "" ? W a : UTT_BOUNDARY","green"" or ""subway""? a:"
"Write the last letter of the word ""myself"": ","['m', 'y', 's', 'e', 'l', 'f']",f,"UTT_BOUNDARY w r i t e W t h e W l a s t W l e t t e r W o f W t h e W w o r d W "" m y s e l f "" : UTT_BOUNDARY y e s t e r d a y "" : UTT_BOUNDARY","yesterday"":"
"Write the last letter of the word ""lemon"": ","['l', 'e', 'm', 'o', 'n']",n,"UTT_BOUNDARY w r i t e W t h e W l a s t W l e t t e r W o f W t h e W w o r d W "" l e m o n "" : UTT_BOUNDARY n e c k l a c e "" : UTT_BOUNDARY","necklace"":"
"Q: Which letter does the word ""sun"" end with? A:","['s', 'u', 'n']",n,"UTT_BOUNDARY q : W w h i c h W l e t t e r W d o e s W t h e W w o r d W "" s u n "" W e n d W w i t h ? W a : UTT_BOUNDARY s u n n y "" W o r W "" s u n n y "" ? W a : UTT_BOUNDARY","sunny"" or ""sunny""? a:"
"Q: What is the last letter of the word ""worse""? A:","['w', 'o', 'r', 's', 'e']",e,"UTT_BOUNDARY q : W w h a t W i s W t h e W l a s t W l e t t e r W o f W t h e W w o r d W "" w o r s e "" ? W a : UTT_BOUNDARY e x p e n s i v e "" ? W a : UTT_BOUNDARY","expensive""? a:"
"Q: What is the last letter of the word ""off""? A:","['o', 'f', 'f']",f,"UTT_BOUNDARY q : W w h a t W i s W t h e W l a s t W l e t t e r W o f W t h e W w o r d W "" o f f "" ? W a : UTT_BOUNDARY f o r g e t f u l l y "" ? W a : UTT_BOUNDARY","forgetfully""? a:"
"Write the last letter of the word ""air"": ","['a', 'i', 'r']",r,"UTT_BOUNDARY w r i t e W t h e W l a s t W l e t t e r W o f W t h e W w o r d W "" a i r "" : UTT_BOUNDARY r e d u c e "" : UTT_BOUNDARY","reduce"":"
"Write the last letter of the word ""their"": ","['t', 'h', 'e', 'i', 'r']",r,"UTT_BOUNDARY w r i t e W t h e W l a s t W l e t t e r W o f W t h e W w o r d W "" t h e i r "" : UTT_BOUNDARY r e m e m b e r "" : UTT_BOUNDARY","remember"":"
"Write the last letter of the word ""west"": ","['w', 'e', 's', 't']",t,"UTT_BOUNDARY w r i t e W t h e W l a s t W l e t t e r W o f W t h e W w o r d W "" w e s t "" : UTT_BOUNDARY t o g e t h e r "" : UTT_BOUNDARY","together"":"
"Write the last letter of the word ""health"": ","['h', 'e', 'a', 'l', 't', 'h']",h,"UTT_BOUNDARY w r i t e W t h e W l a s t W l e t t e r W o f W t h e W w o r d W "" h e a l t h "" : UTT_BOUNDARY n e a r l y "" : UTT_BOUNDARY","nearly"":"
"Q: Which letter does the word ""eye"" end with? A:","['e', 'y', 'e']",e,"UTT_BOUNDARY q : W w h i c h W l e t t e r W d o e s W t h e W w o r d W "" e y e "" W e n d W w i t h ? W a : UTT_BOUNDARY e y e b r o w s ? W a : UTT_BOUNDARY",eyebrows? a:
"Q: Which letter does the word ""with"" end with? A:","['w', 'i', 't', 'h']",h,"UTT_BOUNDARY q : W w h i c h W l e t t e r W d o e s W t h e W w o r d W "" w i t h "" W e n d W w i t h ? W a : UTT_BOUNDARY t h e n , W w h i c h W w o r d W i m m e d i a t","then, which word immediat"
"Q: What is the last letter of the word ""cent""? A:","['c', 'e', 'n', 't']",t,"UTT_BOUNDARY q : W w h a t W i s W t h e W l a s t W l e t t e r W o f W t h e W w o r d W "" c e n t "" ? W a : UTT_BOUNDARY t e n t i o n "" ? W a : UTT_BOUNDARY","tention""? a:"
"Q: Which letter does the word ""hockey"" end with? A:","['h', 'o', 'c', 'k', 'e', 'y']",y,"UTT_BOUNDARY q : W w h i c h W l e t t e r W d o e s W t h e W w o r d W "" h o c k e y "" W e n d W w i t h ? W a : UTT_BOUNDARY y e l l o w s t o n e "" ? W a : UTT_BOUNDARY","yellowstone""? a:"
"Write the last letter of the word ""decide"": ","['d', 'e', 'c', 'i', 'd', 'e']",e,"UTT_BOUNDARY w r i t e W t h e W l a s t W l e t t e r W o f W t h e W w o r d W "" d e c i d e "" : UTT_BOUNDARY d e c i d e d l y "" : UTT_BOUNDARY","decidedly"":"
"Q: What is the last letter of the word ""way""? A:","['w', 'a', 'y']",y,"UTT_BOUNDARY q : W w h a t W i s W t h e W l a s t W l e t t e r W o f W t h e W w o r d W "" w a y "" ? W a : UTT_BOUNDARY w a y s ? W a : UTT_BOUNDARY",ways? a:
"Write the last letter of the word ""chair"": ","['c', 'h', 'a', 'i', 'r']",r,"UTT_BOUNDARY w r i t e W t h e W l a s t W l e t t e r W o f W t h e W w o r d W "" c h a i r "" : UTT_BOUNDARY r e c o r d e r "" : UTT_BOUNDARY","recorder"":"
"Q: Which letter does the word ""climbing"" end with? A:","['c', 'l', 'i', 'm', 'b', 'i', 'n', 'g']",g,"UTT_BOUNDARY q : W w h i c h W l e t t e r W d o e s W t h e W w o r d W "" c l i m b i n g "" W e n d W w i t h ? W a : UTT_BOUNDARY g r i l l e d W b y W t h e W s t r e a m "" ? W a","grilled by the stream""? a"
"Write the last letter of the word ""half"": ","['h', 'a', 'l', 'f']",f,"UTT_BOUNDARY w r i t e W t h e W l a s t W l e t t e r W o f W t h e W w o r d W "" h a l f "" : UTT_BOUNDARY f o r t y "" : UTT_BOUNDARY","forty"":"
"Write the last letter of the word ""outside"": ","['o', 'u', 't', 's', 'i', 'd', 'e']",e,"UTT_BOUNDARY w r i t e W t h e W l a s t W l e t t e r W o f W t h e W w o r d W "" o u t s i d e "" : UTT_BOUNDARY e x c e p t "" : UTT_BOUNDARY","except"":"
"Q: What is the last letter of the word ""long""? A:","['l', 'o', 'n', 'g']",g,"UTT_BOUNDARY q : W w h a t W i s W t h e W l a s t W l e t t e r W o f W t h e W w o r d W "" l o n g "" ? W a : UTT_BOUNDARY g o o d b y e "" ? W a : UTT_BOUNDARY","goodbye""? a:"
"Q: Which letter does the word ""get"" end with? A:","['g', 'e', 't']",t,"UTT_BOUNDARY q : W w h i c h W l e t t e r W d o e s W t h e W w o r d W "" g e t "" W e n d W w i t h ? W a : UTT_BOUNDARY t o o t h a c h e "" W o r W "" s e c o n d "" ? W a","toothache"" or ""second""? a"
"Write the last letter of the word ""coat"": ","['c', 'o', 'a', 't']",t,"UTT_BOUNDARY w r i t e W t h e W l a s t W l e t t e r W o f W t h e W w o r d W "" c o a t "" : UTT_BOUNDARY t u b e "" : UTT_BOUNDARY","tube"":"
"Q: Which letter does the word ""year"" end with? A:","['y', 'e', 'a', 'r']",r,"UTT_BOUNDARY q : W w h i c h W l e t t e r W d o e s W t h e W w o r d W "" y e a r "" W e n d W w i t h ? W a : UTT_BOUNDARY y e a r s W a n d W y e a r "" ? W a : UTT_BOUNDARY","years and year""? a:"
"Q: Which letter does the word ""queen"" end with? A:","['q', 'u', 'e', 'e', 'n']",n,"UTT_BOUNDARY q : W w h i c h W l e t t e r W d o e s W t h e W w o r d W "" q u e e n "" W e n d W w i t h ? W a : UTT_BOUNDARY n e w s p a p e r "" W e n d W w i t h ? W a : UTT_BOUNDARY","newspaper"" end with? a:"
"Q: What is the last letter of the word ""yesterday""? A:","['y', 'e', 's', 't', 'e', 'r', 'd', 'a', 'y']",y,"UTT_BOUNDARY q : W w h a t W i s W t h e W l a s t W l e t t e r W o f W t h e W w o r d W "" y e s t e r d a y "" ? W a : UTT_BOUNDARY y e s t e r d a y "" ? W a : UTT_BOUNDARY","yesterday""? a:"
"Write the last letter of the word ""enough"": ","['e', 'n', 'o', 'u', 'g', 'h']",h,"UTT_BOUNDARY w r i t e W t h e W l a s t W l e t t e r W o f W t h e W w o r d W "" e n o u g h "" : UTT_BOUNDARY n e i g h b o r h o o d "" : UTT_BOUNDARY","neighborhood"":"
"Write the last letter of the word ""room"": ","['r', 'o', 'o', 'm']",m,"UTT_BOUNDARY w r i t e W t h e W l a s t W l e t t e r W o f W t h e W w o r d W "" r o o m "" : UTT_BOUNDARY r o o m m a t e "" : UTT_BOUNDARY","roommate"":"
"Q: What is the last letter of the word ""agree""? A:","['a', 'g', 'r', 'e', 'e']",e,"UTT_BOUNDARY q : W w h a t W i s W t h e W l a s t W l e t t e r W o f W t h e W w o r d W "" a g r e e "" ? W a : UTT_BOUNDARY e x i t W o r W "" s t a g e "" ? W a : UTT_BOUNDARY","exit or ""stage""? a:"
"Q: Which letter does the word ""friend"" end with? A:","['f', 'r', 'i', 'e', 'n', 'd']",d,"UTT_BOUNDARY q : W w h i c h W l e t t e r W d o e s W t h e W w o r d W "" f r i e n d "" W e n d W w i t h ? W a : UTT_BOUNDARY d o c u m e n t s "" W o r W "" p a i n t e r "" ? W","documents"" or ""painter""? "
"Write the last letter of the word ""tell"": ","['t', 'e', 'l', 'l']",l,"UTT_BOUNDARY w r i t e W t h e W l a s t W l e t t e r W o f W t h e W w o r d W "" t e l l "" : UTT_BOUNDARY l e l l o w W t o l d W t h e W s t o r y "" : UTT_BOUNDARY","lellow told the story"":"
"Q: What is the last letter of the word ""watch""? A:","['w', 'a', 't', 'c', 'h']",h,"UTT_BOUNDARY q : W w h a t W i s W t h e W l a s t W l e t t e r W o f W t h e W w o r d W "" w a t c h "" ? W a : UTT_BOUNDARY h o w e v e r , W w h e n W t h e W w o r d W "" s","however, when the word ""s"
"Q: What is the last letter of the word ""mouse""? A:","['m', 'o', 'u', 's', 'e']",e,"UTT_BOUNDARY q : W w h a t W i s W t h e W l a s t W l e t t e r W o f W t h e W w o r d W "" m o u s e "" ? W a : UTT_BOUNDARY e a r t h "" ? W a : UTT_BOUNDARY","earth""? a:"
"Q: Which letter does the word ""fit"" end with? A:","['f', 'i', 't']",t,"UTT_BOUNDARY q : W w h i c h W l e t t e r W d o e s W t h e W w o r d W "" f i t "" W e n d W w i t h ? W a : UTT_BOUNDARY t h e n W t h e W w o r d W "" t h e "" ? W a : UTT_BOUNDARY","then the word ""the""? a:"
"Q: Which letter does the word ""thin"" end with? A:","['t', 'h', 'i', 'n']",n,"UTT_BOUNDARY q : W w h i c h W l e t t e r W d o e s W t h e W w o r d W "" t h i n "" W e n d W w i t h ? W a : UTT_BOUNDARY n o i s e "" W o r W "" s t o m a c h "" ? W a : UTT_BOUNDARY","noise"" or ""stomach""? a:"
"Q: What is the last letter of the word ""receptionist""? A:","['r', 'e', 'c', 'e', 'p', 't', 'i', 'o', 'n', 'i', 's', 't']",t,"UTT_BOUNDARY q : W w h a t W i s W t h e W l a s t W l e t t e r W o f W t h e W w o r d W "" r e c e p t i o n i s t "" ? W a : UTT_BOUNDARY n e w s p a p e r "" ? W a : UTT_BOUNDARY","newspaper""? a:"
"Q: Which letter does the word ""duck"" end with? A:","['d', 'u', 'c', 'k']",k,"UTT_BOUNDARY q : W w h i c h W l e t t e r W d o e s W t h e W w o r d W "" d u c k "" W e n d W w i t h ? W a : UTT_BOUNDARY k i n g s "" W o r W "" s h o u l d "" ? W a : UTT_BOUNDARY","kings"" or ""should""? a:"
"Q: What is the last letter of the word ""minute""? A:","['m', 'i', 'n', 'u', 't', 'e']",e,"UTT_BOUNDARY q : W w h a t W i s W t h e W l a s t W l e t t e r W o f W t h e W w o r d W "" m i n u t e "" ? W a : UTT_BOUNDARY e x p l a i n "" ? W a : UTT_BOUNDARY","explain""? a:"
"Q: What is the last letter of the word ""cousin""? A:","['c', 'o', 'u', 's', 'i', 'n']",n,"UTT_BOUNDARY q : W w h a t W i s W t h e W l a s t W l e t t e r W o f W t h e W w o r d W "" c o u s i n "" ? W a : UTT_BOUNDARY r e p o r t e r s "" ? W a : UTT_BOUNDARY","reporters""? a:"
"Q: Which letter does the word ""midnight"" end with? A:","['m', 'i', 'd', 'n', 'i', 'g', 'h', 't']",t,"UTT_BOUNDARY q : W w h i c h W l e t t e r W d o e s W t h e W w o r d W "" m i d n i g h t "" W e n d W w i t h ? W a : UTT_BOUNDARY t o m o r r o w "" W o r W "" w e e k d a y "" ? W a","tomorrow"" or ""weekday""? a"
"Write the last letter of the word ""can"": ","['c', 'a', 'n']",n,"UTT_BOUNDARY w r i t e W t h e W l a s t W l e t t e r W o f W t h e W w o r d W "" c a n "" : UTT_BOUNDARY n o t e b o o k "" : UTT_BOUNDARY","notebook"":"
"Q: What is the last letter of the word ""window""? A:","['w', 'i', 'n', 'd', 'o', 'w']",w,"UTT_BOUNDARY q : W w h a t W i s W t h e W l a s t W l e t t e r W o f W t h e W w o r d W "" w i n d o w "" ? W a : UTT_BOUNDARY r o a d "" ? W a : UTT_BOUNDARY","road""? a:"
"Write the last letter of the word ""healthy"": ","['h', 'e', 'a', 'l', 't', 'h', 'y']",y,"UTT_BOUNDARY w r i t e W t h e W l a s t W l e t t e r W o f W t h e W w o r d W "" h e a l t h y "" : UTT_BOUNDARY y e a r s y a y a a y a y a y a y "" : UTT_BOUNDARY","yearsyayaayayayay"":"
"Write the last letter of the word ""watch"": ","['w', 'a', 't', 'c', 'h']",h,"UTT_BOUNDARY w r i t e W t h e W l a s t W l e t t e r W o f W t h e W w o r d W "" w a t c h "" : UTT_BOUNDARY h a t e W t h e W s t r a n g e r "" : UTT_BOUNDARY","hate the stranger"":"
"Q: What is the last letter of the word ""pig""? A:","['p', 'i', 'g']",g,"UTT_BOUNDARY q : W w h a t W i s W t h e W l a s t W l e t t e r W o f W t h e W w o r d W "" p i g "" ? W a : UTT_BOUNDARY g i r l f r i e n d "" ? W a : UTT_BOUNDARY","girlfriend""? a:"
"Write the last letter of the word ""writing"": ","['w', 'r', 'i', 't', 'i', 'n', 'g']",g,"UTT_BOUNDARY w r i t e W t h e W l a s t W l e t t e r W o f W t h e W w o r d W "" w r i t i n g "" : UTT_BOUNDARY g l a s s e s "" : UTT_BOUNDARY","glasses"":"
"Q: What is the last letter of the word ""beach""? A:","['b', 'e', 'a', 'c', 'h']",h,"UTT_BOUNDARY q : W w h a t W i s W t h e W l a s t W l e t t e r W o f W t h e W w o r d W "" b e a c h "" ? W a : UTT_BOUNDARY h o u s e w i f e "" ? W a : UTT_BOUNDARY","housewife""? a:"
"Q: What is the last letter of the word ""perfect""? A:","['p', 'e', 'r', 'f', 'e', 'c', 't']",t,"UTT_BOUNDARY q : W w h a t W i s W t h e W l a s t W l e t t e r W o f W t h e W w o r d W "" p e r f e c t "" ? W a : UTT_BOUNDARY t h e s e W a r e W m o r e W p r o b a b l y W t",these are more probably t
"Q: Which letter does the word ""west"" end with? A:","['w', 'e', 's', 't']",t,"UTT_BOUNDARY q : W w h i c h W l e t t e r W d o e s W t h e W w o r d W "" w e s t "" W e n d W w i t h ? W a : UTT_BOUNDARY t h e n "" W o r W "" s u b w a y "" ? W a : UTT_BOUNDARY","then"" or ""subway""? a:"
"Q: Which letter does the word ""beginner"" end with? A:","['b', 'e', 'g', 'i', 'n', 'n', 'e', 'r']",r,"UTT_BOUNDARY q : W w h i c h W l e t t e r W d o e s W t h e W w o r d W "" b e g i n n e r "" W e n d W w i t h ? W a : UTT_BOUNDARY r e n t e d "" W o r W "" r e n t "" ? W a : UTT_BOUNDARY","rented"" or ""rent""? a:"
"Write the last letter of the word ""steak"": ","['s', 't', 'e', 'a', 'k']",k,"UTT_BOUNDARY w r i t e W t h e W l a s t W l e t t e r W o f W t h e W w o r d W "" s t e a k "" : UTT_BOUNDARY k a r e n "" : UTT_BOUNDARY","karen"":"
"Q: Which letter does the word ""match"" end with? A:","['m', 'a', 't', 'c', 'h']",h,"UTT_BOUNDARY q : W w h i c h W l e t t e r W d o e s W t h e W w o r d W "" m a t c h "" W e n d W w i t h ? W a : UTT_BOUNDARY h o s p i t a l "" W o r W "" p a r t y "" ? W a : UTT_BOUNDARY","hospital"" or ""party""? a:"
"Q: What is the last letter of the word ""gym""? A:","['g', 'y', 'm']",m,"UTT_BOUNDARY q : W w h a t W i s W t h e W l a s t W l e t t e r W o f W t h e W w o r d W "" g y m "" ? W a : UTT_BOUNDARY y e m e m i a e l "" ? W a : UTT_BOUNDARY","yememiael""? a:"
"Q: Which letter does the word ""thank"" end with? A:","['t', 'h', 'a', 'n', 'k']",k,"UTT_BOUNDARY q : W w h i c h W l e t t e r W d o e s W t h e W w o r d W "" t h a n k "" W e n d W w i t h ? W a : UTT_BOUNDARY k n o w n "" W o r W "" l u n c h t i m e "" ? W a :","known"" or ""lunchtime""? a:"
"Q: Which letter does the word ""hard"" end with? A:","['h', 'a', 'r', 'd']",d,"UTT_BOUNDARY q : W w h i c h W l e t t e r W d o e s W t h e W w o r d W "" h a r d "" W e n d W w i t h ? W a : UTT_BOUNDARY d o c u m e n t s "" W o r W "" s t o r e "" ? W a :","documents"" or ""store""? a:"
"Write the last letter of the word ""agree"": ","['a', 'g', 'r', 'e', 'e']",e,"UTT_BOUNDARY w r i t e W t h e W l a s t W l e t t e r W o f W t h e W w o r d W "" a g r e e "" : UTT_BOUNDARY e x i s t s "" : UTT_BOUNDARY","exists"":"
"Q: Which letter does the word ""carrot"" end with? A:","['c', 'a', 'r', 'r', 'o', 't']",t,"UTT_BOUNDARY q : W w h i c h W l e t t e r W d o e s W t h e W w o r d W "" c a r r o t "" W e n d W w i t h ? W a : UTT_BOUNDARY t o y s ? W a : UTT_BOUNDARY",toys? a:
"Q: What is the last letter of the word ""we""? A:","['w', 'e']",e,"UTT_BOUNDARY q : W w h a t W i s W t h e W l a s t W l e t t e r W o f W t h e W w o r d W "" w e "" ? W a : UTT_BOUNDARY o u t s i d e "" ? W a : UTT_BOUNDARY","outside""? a:"
"Q: What is the last letter of the word ""under""? A:","['u', 'n', 'd', 'e', 'r']",r,"UTT_BOUNDARY q : W w h a t W i s W t h e W l a s t W l e t t e r W o f W t h e W w o r d W "" u n d e r "" ? W a : UTT_BOUNDARY d e c k e r ? W a : UTT_BOUNDARY",decker? a:
"Q: What is the last letter of the word ""loud""? A:","['l', 'o', 'u', 'd']",d,"UTT_BOUNDARY q : W w h a t W i s W t h e W l a s t W l e t t e r W o f W t h e W w o r d W "" l o u d "" ? W a : UTT_BOUNDARY d o u b t f u l l y , W "" d e s p i t e "" W o r W","doubtfully, ""despite"" or "
"Write the last letter of the word ""behind"": ","['b', 'e', 'h', 'i', 'n', 'd']",d,"UTT_BOUNDARY w r i t e W t h e W l a s t W l e t t e r W o f W t h e W w o r d W "" b e h i n d "" : UTT_BOUNDARY d i a r y , W o r W "" c a b i n e t "" ? W a : UTT_BOUNDARY","diary, or ""cabinet""? a:"
"Q: Which letter does the word ""jump"" end with? A:","['j', 'u', 'm', 'p']",p,"UTT_BOUNDARY q : W w h i c h W l e t t e r W d o e s W t h e W w o r d W "" j u m p "" W e n d W w i t h ? W a : UTT_BOUNDARY k e y b o a r d "" W o r W "" s t e a k "" ? W a : UTT_BOUNDARY","keyboard"" or ""steak""? a:"
"Q: Which letter does the word ""ham"" end with? A:","['h', 'a', 'm']",m,"UTT_BOUNDARY q : W w h i c h W l e t t e r W d o e s W t h e W w o r d W "" h a m "" W e n d W w i t h ? W a : UTT_BOUNDARY m a d e m o i s e l l e "" W o r W "" m a d "" ? W a","mademoiselle"" or ""mad""? a"
"Q: Which letter does the word ""big"" end with? A:","['b', 'i', 'g']",g,"UTT_BOUNDARY q : W w h i c h W l e t t e r W d o e s W t h e W w o r d W "" b i g "" W e n d W w i t h ? W a : UTT_BOUNDARY g i r l f r i e n d s "" W o r W "" s i n g u l a r","girlfriends"" or ""singular"
"Q: What is the last letter of the word ""discount""? A:","['d', 'i', 's', 'c', 'o', 'u', 'n', 't']",t,"UTT_BOUNDARY q : W w h a t W i s W t h e W l a s t W l e t t e r W o f W t h e W w o r d W "" d i s c o u n t "" ? W a : UTT_BOUNDARY n e w s p a p e r "" ? W a : UTT_BOUNDARY","newspaper""? a:"
"Q: What is the last letter of the word ""gift""? A:","['g', 'i', 'f', 't']",t,"UTT_BOUNDARY q : W w h a t W i s W t h e W l a s t W l e t t e r W o f W t h e W w o r d W "" g i f t "" ? W a : UTT_BOUNDARY g i f t e d "" ? W a : UTT_BOUNDARY","gifted""? a:"
"Q: What is the last letter of the word ""pencil""? A:","['p', 'e', 'n', 'c', 'i', 'l']",l,"UTT_BOUNDARY q : W w h a t W i s W t h e W l a s t W l e t t e r W o f W t h e W w o r d W "" p e n c i l "" ? W a : UTT_BOUNDARY l e n d "" ? W a : UTT_BOUNDARY","lend""? a:"
"Q: Which letter does the word ""staff"" end with? A:","['s', 't', 'a', 'f', 'f']",f,"UTT_BOUNDARY q : W w h i c h W l e t t e r W d o e s W t h e W w o r d W "" s t a f f "" W e n d W w i t h ? W a : UTT_BOUNDARY s t a f f ? W a : UTT_BOUNDARY",staff? a:
"Q: Which letter does the word ""mirror"" end with? A:","['m', 'i', 'r', 'r', 'o', 'r']",r,"UTT_BOUNDARY q : W w h i c h W l e t t e r W d o e s W t h e W w o r d W "" m i r r o r "" W e n d W w i t h ? W a : UTT_BOUNDARY r o a s t "" W o r W "" m i x "" ? W a : UTT_BOUNDARY","roast"" or ""mix""? a:"
"Write the last letter of the word ""east"": ","['e', 'a', 's', 't']",t,"UTT_BOUNDARY w r i t e W t h e W l a s t W l e t t e r W o f W t h e W w o r d W "" e a s t "" : UTT_BOUNDARY t o w n "" : UTT_BOUNDARY","town"":"
"Write the last letter of the word ""useful"": ","['u', 's', 'e', 'f', 'u', 'l']",l,"UTT_BOUNDARY w r i t e W t h e W l a s t W l e t t e r W o f W t h e W w o r d W "" u s e f u l "" : UTT_BOUNDARY l u g g a g e "" : UTT_BOUNDARY","luggage"":"
"Q: Which letter does the word ""workbook"" end with? A:","['w', 'o', 'r', 'k', 'b', 'o', 'o', 'k']",k,"UTT_BOUNDARY q : W w h i c h W l e t t e r W d o e s W t h e W w o r d W "" w o r k b o o k "" W e n d W w i t h ? W a : UTT_BOUNDARY k i t e n W a n d W "" k e y b o a r d "" W w h i c","kiten and ""keyboard"" whic"
"Write the last letter of the word ""brother"": ","['b', 'r', 'o', 't', 'h', 'e', 'r']",r,"UTT_BOUNDARY w r i t e W t h e W l a s t W l e t t e r W o f W t h e W w o r d W "" b r o t h e r "" : UTT_BOUNDARY r e m e m b e r e d "" : UTT_BOUNDARY","remembered"":"
"Write the last letter of the word ""idea"": ","['i', 'd', 'e', 'a']",a,"UTT_BOUNDARY w r i t e W t h e W l a s t W l e t t e r W o f W t h e W w o r d W "" i d e a "" : UTT_BOUNDARY p h o n e "" : UTT_BOUNDARY","phone"":"
"Write the last letter of the word ""tired"": ","['t', 'i', 'r', 'e', 'd']",d,"UTT_BOUNDARY w r i t e W t h e W l a s t W l e t t e r W o f W t h e W w o r d W "" t i r e d "" : UTT_BOUNDARY d i r t y "" : UTT_BOUNDARY","dirty"":"
"Q: What is the last letter of the word ""alone""? A:","['a', 'l', 'o', 'n', 'e']",e,"UTT_BOUNDARY q : W w h a t W i s W t h e W l a s t W l e t t e r W o f W t h e W w o r d W "" a l o n e "" ? W a : UTT_BOUNDARY e x c e l l e n t "" ? W a : UTT_BOUNDARY","excellent""? a:"
"Write the last letter of the word ""photographer"": ","['p', 'h', 'o', 't', 'o', 'g', 'r', 'a', 'p', 'h', 'e', 'r']",r,"UTT_BOUNDARY w r i t e W t h e W l a s t W l e t t e r W o f W t h e W w o r d W "" p h o t o g r a p h e r "" : UTT_BOUNDARY r e c o r d s "" : UTT_BOUNDARY","records"":"
"Write the last letter of the word ""better"": ","['b', 'e', 't', 't', 'e', 'r']",r,"UTT_BOUNDARY w r i t e W t h e W l a s t W l e t t e r W o f W t h e W w o r d W "" b e t t e r "" : UTT_BOUNDARY r e s t r o o m e r s "" : UTT_BOUNDARY","restroomers"":"
"Write the last letter of the word ""afternoon"": ","['a', 'f', 't', 'e', 'r', 'n', 'o', 'o', 'n']",n,"UTT_BOUNDARY w r i t e W t h e W l a s t W l e t t e r W o f W t h e W w o r d W "" a f t e r n o o n "" : UTT_BOUNDARY n i g h t "" : UTT_BOUNDARY","night"":"
"Q: What is the last letter of the word ""dancer""? A:","['d', 'a', 'n', 'c', 'e', 'r']",r,"UTT_BOUNDARY q : W w h a t W i s W t h e W l a s t W l e t t e r W o f W t h e W w o r d W "" d a n c e r "" ? W a : UTT_BOUNDARY r a c e c a r e a "" ? W a : UTT_BOUNDARY","racecarea""? a:"
"Q: Which letter does the word ""so"" end with? A:","['s', 'o']",o,"UTT_BOUNDARY q : W w h i c h W l e t t e r W d o e s W t h e W w o r d W "" s o "" W e n d W w i t h ? W a : UTT_BOUNDARY o u t s i d e "" W o r W "" s t a g e "" ? W a : UTT_BOUNDARY","outside"" or ""stage""? a:"
"Write the last letter of the word ""where"": ","['w', 'h', 'e', 'r', 'e']",e,"UTT_BOUNDARY w r i t e W t h e W l a s t W l e t t e r W o f W t h e W w o r d W "" w h e r e "" : UTT_BOUNDARY e x p l o r e "" : UTT_BOUNDARY","explore"":"
"Q: What is the last letter of the word ""skiing""? A:","['s', 'k', 'i', 'i', 'n', 'g']",g,"UTT_BOUNDARY q : W w h a t W i s W t h e W l a s t W l e t t e r W o f W t h e W w o r d W "" s k i i n g "" ? W a : UTT_BOUNDARY g r o w l i n g "" ? W a : UTT_BOUNDARY","growling""? a:"
"Write the last letter of the word ""simple"": ","['s', 'i', 'm', 'p', 'l', 'e']",e,"UTT_BOUNDARY w r i t e W t h e W l a s t W l e t t e r W o f W t h e W w o r d W "" s i m p l e "" : UTT_BOUNDARY e x p l a i n a t i o n "" : UTT_BOUNDARY","explaination"":"
"Q: What is the last letter of the word ""notebook""? A:","['n', 'o', 't', 'e', 'b', 'o', 'o', 'k']",k,"UTT_BOUNDARY q : W w h a t W i s W t h e W l a s t W l e t t e r W o f W t h e W w o r d W "" n o t e b o o k "" ? W a : UTT_BOUNDARY k e y b o a r d "" ? W a : UTT_BOUNDARY","keyboard""? a:"
"Q: Which letter does the word ""notes"" end with? A:","['n', 'o', 't', 'e', 's']",s,"UTT_BOUNDARY q : W w h i c h W l e t t e r W d o e s W t h e W w o r d W "" n o t e s "" W e n d W w i t h ? W a : UTT_BOUNDARY s e n d "" W o r W "" p o l i t e "" ? W a : UTT_BOUNDARY","send"" or ""polite""? a:"
"Q: What is the last letter of the word ""blouse""? A:","['b', 'l', 'o', 'u', 's', 'e']",e,"UTT_BOUNDARY q : W w h a t W i s W t h e W l a s t W l e t t e r W o f W t h e W w o r d W "" b l o u s e "" ? W a : UTT_BOUNDARY e x c e p t "" ? W a : UTT_BOUNDARY","except""? a:"
"Write the last letter of the word ""deep"": ","['d', 'e', 'e', 'p']",p,"UTT_BOUNDARY w r i t e W t h e W l a s t W l e t t e r W o f W t h e W w o r d W "" d e e p "" : UTT_BOUNDARY e y e s "" : UTT_BOUNDARY","eyes"":"
"Q: Which letter does the word ""smoking"" end with? A:","['s', 'm', 'o', 'k', 'i', 'n', 'g']",g,"UTT_BOUNDARY q : W w h i c h W l e t t e r W d o e s W t h e W w o r d W "" s m o k i n g "" W e n d W w i t h ? W a : UTT_BOUNDARY g m a a s t i t s a "" W o r W "" s i n g u l a r ""","gmaastitsa"" or ""singular"""
"Write the last letter of the word ""vacation"": ","['v', 'a', 'c', 'a', 't', 'i', 'o', 'n']",n,"UTT_BOUNDARY w r i t e W t h e W l a s t W l e t t e r W o f W t h e W w o r d W "" v a c a t i o n "" : UTT_BOUNDARY n o t e s : UTT_BOUNDARY",notes:
"Q: Which letter does the word ""wind"" end with? A:","['w', 'i', 'n', 'd']",d,"UTT_BOUNDARY q : W w h i c h W l e t t e r W d o e s W t h e W w o r d W "" w i n d "" W e n d W w i t h ? W a : UTT_BOUNDARY d o c u m e n t s ? W a : UTT_BOUNDARY",documents? a:
"Q: Which letter does the word ""bus"" end with? A:","['b', 'u', 's']",s,"UTT_BOUNDARY q : W w h i c h W l e t t e r W d o e s W t h e W w o r d W "" b u s "" W e n d W w i t h ? W a : UTT_BOUNDARY d o u b l e s o m e "" W o r W "" s t o m a c h "" ?","doublesome"" or ""stomach""?"
"Q: What is the last letter of the word ""short""? A:","['s', 'h', 'o', 'r', 't']",t,"UTT_BOUNDARY q : W w h a t W i s W t h e W l a s t W l e t t e r W o f W t h e W w o r d W "" s h o r t "" ? W a : UTT_BOUNDARY t h e m s e l v e s "" ? W a : UTT_BOUNDARY","themselves""? a:"
"Q: What is the last letter of the word ""winner""? A:","['w', 'i', 'n', 'n', 'e', 'r']",r,"UTT_BOUNDARY q : W w h a t W i s W t h e W l a s t W l e t t e r W o f W t h e W w o r d W "" w i n n e r "" ? W a : UTT_BOUNDARY r e c o r d s "" ? W a : UTT_BOUNDARY","records""? a:"
"Q: Which letter does the word ""salad"" end with? A:","['s', 'a', 'l', 'a', 'd']",d,"UTT_BOUNDARY q : W w h i c h W l e t t e r W d o e s W t h e W w o r d W "" s a l a d "" W e n d W w i t h ? W a : UTT_BOUNDARY d i p l o m a t i c "" ? W a : UTT_BOUNDARY","diplomatic""? a:"
"Q: Which letter does the word ""exercise"" end with? A:","['e', 'x', 'e', 'r', 'c', 'i', 's', 'e']",e,"UTT_BOUNDARY q : W w h i c h W l e t t e r W d o e s W t h e W w o r d W "" e x e r c i s e "" W e n d W w i t h ? W a : UTT_BOUNDARY e x e r c i s e "" W o r W "" s t o r e "" ? W a : UTT_BOUNDARY","exercise"" or ""store""? a:"
"Q: What is the last letter of the word ""hotel""? A:","['h', 'o', 't', 'e', 'l']",l,"UTT_BOUNDARY q : W w h a t W i s W t h e W l a s t W l e t t e r W o f W t h e W w o r d W "" h o t e l "" ? W a : UTT_BOUNDARY l e t t e r "" ? W a : UTT_BOUNDARY","letter""? a:"
"Write the last letter of the word ""wheel"": ","['w', 'h', 'e', 'e', 'l']",l,"UTT_BOUNDARY w r i t e W t h e W l a s t W l e t t e r W o f W t h e W w o r d W "" w h e e l "" : UTT_BOUNDARY l e v e l "" : UTT_BOUNDARY","level"":"
"Write the last letter of the word ""basketball"": ","['b', 'a', 's', 'k', 'e', 't', 'b', 'a', 'l', 'l']",l,"UTT_BOUNDARY w r i t e W t h e W l a s t W l e t t e r W o f W t h e W w o r d W "" b a s k e t b a l l "" : UTT_BOUNDARY l a s t W w o r d W "" s o f t w a r e "" : UTT_BOUNDARY","last word ""software"":"
"Q: What is the last letter of the word ""present""? A:","['p', 'r', 'e', 's', 'e', 'n', 't']",t,"UTT_BOUNDARY q : W w h a t W i s W t h e W l a s t W l e t t e r W o f W t h e W w o r d W "" p r e s e n t "" ? W a : UTT_BOUNDARY t r e n d e d "" ? W a : UTT_BOUNDARY","trended""? a:"
"Write the last letter of the word ""mad"": ","['m', 'a', 'd']",d,"UTT_BOUNDARY w r i t e W t h e W l a s t W l e t t e r W o f W t h e W w o r d W "" m a d "" : UTT_BOUNDARY d a d a "" : UTT_BOUNDARY","dada"":"
"Write the last letter of the word ""take"": ","['t', 'a', 'k', 'e']",e,"UTT_BOUNDARY w r i t e W t h e W l a s t W l e t t e r W o f W t h e W w o r d W "" t a k e "" : UTT_BOUNDARY e a c h "" : UTT_BOUNDARY","each"":"
"Q: Which letter does the word ""singing"" end with? A:","['s', 'i', 'n', 'g', 'i', 'n', 'g']",g,"UTT_BOUNDARY q : W w h i c h W l e t t e r W d o e s W t h e W w o r d W "" s i n g i n g "" W e n d W w i t h ? W a : UTT_BOUNDARY g i r l f r i e n d "" ? W a : UTT_BOUNDARY","girlfriend""? a:"
"Q: What is the last letter of the word ""bike""? A:","['b', 'i', 'k', 'e']",e,"UTT_BOUNDARY q : W w h a t W i s W t h e W l a s t W l e t t e r W o f W t h e W w o r d W "" b i k e "" ? W a : UTT_BOUNDARY e x p l o r e r s ? W a : UTT_BOUNDARY",explorers? a:
"Write the last letter of the word ""salad"": ","['s', 'a', 'l', 'a', 'd']",d,"UTT_BOUNDARY w r i t e W t h e W l a s t W l e t t e r W o f W t h e W w o r d W "" s a l a d "" : UTT_BOUNDARY d a u g h t e r "" : UTT_BOUNDARY","daughter"":"
"Q: Which letter does the word ""nationality"" end with? A:","['n', 'a', 't', 'i', 'o', 'n', 'a', 'l', 'i', 't', 'y']",y,"UTT_BOUNDARY q : W w h i c h W l e t t e r W d o e s W t h e W w o r d W "" n a t i o n a l i t y "" W e n d W w i t h ? W a : UTT_BOUNDARY y o r k "" W o r W "" y o u n g "" ? W a : UTT_BOUNDARY","york"" or ""young""? a:"
"Write the last letter of the word ""serve"": ","['s', 'e', 'r', 'v', 'e']",e,"UTT_BOUNDARY w r i t e W t h e W l a s t W l e t t e r W o f W t h e W w o r d W "" s e r v e "" : UTT_BOUNDARY e x e c u t i v e "" : UTT_BOUNDARY","executive"":"
"Q: Which letter does the word ""large"" end with? A:","['l', 'a', 'r', 'g', 'e']",e,"UTT_BOUNDARY q : W w h i c h W l e t t e r W d o e s W t h e W w o r d W "" l a r g e "" W e n d W w i t h ? W a : UTT_BOUNDARY e x p l o r e r s "" ? W a : UTT_BOUNDARY","explorers""? a:"
"Q: What is the last letter of the word ""conversation""? A:","['c', 'o', 'n', 'v', 'e', 'r', 's', 'a', 't', 'i', 'o', 'n']",n,"UTT_BOUNDARY q : W w h a t W i s W t h e W l a s t W l e t t e r W o f W t h e W w o r d W "" c o n v e r s a t i o n "" ? W a : UTT_BOUNDARY n o v e m b e r "" ? W a : UTT_BOUNDARY","november""? a:"
"Q: Which letter does the word ""above"" end with? A:","['a', 'b', 'o', 'v', 'e']",e,"UTT_BOUNDARY q : W w h i c h W l e t t e r W d o e s W t h e W w o r d W "" a b o v e "" W e n d W w i t h ? W a : UTT_BOUNDARY e x p l a i n s W t h e W w o r d W "" s t a i n ""","explains the word ""stain"""
"Q: What is the last letter of the word ""always""? A:","['a', 'l', 'w', 'a', 'y', 's']",s,"UTT_BOUNDARY q : W w h a t W i s W t h e W l a s t W l e t t e r W o f W t h e W w o r d W "" a l w a y s "" ? W a : UTT_BOUNDARY w o r d s "" ? W a : UTT_BOUNDARY","words""? a:"
"Write the last letter of the word ""ride"": ","['r', 'i', 'd', 'e']",e,"UTT_BOUNDARY w r i t e W t h e W l a s t W l e t t e r W o f W t h e W w o r d W "" r i d e "" : UTT_BOUNDARY e l e v a t o r "" : UTT_BOUNDARY","elevator"":"
"Q: Which letter does the word ""grandpa"" end with? A:","['g', 'r', 'a', 'n', 'd', 'p', 'a']",a,"UTT_BOUNDARY q : W w h i c h W l e t t e r W d o e s W t h e W w o r d W "" g r a n d p a "" W e n d W w i t h ? W a : UTT_BOUNDARY a m a n d a "" s "" W o r W "" c a r e f u l "" ? W a","amanda""s"" or ""careful""? a"
"Write the last letter of the word ""receptionist"": ","['r', 'e', 'c', 'e', 'p', 't', 'i', 'o', 'n', 'i', 's', 't']",t,"UTT_BOUNDARY w r i t e W t h e W l a s t W l e t t e r W o f W t h e W w o r d W "" r e c e p t i o n i s t "" : UTT_BOUNDARY t h e s e W d o c u m e n t s W a r e W m o r e W",these documents are more 
"Q: What is the last letter of the word ""often""? A:","['o', 'f', 't', 'e', 'n']",n,"UTT_BOUNDARY q : W w h a t W i s W t h e W l a s t W l e t t e r W o f W t h e W w o r d W "" o f t e n "" ? W a : UTT_BOUNDARY n e w s ? W a : UTT_BOUNDARY",news? a:
"Q: What is the last letter of the word ""its""? A:","['i', 't', 's']",s,"UTT_BOUNDARY q : W w h a t W i s W t h e W l a s t W l e t t e r W o f W t h e W w o r d W "" i t s "" ? W a : UTT_BOUNDARY h a i r y W l e a f l e t "" ? W a : UTT_BOUNDARY","hairy leaflet""? a:"
"Q: What is the last letter of the word ""honey""? A:","['h', 'o', 'n', 'e', 'y']",y,"UTT_BOUNDARY q : W w h a t W i s W t h e W l a s t W l e t t e r W o f W t h e W w o r d W "" h o n e y "" ? W a : UTT_BOUNDARY y o u n g "" ? W a : UTT_BOUNDARY","young""? a:"
"Write the last letter of the word ""memory"": ","['m', 'e', 'm', 'o', 'r', 'y']",y,"UTT_BOUNDARY w r i t e W t h e W l a s t W l e t t e r W o f W t h e W w o r d W "" m e m o r y "" : UTT_BOUNDARY y e s t e r d a y "" : UTT_BOUNDARY","yesterday"":"
"Q: Which letter does the word ""size"" end with? A:","['s', 'i', 'z', 'e']",e,"UTT_BOUNDARY q : W w h i c h W l e t t e r W d o e s W t h e W w o r d W "" s i z e "" W e n d W w i t h ? W a : UTT_BOUNDARY e x i t W o n e "" ? W a : UTT_BOUNDARY","exit one""? a:"
"Q: Which letter does the word ""weather"" end with? A:","['w', 'e', 'a', 't', 'h', 'e', 'r']",r,"UTT_BOUNDARY q : W w h i c h W l e t t e r W d o e s W t h e W w o r d W "" w e a t h e r "" W e n d W w i t h ? W a : UTT_BOUNDARY r e s t r o o m e r s ? W a : UTT_BOUNDARY",restroomers? a:
"Q: What is the last letter of the word ""paint""? A:","['p', 'a', 'i', 'n', 't']",t,"UTT_BOUNDARY q : W w h a t W i s W t h e W l a s t W l e t t e r W o f W t h e W w o r d W "" p a i n t "" ? W a : UTT_BOUNDARY t h e m s e l v e s "" ? W a : UTT_BOUNDARY","themselves""? a:"
"Q: Which letter does the word ""balloon"" end with? A:","['b', 'a', 'l', 'l', 'o', 'o', 'n']",n,"UTT_BOUNDARY q : W w h i c h W l e t t e r W d o e s W t h e W w o r d W "" b a l l o o n "" W e n d W w i t h ? W a : UTT_BOUNDARY h a l l o w e e n "" ? W a : UTT_BOUNDARY","halloween""? a:"
"Q: Which letter does the word ""learn"" end with? A:","['l', 'e', 'a', 'r', 'n']",n,"UTT_BOUNDARY q : W w h i c h W l e t t e r W d o e s W t h e W w o r d W "" l e a r n "" W e n d W w i t h ? W a : UTT_BOUNDARY n a t u r e "" ? W a : UTT_BOUNDARY","nature""? a:"
"Q: What is the last letter of the word ""travel""? A:","['t', 'r', 'a', 'v', 'e', 'l']",l,"UTT_BOUNDARY q : W w h a t W i s W t h e W l a s t W l e t t e r W o f W t h e W w o r d W "" t r a v e l "" ? W a : UTT_BOUNDARY l a s t a r z a "" ? W a : UTT_BOUNDARY","lastarza""? a:"
"Q: Which letter does the word ""morning"" end with? A:","['m', 'o', 'r', 'n', 'i', 'n', 'g']",g,"UTT_BOUNDARY q : W w h i c h W l e t t e r W d o e s W t h e W w o r d W "" m o r n i n g "" W e n d W w i t h ? W a : UTT_BOUNDARY g r e a t "" W o r W "" s t a y "" ? W a : UTT_BOUNDARY","great"" or ""stay""? a:"
"Write the last letter of the word ""yet"": ","['y', 'e', 't']",t,"UTT_BOUNDARY w r i t e W t h e W l a s t W l e t t e r W o f W t h e W w o r d W "" y e t "" : UTT_BOUNDARY t e n t "" : UTT_BOUNDARY","tent"":"
"Q: What is the last letter of the word ""snack""? A:","['s', 'n', 'a', 'c', 'k']",k,"UTT_BOUNDARY q : W w h a t W i s W t h e W l a s t W l e t t e r W o f W t h e W w o r d W "" s n a c k "" ? W a : UTT_BOUNDARY k n i f e , W "" s h i r t "" , W "" s o c k s "" , W","knife, ""shirt"", ""socks"", "
"Write the last letter of the word ""pet"": ","['p', 'e', 't']",t,"UTT_BOUNDARY w r i t e W t h e W l a s t W l e t t e r W o f W t h e W w o r d W "" p e t "" : UTT_BOUNDARY t e e n a g e r "" : UTT_BOUNDARY","teenager"":"
"Q: What is the last letter of the word ""kid""? A:","['k', 'i', 'd']",d,"UTT_BOUNDARY q : W w h a t W i s W t h e W l a s t W l e t t e r W o f W t h e W w o r d W "" k i d "" ? W a : UTT_BOUNDARY k i d s "" ? W a : UTT_BOUNDARY","kids""? a:"
"Q: What is the last letter of the word ""engineer""? A:","['e', 'n', 'g', 'i', 'n', 'e', 'e', 'r']",r,"UTT_BOUNDARY q : W w h a t W i s W t h e W l a s t W l e t t e r W o f W t h e W w o r d W "" e n g i n e e r "" ? W a : UTT_BOUNDARY r e g i s t r a t i o n "" ? W a : UTT_BOUNDARY","registration""? a:"
"Q: Which letter does the word ""place"" end with? A:","['p', 'l', 'a', 'c', 'e']",e,"UTT_BOUNDARY q : W w h i c h W l e t t e r W d o e s W t h e W w o r d W "" p l a c e "" W e n d W w i t h ? W a : UTT_BOUNDARY e n d e d "" W o r W "" s t a g e "" ? W a : UTT_BOUNDARY","ended"" or ""stage""? a:"
"Q: Which letter does the word ""party"" end with? A:","['p', 'a', 'r', 't', 'y']",y,"UTT_BOUNDARY q : W w h i c h W l e t t e r W d o e s W t h e W w o r d W "" p a r t y "" W e n d W w i t h ? W a : UTT_BOUNDARY y o r k "" W o r W "" p a r t y "" ? W a : UTT_BOUNDARY","york"" or ""party""? a:"
"Q: What is the last letter of the word ""nationality""? A:","['n', 'a', 't', 'i', 'o', 'n', 'a', 'l', 'i', 't', 'y']",y,"UTT_BOUNDARY q : W w h a t W i s W t h e W l a s t W l e t t e r W o f W t h e W w o r d W "" n a t i o n a l i t y "" ? W a : UTT_BOUNDARY y e a r b o o k s ? W a : UTT_BOUNDARY",yearbooks? a:
"Write the last letter of the word ""milk"": ","['m', 'i', 'l', 'k']",k,"UTT_BOUNDARY w r i t e W t h e W l a s t W l e t t e r W o f W t h e W w o r d W "" m i l k "" : UTT_BOUNDARY k i l o g r a m "" : UTT_BOUNDARY","kilogram"":"
"Q: Which letter does the word ""fantastic"" end with? A:","['f', 'a', 'n', 't', 'a', 's', 't', 'i', 'c']",c,"UTT_BOUNDARY q : W w h i c h W l e t t e r W d o e s W t h e W w o r d W "" f a n t a s t i c "" W e n d W w i t h ? W a : UTT_BOUNDARY o b j e c t i o n s W t o W t h e W w o r d W "" s","objections to the word ""s"
"Q: Which letter does the word ""dinosaur"" end with? A:","['d', 'i', 'n', 'o', 's', 'a', 'u', 'r']",r,"UTT_BOUNDARY q : W w h i c h W l e t t e r W d o e s W t h e W w o r d W "" d i n o s a u r "" W e n d W w i t h ? W a : UTT_BOUNDARY r o a s t "" W o r W "" c h a i n "" ? W a : UTT_BOUNDARY","roast"" or ""chain""? a:"
"Write the last letter of the word ""sea"": ","['s', 'e', 'a']",a,"UTT_BOUNDARY w r i t e W t h e W l a s t W l e t t e r W o f W t h e W w o r d W "" s e a "" : UTT_BOUNDARY e a c h "" : UTT_BOUNDARY","each"":"
"Write the last letter of the word ""read"": ","['r', 'e', 'a', 'd']",d,"UTT_BOUNDARY w r i t e W t h e W l a s t W l e t t e r W o f W t h e W w o r d W "" r e a d "" : UTT_BOUNDARY d i r e c t i o n s "" : UTT_BOUNDARY","directions"":"
"Q: What is the last letter of the word ""yard""? A:","['y', 'a', 'r', 'd']",d,"UTT_BOUNDARY q : W w h a t W i s W t h e W l a s t W l e t t e r W o f W t h e W w o r d W "" y a r d "" ? W a : UTT_BOUNDARY y a r d "" ? W a : UTT_BOUNDARY","yard""? a:"
"Write the last letter of the word ""make"": ","['m', 'a', 'k', 'e']",e,"UTT_BOUNDARY w r i t e W t h e W l a s t W l e t t e r W o f W t h e W w o r d W "" m a k e "" : UTT_BOUNDARY e a t e n "" : UTT_BOUNDARY","eaten"":"
"Write the last letter of the word ""cousin"": ","['c', 'o', 'u', 's', 'i', 'n']",n,"UTT_BOUNDARY w r i t e W t h e W l a s t W l e t t e r W o f W t h e W w o r d W "" c o u s i n "" : UTT_BOUNDARY n e p h e w "" : UTT_BOUNDARY","nephew"":"
"Q: Which letter does the word ""upset"" end with? A:","['u', 'p', 's', 'e', 't']",t,"UTT_BOUNDARY q : W w h i c h W l e t t e r W d o e s W t h e W w o r d W "" u p s e t "" W e n d W w i t h ? W a : UTT_BOUNDARY t o m a t o "" W o r W "" s t o p "" ? W a : UTT_BOUNDARY","tomato"" or ""stop""? a:"
"Q: Which letter does the word ""world"" end with? A:","['w', 'o', 'r', 'l', 'd']",d,"UTT_BOUNDARY q : W w h i c h W l e t t e r W d o e s W t h e W w o r d W "" w o r l d "" W e n d W w i t h ? W a : UTT_BOUNDARY d o c u m e n t s "" W o r W "" s t r o n g "" ? W a","documents"" or ""strong""? a"
"Write the last letter of the word ""foreign"": ","['f', 'o', 'r', 'e', 'i', 'g', 'n']",n,"UTT_BOUNDARY w r i t e W t h e W l a s t W l e t t e r W o f W t h e W w o r d W "" f o r e i g n "" : UTT_BOUNDARY n e i g h b o r h o o d "" : UTT_BOUNDARY","neighborhood"":"
"Q: What is the last letter of the word ""big""? A:","['b', 'i', 'g']",g,"UTT_BOUNDARY q : W w h a t W i s W t h e W l a s t W l e t t e r W o f W t h e W w o r d W "" b i g "" ? W a : UTT_BOUNDARY g i g a n t i c "" ? W a : UTT_BOUNDARY","gigantic""? a:"
"Q: What is the last letter of the word ""fog""? A:","['f', 'o', 'g']",g,"UTT_BOUNDARY q : W w h a t W i s W t h e W l a s t W l e t t e r W o f W t h e W w o r d W "" f o g "" ? W a : UTT_BOUNDARY n o b o d y "" ? W a : UTT_BOUNDARY","nobody""? a:"
"Q: What is the last letter of the word ""hurt""? A:","['h', 'u', 'r', 't']",t,"UTT_BOUNDARY q : W w h a t W i s W t h e W l a s t W l e t t e r W o f W t h e W w o r d W "" h u r t "" ? W a : UTT_BOUNDARY t h u n d e r s t o r m "" ? W a : UTT_BOUNDARY","thunderstorm""? a:"
"Q: What is the last letter of the word ""coat""? A:","['c', 'o', 'a', 't']",t,"UTT_BOUNDARY q : W w h a t W i s W t h e W l a s t W l e t t e r W o f W t h e W w o r d W "" c o a t "" ? W a : UTT_BOUNDARY t h e n W t h e r e W a r e W m o r e W c h e m i",then there are more chemi
"Q: Which letter does the word ""south"" end with? A:","['s', 'o', 'u', 't', 'h']",h,"UTT_BOUNDARY q : W w h i c h W l e t t e r W d o e s W t h e W w o r d W "" s o u t h "" W e n d W w i t h ? W a : UTT_BOUNDARY h o u s e w i f e "" ? W a : UTT_BOUNDARY","housewife""? a:"
"Write the last letter of the word ""really"": ","['r', 'e', 'a', 'l', 'l', 'y']",y,"UTT_BOUNDARY w r i t e W t h e W l a s t W l e t t e r W o f W t h e W w o r d W "" r e a l l y "" : UTT_BOUNDARY y e a h , W y e a h , W y e a h , W y e a h , W y","yeah, yeah, yeah, yeah, y"
"Q: Which letter does the word ""long"" end with? A:","['l', 'o', 'n', 'g']",g,"UTT_BOUNDARY q : W w h i c h W l e t t e r W d o e s W t h e W w o r d W "" l o n g "" W e n d W w i t h ? W a : UTT_BOUNDARY n e c k l a c e a n "" W o r W "" s p e c i a l "" ?","necklacean"" or ""special""?"
"Q: Which letter does the word ""yard"" end with? A:","['y', 'a', 'r', 'd']",d,"UTT_BOUNDARY q : W w h i c h W l e t t e r W d o e s W t h e W w o r d W "" y a r d "" W e n d W w i t h ? W a : UTT_BOUNDARY y a r d W a n d W t h e W w o r d W "" t h e "" ? W","yard and the word ""the""? "
"Q: What is the last letter of the word ""meat""? A:","['m', 'e', 'a', 't']",t,"UTT_BOUNDARY q : W w h a t W i s W t h e W l a s t W l e t t e r W o f W t h e W w o r d W "" m e a t "" ? W a : UTT_BOUNDARY t h e m s e l v e s "" ? W a : UTT_BOUNDARY","themselves""? a:"
"Write the last letter of the word ""carrot"": ","['c', 'a', 'r', 'r', 'o', 't']",t,"UTT_BOUNDARY w r i t e W t h e W l a s t W l e t t e r W o f W t h e W w o r d W "" c a r r o t "" : UTT_BOUNDARY t o y s "" : UTT_BOUNDARY","toys"":"
"Q: Which letter does the word ""comb"" end with? A:","['c', 'o', 'm', 'b']",b,"UTT_BOUNDARY q : W w h i c h W l e t t e r W d o e s W t h e W w o r d W "" c o m b "" W e n d W w i t h ? W a : UTT_BOUNDARY g r a m m a r "" W o r W "" s t a d i u m "" ? W a :","grammar"" or ""stadium""? a:"
"Q: What is the last letter of the word ""pizza""? A:","['p', 'i', 'z', 'z', 'a']",a,"UTT_BOUNDARY q : W w h a t W i s W t h e W l a s t W l e t t e r W o f W t h e W w o r d W "" p i z z a "" ? W a : UTT_BOUNDARY a p p l e s "" ? W a : UTT_BOUNDARY","apples""? a:"
"Q: What is the last letter of the word ""cheese""? A:","['c', 'h', 'e', 'e', 's', 'e']",e,"UTT_BOUNDARY q : W w h a t W i s W t h e W l a s t W l e t t e r W o f W t h e W w o r d W "" c h e e s e "" ? W a : UTT_BOUNDARY e x c e l l e n t W w o r k e r s "" , W "" c a r ""","excellent workers"", ""car"""
"Write the last letter of the word ""however"": ","['h', 'o', 'w', 'e', 'v', 'e', 'r']",r,"UTT_BOUNDARY w r i t e W t h e W l a s t W l e t t e r W o f W t h e W w o r d W "" h o w e v e r "" : UTT_BOUNDARY r e a s o n "" : UTT_BOUNDARY","reason"":"
"Q: Which letter does the word ""street"" end with? A:","['s', 't', 'r', 'e', 'e', 't']",t,"UTT_BOUNDARY q : W w h i c h W l e t t e r W d o e s W t h e W w o r d W "" s t r e e t "" W e n d W w i t h ? W a : UTT_BOUNDARY t o w e l "" ? W a : UTT_BOUNDARY","towel""? a:"
"Q: What is the last letter of the word ""everyone""? A:","['e', 'v', 'e', 'r', 'y', 'o', 'n', 'e']",e,"UTT_BOUNDARY q : W w h a t W i s W t h e W l a s t W l e t t e r W o f W t h e W w o r d W "" e v e r y o n e "" ? W a : UTT_BOUNDARY e v e r y o n e "" , W w h i c h W w o r d W c o m","everyone"", which word com"
"Q: Which letter does the word ""guest"" end with? A:","['g', 'u', 'e', 's', 't']",t,"UTT_BOUNDARY q : W w h i c h W l e t t e r W d o e s W t h e W w o r d W "" g u e s t "" W e n d W w i t h ? W a : UTT_BOUNDARY g u e s t s "" W o r W "" s t a n d "" ? W a : UTT_BOUNDARY","guests"" or ""stand""? a:"
"Q: Which letter does the word ""give"" end with? A:","['g', 'i', 'v', 'e']",e,"UTT_BOUNDARY q : W w h i c h W l e t t e r W d o e s W t h e W w o r d W "" g i v e "" W e n d W w i t h ? W a : UTT_BOUNDARY e x p l a i n "" W o r W "" s u r e "" ? W a : UTT_BOUNDARY","explain"" or ""sure""? a:"
"Write the last letter of the word ""grammar"": ","['g', 'r', 'a', 'm', 'm', 'a', 'r']",r,"UTT_BOUNDARY w r i t e W t h e W l a s t W l e t t e r W o f W t h e W w o r d W "" g r a m m a r "" : UTT_BOUNDARY r a i l r o a d "" : UTT_BOUNDARY","railroad"":"
"Q: What is the last letter of the word ""chicken""? A:","['c', 'h', 'i', 'c', 'k', 'e', 'n']",n,"UTT_BOUNDARY q : W w h a t W i s W t h e W l a s t W l e t t e r W o f W t h e W w o r d W "" c h i c k e n "" ? W a : UTT_BOUNDARY n e c k l a c e "" ? W a : UTT_BOUNDARY","necklace""? a:"
"Q: What is the last letter of the word ""banking""? A:","['b', 'a', 'n', 'k', 'i', 'n', 'g']",g,"UTT_BOUNDARY q : W w h a t W i s W t h e W l a s t W l e t t e r W o f W t h e W w o r d W "" b a n k i n g "" ? W a : UTT_BOUNDARY g r o u p "" ? W a : UTT_BOUNDARY","group""? a:"
"Q: Which letter does the word ""diploma"" end with? A:","['d', 'i', 'p', 'l', 'o', 'm', 'a']",a,"UTT_BOUNDARY q : W w h i c h W l e t t e r W d o e s W t h e W w o r d W "" d i p l o m a "" W e n d W w i t h ? W a : UTT_BOUNDARY e x i t W a t W t h e W e n d "" ? W a : UTT_BOUNDARY","exit at the end""? a:"
"Q: What is the last letter of the word ""miss""? A:","['m', 'i', 's', 's']",s,"UTT_BOUNDARY q : W w h a t W i s W t h e W l a s t W l e t t e r W o f W t h e W w o r d W "" m i s s "" ? W a : UTT_BOUNDARY s i r e n s "" ? W a : UTT_BOUNDARY","sirens""? a:"
"Q: Which letter does the word ""appointment"" end with? A:","['a', 'p', 'p', 'o', 'i', 'n', 't', 'm', 'e', 'n', 't']",t,"UTT_BOUNDARY q : W w h i c h W l e t t e r W d o e s W t h e W w o r d W "" a p p o i n t m e n t "" W e n d W w i t h ? W a : UTT_BOUNDARY t e n t o c o p e c t i o n s ? W a : UTT_BOUNDARY",tentocopections? a:
"Write the last letter of the word ""melon"": ","['m', 'e', 'l', 'o', 'n']",n,"UTT_BOUNDARY w r i t e W t h e W l a s t W l e t t e r W o f W t h e W w o r d W "" m e l o n "" : UTT_BOUNDARY l e m o n a d e "" : UTT_BOUNDARY","lemonade"":"
"Q: What is the last letter of the word ""leave""? A:","['l', 'e', 'a', 'v', 'e']",e,"UTT_BOUNDARY q : W w h a t W i s W t h e W l a s t W l e t t e r W o f W t h e W w o r d W "" l e a v e "" ? W a : UTT_BOUNDARY e a r l y W p r e s e n t "" ? W a : UTT_BOUNDARY","early present""? a:"
"Write the last letter of the word ""cafeteria"": ","['c', 'a', 'f', 'e', 't', 'e', 'r', 'i', 'a']",a,"UTT_BOUNDARY w r i t e W t h e W l a s t W l e t t e r W o f W t h e W w o r d W "" c a f e t e r i a "" : UTT_BOUNDARY e a c h i n e s "" : UTT_BOUNDARY","eachines"":"
"Q: What is the last letter of the word ""small""? A:","['s', 'm', 'a', 'l', 'l']",l,"UTT_BOUNDARY q : W w h a t W i s W t h e W l a s t W l e t t e r W o f W t h e W w o r d W "" s m a l l "" ? W a : UTT_BOUNDARY m o u t h "" ? W a : UTT_BOUNDARY","mouth""? a:"
"Write the last letter of the word ""actor"": ","['a', 'c', 't', 'o', 'r']",r,"UTT_BOUNDARY w r i t e W t h e W l a s t W l e t t e r W o f W t h e W w o r d W "" a c t o r "" : UTT_BOUNDARY r e c o r d s "" : UTT_BOUNDARY","records"":"
"Q: Which letter does the word ""toothbrush"" end with? A:","['t', 'o', 'o', 't', 'h', 'b', 'r', 'u', 's', 'h']",h,"UTT_BOUNDARY q : W w h i c h W l e t t e r W d o e s W t h e W w o r d W "" t o o t h b r u s h "" W e n d W w i t h ? W a : UTT_BOUNDARY h o m e w o r k ? W a : UTT_BOUNDARY",homework? a:
"Q: What is the last letter of the word ""when""? A:","['w', 'h', 'e', 'n']",n,"UTT_BOUNDARY q : W w h a t W i s W t h e W l a s t W l e t t e r W o f W t h e W w o r d W "" w h e n "" ? W a : UTT_BOUNDARY n e w s s t a n d s n a m e "" ? W a : UTT_BOUNDARY","newsstandsname""? a:"
"Q: What is the last letter of the word ""mountain""? A:","['m', 'o', 'u', 'n', 't', 'a', 'i', 'n']",n,"UTT_BOUNDARY q : W w h a t W i s W t h e W l a s t W l e t t e r W o f W t h e W w o r d W "" m o u n t a i n "" ? W a : UTT_BOUNDARY n e a r b y ? W a : UTT_BOUNDARY",nearby? a:
"Q: Which letter does the word ""agree"" end with? A:","['a', 'g', 'r', 'e', 'e']",e,"UTT_BOUNDARY q : W w h i c h W l e t t e r W d o e s W t h e W w o r d W "" a g r e e "" W e n d W w i t h ? W a : UTT_BOUNDARY e x i t W o r W a p p r o v e ? W a : UTT_BOUNDARY",exit or approve? a:
"Q: What is the last letter of the word ""who""? A:","['w', 'h', 'o']",o,"UTT_BOUNDARY q : W w h a t W i s W t h e W l a s t W l e t t e r W o f W t h e W w o r d W "" w h o "" ? W a : UTT_BOUNDARY h o l i d a y "" ? W a : UTT_BOUNDARY","holiday""? a:"
"Q: What is the last letter of the word ""outside""? A:","['o', 'u', 't', 's', 'i', 'd', 'e']",e,"UTT_BOUNDARY q : W w h a t W i s W t h e W l a s t W l e t t e r W o f W t h e W w o r d W "" o u t s i d e "" ? W a : UTT_BOUNDARY e x p e n s i v e "" ? W a : UTT_BOUNDARY","expensive""? a:"
"Write the last letter of the word ""receipt"": ","['r', 'e', 'c', 'e', 'i', 'p', 't']",t,"UTT_BOUNDARY w r i t e W t h e W l a s t W l e t t e r W o f W t h e W w o r d W "" r e c e i p t "" : UTT_BOUNDARY t e n t h "" : UTT_BOUNDARY","tenth"":"
"Q: Which letter does the word ""thunderstorm"" end with? A:","['t', 'h', 'u', 'n', 'd', 'e', 'r', 's', 't', 'o', 'r', 'm']",m,"UTT_BOUNDARY q : W w h i c h W l e t t e r W d o e s W t h e W w o r d W "" t h u n d e r s t o r m "" W e n d W w i t h ? W a : UTT_BOUNDARY m u s t a c h e "" W o r W "" u n c l e "" ? W a : UTT_BOUNDARY","mustache"" or ""uncle""? a:"
"Q: Which letter does the word ""could"" end with? A:","['c', 'o', 'u', 'l', 'd']",d,"UTT_BOUNDARY q : W w h i c h W l e t t e r W d o e s W t h e W w o r d W "" c o u l d "" W e n d W w i t h ? W a : UTT_BOUNDARY d o u b l e "" W o r W "" s t e a l "" ? W a : UTT_BOUNDARY","double"" or ""steal""? a:"
"Q: What is the last letter of the word ""tell""? A:","['t', 'e', 'l', 'l']",l,"UTT_BOUNDARY q : W w h a t W i s W t h e W l a s t W l e t t e r W o f W t h e W w o r d W "" t e l l "" ? W a : UTT_BOUNDARY l e t t e r "" ? W a : UTT_BOUNDARY","letter""? a:"
"Q: Which letter does the word ""once"" end with? A:","['o', 'n', 'c', 'e']",e,"UTT_BOUNDARY q : W w h i c h W l e t t e r W d o e s W t h e W w o r d W "" o n c e "" W e n d W w i t h ? W a : UTT_BOUNDARY e n d e d W t h e W w e e k d a y "" ? W a : UTT_BOUNDARY","ended the weekday""? a:"
"Write the last letter of the word ""sightseeing"": ","['s', 'i', 'g', 'h', 't', 's', 'e', 'e', 'i', 'n', 'g']",g,"UTT_BOUNDARY w r i t e W t h e W l a s t W l e t t e r W o f W t h e W w o r d W "" s i g h t s e e i n g "" : UTT_BOUNDARY g l a s s e s "" : UTT_BOUNDARY","glasses"":"
"Write the last letter of the word ""show"": ","['s', 'h', 'o', 'w']",w,"UTT_BOUNDARY w r i t e W t h e W l a s t W l e t t e r W o f W t h e W w o r d W "" s h o w "" : UTT_BOUNDARY w r o n g W w o r d W "" s o c k "" : UTT_BOUNDARY","wrong word ""sock"":"
"Q: Which letter does the word ""new"" end with? A:","['n', 'e', 'w']",w,"UTT_BOUNDARY q : W w h i c h W l e t t e r W d o e s W t h e W w o r d W "" n e w "" W e n d W w i t h ? W a : UTT_BOUNDARY w i n d o w s "" W o r W "" s t a y "" ? W a : UTT_BOUNDARY","windows"" or ""stay""? a:"
"Write the last letter of the word ""remember"": ","['r', 'e', 'm', 'e', 'm', 'b', 'e', 'r']",r,"UTT_BOUNDARY w r i t e W t h e W l a s t W l e t t e r W o f W t h e W w o r d W "" r e m e m b e r "" : UTT_BOUNDARY r e m e m b e r "" : UTT_BOUNDARY","remember"":"
"Write the last letter of the word ""perfume"": ","['p', 'e', 'r', 'f', 'u', 'm', 'e']",e,"UTT_BOUNDARY w r i t e W t h e W l a s t W l e t t e r W o f W t h e W w o r d W "" p e r f u m e "" : UTT_BOUNDARY e x c e p t "" : UTT_BOUNDARY","except"":"
"Write the last letter of the word ""walking"": ","['w', 'a', 'l', 'k', 'i', 'n', 'g']",g,"UTT_BOUNDARY w r i t e W t h e W l a s t W l e t t e r W o f W t h e W w o r d W "" w a l k i n g "" : UTT_BOUNDARY g a r l i c o "" : UTT_BOUNDARY","garlico"":"
"Q: Which letter does the word ""area"" end with? A:","['a', 'r', 'e', 'a']",a,"UTT_BOUNDARY q : W w h i c h W l e t t e r W d o e s W t h e W w o r d W "" a r e a "" W e n d W w i t h ? W a : UTT_BOUNDARY a r e a t h a p p o i n t e e , W a : UTT_BOUNDARY","areathappointee, a:"
"Q: Which letter does the word ""spoon"" end with? A:","['s', 'p', 'o', 'o', 'n']",n,"UTT_BOUNDARY q : W w h i c h W l e t t e r W d o e s W t h e W w o r d W "" s p o o n "" W e n d W w i t h ? W a : UTT_BOUNDARY n e e d l e s ? W a : UTT_BOUNDARY",needles? a:
"Q: What is the last letter of the word ""money""? A:","['m', 'o', 'n', 'e', 'y']",y,"UTT_BOUNDARY q : W w h a t W i s W t h e W l a s t W l e t t e r W o f W t h e W w o r d W "" m o n e y "" ? W a : UTT_BOUNDARY y e t ? W : UTT_BOUNDARY",yet? :
"Q: Which letter does the word ""ever"" end with? A:","['e', 'v', 'e', 'r']",r,"UTT_BOUNDARY q : W w h i c h W l e t t e r W d o e s W t h e W w o r d W "" e v e r "" W e n d W w i t h ? W a : UTT_BOUNDARY r e m e m b e r "" ? W a : UTT_BOUNDARY","remember""? a:"
"Q: What is the last letter of the word ""spring""? A:","['s', 'p', 'r', 'i', 'n', 'g']",g,"UTT_BOUNDARY q : W w h a t W i s W t h e W l a s t W l e t t e r W o f W t h e W w o r d W "" s p r i n g "" ? W a : UTT_BOUNDARY g l a s s e s "" ? W a : UTT_BOUNDARY","glasses""? a:"
"Write the last letter of the word ""grandparent"": ","['g', 'r', 'a', 'n', 'd', 'p', 'a', 'r', 'e', 'n', 't']",t,"UTT_BOUNDARY w r i t e W t h e W l a s t W l e t t e r W o f W t h e W w o r d W "" g r a n d p a r e n t "" : UTT_BOUNDARY r o b i n "" : UTT_BOUNDARY","robin"":"
"Write the last letter of the word ""cloud"": ","['c', 'l', 'o', 'u', 'd']",d,"UTT_BOUNDARY w r i t e W t h e W l a s t W l e t t e r W o f W t h e W w o r d W "" c l o u d "" : UTT_BOUNDARY d i s c o u n t "" : UTT_BOUNDARY","discount"":"
"Write the last letter of the word ""cricket"": ","['c', 'r', 'i', 'c', 'k', 'e', 't']",t,"UTT_BOUNDARY w r i t e W t h e W l a s t W l e t t e r W o f W t h e W w o r d W "" c r i c k e t "" : UTT_BOUNDARY t h e n , W w h i c h W w o r d W c o m e s W f i","then, which word comes fi"
"Write the last letter of the word ""lunchtime"": ","['l', 'u', 'n', 'c', 'h', 't', 'i', 'm', 'e']",e,"UTT_BOUNDARY w r i t e W t h e W l a s t W l e t t e r W o f W t h e W w o r d W "" l u n c h t i m e "" : UTT_BOUNDARY e x p e n s i v e "" : UTT_BOUNDARY","expensive"":"
"Q: What is the last letter of the word ""bookshelf""? A:","['b', 'o', 'o', 'k', 's', 'h', 'e', 'l', 'f']",f,"UTT_BOUNDARY q : W w h a t W i s W t h e W l a s t W l e t t e r W o f W t h e W w o r d W "" b o o k s h e l f "" ? W a : UTT_BOUNDARY h o w e v e r , W t h e W w o r d W "" p r e s e n","however, the word ""presen"
"Q: Which letter does the word ""steak"" end with? A:","['s', 't', 'e', 'a', 'k']",k,"UTT_BOUNDARY q : W w h i c h W l e t t e r W d o e s W t h e W w o r d W "" s t e a k "" W e n d W w i t h ? W a : UTT_BOUNDARY k e y b o a r d "" W o r W "" s t e a k "" ? W a : UTT_BOUNDARY","keyboard"" or ""steak""? a:"
"Q: Which letter does the word ""all"" end with? A:","['a', 'l', 'l']",l,"UTT_BOUNDARY q : W w h i c h W l e t t e r W d o e s W t h e W w o r d W "" a l l "" W e n d W w i t h ? W a : UTT_BOUNDARY l e n d "" W o r W "" s u r f i n g "" ? W a : UTT_BOUNDARY","lend"" or ""surfing""? a:"
"Write the last letter of the word ""workbook"": ","['w', 'o', 'r', 'k', 'b', 'o', 'o', 'k']",k,"UTT_BOUNDARY w r i t e W t h e W l a s t W l e t t e r W o f W t h e W w o r d W "" w o r k b o o k "" : UTT_BOUNDARY k i t c h e n "" : UTT_BOUNDARY","kitchen"":"
"Q: What is the last letter of the word ""picture""? A:","['p', 'i', 'c', 't', 'u', 'r', 'e']",e,"UTT_BOUNDARY q : W w h a t W i s W t h e W l a s t W l e t t e r W o f W t h e W w o r d W "" p i c t u r e "" ? W a : UTT_BOUNDARY e x a m p l e : UTT_BOUNDARY",example:
"Q: Which letter does the word ""uniform"" end with? A:","['u', 'n', 'i', 'f', 'o', 'r', 'm']",m,"UTT_BOUNDARY q : W w h i c h W l e t t e r W d o e s W t h e W w o r d W "" u n i f o r m "" W e n d W w i t h ? W a : UTT_BOUNDARY o b j e c t i o n s "" W o r W "" h o t "" ? W a : UTT_BOUNDARY","objections"" or ""hot""? a:"
"Q: Which letter does the word ""fly"" end with? A:","['f', 'l', 'y']",y,"UTT_BOUNDARY q : W w h i c h W l e t t e r W d o e s W t h e W w o r d W "" f l y "" W e n d W w i t h ? W a : UTT_BOUNDARY y o r k s h i r e "" ? W a : UTT_BOUNDARY","yorkshire""? a:"
"Write the last letter of the word ""loud"": ","['l', 'o', 'u', 'd']",d,"UTT_BOUNDARY w r i t e W t h e W l a s t W l e t t e r W o f W t h e W w o r d W "" l o u d "" : UTT_BOUNDARY d o u b t f u l l y "" : UTT_BOUNDARY","doubtfully"":"
"Q: Which letter does the word ""foreign"" end with? A:","['f', 'o', 'r', 'e', 'i', 'g', 'n']",n,"UTT_BOUNDARY q : W w h i c h W l e t t e r W d o e s W t h e W w o r d W "" f o r e i g n "" W e n d W w i t h ? W a : UTT_BOUNDARY n e i g h b o r s W a n d W s o m e W 3 0 "" ? W a","neighbors and some 30""? a"
"Q: What is the last letter of the word ""save""? A:","['s', 'a', 'v', 'e']",e,"UTT_BOUNDARY q : W w h a t W i s W t h e W l a s t W l e t t e r W o f W t h e W w o r d W "" s a v e "" ? W a : UTT_BOUNDARY e x p e c t e d W t o W b e W r e a d y "" ? W a :","expected to be ready""? a:"
"Q: What is the last letter of the word ""instead""? A:","['i', 'n', 's', 't', 'e', 'a', 'd']",d,"UTT_BOUNDARY q : W w h a t W i s W t h e W l a s t W l e t t e r W o f W t h e W w o r d W "" i n s t e a d "" ? W a : UTT_BOUNDARY d i r e c t i o n s "" ? W a : UTT_BOUNDARY","directions""? a:"
"Q: Which letter does the word ""nurse"" end with? A:","['n', 'u', 'r', 's', 'e']",e,"UTT_BOUNDARY q : W w h i c h W l e t t e r W d o e s W t h e W w o r d W "" n u r s e "" W e n d W w i t h ? W a : UTT_BOUNDARY e n j o y e d "" W o r W "" h a t "" ? W a : UTT_BOUNDARY","enjoyed"" or ""hat""? a:"
"Q: What is the last letter of the word ""duck""? A:","['d', 'u', 'c', 'k']",k,"UTT_BOUNDARY q : W w h a t W i s W t h e W l a s t W l e t t e r W o f W t h e W w o r d W "" d u c k "" ? W a : UTT_BOUNDARY k i n g "" ? W a : UTT_BOUNDARY","king""? a:"
"Q: What is the last letter of the word ""awful""? A:","['a', 'w', 'f', 'u', 'l']",l,"UTT_BOUNDARY q : W w h a t W i s W t h e W l a s t W l e t t e r W o f W t h e W w o r d W "" a w f u l "" ? W a : UTT_BOUNDARY n i c e l y "" ? W a : UTT_BOUNDARY","nicely""? a:"
"Q: What is the last letter of the word ""dad""? A:","['d', 'a', 'd']",d,"UTT_BOUNDARY q : W w h a t W i s W t h e W l a s t W l e t t e r W o f W t h e W w o r d W "" d a d "" ? W a : UTT_BOUNDARY d a d d y "" ? W a : UTT_BOUNDARY","daddy""? a:"
"Q: What is the last letter of the word ""best""? A:","['b', 'e', 's', 't']",t,"UTT_BOUNDARY q : W w h a t W i s W t h e W l a s t W l e t t e r W o f W t h e W w o r d W "" b e s t "" ? W a : UTT_BOUNDARY t h e s e "" ? W a : UTT_BOUNDARY","these""? a:"
"Q: Which letter does the word ""chocolate"" end with? A:","['c', 'h', 'o', 'c', 'o', 'l', 'a', 't', 'e']",e,"UTT_BOUNDARY q : W w h i c h W l e t t e r W d o e s W t h e W w o r d W "" c h o c o l a t e "" W e n d W w i t h ? W a : UTT_BOUNDARY e x c e l l e n t W s e t t i n g s ? W a : UTT_BOUNDARY",excellent settings? a:
"Q: What is the last letter of the word ""actor""? A:","['a', 'c', 't', 'o', 'r']",r,"UTT_BOUNDARY q : W w h a t W i s W t h e W l a s t W l e t t e r W o f W t h e W w o r d W "" a c t o r "" ? W a : UTT_BOUNDARY r e c o r d s "" ? W a : UTT_BOUNDARY","records""? a:"
"Write the last letter of the word ""sure"": ","['s', 'u', 'r', 'e']",e,"UTT_BOUNDARY w r i t e W t h e W l a s t W l e t t e r W o f W t h e W w o r d W "" s u r e "" : UTT_BOUNDARY e x c e l l e n t "" : UTT_BOUNDARY","excellent"":"
"Q: What is the last letter of the word ""vocabulary""? A:","['v', 'o', 'c', 'a', 'b', 'u', 'l', 'a', 'r', 'y']",y,"UTT_BOUNDARY q : W w h a t W i s W t h e W l a s t W l e t t e r W o f W t h e W w o r d W "" v o c a b u l a r y "" ? W a : UTT_BOUNDARY y e t ? W : UTT_BOUNDARY",yet? :
"Q: What is the last letter of the word ""believe""? A:","['b', 'e', 'l', 'i', 'e', 'v', 'e']",e,"UTT_BOUNDARY q : W w h a t W i s W t h e W l a s t W l e t t e r W o f W t h e W w o r d W "" b e l i e v e "" ? W a : UTT_BOUNDARY e x i t W o r W "" s o m e w h e r e "" ? W a : UTT_BOUNDARY","exit or ""somewhere""? a:"
"Write the last letter of the word ""quiet"": ","['q', 'u', 'i', 'e', 't']",t,"UTT_BOUNDARY w r i t e W t h e W l a s t W l e t t e r W o f W t h e W w o r d W "" q u i e t "" : UTT_BOUNDARY t h e m s e l v e s "" : UTT_BOUNDARY","themselves"":"
"Write the last letter of the word ""ceiling"": ","['c', 'e', 'i', 'l', 'i', 'n', 'g']",g,"UTT_BOUNDARY w r i t e W t h e W l a s t W l e t t e r W o f W t h e W w o r d W "" c e i l i n g "" : UTT_BOUNDARY g e o g r a p h y "" , W "" c a r "" , W "" b u s "" ,","geography"", ""car"", ""bus"","
"Q: Which letter does the word ""popular"" end with? A:","['p', 'o', 'p', 'u', 'l', 'a', 'r']",r,"UTT_BOUNDARY q : W w h i c h W l e t t e r W d o e s W t h e W w o r d W "" p o p u l a r "" W e n d W w i t h ? W a : UTT_BOUNDARY r o l e s "" W o r W "" s o u t h "" ? W a : UTT_BOUNDARY","roles"" or ""south""? a:"
"Q: Which letter does the word ""may"" end with? A:","['m', 'a', 'y']",y,"UTT_BOUNDARY q : W w h i c h W l e t t e r W d o e s W t h e W w o r d W "" m a y "" W e n d W w i t h ? W a : UTT_BOUNDARY y e s t e r d a y "" ? W a : UTT_BOUNDARY","yesterday""? a:"
"Q: Which letter does the word ""discount"" end with? A:","['d', 'i', 's', 'c', 'o', 'u', 'n', 't']",t,"UTT_BOUNDARY q : W w h i c h W l e t t e r W d o e s W t h e W w o r d W "" d i s c o u n t "" W e n d W w i t h ? W a : UTT_BOUNDARY t h e s e "" W o r W "" p o s t c a r d "" ? W a : UTT_BOUNDARY","these"" or ""postcard""? a:"
"Write the last letter of the word ""which"": ","['w', 'h', 'i', 'c', 'h']",h,"UTT_BOUNDARY w r i t e W t h e W l a s t W l e t t e r W o f W t h e W w o r d W "" w h i c h "" : UTT_BOUNDARY h o w e v e r , W t h e W w o r d W "" s t a i r s","however, the word ""stairs"
"Q: What is the last letter of the word ""free""? A:","['f', 'r', 'e', 'e']",e,"UTT_BOUNDARY q : W w h a t W i s W t h e W l a s t W l e t t e r W o f W t h e W w o r d W "" f r e e "" ? W a : UTT_BOUNDARY e x c e l l e n t "" ? W a : UTT_BOUNDARY","excellent""? a:"
"Write the last letter of the word ""mix"": ","['m', 'i', 'x']",x,"UTT_BOUNDARY w r i t e W t h e W l a s t W l e t t e r W o f W t h e W w o r d W "" m i x "" : UTT_BOUNDARY e x p e c t e d W t o W b e W 5 0 0 "" : UTT_BOUNDARY","expected to be 500"":"
"Write the last letter of the word ""some"": ","['s', 'o', 'm', 'e']",e,"UTT_BOUNDARY w r i t e W t h e W l a s t W l e t t e r W o f W t h e W w o r d W "" s o m e "" : UTT_BOUNDARY e x t r a "" : UTT_BOUNDARY","extra"":"
"Q: What is the last letter of the word ""push""? A:","['p', 'u', 's', 'h']",h,"UTT_BOUNDARY q : W w h a t W i s W t h e W l a s t W l e t t e r W o f W t h e W w o r d W "" p u s h "" ? W a : UTT_BOUNDARY h u r r y "" ? W a : UTT_BOUNDARY","hurry""? a:"
"Q: What is the last letter of the word ""skating""? A:","['s', 'k', 'a', 't', 'i', 'n', 'g']",g,"UTT_BOUNDARY q : W w h a t W i s W t h e W l a s t W l e t t e r W o f W t h e W w o r d W "" s k a t i n g "" ? W a : UTT_BOUNDARY g r a m m a r "" , W w h i c h W w o r d W c o m e","grammar"", which word come"
"Q: Which letter does the word ""sea"" end with? A:","['s', 'e', 'a']",a,"UTT_BOUNDARY q : W w h i c h W l e t t e r W d o e s W t h e W w o r d W "" s e a "" W e n d W w i t h ? W a : UTT_BOUNDARY e n d e d "" W o r W "" s t a y "" ? W a : UTT_BOUNDARY","ended"" or ""stay""? a:"
"Q: What is the last letter of the word ""have""? A:","['h', 'a', 'v', 'e']",e,"UTT_BOUNDARY q : W w h a t W i s W t h e W l a s t W l e t t e r W o f W t h e W w o r d W "" h a v e "" ? W a : UTT_BOUNDARY e x p e c t e d "" ? W a : UTT_BOUNDARY","expected""? a:"
"Q: Which letter does the word ""software"" end with? A:","['s', 'o', 'f', 't', 'w', 'a', 'r', 'e']",e,"UTT_BOUNDARY q : W w h i c h W l e t t e r W d o e s W t h e W w o r d W "" s o f t w a r e "" W e n d W w i t h ? W a : UTT_BOUNDARY e x p l o r e r s ? W a : UTT_BOUNDARY",explorers? a:
"Write the last letter of the word ""welcome"": ","['w', 'e', 'l', 'c', 'o', 'm', 'e']",e,"UTT_BOUNDARY w r i t e W t h e W l a s t W l e t t e r W o f W t h e W w o r d W "" w e l c o m e "" : UTT_BOUNDARY e x c e l l e n t "" : UTT_BOUNDARY","excellent"":"
"Q: What is the last letter of the word ""begin""? A:","['b', 'e', 'g', 'i', 'n']",n,"UTT_BOUNDARY q : W w h a t W i s W t h e W l a s t W l e t t e r W o f W t h e W w o r d W "" b e g i n "" ? W a : UTT_BOUNDARY n i g h t m a r e s "" ? W a : UTT_BOUNDARY","nightmares""? a:"
"Q: Which letter does the word ""engine"" end with? A:","['e', 'n', 'g', 'i', 'n', 'e']",e,"UTT_BOUNDARY q : W w h i c h W l e t t e r W d o e s W t h e W w o r d W "" e n g i n e "" W e n d W w i t h ? W a : UTT_BOUNDARY e n g i n e e r "" ? W a : UTT_BOUNDARY","engineer""? a:"
"Q: Which letter does the word ""bother"" end with? A:","['b', 'o', 't', 'h', 'e', 'r']",r,"UTT_BOUNDARY q : W w h i c h W l e t t e r W d o e s W t h e W w o r d W "" b o t h e r "" W e n d W w i t h ? W a : UTT_BOUNDARY r e m e m b e r e d , W "" r e a d i n g "" W o r W","remembered, ""reading"" or "
"Q: Which letter does the word ""necklace"" end with? A:","['n', 'e', 'c', 'k', 'l', 'a', 'c', 'e']",e,"UTT_BOUNDARY q : W w h i c h W l e t t e r W d o e s W t h e W w o r d W "" n e c k l a c e "" W e n d W w i t h ? W a : UTT_BOUNDARY e n d e d W t i l l W t h e W s e c o n d "" ? W a","ended till the second""? a"
"Q: What is the last letter of the word ""married""? A:","['m', 'a', 'r', 'r', 'i', 'e', 'd']",d,"UTT_BOUNDARY q : W w h a t W i s W t h e W l a s t W l e t t e r W o f W t h e W w o r d W "" m a r r i e d "" ? W a : UTT_BOUNDARY d a n c e r s ? W a : UTT_BOUNDARY",dancers? a:
"Q: What is the last letter of the word ""air""? A:","['a', 'i', 'r']",r,"UTT_BOUNDARY q : W w h a t W i s W t h e W l a s t W l e t t e r W o f W t h e W w o r d W "" a i r "" ? W a : UTT_BOUNDARY r e d u c e d W b y W t h e W p r o t e c t e d W",reduced by the protected 
"Q: Which letter does the word ""husband"" end with? A:","['h', 'u', 's', 'b', 'a', 'n', 'd']",d,"UTT_BOUNDARY q : W w h i c h W l e t t e r W d o e s W t h e W w o r d W "" h u s b a n d "" W e n d W w i t h ? W a : UTT_BOUNDARY h u s b a n d "" W o r W "" h e r s "" ? W a : UTT_BOUNDARY","husband"" or ""hers""? a:"
"Q: What is the last letter of the word ""wear""? A:","['w', 'e', 'a', 'r']",r,"UTT_BOUNDARY q : W w h a t W i s W t h e W l a s t W l e t t e r W o f W t h e W w o r d W "" w e a r "" ? W a : UTT_BOUNDARY r e s t r o o m "" ? W a : UTT_BOUNDARY","restroom""? a:"
"Write the last letter of the word ""twice"": ","['t', 'w', 'i', 'c', 'e']",e,"UTT_BOUNDARY w r i t e W t h e W l a s t W l e t t e r W o f W t h e W w o r d W "" t w i c e "" : UTT_BOUNDARY e x c e p t "" : UTT_BOUNDARY","except"":"
"Q: Which letter does the word ""picture"" end with? A:","['p', 'i', 'c', 't', 'u', 'r', 'e']",e,"UTT_BOUNDARY q : W w h i c h W l e t t e r W d o e s W t h e W w o r d W "" p i c t u r e "" W e n d W w i t h ? W a : UTT_BOUNDARY e x a m p l e : UTT_BOUNDARY",example:
"Write the last letter of the word ""electricity"": ","['e', 'l', 'e', 'c', 't', 'r', 'i', 'c', 'i', 't', 'y']",y,"UTT_BOUNDARY w r i t e W t h e W l a s t W l e t t e r W o f W t h e W w o r d W "" e l e c t r i c i t y "" : UTT_BOUNDARY y e l l o w : UTT_BOUNDARY",yellow:
"Q: What is the last letter of the word ""forget""? A:","['f', 'o', 'r', 'g', 'e', 't']",t,"UTT_BOUNDARY q : W w h a t W i s W t h e W l a s t W l e t t e r W o f W t h e W w o r d W "" f o r g e t "" ? W a : UTT_BOUNDARY t h e m s e l v e s "" ? W a : UTT_BOUNDARY","themselves""? a:"
"Write the last letter of the word ""should"": ","['s', 'h', 'o', 'u', 'l', 'd']",d,"UTT_BOUNDARY w r i t e W t h e W l a s t W l e t t e r W o f W t h e W w o r d W "" s h o u l d "" : UTT_BOUNDARY d o u b l e s "" : UTT_BOUNDARY","doubles"":"
"Q: Which letter does the word ""finish"" end with? A:","['f', 'i', 'n', 'i', 's', 'h']",h,"UTT_BOUNDARY q : W w h i c h W l e t t e r W d o e s W t h e W w o r d W "" f i n i s h "" W e n d W w i t h ? W a : UTT_BOUNDARY h o s p i t a l "" ? W a : UTT_BOUNDARY","hospital""? a:"
"Q: Which letter does the word ""wall"" end with? A:","['w', 'a', 'l', 'l']",l,"UTT_BOUNDARY q : W w h i c h W l e t t e r W d o e s W t h e W w o r d W "" w a l l "" W e n d W w i t h ? W a : UTT_BOUNDARY l e n d "" W o r W "" s u n n y "" ? W a : UTT_BOUNDARY","lend"" or ""sunny""? a:"
"Q: Which letter does the word ""money"" end with? A:","['m', 'o', 'n', 'e', 'y']",y,"UTT_BOUNDARY q : W w h i c h W l e t t e r W d o e s W t h e W w o r d W "" m o n e y "" W e n d W w i t h ? W a : UTT_BOUNDARY y e a r s ? W a : UTT_BOUNDARY",years? a:
"Q: What is the last letter of the word ""sausage""? A:","['s', 'a', 'u', 's', 'a', 'g', 'e']",e,"UTT_BOUNDARY q : W w h a t W i s W t h e W l a s t W l e t t e r W o f W t h e W w o r d W "" s a u s a g e "" ? W a : UTT_BOUNDARY e x p l a i n a t i o n "" ? W a : UTT_BOUNDARY","explaination""? a:"
"Write the last letter of the word ""album"": ","['a', 'l', 'b', 'u', 'm']",m,"UTT_BOUNDARY w r i t e W t h e W l a s t W l e t t e r W o f W t h e W w o r d W "" a l b u m "" : UTT_BOUNDARY l e a r n e d "" : UTT_BOUNDARY","learned"":"
"Write the last letter of the word ""second"": ","['s', 'e', 'c', 'o', 'n', 'd']",d,"UTT_BOUNDARY w r i t e W t h e W l a s t W l e t t e r W o f W t h e W w o r d W "" s e c o n d "" : UTT_BOUNDARY d o c u m e n t s "" : UTT_BOUNDARY","documents"":"
"Q: Which letter does the word ""come"" end with? A:","['c', 'o', 'm', 'e']",e,"UTT_BOUNDARY q : W w h i c h W l e t t e r W d o e s W t h e W w o r d W "" c o m e "" W e n d W w i t h ? W a : UTT_BOUNDARY e x p l a i n "" W e n d s W w i t h W "" s a n d w","explain"" ends with ""sandw"
"Q: Which letter does the word ""disco"" end with? A:","['d', 'i', 's', 'c', 'o']",o,"UTT_BOUNDARY q : W w h i c h W l e t t e r W d o e s W t h e W w o r d W "" d i s c o "" W e n d W w i t h ? W a : UTT_BOUNDARY a d d r e s s e d "" W o r W "" s u g g e s t "" ? W","addressed"" or ""suggest""? "
"Q: What is the last letter of the word ""write""? A:","['w', 'r', 'i', 't', 'e']",e,"UTT_BOUNDARY q : W w h a t W i s W t h e W l a s t W l e t t e r W o f W t h e W w o r d W "" w r i t e "" ? W a : UTT_BOUNDARY e x p l a i n "" ? W a : UTT_BOUNDARY","explain""? a:"
"Write the last letter of the word ""often"": ","['o', 'f', 't', 'e', 'n']",n,"UTT_BOUNDARY w r i t e W t h e W l a s t W l e t t e r W o f W t h e W w o r d W "" o f t e n "" : UTT_BOUNDARY n e c k l a c e j a c k "" : UTT_BOUNDARY","necklacejack"":"
"Write the last letter of the word ""pop"": ","['p', 'o', 'p']",p,"UTT_BOUNDARY w r i t e W t h e W l a s t W l e t t e r W o f W t h e W w o r d W "" p o p "" : UTT_BOUNDARY o p e n "" : UTT_BOUNDARY","open"":"
"Write the last letter of the word ""schoolchild"": ","['s', 'c', 'h', 'o', 'o', 'l', 'c', 'h', 'i', 'l', 'd']",d,"UTT_BOUNDARY w r i t e W t h e W l a s t W l e t t e r W o f W t h e W w o r d W "" s c h o o l c h i l d "" : UTT_BOUNDARY d o c t o r "" : UTT_BOUNDARY","doctor"":"
"Q: What is the last letter of the word ""table""? A:","['t', 'a', 'b', 'l', 'e']",e,"UTT_BOUNDARY q : W w h a t W i s W t h e W l a s t W l e t t e r W o f W t h e W w o r d W "" t a b l e "" ? W a : UTT_BOUNDARY t a b l e "" ? W a : UTT_BOUNDARY","table""? a:"
"Q: Which letter does the word ""wrong"" end with? A:","['w', 'r', 'o', 'n', 'g']",g,"UTT_BOUNDARY q : W w h i c h W l e t t e r W d o e s W t h e W w o r d W "" w r o n g "" W e n d W w i t h ? W a : UTT_BOUNDARY g r e e n "" W o r W "" s t o r e "" ? W a : UTT_BOUNDARY","green"" or ""store""? a:"
"Q: Which letter does the word ""business"" end with? A:","['b', 'u', 's', 'i', 'n', 'e', 's', 's']",s,"UTT_BOUNDARY q : W w h i c h W l e t t e r W d o e s W t h e W w o r d W "" b u s i n e s s "" W e n d W w i t h ? W a : UTT_BOUNDARY n e w s p a p e r "" W o r W "" s u b j e c t "" ? W","newspaper"" or ""subject""? "
"Q: Which letter does the word ""directions"" end with? A:","['d', 'i', 'r', 'e', 'c', 't', 'i', 'o', 'n', 's']",s,"UTT_BOUNDARY q : W w h i c h W l e t t e r W d o e s W t h e W w o r d W "" d i r e c t i o n s "" W e n d W w i t h ? W a : UTT_BOUNDARY s u b j e c t W t o W t h e W w o r d W "" s u b j","subject to the word ""subj"
"Q: Which letter does the word ""worse"" end with? A:","['w', 'o', 'r', 's', 'e']",e,"UTT_BOUNDARY q : W w h i c h W l e t t e r W d o e s W t h e W w o r d W "" w o r s e "" W e n d W w i t h ? W a : UTT_BOUNDARY e n d e d "" ? W a : UTT_BOUNDARY","ended""? a:"
"Write the last letter of the word ""wild"": ","['w', 'i', 'l', 'd']",d,"UTT_BOUNDARY w r i t e W t h e W l a s t W l e t t e r W o f W t h e W w o r d W "" w i l d "" : UTT_BOUNDARY d o c t o r "" : UTT_BOUNDARY","doctor"":"
"Write the last letter of the word ""climbing"": ","['c', 'l', 'i', 'm', 'b', 'i', 'n', 'g']",g,"UTT_BOUNDARY w r i t e W t h e W l a s t W l e t t e r W o f W t h e W w o r d W "" c l i m b i n g "" : UTT_BOUNDARY g l i d i n g "" : UTT_BOUNDARY","gliding"":"
"Q: Which letter does the word ""lose"" end with? A:","['l', 'o', 's', 'e']",e,"UTT_BOUNDARY q : W w h i c h W l e t t e r W d o e s W t h e W w o r d W "" l o s e "" W e n d W w i t h ? W a : UTT_BOUNDARY e n o u g h "" ? W a : UTT_BOUNDARY","enough""? a:"
"Write the last letter of the word ""match"": ","['m', 'a', 't', 'c', 'h']",h,"UTT_BOUNDARY w r i t e W t h e W l a s t W l e t t e r W o f W t h e W w o r d W "" m a t c h "" : UTT_BOUNDARY h a t e "" : UTT_BOUNDARY","hate"":"
"Q: Which letter does the word ""list"" end with? A:","['l', 'i', 's', 't']",t,"UTT_BOUNDARY q : W w h i c h W l e t t e r W d o e s W t h e W w o r d W "" l i s t "" W e n d W w i t h ? W a : UTT_BOUNDARY t h e n W t h e W w o r d W "" t h e "" ? W a : UTT_BOUNDARY","then the word ""the""? a:"
"Write the last letter of the word ""usually"": ","['u', 's', 'u', 'a', 'l', 'l', 'y']",y,"UTT_BOUNDARY w r i t e W t h e W l a s t W l e t t e r W o f W t h e W w o r d W "" u s u a l l y "" : UTT_BOUNDARY y e a r s a l d "" : UTT_BOUNDARY","yearsald"":"
"Q: What is the last letter of the word ""things""? A:","['t', 'h', 'i', 'n', 'g', 's']",s,"UTT_BOUNDARY q : W w h a t W i s W t h e W l a s t W l e t t e r W o f W t h e W w o r d W "" t h i n g s "" ? W a : UTT_BOUNDARY s n o w b o a r d i n g "" ? W a : UTT_BOUNDARY","snowboarding""? a:"
"Q: Which letter does the word ""glass"" end with? A:","['g', 'l', 'a', 's', 's']",s,"UTT_BOUNDARY q : W w h i c h W l e t t e r W d o e s W t h e W w o r d W "" g l a s s "" W e n d W w i t h ? W a : UTT_BOUNDARY s e n s e d "" W o r W "" s i n g u l a r "" ? W a :","sensed"" or ""singular""? a:"
"Write the last letter of the word ""one"": ","['o', 'n', 'e']",e,"UTT_BOUNDARY w r i t e W t h e W l a s t W l e t t e r W o f W t h e W w o r d W "" o n e "" : UTT_BOUNDARY e x c e p t "" : UTT_BOUNDARY","except"":"
"Q: What is the last letter of the word ""foggy""? A:","['f', 'o', 'g', 'g', 'y']",y,"UTT_BOUNDARY q : W w h a t W i s W t h e W l a s t W l e t t e r W o f W t h e W w o r d W "" f o g g y "" ? W a : UTT_BOUNDARY y o u n g "" ? W a : UTT_BOUNDARY","young""? a:"
"Q: Which letter does the word ""tram"" end with? A:","['t', 'r', 'a', 'm']",m,"UTT_BOUNDARY q : W w h i c h W l e t t e r W d o e s W t h e W w o r d W "" t r a m "" W e n d W w i t h ? W a : UTT_BOUNDARY m a g a z i n e "" W o r W "" p o s t c a r d "" ? W","magazine"" or ""postcard""? "
"Write the last letter of the word ""speak"": ","['s', 'p', 'e', 'a', 'k']",k,"UTT_BOUNDARY w r i t e W t h e W l a s t W l e t t e r W o f W t h e W w o r d W "" s p e a k "" : UTT_BOUNDARY k i n g "" : UTT_BOUNDARY","king"":"
"Q: What is the last letter of the word ""grandma""? A:","['g', 'r', 'a', 'n', 'd', 'm', 'a']",a,"UTT_BOUNDARY q : W w h a t W i s W t h e W l a s t W l e t t e r W o f W t h e W w o r d W "" g r a n d m a "" ? W a : UTT_BOUNDARY r e m i n d s W m e W o f W h i m W t o W b e W t",reminds me of him to be t
"Q: Which letter does the word ""foggy"" end with? A:","['f', 'o', 'g', 'g', 'y']",y,"UTT_BOUNDARY q : W w h i c h W l e t t e r W d o e s W t h e W w o r d W "" f o g g y "" W e n d W w i t h ? W a : UTT_BOUNDARY y o u n g e r W b r o t h e r "" ? W a : UTT_BOUNDARY","younger brother""? a:"
"Q: What is the last letter of the word ""every""? A:","['e', 'v', 'e', 'r', 'y']",y,"UTT_BOUNDARY q : W w h a t W i s W t h e W l a s t W l e t t e r W o f W t h e W w o r d W "" e v e r y "" ? W a : UTT_BOUNDARY r e m e m b e r "" ? W a : UTT_BOUNDARY","remember""? a:"
"Q: Which letter does the word ""computer"" end with? A:","['c', 'o', 'm', 'p', 'u', 't', 'e', 'r']",r,"UTT_BOUNDARY q : W w h i c h W l e t t e r W d o e s W t h e W w o r d W "" c o m p u t e r "" W e n d W w i t h ? W a : UTT_BOUNDARY r o l e x ? W a : UTT_BOUNDARY",rolex? a:
"Write the last letter of the word ""headache"": ","['h', 'e', 'a', 'd', 'a', 'c', 'h', 'e']",e,"UTT_BOUNDARY w r i t e W t h e W l a s t W l e t t e r W o f W t h e W w o r d W "" h e a d a c h e "" : UTT_BOUNDARY e a c h y c l e : UTT_BOUNDARY",eachycle:
"Q: What is the last letter of the word ""boat""? A:","['b', 'o', 'a', 't']",t,"UTT_BOUNDARY q : W w h a t W i s W t h e W l a s t W l e t t e r W o f W t h e W w o r d W "" b o a t "" ? W a : UTT_BOUNDARY t h r o u g h "" ? W a : UTT_BOUNDARY","through""? a:"
"Write the last letter of the word ""street"": ","['s', 't', 'r', 'e', 'e', 't']",t,"UTT_BOUNDARY w r i t e W t h e W l a s t W l e t t e r W o f W t h e W w o r d W "" s t r e e t "" : UTT_BOUNDARY t w i c e "" : UTT_BOUNDARY","twice"":"
"Write the last letter of the word ""wind"": ","['w', 'i', 'n', 'd']",d,"UTT_BOUNDARY w r i t e W t h e W l a s t W l e t t e r W o f W t h e W w o r d W "" w i n d "" : UTT_BOUNDARY d o u b l e "" : UTT_BOUNDARY","double"":"
"Q: What is the last letter of the word ""click""? A:","['c', 'l', 'i', 'c', 'k']",k,"UTT_BOUNDARY q : W w h a t W i s W t h e W l a s t W l e t t e r W o f W t h e W w o r d W "" c l i c k "" ? W a : UTT_BOUNDARY k i c k e d "" ? W a : UTT_BOUNDARY","kicked""? a:"
"Write the last letter of the word ""cleaner"": ","['c', 'l', 'e', 'a', 'n', 'e', 'r']",r,"UTT_BOUNDARY w r i t e W t h e W l a s t W l e t t e r W o f W t h e W w o r d W "" c l e a n e r "" : UTT_BOUNDARY r e p a i r "" : UTT_BOUNDARY","repair"":"
"Q: What is the last letter of the word ""so""? A:","['s', 'o']",o,"UTT_BOUNDARY q : W w h a t W i s W t h e W l a s t W l e t t e r W o f W t h e W w o r d W "" s o "" ? W a : UTT_BOUNDARY o f t e n , W l o w e r W t h a n W m y W l e f t","often, lower than my left"
"Write the last letter of the word ""identification"": ","['i', 'd', 'e', 'n', 't', 'i', 'f', 'i', 'c', 'a', 't', 'i', 'o', 'n']",n,"UTT_BOUNDARY w r i t e W t h e W l a s t W l e t t e r W o f W t h e W w o r d W "" i d e n t i f i c a t i o n "" : UTT_BOUNDARY n o v e l t y "" : UTT_BOUNDARY","novelty"":"
"Q: Which letter does the word ""elevator"" end with? A:","['e', 'l', 'e', 'v', 'a', 't', 'o', 'r']",r,"UTT_BOUNDARY q : W w h i c h W l e t t e r W d o e s W t h e W w o r d W "" e l e v a t o r "" W e n d W w i t h ? W a : UTT_BOUNDARY r e c o r d e d W w i t h W t h e W s o n g W "" s","recorded with the song ""s"
"Write the last letter of the word ""cat"": ","['c', 'a', 't']",t,"UTT_BOUNDARY w r i t e W t h e W l a s t W l e t t e r W o f W t h e W w o r d W "" c a t "" : UTT_BOUNDARY t h e m s e l v e s "" : UTT_BOUNDARY","themselves"":"
"Write the last letter of the word ""tea"": ","['t', 'e', 'a']",a,"UTT_BOUNDARY w r i t e W t h e W l a s t W l e t t e r W o f W t h e W w o r d W "" t e a "" : UTT_BOUNDARY e a c h "" : UTT_BOUNDARY","each"":"
"Q: Which letter does the word ""quiz"" end with? A:","['q', 'u', 'i', 'z']",z,"UTT_BOUNDARY q : W w h i c h W l e t t e r W d o e s W t h e W w o r d W "" q u i z "" W e n d W w i t h ? W a : UTT_BOUNDARY k e y b o a r d i s t e r , W "" s t o r e "" W o r","keyboardister, ""store"" or"
"Q: What is the last letter of the word ""anyway""? A:","['a', 'n', 'y', 'w', 'a', 'y']",y,"UTT_BOUNDARY q : W w h a t W i s W t h e W l a s t W l e t t e r W o f W t h e W w o r d W "" a n y w a y "" ? W a : UTT_BOUNDARY y e a r s "" ? W a : UTT_BOUNDARY","years""? a:"
"Q: What is the last letter of the word ""anymore""? A:","['a', 'n', 'y', 'm', 'o', 'r', 'e']",e,"UTT_BOUNDARY q : W w h a t W i s W t h e W l a s t W l e t t e r W o f W t h e W w o r d W "" a n y m o r e "" ? W a : UTT_BOUNDARY e x t r a "" ? W a : UTT_BOUNDARY","extra""? a:"
"Q: What is the last letter of the word ""colleague""? A:","['c', 'o', 'l', 'l', 'e', 'a', 'g', 'u', 'e']",e,"UTT_BOUNDARY q : W w h a t W i s W t h e W l a s t W l e t t e r W o f W t h e W w o r d W "" c o l l e a g u e "" ? W a : UTT_BOUNDARY e x e r c i s e "" , W w h i c h W w o r d W c o m","exercise"", which word com"
"Q: Which letter does the word ""you"" end with? A:","['y', 'o', 'u']",u,"UTT_BOUNDARY q : W w h i c h W l e t t e r W d o e s W t h e W w o r d W "" y o u "" W e n d W w i t h ? W a : UTT_BOUNDARY y o u n g e r W b r o t h e r "" ? W a : UTT_BOUNDARY","younger brother""? a:"
"Q: Which letter does the word ""number"" end with? A:","['n', 'u', 'm', 'b', 'e', 'r']",r,"UTT_BOUNDARY q : W w h i c h W l e t t e r W d o e s W t h e W w o r d W "" n u m b e r "" W e n d W w i t h ? W a : UTT_BOUNDARY r e n t e d ? W a : UTT_BOUNDARY",rented? a:
"Q: Which letter does the word ""stomachache"" end with? A:","['s', 't', 'o', 'm', 'a', 'c', 'h', 'a', 'c', 'h', 'e']",e,"UTT_BOUNDARY q : W w h i c h W l e t t e r W d o e s W t h e W w o r d W "" s t o m a c h a c h e "" W e n d W w i t h ? W a : UTT_BOUNDARY e n g i n e e r "" ? W a : UTT_BOUNDARY","engineer""? a:"
"Write the last letter of the word ""shopping"": ","['s', 'h', 'o', 'p', 'p', 'i', 'n', 'g']",g,"UTT_BOUNDARY w r i t e W t h e W l a s t W l e t t e r W o f W t h e W w o r d W "" s h o p p i n g "" : UTT_BOUNDARY g a m e s a f e a y e t ? W a : UTT_BOUNDARY",gamesafeayet? a:
"Q: What is the last letter of the word ""college""? A:","['c', 'o', 'l', 'l', 'e', 'g', 'e']",e,"UTT_BOUNDARY q : W w h a t W i s W t h e W l a s t W l e t t e r W o f W t h e W w o r d W "" c o l l e g e "" ? W a : UTT_BOUNDARY e x a m p l e , W t h e W w o r d W "" c o l l e g","example, the word ""colleg"
"Q: What is the last letter of the word ""receipt""? A:","['r', 'e', 'c', 'e', 'i', 'p', 't']",t,"UTT_BOUNDARY q : W w h a t W i s W t h e W l a s t W l e t t e r W o f W t h e W w o r d W "" r e c e i p t "" ? W a : UTT_BOUNDARY t e r m i n a t e d W w i t h W t h e W w o r d W",terminated with the word 
"Q: Which letter does the word ""lemon"" end with? A:","['l', 'e', 'm', 'o', 'n']",n,"UTT_BOUNDARY q : W w h i c h W l e t t e r W d o e s W t h e W w o r d W "" l e m o n "" W e n d W w i t h ? W a : UTT_BOUNDARY n e p h e w , W n e w W y o r k "" ? W a : UTT_BOUNDARY","nephew, new york""? a:"
"Q: Which letter does the word ""rice"" end with? A:","['r', 'i', 'c', 'e']",e,"UTT_BOUNDARY q : W w h i c h W l e t t e r W d o e s W t h e W w o r d W "" r i c e "" W e n d W w i t h ? W a : UTT_BOUNDARY e x i t W i s "" W o r W "" s t r a n g e "" ? W a :","exit is"" or ""strange""? a:"
"Q: What is the last letter of the word ""minus""? A:","['m', 'i', 'n', 'u', 's']",s,"UTT_BOUNDARY q : W w h a t W i s W t h e W l a s t W l e t t e r W o f W t h e W w o r d W "" m i n u s "" ? W a : UTT_BOUNDARY t i m e s "" W o r W "" s i n c e "" ? W a : UTT_BOUNDARY","times"" or ""since""? a:"
"Q: Which letter does the word ""roof"" end with? A:","['r', 'o', 'o', 'f']",f,"UTT_BOUNDARY q : W w h i c h W l e t t e r W d o e s W t h e W w o r d W "" r o o f "" W e n d W w i t h ? W a : UTT_BOUNDARY r o o m m a t e s "" ? W a : UTT_BOUNDARY","roommates""? a:"
"Q: Which letter does the word ""purple"" end with? A:","['p', 'u', 'r', 'p', 'l', 'e']",e,"UTT_BOUNDARY q : W w h i c h W l e t t e r W d o e s W t h e W w o r d W "" p u r p l e "" W e n d W w i t h ? W a : UTT_BOUNDARY e x c e l l e n t W w i t h W t h e W w o r d W ""","excellent with the word """
"Q: Which letter does the word ""sock"" end with? A:","['s', 'o', 'c', 'k']",k,"UTT_BOUNDARY q : W w h i c h W l e t t e r W d o e s W t h e W w o r d W "" s o c k "" W e n d W w i t h ? W a : UTT_BOUNDARY k e y b o a r d "" W o r W "" s t a d i u m "" ? W a","keyboard"" or ""stadium""? a"
"Q: What is the last letter of the word ""grade""? A:","['g', 'r', 'a', 'd', 'e']",e,"UTT_BOUNDARY q : W w h a t W i s W t h e W l a s t W l e t t e r W o f W t h e W w o r d W "" g r a d e "" ? W a : UTT_BOUNDARY e x i t W a t W t h e W e n d W o f W t h e W w o",exit at the end of the wo
"Q: Which letter does the word ""yet"" end with? A:","['y', 'e', 't']",t,"UTT_BOUNDARY q : W w h i c h W l e t t e r W d o e s W t h e W w o r d W "" y e t "" W e n d W w i t h ? W a : UTT_BOUNDARY t o n g u e "" ? W a : UTT_BOUNDARY","tongue""? a:"
"Q: What is the last letter of the word ""mosque""? A:","['m', 'o', 's', 'q', 'u', 'e']",e,"UTT_BOUNDARY q : W w h a t W i s W t h e W l a s t W l e t t e r W o f W t h e W w o r d W "" m o s q u e "" ? W a : UTT_BOUNDARY e x p l a i n a y a n s w e r "" ? W a : UTT_BOUNDARY","explainayanswer""? a:"
"Write the last letter of the word ""great"": ","['g', 'r', 'e', 'a', 't']",t,"UTT_BOUNDARY w r i t e W t h e W l a s t W l e t t e r W o f W t h e W w o r d W "" g r e a t "" : UTT_BOUNDARY t h e m s e l v e s "" : UTT_BOUNDARY","themselves"":"
"Q: What is the last letter of the word ""weekly""? A:","['w', 'e', 'e', 'k', 'l', 'y']",y,"UTT_BOUNDARY q : W w h a t W i s W t h e W l a s t W l e t t e r W o f W t h e W w o r d W "" w e e k l y "" ? W a : UTT_BOUNDARY y e a r s o l d "" ? W a : UTT_BOUNDARY","yearsold""? a:"
"Q: What is the last letter of the word ""day""? A:","['d', 'a', 'y']",y,"UTT_BOUNDARY q : W w h a t W i s W t h e W l a s t W l e t t e r W o f W t h e W w o r d W "" d a y "" ? W a : UTT_BOUNDARY y e a r s "" ? W a : UTT_BOUNDARY","years""? a:"
"Q: What is the last letter of the word ""side""? A:","['s', 'i', 'd', 'e']",e,"UTT_BOUNDARY q : W w h a t W i s W t h e W l a s t W l e t t e r W o f W t h e W w o r d W "" s i d e "" ? W a : UTT_BOUNDARY e x e r c i s e "" ? W a : UTT_BOUNDARY","exercise""? a:"
"Write the last letter of the word ""laptop"": ","['l', 'a', 'p', 't', 'o', 'p']",p,"UTT_BOUNDARY w r i t e W t h e W l a s t W l e t t e r W o f W t h e W w o r d W "" l a p t o p "" : UTT_BOUNDARY p a p e r s "" : UTT_BOUNDARY","papers"":"
"Q: Which letter does the word ""paint"" end with? A:","['p', 'a', 'i', 'n', 't']",t,"UTT_BOUNDARY q : W w h i c h W l e t t e r W d o e s W t h e W w o r d W "" p a i n t "" W e n d W w i t h ? W a : UTT_BOUNDARY t h e m s e l v e s ? W a : UTT_BOUNDARY",themselves? a:
"Q: What is the last letter of the word ""bottle""? A:","['b', 'o', 't', 't', 'l', 'e']",e,"UTT_BOUNDARY q : W w h a t W i s W t h e W l a s t W l e t t e r W o f W t h e W w o r d W "" b o t t l e "" ? W a : UTT_BOUNDARY e g g s ? W a : UTT_BOUNDARY",eggs? a:
"Q: What is the last letter of the word ""add""? A:","['a', 'd', 'd']",d,"UTT_BOUNDARY q : W w h a t W i s W t h e W l a s t W l e t t e r W o f W t h e W w o r d W "" a d d "" ? W a : UTT_BOUNDARY d i s c o u n t "" ? W a : UTT_BOUNDARY","discount""? a:"
"Q: Which letter does the word ""its"" end with? A:","['i', 't', 's']",s,"UTT_BOUNDARY q : W w h i c h W l e t t e r W d o e s W t h e W w o r d W "" i t s "" W e n d W w i t h ? W a : UTT_BOUNDARY t o n g u e "" ? W a : UTT_BOUNDARY","tongue""? a:"
"Write the last letter of the word ""stop"": ","['s', 't', 'o', 'p']",p,"UTT_BOUNDARY w r i t e W t h e W l a s t W l e t t e r W o f W t h e W w o r d W "" s t o p "" : UTT_BOUNDARY p r o t e c t i o n i s t "" : UTT_BOUNDARY","protectionist"":"
"Q: Which letter does the word ""share"" end with? A:","['s', 'h', 'a', 'r', 'e']",e,"UTT_BOUNDARY q : W w h i c h W l e t t e r W d o e s W t h e W w o r d W "" s h a r e "" W e n d W w i t h ? W a : UTT_BOUNDARY e x p l a i n s W t h e W w o r d W "" s t a i n ""","explains the word ""stain"""
"Q: Which letter does the word ""break"" end with? A:","['b', 'r', 'e', 'a', 'k']",k,"UTT_BOUNDARY q : W w h i c h W l e t t e r W d o e s W t h e W w o r d W "" b r e a k "" W e n d W w i t h ? W a : UTT_BOUNDARY k e e p "" W o r W "" s t o m a c h "" ? W a : UTT_BOUNDARY","keep"" or ""stomach""? a:"
"Q: Which letter does the word ""geography"" end with? A:","['g', 'e', 'o', 'g', 'r', 'a', 'p', 'h', 'y']",y,"UTT_BOUNDARY q : W w h i c h W l e t t e r W d o e s W t h e W w o r d W "" g e o g r a p h y "" W e n d W w i t h ? W a : UTT_BOUNDARY y e t ? W a : UTT_BOUNDARY",yet? a:
"Write the last letter of the word ""below"": ","['b', 'e', 'l', 'o', 'w']",w,"UTT_BOUNDARY w r i t e W t h e W l a s t W l e t t e r W o f W t h e W w o r d W "" b e l o w "" : UTT_BOUNDARY w h i c h W o n e W h a s W f e w e r W l e t t e",which one has fewer lette
"Q: Which letter does the word ""whole"" end with? A:","['w', 'h', 'o', 'l', 'e']",e,"UTT_BOUNDARY q : W w h i c h W l e t t e r W d o e s W t h e W w o r d W "" w h o l e "" W e n d W w i t h ? W a : UTT_BOUNDARY e n d e d W t h e W w o r d W "" s t a y "" W o r W","ended the word ""stay"" or "
"Q: What is the last letter of the word ""shoe""? A:","['s', 'h', 'o', 'e']",e,"UTT_BOUNDARY q : W w h a t W i s W t h e W l a s t W l e t t e r W o f W t h e W w o r d W "" s h o e "" ? W a : UTT_BOUNDARY e x p l o r e "" ? W a : UTT_BOUNDARY","explore""? a:"
"Q: What is the last letter of the word ""carry""? A:","['c', 'a', 'r', 'r', 'y']",y,"UTT_BOUNDARY q : W w h a t W i s W t h e W l a s t W l e t t e r W o f W t h e W w o r d W "" c a r r y "" ? W a : UTT_BOUNDARY y o u n g e r W s i s t e r "" ? W a : UTT_BOUNDARY","younger sister""? a:"
"Q: What is the last letter of the word ""hill""? A:","['h', 'i', 'l', 'l']",l,"UTT_BOUNDARY q : W w h a t W i s W t h e W l a s t W l e t t e r W o f W t h e W w o r d W "" h i l l "" ? W a : UTT_BOUNDARY l a k e v i n g "" ? W a : UTT_BOUNDARY","lakeving""? a:"
"Write the last letter of the word ""doctor"": ","['d', 'o', 'c', 't', 'o', 'r']",r,"UTT_BOUNDARY w r i t e W t h e W l a s t W l e t t e r W o f W t h e W w o r d W "" d o c t o r "" : UTT_BOUNDARY r e c o r d s "" : UTT_BOUNDARY","records"":"
"Q: What is the last letter of the word ""medicine""? A:","['m', 'e', 'd', 'i', 'c', 'i', 'n', 'e']",e,"UTT_BOUNDARY q : W w h a t W i s W t h e W l a s t W l e t t e r W o f W t h e W w o r d W "" m e d i c i n e "" ? W a : UTT_BOUNDARY e x a m i n a t i o n t x x x x i i i t y , W x b","examinationtxxxxiiity, xb"
"Write the last letter of the word ""message"": ","['m', 'e', 's', 's', 'a', 'g', 'e']",e,"UTT_BOUNDARY w r i t e W t h e W l a s t W l e t t e r W o f W t h e W w o r d W "" m e s s a g e "" : UTT_BOUNDARY e x a m p l e : UTT_BOUNDARY",example:
"Q: Which letter does the word ""north"" end with? A:","['n', 'o', 'r', 't', 'h']",h,"UTT_BOUNDARY q : W w h i c h W l e t t e r W d o e s W t h e W w o r d W "" n o r t h "" W e n d W w i t h ? W a : UTT_BOUNDARY t h e n W t h e y W w o n "" ? W a : UTT_BOUNDARY","then they won""? a:"
"Write the last letter of the word ""adjective"": ","['a', 'd', 'j', 'e', 'c', 't', 'i', 'v', 'e']",e,"UTT_BOUNDARY w r i t e W t h e W l a s t W l e t t e r W o f W t h e W w o r d W "" a d j e c t i v e "" : UTT_BOUNDARY e j e c t e d W t h e W n a m e W "" a l l "" : UTT_BOUNDARY","ejected the name ""all"":"
"Write the last letter of the word ""soap"": ","['s', 'o', 'a', 'p']",p,"UTT_BOUNDARY w r i t e W t h e W l a s t W l e t t e r W o f W t h e W w o r d W "" s o a p "" : UTT_BOUNDARY p o p s e r o u s "" : UTT_BOUNDARY","popserous"":"
"Q: Which letter does the word ""red"" end with? A:","['r', 'e', 'd']",d,"UTT_BOUNDARY q : W w h i c h W l e t t e r W d o e s W t h e W w o r d W "" r e d "" W e n d W w i t h ? W a : UTT_BOUNDARY r e d u c e "" W o r W "" r e d "" ? W a : UTT_BOUNDARY","reduce"" or ""red""? a:"
"Q: What is the last letter of the word ""them""? A:","['t', 'h', 'e', 'm']",m,"UTT_BOUNDARY q : W w h a t W i s W t h e W l a s t W l e t t e r W o f W t h e W w o r d W "" t h e m "" ? W a : UTT_BOUNDARY t h e m s e l v e s "" ? W a : UTT_BOUNDARY","themselves""? a:"
"Write the last letter of the word ""come"": ","['c', 'o', 'm', 'e']",e,"UTT_BOUNDARY w r i t e W t h e W l a s t W l e t t e r W o f W t h e W w o r d W "" c o m e "" : UTT_BOUNDARY e x c i t i n g "" : UTT_BOUNDARY","exciting"":"
"Q: What is the last letter of the word ""jam""? A:","['j', 'a', 'm']",m,"UTT_BOUNDARY q : W w h a t W i s W t h e W l a s t W l e t t e r W o f W t h e W w o r d W "" j a m "" ? W a : UTT_BOUNDARY a m a z i n g "" ? W a : UTT_BOUNDARY","amazing""? a:"
"Write the last letter of the word ""young"": ","['y', 'o', 'u', 'n', 'g']",g,"UTT_BOUNDARY w r i t e W t h e W l a s t W l e t t e r W o f W t h e W w o r d W "" y o u n g "" : UTT_BOUNDARY y o u n g "" : UTT_BOUNDARY","young"":"
"Q: Which letter does the word ""wheel"" end with? A:","['w', 'h', 'e', 'e', 'l']",l,"UTT_BOUNDARY q : W w h i c h W l e t t e r W d o e s W t h e W w o r d W "" w h e e l "" W e n d W w i t h ? W a : UTT_BOUNDARY l e n d "" W o r W "" s u n n y "" ? W a : UTT_BOUNDARY","lend"" or ""sunny""? a:"
"Q: What is the last letter of the word ""doll""? A:","['d', 'o', 'l', 'l']",l,"UTT_BOUNDARY q : W w h a t W i s W t h e W l a s t W l e t t e r W o f W t h e W w o r d W "" d o l l "" ? W a : UTT_BOUNDARY d o l l a r s "" ? W a : UTT_BOUNDARY","dollars""? a:"
"Q: Which letter does the word ""everybody"" end with? A:","['e', 'v', 'e', 'r', 'y', 'b', 'o', 'd', 'y']",y,"UTT_BOUNDARY q : W w h i c h W l e t t e r W d o e s W t h e W w o r d W "" e v e r y b o d y "" W e n d W w i t h ? W a : UTT_BOUNDARY y e a r s W a n d W f o r m e r l y , W "" t h e y","years and formerly, ""they"
"Q: What is the last letter of the word ""week""? A:","['w', 'e', 'e', 'k']",k,"UTT_BOUNDARY q : W w h a t W i s W t h e W l a s t W l e t t e r W o f W t h e W w o r d W "" w e e k "" ? W a : UTT_BOUNDARY r e c o r d s "" ? W a : UTT_BOUNDARY","records""? a:"
"Q: What is the last letter of the word ""postcard""? A:","['p', 'o', 's', 't', 'c', 'a', 'r', 'd']",d,"UTT_BOUNDARY q : W w h a t W i s W t h e W l a s t W l e t t e r W o f W t h e W w o r d W "" p o s t c a r d "" ? W a : UTT_BOUNDARY d a u g h t e r s "" ? W a : UTT_BOUNDARY","daughters""? a:"
"Q: Which letter does the word ""skirt"" end with? A:","['s', 'k', 'i', 'r', 't']",t,"UTT_BOUNDARY q : W w h i c h W l e t t e r W d o e s W t h e W w o r d W "" s k i r t "" W e n d W w i t h ? W a : UTT_BOUNDARY t h r o u g h "" ? W a : UTT_BOUNDARY","through""? a:"
"Q: Which letter does the word ""me"" end with? A:","['m', 'e']",e,"UTT_BOUNDARY q : W w h i c h W l e t t e r W d o e s W t h e W w o r d W "" m e "" W e n d W w i t h ? W a : UTT_BOUNDARY e x i t W i s "" f i r s t ? W a : UTT_BOUNDARY","exit is""first? a:"
"Q: What is the last letter of the word ""surf""? A:","['s', 'u', 'r', 'f']",f,"UTT_BOUNDARY q : W w h a t W i s W t h e W l a s t W l e t t e r W o f W t h e W w o r d W "" s u r f "" ? W a : UTT_BOUNDARY n u r s e r y "" ? W a : UTT_BOUNDARY","nursery""? a:"
"Q: Which letter does the word ""throw"" end with? A:","['t', 'h', 'r', 'o', 'w']",w,"UTT_BOUNDARY q : W w h i c h W l e t t e r W d o e s W t h e W w o r d W "" t h r o w "" W e n d W w i t h ? W a : UTT_BOUNDARY t h r o w "" W o r W "" s o m e "" ? W a : UTT_BOUNDARY","throw"" or ""some""? a:"
"Q: What is the last letter of the word ""suit""? A:","['s', 'u', 'i', 't']",t,"UTT_BOUNDARY q : W w h a t W i s W t h e W l a s t W l e t t e r W o f W t h e W w o r d W "" s u i t "" ? W a : UTT_BOUNDARY t u b e r c u l o s i s "" ? W a : UTT_BOUNDARY","tuberculosis""? a:"
"Q: What is the last letter of the word ""bicycle""? A:","['b', 'i', 'c', 'y', 'c', 'l', 'e']",e,"UTT_BOUNDARY q : W w h a t W i s W t h e W l a s t W l e t t e r W o f W t h e W w o r d W "" b i c y c l e "" ? W a : UTT_BOUNDARY e g g s ? W a : UTT_BOUNDARY",eggs? a:
"Write the last letter of the word ""lunch"": ","['l', 'u', 'n', 'c', 'h']",h,"UTT_BOUNDARY w r i t e W t h e W l a s t W l e t t e r W o f W t h e W w o r d W "" l u n c h "" : UTT_BOUNDARY n u m b e r s u a n c e s "" : UTT_BOUNDARY","numbersuances"":"
"Q: Which letter does the word ""memory"" end with? A:","['m', 'e', 'm', 'o', 'r', 'y']",y,"UTT_BOUNDARY q : W w h i c h W l e t t e r W d o e s W t h e W w o r d W "" m e m o r y "" W e n d W w i t h ? W a : UTT_BOUNDARY y e s t e r d a y "" ? W a : UTT_BOUNDARY","yesterday""? a:"
"Q: Which letter does the word ""fog"" end with? A:","['f', 'o', 'g']",g,"UTT_BOUNDARY q : W w h i c h W l e t t e r W d o e s W t h e W w o r d W "" f o g "" W e n d W w i t h ? W a : UTT_BOUNDARY g u i d e b o o k s ? W a : UTT_BOUNDARY",guidebooks? a:
"Q: What is the last letter of the word ""vacation""? A:","['v', 'a', 'c', 'a', 't', 'i', 'o', 'n']",n,"UTT_BOUNDARY q : W w h a t W i s W t h e W l a s t W l e t t e r W o f W t h e W w o r d W "" v a c a t i o n "" ? W a : UTT_BOUNDARY n a t u r e "" ? W a : UTT_BOUNDARY","nature""? a:"
"Q: What is the last letter of the word ""change""? A:","['c', 'h', 'a', 'n', 'g', 'e']",e,"UTT_BOUNDARY q : W w h a t W i s W t h e W l a s t W l e t t e r W o f W t h e W w o r d W "" c h a n g e "" ? W a : UTT_BOUNDARY e x i t W o r W "" s t r a n g e "" ? W a : UTT_BOUNDARY","exit or ""strange""? a:"
"Q: What is the last letter of the word ""bear""? A:","['b', 'e', 'a', 'r']",r,"UTT_BOUNDARY q : W w h a t W i s W t h e W l a s t W l e t t e r W o f W t h e W w o r d W "" b e a r "" ? W a : UTT_BOUNDARY r e a d i n g "" ? W a : UTT_BOUNDARY","reading""? a:"
"Q: What is the last letter of the word ""pair""? A:","['p', 'a', 'i', 'r']",r,"UTT_BOUNDARY q : W w h a t W i s W t h e W l a s t W l e t t e r W o f W t h e W w o r d W "" p a i r "" ? W a : UTT_BOUNDARY r a b b i t s "" ? W a : UTT_BOUNDARY","rabbits""? a:"
"Q: What is the last letter of the word ""letter""? A:","['l', 'e', 't', 't', 'e', 'r']",r,"UTT_BOUNDARY q : W w h a t W i s W t h e W l a s t W l e t t e r W o f W t h e W w o r d W "" l e t t e r "" ? W a : UTT_BOUNDARY t h e a t e r "" ? W a : UTT_BOUNDARY","theater""? a:"
"Q: What is the last letter of the word ""sailing""? A:","['s', 'a', 'i', 'l', 'i', 'n', 'g']",g,"UTT_BOUNDARY q : W w h a t W i s W t h e W l a s t W l e t t e r W o f W t h e W w o r d W "" s a i l i n g "" ? W a : UTT_BOUNDARY g r e e n "" ? W a : UTT_BOUNDARY","green""? a:"
"Write the last letter of the word ""tram"": ","['t', 'r', 'a', 'm']",m,"UTT_BOUNDARY w r i t e W t h e W l a s t W l e t t e r W o f W t h e W w o r d W "" t r a m "" : UTT_BOUNDARY m o d e l "" : UTT_BOUNDARY","model"":"
"Q: What is the last letter of the word ""radio""? A:","['r', 'a', 'd', 'i', 'o']",o,"UTT_BOUNDARY q : W w h a t W i s W t h e W l a s t W l e t t e r W o f W t h e W w o r d W "" r a d i o "" ? W a : UTT_BOUNDARY n e w s p a p e r "" ? W a : UTT_BOUNDARY","newspaper""? a:"
"Write the last letter of the word ""include"": ","['i', 'n', 'c', 'l', 'u', 'd', 'e']",e,"UTT_BOUNDARY w r i t e W t h e W l a s t W l e t t e r W o f W t h e W w o r d W "" i n c l u d e "" : UTT_BOUNDARY e x c e p t "" : UTT_BOUNDARY","except"":"
"Q: Which letter does the word ""honey"" end with? A:","['h', 'o', 'n', 'e', 'y']",y,"UTT_BOUNDARY q : W w h i c h W l e t t e r W d o e s W t h e W w o r d W "" h o n e y "" W e n d W w i t h ? W a : UTT_BOUNDARY y e s t e r d a y "" ? W a : UTT_BOUNDARY","yesterday""? a:"
"Q: Which letter does the word ""however"" end with? A:","['h', 'o', 'w', 'e', 'v', 'e', 'r']",r,"UTT_BOUNDARY q : W w h i c h W l e t t e r W d o e s W t h e W w o r d W "" h o w e v e r "" W e n d W w i t h ? W a : UTT_BOUNDARY r e g i s t r a t i o n : UTT_BOUNDARY",registration:
"Q: Which letter does the word ""plastic"" end with? A:","['p', 'l', 'a', 's', 't', 'i', 'c']",c,"UTT_BOUNDARY q : W w h i c h W l e t t e r W d o e s W t h e W w o r d W "" p l a s t i c "" W e n d W w i t h ? W a : UTT_BOUNDARY c l a s s i f i e d s W t o W t h e W w o r d W ""","classifieds to the word """
"Q: Which letter does the word ""teach"" end with? A:","['t', 'e', 'a', 'c', 'h']",h,"UTT_BOUNDARY q : W w h i c h W l e t t e r W d o e s W t h e W w o r d W "" t e a c h "" W e n d W w i t h ? W a : UTT_BOUNDARY t e a c h e r "" W o r W "" s t e a l "" ? W a : UTT_BOUNDARY","teacher"" or ""steal""? a:"
"Q: Which letter does the word ""polite"" end with? A:","['p', 'o', 'l', 'i', 't', 'e']",e,"UTT_BOUNDARY q : W w h i c h W l e t t e r W d o e s W t h e W w o r d W "" p o l i t e "" W e n d W w i t h ? W a : UTT_BOUNDARY e x p l a i n "" W o r W "" p o l i t e "" ? W a : UTT_BOUNDARY","explain"" or ""polite""? a:"
"Write the last letter of the word ""village"": ","['v', 'i', 'l', 'l', 'a', 'g', 'e']",e,"UTT_BOUNDARY w r i t e W t h e W l a s t W l e t t e r W o f W t h e W w o r d W "" v i l l a g e "" : UTT_BOUNDARY e x c e p t "" : UTT_BOUNDARY","except"":"
"Q: What is the last letter of the word ""king""? A:","['k', 'i', 'n', 'g']",g,"UTT_BOUNDARY q : W w h a t W i s W t h e W l a s t W l e t t e r W o f W t h e W w o r d W "" k i n g "" ? W a : UTT_BOUNDARY k i n g "" ? W a : UTT_BOUNDARY","king""? a:"
"Q: What is the last letter of the word ""excellent""? A:","['e', 'x', 'c', 'e', 'l', 'l', 'e', 'n', 't']",t,"UTT_BOUNDARY q : W w h a t W i s W t h e W l a s t W l e t t e r W o f W t h e W w o r d W "" e x c e l l e n t "" ? W a : UTT_BOUNDARY t h e m s e l v e s "" ? W a : UTT_BOUNDARY","themselves""? a:"
"Q: Which letter does the word ""glad"" end with? A:","['g', 'l', 'a', 'd']",d,"UTT_BOUNDARY q : W w h i c h W l e t t e r W d o e s W t h e W w o r d W "" g l a d "" W e n d W w i t h ? W a : UTT_BOUNDARY d i n n e r "" ? W a : UTT_BOUNDARY","dinner""? a:"
"Write the last letter of the word ""concert"": ","['c', 'o', 'n', 'c', 'e', 'r', 't']",t,"UTT_BOUNDARY w r i t e W t h e W l a s t W l e t t e r W o f W t h e W w o r d W "" c o n c e r t "" : UTT_BOUNDARY c o n c e r t "" : UTT_BOUNDARY","concert"":"
"Q: Which letter does the word ""which"" end with? A:","['w', 'h', 'i', 'c', 'h']",h,"UTT_BOUNDARY q : W w h i c h W l e t t e r W d o e s W t h e W w o r d W "" w h i c h "" W e n d W w i t h ? W a : UTT_BOUNDARY h o s p i t a l "" W o r W "" w o r s t "" ? W a : UTT_BOUNDARY","hospital"" or ""worst""? a:"
"Write the last letter of the word ""engineer"": ","['e', 'n', 'g', 'i', 'n', 'e', 'e', 'r']",r,"UTT_BOUNDARY w r i t e W t h e W l a s t W l e t t e r W o f W t h e W w o r d W "" e n g i n e e r "" : UTT_BOUNDARY r o a s t "" , W w h i c h W w o r d W c o m e s W","roast"", which word comes "
"Q: What is the last letter of the word ""tea""? A:","['t', 'e', 'a']",a,"UTT_BOUNDARY q : W w h a t W i s W t h e W l a s t W l e t t e r W o f W t h e W w o r d W "" t e a "" ? W a : UTT_BOUNDARY t e a c h e r "" ? W a : UTT_BOUNDARY","teacher""? a:"
"Write the last letter of the word ""grandson"": ","['g', 'r', 'a', 'n', 'd', 's', 'o', 'n']",n,"UTT_BOUNDARY w r i t e W t h e W l a s t W l e t t e r W o f W t h e W w o r d W "" g r a n d s o n "" : UTT_BOUNDARY n i c k n a m e "" : UTT_BOUNDARY","nickname"":"
"Write the last letter of the word ""weekly"": ","['w', 'e', 'e', 'k', 'l', 'y']",y,"UTT_BOUNDARY w r i t e W t h e W l a s t W l e t t e r W o f W t h e W w o r d W "" w e e k l y "" : UTT_BOUNDARY y e a r s o l y "" : UTT_BOUNDARY","yearsoly"":"
"Q: What is the last letter of the word ""second""? A:","['s', 'e', 'c', 'o', 'n', 'd']",d,"UTT_BOUNDARY q : W w h a t W i s W t h e W l a s t W l e t t e r W o f W t h e W w o r d W "" s e c o n d "" ? W a : UTT_BOUNDARY d i s c o u n t "" ? W a : UTT_BOUNDARY","discount""? a:"
"Write the last letter of the word ""win"": ","['w', 'i', 'n']",n,"UTT_BOUNDARY w r i t e W t h e W l a s t W l e t t e r W o f W t h e W w o r d W "" w i n "" : UTT_BOUNDARY n o w a d a y s "" : UTT_BOUNDARY","nowadays"":"
"Write the last letter of the word ""delay"": ","['d', 'e', 'l', 'a', 'y']",y,"UTT_BOUNDARY w r i t e W t h e W l a s t W l e t t e r W o f W t h e W w o r d W "" d e l a y "" : UTT_BOUNDARY y e a r s "" : UTT_BOUNDARY","years"":"
"Q: Which letter does the word ""country"" end with? A:","['c', 'o', 'u', 'n', 't', 'r', 'y']",y,"UTT_BOUNDARY q : W w h i c h W l e t t e r W d o e s W t h e W w o r d W "" c o u n t r y "" W e n d W w i t h ? W a : UTT_BOUNDARY y e t ? W a : UTT_BOUNDARY",yet? a:
"Write the last letter of the word ""parent"": ","['p', 'a', 'r', 'e', 'n', 't']",t,"UTT_BOUNDARY w r i t e W t h e W l a s t W l e t t e r W o f W t h e W w o r d W "" p a r e n t "" : UTT_BOUNDARY t h e s e W a r e W m o r e W c o m m o n l y W a",these are more commonly a
"Q: Which letter does the word ""against"" end with? A:","['a', 'g', 'a', 'i', 'n', 's', 't']",t,"UTT_BOUNDARY q : W w h i c h W l e t t e r W d o e s W t h e W w o r d W "" a g a i n s t "" W e n d W w i t h ? W a : UTT_BOUNDARY t o u r i s t s u r f "" W w h i c h W o n e W h a","touristsurf"" which one ha"
"Q: Which letter does the word ""about"" end with? A:","['a', 'b', 'o', 'u', 't']",t,"UTT_BOUNDARY q : W w h i c h W l e t t e r W d o e s W t h e W w o r d W "" a b o u t "" W e n d W w i t h ? W a : UTT_BOUNDARY t o u r i s t s ? W a : UTT_BOUNDARY",tourists? a:
"Q: What is the last letter of the word ""drum""? A:","['d', 'r', 'u', 'm']",m,"UTT_BOUNDARY q : W w h a t W i s W t h e W l a s t W l e t t e r W o f W t h e W w o r d W "" d r u m "" ? W a : UTT_BOUNDARY m a g a z i n e "" ? W a : UTT_BOUNDARY","magazine""? a:"
"Q: Which letter does the word ""golf"" end with? A:","['g', 'o', 'l', 'f']",f,"UTT_BOUNDARY q : W w h i c h W l e t t e r W d o e s W t h e W w o r d W "" g o l f "" W e n d W w i t h ? W a : UTT_BOUNDARY l e n d "" W o r W "" s u n n y "" ? W a : UTT_BOUNDARY","lend"" or ""sunny""? a:"
"Q: What is the last letter of the word ""pretty""? A:","['p', 'r', 'e', 't', 't', 'y']",y,"UTT_BOUNDARY q : W w h a t W i s W t h e W l a s t W l e t t e r W o f W t h e W w o r d W "" p r e t t y "" ? W a : UTT_BOUNDARY y o u n g "" ? W a : UTT_BOUNDARY","young""? a:"
"Q: What is the last letter of the word ""there""? A:","['t', 'h', 'e', 'r', 'e']",e,"UTT_BOUNDARY q : W w h a t W i s W t h e W l a s t W l e t t e r W o f W t h e W w o r d W "" t h e r e "" ? W a : UTT_BOUNDARY e x c e p t "" ? W a : UTT_BOUNDARY","except""? a:"
"Q: What is the last letter of the word ""pass""? A:","['p', 'a', 's', 's']",s,"UTT_BOUNDARY q : W w h a t W i s W t h e W l a s t W l e t t e r W o f W t h e W w o r d W "" p a s s "" ? W a : UTT_BOUNDARY s a u c e "" ? W a : UTT_BOUNDARY","sauce""? a:"
"Q: Which letter does the word ""behind"" end with? A:","['b', 'e', 'h', 'i', 'n', 'd']",d,"UTT_BOUNDARY q : W w h i c h W l e t t e r W d o e s W t h e W w o r d W "" b e h i n d "" W e n d W w i t h ? W a : UTT_BOUNDARY n e i g h b o r h o o d "" W o r W "" s i n k "" ? W","neighborhood"" or ""sink""? "
"Q: What is the last letter of the word ""swimming""? A:","['s', 'w', 'i', 'm', 'm', 'i', 'n', 'g']",g,"UTT_BOUNDARY q : W w h a t W i s W t h e W l a s t W l e t t e r W o f W t h e W w o r d W "" s w i m m i n g "" ? W a : UTT_BOUNDARY g o a l i e s "" , W w h i c h W w o r d W c o m e","goalies"", which word come"
"Q: What is the last letter of the word ""bottom""? A:","['b', 'o', 't', 't', 'o', 'm']",m,"UTT_BOUNDARY q : W w h a t W i s W t h e W l a s t W l e t t e r W o f W t h e W w o r d W "" b o t t o m "" ? W a : UTT_BOUNDARY t o p W o f W t h e W s e n t e n c e W "" t h e W","top of the sentence ""the "
"Q: What is the last letter of the word ""silver""? A:","['s', 'i', 'l', 'v', 'e', 'r']",r,"UTT_BOUNDARY q : W w h a t W i s W t h e W l a s t W l e t t e r W o f W t h e W w o r d W "" s i l v e r "" ? W a : UTT_BOUNDARY s i l v e r W w i l l W s t a r t W a g a i n s t",silver will start against
"Q: Which letter does the word ""own"" end with? A:","['o', 'w', 'n']",n,"UTT_BOUNDARY q : W w h i c h W l e t t e r W d o e s W t h e W w o r d W "" o w n "" W e n d W w i t h ? W a : UTT_BOUNDARY n o i s e "" W o r W "" s o m e "" ? W a : UTT_BOUNDARY","noise"" or ""some""? a:"
"Q: Which letter does the word ""the"" end with? A:","['t', 'h', 'e']",e,"UTT_BOUNDARY q : W w h i c h W l e t t e r W d o e s W t h e W w o r d W "" t h e "" W e n d W w i t h ? W a : UTT_BOUNDARY e n d e d "" W o r W "" s t a g e "" ? W a : UTT_BOUNDARY","ended"" or ""stage""? a:"
"Q: What is the last letter of the word ""take""? A:","['t', 'a', 'k', 'e']",e,"UTT_BOUNDARY q : W w h a t W i s W t h e W l a s t W l e t t e r W o f W t h e W w o r d W "" t a k e "" ? W a : UTT_BOUNDARY e x c h a n g e d "" ? W a : UTT_BOUNDARY","exchanged""? a:"
"Q: What is the last letter of the word ""accident""? A:","['a', 'c', 'c', 'i', 'd', 'e', 'n', 't']",t,"UTT_BOUNDARY q : W w h a t W i s W t h e W l a s t W l e t t e r W o f W t h e W w o r d W "" a c c i d e n t "" ? W a : UTT_BOUNDARY t h e a t e r "" ? W a : UTT_BOUNDARY","theater""? a:"
"Q: What is the last letter of the word ""neighbor""? A:","['n', 'e', 'i', 'g', 'h', 'b', 'o', 'r']",r,"UTT_BOUNDARY q : W w h a t W i s W t h e W l a s t W l e t t e r W o f W t h e W w o r d W "" n e i g h b o r "" ? W a : UTT_BOUNDARY r e t u r n "" ? W a : UTT_BOUNDARY","return""? a:"
"Write the last letter of the word ""wife"": ","['w', 'i', 'f', 'e']",e,"UTT_BOUNDARY w r i t e W t h e W l a s t W l e t t e r W o f W t h e W w o r d W "" w i f e "" : UTT_BOUNDARY e x p e c t e d "" : UTT_BOUNDARY","expected"":"
"Q: What is the last letter of the word ""afraid""? A:","['a', 'f', 'r', 'a', 'i', 'd']",d,"UTT_BOUNDARY q : W w h a t W i s W t h e W l a s t W l e t t e r W o f W t h e W w o r d W "" a f r a i d "" ? W a : UTT_BOUNDARY d e f e a t e d W b y W t h e W p r o s e c u t i",defeated by the prosecuti
"Write the last letter of the word ""group"": ","['g', 'r', 'o', 'u', 'p']",p,"UTT_BOUNDARY w r i t e W t h e W l a s t W l e t t e r W o f W t h e W w o r d W "" g r o u p "" : UTT_BOUNDARY n o u n c e d W t h a t W t h e W w o r d W "" t r","nounced that the word ""tr"
"Write the last letter of the word ""bring"": ","['b', 'r', 'i', 'n', 'g']",g,"UTT_BOUNDARY w r i t e W t h e W l a s t W l e t t e r W o f W t h e W w o r d W "" b r i n g "" : UTT_BOUNDARY l i n e W o f W t h e W w o r l d "" : UTT_BOUNDARY","line of the world"":"
"Q: What is the last letter of the word ""cigarette""? A:","['c', 'i', 'g', 'a', 'r', 'e', 't', 't', 'e']",e,"UTT_BOUNDARY q : W w h a t W i s W t h e W l a s t W l e t t e r W o f W t h e W w o r d W "" c i g a r e t t e "" ? W a : UTT_BOUNDARY e g g s "" ? W a : UTT_BOUNDARY","eggs""? a:"
"Write the last letter of the word ""it"": ","['i', 't']",t,"UTT_BOUNDARY w r i t e W t h e W l a s t W l e t t e r W o f W t h e W w o r d W "" i t "" : UTT_BOUNDARY t h e y "" : UTT_BOUNDARY","they"":"
"Write the last letter of the word ""grandma"": ","['g', 'r', 'a', 'n', 'd', 'm', 'a']",a,"UTT_BOUNDARY w r i t e W t h e W l a s t W l e t t e r W o f W t h e W w o r d W "" g r a n d m a "" : UTT_BOUNDARY d a d a "" : UTT_BOUNDARY","dada"":"
"Write the last letter of the word ""guest"": ","['g', 'u', 'e', 's', 't']",t,"UTT_BOUNDARY w r i t e W t h e W l a s t W l e t t e r W o f W t h e W w o r d W "" g u e s t "" : UTT_BOUNDARY t h e m s e l v e s "" : UTT_BOUNDARY","themselves"":"
"Write the last letter of the word ""single"": ","['s', 'i', 'n', 'g', 'l', 'e']",e,"UTT_BOUNDARY w r i t e W t h e W l a s t W l e t t e r W o f W t h e W w o r d W "" s i n g l e "" : UTT_BOUNDARY e l s e "" : UTT_BOUNDARY","else"":"
"Q: Which letter does the word ""line"" end with? A:","['l', 'i', 'n', 'e']",e,"UTT_BOUNDARY q : W w h i c h W l e t t e r W d o e s W t h e W w o r d W "" l i n e "" W e n d W w i t h ? W a : UTT_BOUNDARY e x i t W o r W a e w ? W a : UTT_BOUNDARY",exit or aew? a:
"Q: Which letter does the word ""vegetable"" end with? A:","['v', 'e', 'g', 'e', 't', 'a', 'b', 'l', 'e']",e,"UTT_BOUNDARY q : W w h i c h W l e t t e r W d o e s W t h e W w o r d W "" v e g e t a b l e "" W e n d W w i t h ? W a : UTT_BOUNDARY e x p e c t e d W t o W b e W h o n e s t "" ? W a","expected to be honest""? a"
"Write the last letter of the word ""park"": ","['p', 'a', 'r', 'k']",k,"UTT_BOUNDARY w r i t e W t h e W l a s t W l e t t e r W o f W t h e W w o r d W "" p a r k "" : UTT_BOUNDARY k e y b o a r d "" : UTT_BOUNDARY","keyboard"":"
"Q: What is the last letter of the word ""subway""? A:","['s', 'u', 'b', 'w', 'a', 'y']",y,"UTT_BOUNDARY q : W w h a t W i s W t h e W l a s t W l e t t e r W o f W t h e W w o r d W "" s u b w a y "" ? W a : UTT_BOUNDARY y e s t e r d a y "" ? W a : UTT_BOUNDARY","yesterday""? a:"
"Q: Which letter does the word ""over"" end with? A:","['o', 'v', 'e', 'r']",r,"UTT_BOUNDARY q : W w h i c h W l e t t e r W d o e s W t h e W w o r d W "" o v e r "" W e n d W w i t h ? W a : UTT_BOUNDARY r e m e m b e r "" ? W a : UTT_BOUNDARY","remember""? a:"
"Write the last letter of the word ""catch"": ","['c', 'a', 't', 'c', 'h']",h,"UTT_BOUNDARY w r i t e W t h e W l a s t W l e t t e r W o f W t h e W w o r d W "" c a t c h "" : UTT_BOUNDARY a t t a c h e d W t o W t h e W w o r d W "" s t o","attached to the word ""sto"
"Write the last letter of the word ""husband"": ","['h', 'u', 's', 'b', 'a', 'n', 'd']",d,"UTT_BOUNDARY w r i t e W t h e W l a s t W l e t t e r W o f W t h e W w o r d W "" h u s b a n d "" : UTT_BOUNDARY d a u g h t e r "" : UTT_BOUNDARY","daughter"":"
"Write the last letter of the word ""brown"": ","['b', 'r', 'o', 'w', 'n']",n,"UTT_BOUNDARY w r i t e W t h e W l a s t W l e t t e r W o f W t h e W w o r d W "" b r o w n "" : UTT_BOUNDARY n e i g h b o r h o o d "" : UTT_BOUNDARY","neighborhood"":"
"Write the last letter of the word ""yellow"": ","['y', 'e', 'l', 'l', 'o', 'w']",w,"UTT_BOUNDARY w r i t e W t h e W l a s t W l e t t e r W o f W t h e W w o r d W "" y e l l o w "" : UTT_BOUNDARY y e l l o w "" : UTT_BOUNDARY","yellow"":"
"Write the last letter of the word ""alcohol"": ","['a', 'l', 'c', 'o', 'h', 'o', 'l']",l,"UTT_BOUNDARY w r i t e W t h e W l a s t W l e t t e r W o f W t h e W w o r d W "" a l c o h o l "" : UTT_BOUNDARY l e m o n a d e , W "" s t o m a c h a c h e "" , W","lemonade, ""stomachache"", "
"Q: What is the last letter of the word ""golf""? A:","['g', 'o', 'l', 'f']",f,"UTT_BOUNDARY q : W w h a t W i s W t h e W l a s t W l e t t e r W o f W t h e W w o r d W "" g o l f "" ? W a : UTT_BOUNDARY n i c e l y "" ? W a : UTT_BOUNDARY","nicely""? a:"
"Write the last letter of the word ""king"": ","['k', 'i', 'n', 'g']",g,"UTT_BOUNDARY w r i t e W t h e W l a s t W l e t t e r W o f W t h e W w o r d W "" k i n g "" : UTT_BOUNDARY k i n g "" : UTT_BOUNDARY","king"":"
"Q: What is the last letter of the word ""give""? A:","['g', 'i', 'v', 'e']",e,"UTT_BOUNDARY q : W w h a t W i s W t h e W l a s t W l e t t e r W o f W t h e W w o r d W "" g i v e "" ? W a : UTT_BOUNDARY e x p l a i n "" ? W a : UTT_BOUNDARY","explain""? a:"
"Q: Which letter does the word ""understand"" end with? A:","['u', 'n', 'd', 'e', 'r', 's', 't', 'a', 'n', 'd']",d,"UTT_BOUNDARY q : W w h i c h W l e t t e r W d o e s W t h e W w o r d W "" u n d e r s t a n d "" W e n d W w i t h ? W a : UTT_BOUNDARY s u r p r i s e d W t o W s a y W t h a t W h e W",surprised to say that he 
"Write the last letter of the word ""discount"": ","['d', 'i', 's', 'c', 'o', 'u', 'n', 't']",t,"UTT_BOUNDARY w r i t e W t h e W l a s t W l e t t e r W o f W t h e W w o r d W "" d i s c o u n t "" : UTT_BOUNDARY t h e s e "" : UTT_BOUNDARY","these"":"
"Write the last letter of the word ""mom"": ","['m', 'o', 'm']",m,"UTT_BOUNDARY w r i t e W t h e W l a s t W l e t t e r W o f W t h e W w o r d W "" m o m "" : UTT_BOUNDARY m o m m y "" : UTT_BOUNDARY","mommy"":"
"Q: Which letter does the word ""wastebasket"" end with? A:","['w', 'a', 's', 't', 'e', 'b', 'a', 's', 'k', 'e', 't']",t,"UTT_BOUNDARY q : W w h i c h W l e t t e r W d o e s W t h e W w o r d W "" w a s t e b a s k e t "" W e n d W w i t h ? W a : UTT_BOUNDARY t e n t i o n ? W a : UTT_BOUNDARY",tention? a:
"Q: What is the last letter of the word ""guitar""? A:","['g', 'u', 'i', 't', 'a', 'r']",r,"UTT_BOUNDARY q : W w h a t W i s W t h e W l a s t W l e t t e r W o f W t h e W w o r d W "" g u i t a r "" ? W a : UTT_BOUNDARY r o b o t "" ? W a : UTT_BOUNDARY","robot""? a:"
"Q: What is the last letter of the word ""useful""? A:","['u', 's', 'e', 'f', 'u', 'l']",l,"UTT_BOUNDARY q : W w h a t W i s W t h e W l a s t W l e t t e r W o f W t h e W w o r d W "" u s e f u l "" ? W a : UTT_BOUNDARY l a t e r , W w h i c h W w o r d W c o m e s W f","later, which word comes f"
"Write the last letter of the word ""yeah"": ","['y', 'e', 'a', 'h']",h,"UTT_BOUNDARY w r i t e W t h e W l a s t W l e t t e r W o f W t h e W w o r d W "" y e a h "" : UTT_BOUNDARY y e a h , W y e a h , W y e a h , W y e a h , W y","yeah, yeah, yeah, yeah, y"
"Q: What is the last letter of the word ""fresh""? A:","['f', 'r', 'e', 's', 'h']",h,"UTT_BOUNDARY q : W w h a t W i s W t h e W l a s t W l e t t e r W o f W t h e W w o r d W "" f r e s h "" ? W a : UTT_BOUNDARY h o u r "" ? W a : UTT_BOUNDARY","hour""? a:"
"Write the last letter of the word ""pilot"": ","['p', 'i', 'l', 'o', 't']",t,"UTT_BOUNDARY w r i t e W t h e W l a s t W l e t t e r W o f W t h e W w o r d W "" p i l o t "" : UTT_BOUNDARY t i m e s "" : UTT_BOUNDARY","times"":"
"Q: Which letter does the word ""deep"" end with? A:","['d', 'e', 'e', 'p']",p,"UTT_BOUNDARY q : W w h i c h W l e t t e r W d o e s W t h e W w o r d W "" d e e p "" W e n d W w i t h ? W a : UTT_BOUNDARY d e e p e r "" ? W a : UTT_BOUNDARY","deeper""? a:"
"Q: What is the last letter of the word ""sometimes""? A:","['s', 'o', 'm', 'e', 't', 'i', 'm', 'e', 's']",s,"UTT_BOUNDARY q : W w h a t W i s W t h e W l a s t W l e t t e r W o f W t h e W w o r d W "" s o m e t i m e s "" ? W a : UTT_BOUNDARY s o m e t h i n g "" W o r W "" s o m e t h i n g ""","something"" or ""something"""
"Q: What is the last letter of the word ""fantastic""? A:","['f', 'a', 'n', 't', 'a', 's', 't', 'i', 'c']",c,"UTT_BOUNDARY q : W w h a t W i s W t h e W l a s t W l e t t e r W o f W t h e W w o r d W "" f a n t a s t i c "" ? W a : UTT_BOUNDARY c a m e r a c a s ? W a : UTT_BOUNDARY",cameracas? a:
"Write the last letter of the word ""cool"": ","['c', 'o', 'o', 'l']",l,"UTT_BOUNDARY w r i t e W t h e W l a s t W l e t t e r W o f W t h e W w o r d W "" c o o l "" : UTT_BOUNDARY l o o k W a t W t h e W c o n c e r t "" : UTT_BOUNDARY","look at the concert"":"
"Q: What is the last letter of the word ""tomorrow""? A:","['t', 'o', 'm', 'o', 'r', 'r', 'o', 'w']",w,"UTT_BOUNDARY q : W w h a t W i s W t h e W l a s t W l e t t e r W o f W t h e W w o r d W "" t o m o r r o w "" ? W a : UTT_BOUNDARY w h i c h W w o r d W i m m e d i a t e l y W s u",which word immediately su
"Q: Which letter does the word ""violin"" end with? A:","['v', 'i', 'o', 'l', 'i', 'n']",n,"UTT_BOUNDARY q : W w h i c h W l e t t e r W d o e s W t h e W w o r d W "" v i o l i n "" W e n d W w i t h ? W a : UTT_BOUNDARY e x c e l l e n t W w i t h W t h e W w o r d W ""","excellent with the word """
"Write the last letter of the word ""every"": ","['e', 'v', 'e', 'r', 'y']",y,"UTT_BOUNDARY w r i t e W t h e W l a s t W l e t t e r W o f W t h e W w o r d W "" e v e r y "" : UTT_BOUNDARY e v e r y b o d y "" : UTT_BOUNDARY","everybody"":"
"Q: Which letter does the word ""anyone"" end with? A:","['a', 'n', 'y', 'o', 'n', 'e']",e,"UTT_BOUNDARY q : W w h i c h W l e t t e r W d o e s W t h e W w o r d W "" a n y o n e "" W e n d W w i t h ? W a : UTT_BOUNDARY e n o u g h "" ? W a : UTT_BOUNDARY","enough""? a:"
"Write the last letter of the word ""book"": ","['b', 'o', 'o', 'k']",k,"UTT_BOUNDARY w r i t e W t h e W l a s t W l e t t e r W o f W t h e W w o r d W "" b o o k "" : UTT_BOUNDARY k i t e , W "" t h i n k "" : UTT_BOUNDARY","kite, ""think"":"
"Q: What is the last letter of the word ""toe""? A:","['t', 'o', 'e']",e,"UTT_BOUNDARY q : W w h a t W i s W t h e W l a s t W l e t t e r W o f W t h e W w o r d W "" t o e "" ? W a : UTT_BOUNDARY e y e s "" ? W a : UTT_BOUNDARY","eyes""? a:"
"Write the last letter of the word ""winner"": ","['w', 'i', 'n', 'n', 'e', 'r']",r,"UTT_BOUNDARY w r i t e W t h e W l a s t W l e t t e r W o f W t h e W w o r d W "" w i n n e r "" : UTT_BOUNDARY r e c o r d s "" : UTT_BOUNDARY","records"":"
"Q: What is the last letter of the word ""wait""? A:","['w', 'a', 'i', 't']",t,"UTT_BOUNDARY q : W w h a t W i s W t h e W l a s t W l e t t e r W o f W t h e W w o r d W "" w a i t "" ? W a : UTT_BOUNDARY t h r o w "" ? W a : UTT_BOUNDARY","throw""? a:"
"Q: What is the last letter of the word ""sorry""? A:","['s', 'o', 'r', 'r', 'y']",y,"UTT_BOUNDARY q : W w h a t W i s W t h e W l a s t W l e t t e r W o f W t h e W w o r d W "" s o r r y "" ? W a : UTT_BOUNDARY y e a r s "" ? W a : UTT_BOUNDARY","years""? a:"
"Q: Which letter does the word ""flight"" end with? A:","['f', 'l', 'i', 'g', 'h', 't']",t,"UTT_BOUNDARY q : W w h i c h W l e t t e r W d o e s W t h e W w o r d W "" f l i g h t "" W e n d W w i t h ? W a : UTT_BOUNDARY t o u r i s t s u r s t r a t e g y p r o o f "" o","touristsurstrategyproof""o"
"Q: What is the last letter of the word ""draw""? A:","['d', 'r', 'a', 'w']",w,"UTT_BOUNDARY q : W w h a t W i s W t h e W l a s t W l e t t e r W o f W t h e W w o r d W "" d r a w "" ? W a : UTT_BOUNDARY t r a i n i n g "" ? W a : UTT_BOUNDARY","training""? a:"
"Write the last letter of the word ""video"": ","['v', 'i', 'd', 'e', 'o']",o,"UTT_BOUNDARY w r i t e W t h e W l a s t W l e t t e r W o f W t h e W w o r d W "" v i d e o "" : UTT_BOUNDARY e x a m p l e : UTT_BOUNDARY",example:
"Q: What is the last letter of the word ""should""? A:","['s', 'h', 'o', 'u', 'l', 'd']",d,"UTT_BOUNDARY q : W w h a t W i s W t h e W l a s t W l e t t e r W o f W t h e W w o r d W "" s h o u l d "" ? W a : UTT_BOUNDARY d o u b l e "" ? W a : UTT_BOUNDARY","double""? a:"
"Q: What is the last letter of the word ""together""? A:","['t', 'o', 'g', 'e', 't', 'h', 'e', 'r']",r,"UTT_BOUNDARY q : W w h a t W i s W t h e W l a s t W l e t t e r W o f W t h e W w o r d W "" t o g e t h e r "" ? W a : UTT_BOUNDARY r o a s t "" , W w h i c h W w o r d W c o m e s W","roast"", which word comes "
"Q: Which letter does the word ""runner"" end with? A:","['r', 'u', 'n', 'n', 'e', 'r']",r,"UTT_BOUNDARY q : W w h i c h W l e t t e r W d o e s W t h e W w o r d W "" r u n n e r "" W e n d W w i t h ? W a : UTT_BOUNDARY r u n n e r g a n g "" W o r W "" r u n "" ? W a : UTT_BOUNDARY","runnergang"" or ""run""? a:"
"Q: Which letter does the word ""thanks"" end with? A:","['t', 'h', 'a', 'n', 'k', 's']",s,"UTT_BOUNDARY q : W w h i c h W l e t t e r W d o e s W t h e W w o r d W "" t h a n k s "" W e n d W w i t h ? W a : UTT_BOUNDARY s u r e "" W o r W "" s u b j e c t "" ? W a : UTT_BOUNDARY","sure"" or ""subject""? a:"
"Q: What is the last letter of the word ""west""? A:","['w', 'e', 's', 't']",t,"UTT_BOUNDARY q : W w h a t W i s W t h e W l a s t W l e t t e r W o f W t h e W w o r d W "" w e s t "" ? W a : UTT_BOUNDARY t h e a t e r "" ? W a : UTT_BOUNDARY","theater""? a:"
"Q: What is the last letter of the word ""bill""? A:","['b', 'i', 'l', 'l']",l,"UTT_BOUNDARY q : W w h a t W i s W t h e W l a s t W l e t t e r W o f W t h e W w o r d W "" b i l l "" ? W a : UTT_BOUNDARY l a t e r , W t h e W s e c o n d W w o r d W "" t","later, the second word ""t"
"Q: Which letter does the word ""adventure"" end with? A:","['a', 'd', 'v', 'e', 'n', 't', 'u', 'r', 'e']",e,"UTT_BOUNDARY q : W w h i c h W l e t t e r W d o e s W t h e W w o r d W "" a d v e n t u r e "" W e n d W w i t h ? W a : UTT_BOUNDARY e v a n g e l i s t i c s e n a y e d W t h e W w",evangelisticsenayed the w
"Q: What is the last letter of the word ""wild""? A:","['w', 'i', 'l', 'd']",d,"UTT_BOUNDARY q : W w h a t W i s W t h e W l a s t W l e t t e r W o f W t h e W w o r d W "" w i l d "" ? W a : UTT_BOUNDARY d i s c o u n t "" ? W a : UTT_BOUNDARY","discount""? a:"
"Q: What is the last letter of the word ""mail""? A:","['m', 'a', 'i', 'l']",l,"UTT_BOUNDARY q : W w h a t W i s W t h e W l a s t W l e t t e r W o f W t h e W w o r d W "" m a i l "" ? W a : UTT_BOUNDARY m a i l "" ? W a : UTT_BOUNDARY","mail""? a:"
"Q: Which letter does the word ""down"" end with? A:","['d', 'o', 'w', 'n']",n,"UTT_BOUNDARY q : W w h i c h W l e t t e r W d o e s W t h e W w o r d W "" d o w n "" W e n d W w i t h ? W a : UTT_BOUNDARY n o s e ? W a : UTT_BOUNDARY",nose? a:
"Write the last letter of the word ""mouth"": ","['m', 'o', 'u', 't', 'h']",h,"UTT_BOUNDARY w r i t e W t h e W l a s t W l e t t e r W o f W t h e W w o r d W "" m o u t h "" : UTT_BOUNDARY t h e m s e l v e s "" : UTT_BOUNDARY","themselves"":"
"Write the last letter of the word ""quick"": ","['q', 'u', 'i', 'c', 'k']",k,"UTT_BOUNDARY w r i t e W t h e W l a s t W l e t t e r W o f W t h e W w o r d W "" q u i c k "" : UTT_BOUNDARY q u i c k l y , W q : UTT_BOUNDARY","quickly, q:"
"Q: Which letter does the word ""site"" end with? A:","['s', 'i', 't', 'e']",e,"UTT_BOUNDARY q : W w h i c h W l e t t e r W d o e s W t h e W w o r d W "" s i t e "" W e n d W w i t h ? W a : UTT_BOUNDARY e x i t W o n e , W w h i c h W w o r d W c o m e","exit one, which word come"
"Write the last letter of the word ""kilometer"": ","['k', 'i', 'l', 'o', 'm', 'e', 't', 'e', 'r']",r,"UTT_BOUNDARY w r i t e W t h e W l a s t W l e t t e r W o f W t h e W w o r d W "" k i l o m e t e r "" : UTT_BOUNDARY r o a s t "" : UTT_BOUNDARY","roast"":"
"Write the last letter of the word ""plus"": ","['p', 'l', 'u', 's']",s,"UTT_BOUNDARY w r i t e W t h e W l a s t W l e t t e r W o f W t h e W w o r d W "" p l u s "" : UTT_BOUNDARY s o u p "" : UTT_BOUNDARY","soup"":"
"Q: Which letter does the word ""by"" end with? A:","['b', 'y']",y,"UTT_BOUNDARY q : W w h i c h W l e t t e r W d o e s W t h e W w o r d W "" b y "" W e n d W w i t h ? W a : UTT_BOUNDARY y e t "" W o r W "" t h r o u g h "" ? W a : UTT_BOUNDARY","yet"" or ""through""? a:"
"Q: Which letter does the word ""excited"" end with? A:","['e', 'x', 'c', 'i', 't', 'e', 'd']",d,"UTT_BOUNDARY q : W w h i c h W l e t t e r W d o e s W t h e W w o r d W "" e x c i t e d "" W e n d W w i t h ? W a : UTT_BOUNDARY e x c i t e d l y "" i n t e r e s t e d W t h a t","excitedly""interested that"
"Write the last letter of the word ""guidebook"": ","['g', 'u', 'i', 'd', 'e', 'b', 'o', 'o', 'k']",k,"UTT_BOUNDARY w r i t e W t h e W l a s t W l e t t e r W o f W t h e W w o r d W "" g u i d e b o o k "" : UTT_BOUNDARY k i l o g r a m "" : UTT_BOUNDARY","kilogram"":"
"Q: What is the last letter of the word ""breakfast""? A:","['b', 'r', 'e', 'a', 'k', 'f', 'a', 's', 't']",t,"UTT_BOUNDARY q : W w h a t W i s W t h e W l a s t W l e t t e r W o f W t h e W w o r d W "" b r e a k f a s t "" ? W a : UTT_BOUNDARY t h e a t e r "" ? W a : UTT_BOUNDARY","theater""? a:"
"Write the last letter of the word ""market"": ","['m', 'a', 'r', 'k', 'e', 't']",t,"UTT_BOUNDARY w r i t e W t h e W l a s t W l e t t e r W o f W t h e W w o r d W "" m a r k e t "" : UTT_BOUNDARY t h e m s e l v e s "" : UTT_BOUNDARY","themselves"":"
"Q: Which letter does the word ""online"" end with? A:","['o', 'n', 'l', 'i', 'n', 'e']",e,"UTT_BOUNDARY q : W w h i c h W l e t t e r W d o e s W t h e W w o r d W "" o n l i n e "" W e n d W w i t h ? W a : UTT_BOUNDARY e x i t W o n e 2 "" ? W a : UTT_BOUNDARY","exit one2""? a:"
"Write the last letter of the word ""license"": ","['l', 'i', 'c', 'e', 'n', 's', 'e']",e,"UTT_BOUNDARY w r i t e W t h e W l a s t W l e t t e r W o f W t h e W w o r d W "" l i c e n s e "" : UTT_BOUNDARY e x p l a i n "" : UTT_BOUNDARY","explain"":"
"Q: Which letter does the word ""send"" end with? A:","['s', 'e', 'n', 'd']",d,"UTT_BOUNDARY q : W w h i c h W l e t t e r W d o e s W t h e W w o r d W "" s e n d "" W e n d W w i t h ? W a : UTT_BOUNDARY d o c u m e n t s "" W o r W "" s t o r e "" ? W a :","documents"" or ""store""? a:"
"Q: Which letter does the word ""supper"" end with? A:","['s', 'u', 'p', 'p', 'e', 'r']",r,"UTT_BOUNDARY q : W w h i c h W l e t t e r W d o e s W t h e W w o r d W "" s u p p e r "" W e n d W w i t h ? W a : UTT_BOUNDARY r e t u r n e d "" ? W a : UTT_BOUNDARY","returned""? a:"
"Write the last letter of the word ""floor"": ","['f', 'l', 'o', 'o', 'r']",r,"UTT_BOUNDARY w r i t e W t h e W l a s t W l e t t e r W o f W t h e W w o r d W "" f l o o r "" : UTT_BOUNDARY r o o m "" : UTT_BOUNDARY","room"":"
"Q: Which letter does the word ""beautiful"" end with? A:","['b', 'e', 'a', 'u', 't', 'i', 'f', 'u', 'l']",l,"UTT_BOUNDARY q : W w h i c h W l e t t e r W d o e s W t h e W w o r d W "" b e a u t i f u l "" W e n d W w i t h ? W a : UTT_BOUNDARY l e n d "" W o r W "" f a t h e r "" ? W a : UTT_BOUNDARY","lend"" or ""father""? a:"
"Q: What is the last letter of the word ""candy""? A:","['c', 'a', 'n', 'd', 'y']",y,"UTT_BOUNDARY q : W w h a t W i s W t h e W l a s t W l e t t e r W o f W t h e W w o r d W "" c a n d y "" ? W a : UTT_BOUNDARY y e a r s "" ? W a : UTT_BOUNDARY","years""? a:"
"Write the last letter of the word ""modern"": ","['m', 'o', 'd', 'e', 'r', 'n']",n,"UTT_BOUNDARY w r i t e W t h e W l a s t W l e t t e r W o f W t h e W w o r d W "" m o d e r n "" : UTT_BOUNDARY n e w s "" : UTT_BOUNDARY","news"":"
"Q: What is the last letter of the word ""ready""? A:","['r', 'e', 'a', 'd', 'y']",y,"UTT_BOUNDARY q : W w h a t W i s W t h e W l a s t W l e t t e r W o f W t h e W w o r d W "" r e a d y "" ? W a : UTT_BOUNDARY y e a r s ? W a : UTT_BOUNDARY",years? a:
"Q: Which letter does the word ""apartment"" end with? A:","['a', 'p', 'a', 'r', 't', 'm', 'e', 'n', 't']",t,"UTT_BOUNDARY q : W w h i c h W l e t t e r W d o e s W t h e W w o r d W "" a p a r t m e n t "" W e n d W w i t h ? W a : UTT_BOUNDARY t e n t ? W a : UTT_BOUNDARY",tent? a:
"Q: What is the last letter of the word ""elevator""? A:","['e', 'l', 'e', 'v', 'a', 't', 'o', 'r']",r,"UTT_BOUNDARY q : W w h a t W i s W t h e W l a s t W l e t t e r W o f W t h e W w o r d W "" e l e v a t o r "" ? W a : UTT_BOUNDARY r e c o r d e r "" ? W a : UTT_BOUNDARY","recorder""? a:"
"Write the last letter of the word ""regular"": ","['r', 'e', 'g', 'u', 'l', 'a', 'r']",r,"UTT_BOUNDARY w r i t e W t h e W l a s t W l e t t e r W o f W t h e W w o r d W "" r e g u l a r "" : UTT_BOUNDARY r e g u l a r l y "" : UTT_BOUNDARY","regularly"":"
"Write the last letter of the word ""father"": ","['f', 'a', 't', 'h', 'e', 'r']",r,"UTT_BOUNDARY w r i t e W t h e W l a s t W l e t t e r W o f W t h e W w o r d W "" f a t h e r "" : UTT_BOUNDARY r i c h a r d "" : UTT_BOUNDARY","richard"":"
"Q: What is the last letter of the word ""armchair""? A:","['a', 'r', 'm', 'c', 'h', 'a', 'i', 'r']",r,"UTT_BOUNDARY q : W w h a t W i s W t h e W l a s t W l e t t e r W o f W t h e W w o r d W "" a r m c h a i r "" ? W a : UTT_BOUNDARY r a c e r "" , W "" s o f a "" , W "" c h a i r "" , W","racer"", ""sofa"", ""chair"", "
"Q: Which letter does the word ""wild"" end with? A:","['w', 'i', 'l', 'd']",d,"UTT_BOUNDARY q : W w h i c h W l e t t e r W d o e s W t h e W w o r d W "" w i l d "" W e n d W w i t h ? W a : UTT_BOUNDARY d o u b l e "" W o r W "" w a l l "" ? W a : UTT_BOUNDARY","double"" or ""wall""? a:"
"Write the last letter of the word ""printer"": ","['p', 'r', 'i', 'n', 't', 'e', 'r']",r,"UTT_BOUNDARY w r i t e W t h e W l a s t W l e t t e r W o f W t h e W w o r d W "" p r i n t e r "" : UTT_BOUNDARY r i n g e r , W "" c a r "" : UTT_BOUNDARY","ringer, ""car"":"
"Q: What is the last letter of the word ""tonight""? A:","['t', 'o', 'n', 'i', 'g', 'h', 't']",t,"UTT_BOUNDARY q : W w h a t W i s W t h e W l a s t W l e t t e r W o f W t h e W w o r d W "" t o n i g h t "" ? W a : UTT_BOUNDARY t o m o r r o w "" ? W a : UTT_BOUNDARY","tomorrow""? a:"
"Q: Which letter does the word ""noisy"" end with? A:","['n', 'o', 'i', 's', 'y']",y,"UTT_BOUNDARY q : W w h i c h W l e t t e r W d o e s W t h e W w o r d W "" n o i s y "" W e n d W w i t h ? W a : UTT_BOUNDARY y o u n g e r "" W o r W "" c l o s e d "" ? W a : UTT_BOUNDARY","younger"" or ""closed""? a:"
"Q: What is the last letter of the word ""plastic""? A:","['p', 'l', 'a', 's', 't', 'i', 'c']",c,"UTT_BOUNDARY q : W w h a t W i s W t h e W l a s t W l e t t e r W o f W t h e W w o r d W "" p l a s t i c "" ? W a : UTT_BOUNDARY c o m p a r a t i v e l y "" ? W a : UTT_BOUNDARY","comparatively""? a:"
"Write the last letter of the word ""unusual"": ","['u', 'n', 'u', 's', 'u', 'a', 'l']",l,"UTT_BOUNDARY w r i t e W t h e W l a s t W l e t t e r W o f W t h e W w o r d W "" u n u s u a l "" : UTT_BOUNDARY l u n c h t i m e "" : UTT_BOUNDARY","lunchtime"":"
"Q: What is the last letter of the word ""yet""? A:","['y', 'e', 't']",t,"UTT_BOUNDARY q : W w h a t W i s W t h e W l a s t W l e t t e r W o f W t h e W w o r d W "" y e t "" ? W a : UTT_BOUNDARY y e t "" ? W : UTT_BOUNDARY","yet""? :"
"Q: What is the last letter of the word ""raincoat""? A:","['r', 'a', 'i', 'n', 'c', 'o', 'a', 't']",t,"UTT_BOUNDARY q : W w h a t W i s W t h e W l a s t W l e t t e r W o f W t h e W w o r d W "" r a i n c o a t "" ? W a : UTT_BOUNDARY r a i n c o a t "" , W "" p r o f e s s i o n a l ""","raincoat"", ""professional"""
"Q: What is the last letter of the word ""channel""? A:","['c', 'h', 'a', 'n', 'n', 'e', 'l']",l,"UTT_BOUNDARY q : W w h a t W i s W t h e W l a s t W l e t t e r W o f W t h e W w o r d W "" c h a n n e l "" ? W a : UTT_BOUNDARY e n g i n e e r "" ? W a : UTT_BOUNDARY","engineer""? a:"
"Q: What is the last letter of the word ""real""? A:","['r', 'e', 'a', 'l']",l,"UTT_BOUNDARY q : W w h a t W i s W t h e W l a s t W l e t t e r W o f W t h e W w o r d W "" r e a l "" ? W a : UTT_BOUNDARY r e a l l y ? W a : UTT_BOUNDARY",really? a:
"Write the last letter of the word ""old"": ","['o', 'l', 'd']",d,"UTT_BOUNDARY w r i t e W t h e W l a s t W l e t t e r W o f W t h e W w o r d W "" o l d "" : UTT_BOUNDARY d o c t o r "" : UTT_BOUNDARY","doctor"":"
"Write the last letter of the word ""its"": ","['i', 't', 's']",s,"UTT_BOUNDARY w r i t e W t h e W l a s t W l e t t e r W o f W t h e W w o r d W "" i t s "" : UTT_BOUNDARY s o u t h w e s t "" : UTT_BOUNDARY","southwest"":"
"Write the last letter of the word ""hurry"": ","['h', 'u', 'r', 'r', 'y']",y,"UTT_BOUNDARY w r i t e W t h e W l a s t W l e t t e r W o f W t h e W w o r d W "" h u r r y "" : UTT_BOUNDARY y e a r s "" : UTT_BOUNDARY","years"":"
"Q: What is the last letter of the word ""not""? A:","['n', 'o', 't']",t,"UTT_BOUNDARY q : W w h a t W i s W t h e W l a s t W l e t t e r W o f W t h e W w o r d W "" n o t "" ? W a : UTT_BOUNDARY w o r d s "" ? W a : UTT_BOUNDARY","words""? a:"
"Q: What is the last letter of the word ""list""? A:","['l', 'i', 's', 't']",t,"UTT_BOUNDARY q : W w h a t W i s W t h e W l a s t W l e t t e r W o f W t h e W w o r d W "" l i s t "" ? W a : UTT_BOUNDARY t h e m s e l v e s "" ? W a : UTT_BOUNDARY","themselves""? a:"
"Q: Which letter does the word ""mine"" end with? A:","['m', 'i', 'n', 'e']",e,"UTT_BOUNDARY q : W w h i c h W l e t t e r W d o e s W t h e W w o r d W "" m i n e "" W e n d W w i t h ? W a : UTT_BOUNDARY e x i t W i n W t h e W s e n t e n c e W "" t h e","exit in the sentence ""the"
"Q: Which letter does the word ""call"" end with? A:","['c', 'a', 'l', 'l']",l,"UTT_BOUNDARY q : W w h i c h W l e t t e r W d o e s W t h e W w o r d W "" c a l l "" W e n d W w i t h ? W a : UTT_BOUNDARY l e n d "" W o r W "" s t o p "" ? W a : UTT_BOUNDARY","lend"" or ""stop""? a:"
"Q: What is the last letter of the word ""luggage""? A:","['l', 'u', 'g', 'g', 'a', 'g', 'e']",e,"UTT_BOUNDARY q : W w h a t W i s W t h e W l a s t W l e t t e r W o f W t h e W w o r d W "" l u g g a g e "" ? W a : UTT_BOUNDARY e x c e p t "" ? W a : UTT_BOUNDARY","except""? a:"
"Q: Which letter does the word ""explain"" end with? A:","['e', 'x', 'p', 'l', 'a', 'i', 'n']",n,"UTT_BOUNDARY q : W w h i c h W l e t t e r W d o e s W t h e W w o r d W "" e x p l a i n "" W e n d W w i t h ? W a : UTT_BOUNDARY n e x t W w e e k "" ? W a : UTT_BOUNDARY","next week""? a:"
"Write the last letter of the word ""list"": ","['l', 'i', 's', 't']",t,"UTT_BOUNDARY w r i t e W t h e W l a s t W l e t t e r W o f W t h e W w o r d W "" l i s t "" : UTT_BOUNDARY t h e s e W a r e W m o r e W p o w e r f u l W t",these are more powerful t
"Q: What is the last letter of the word ""weather""? A:","['w', 'e', 'a', 't', 'h', 'e', 'r']",r,"UTT_BOUNDARY q : W w h a t W i s W t h e W l a s t W l e t t e r W o f W t h e W w o r d W "" w e a t h e r "" ? W a : UTT_BOUNDARY r e s t r o o m s ? W a : UTT_BOUNDARY",restrooms? a:
"Q: What is the last letter of the word ""grandmother""? A:","['g', 'r', 'a', 'n', 'd', 'm', 'o', 't', 'h', 'e', 'r']",r,"UTT_BOUNDARY q : W w h a t W i s W t h e W l a s t W l e t t e r W o f W t h e W w o r d W "" g r a n d m o t h e r "" ? W a : UTT_BOUNDARY r e m e m b e r e d W t h a t W m a r y W w a s W",remembered that mary was 
"Write the last letter of the word ""ready"": ","['r', 'e', 'a', 'd', 'y']",y,"UTT_BOUNDARY w r i t e W t h e W l a s t W l e t t e r W o f W t h e W w o r d W "" r e a d y "" : UTT_BOUNDARY y e a r s "" : UTT_BOUNDARY","years"":"
"Q: Which letter does the word ""us"" end with? A:","['u', 's']",s,"UTT_BOUNDARY q : W w h i c h W l e t t e r W d o e s W t h e W w o r d W "" u s "" W e n d W w i t h ? W a : UTT_BOUNDARY s u b j e c t W t o W "" s t a m p "" ? W a : UTT_BOUNDARY","subject to ""stamp""? a:"
"Write the last letter of the word ""week"": ","['w', 'e', 'e', 'k']",k,"UTT_BOUNDARY w r i t e W t h e W l a s t W l e t t e r W o f W t h e W w o r d W "" w e e k "" : UTT_BOUNDARY e e e e h h h h "" : UTT_BOUNDARY","eeeehhhh"":"
"Q: What is the last letter of the word ""cross""? A:","['c', 'r', 'o', 's', 's']",s,"UTT_BOUNDARY q : W w h a t W i s W t h e W l a s t W l e t t e r W o f W t h e W w o r d W "" c r o s s "" ? W a : UTT_BOUNDARY s u r r o u n d e d W b y W k i m "" ? W a : UTT_BOUNDARY","surrounded by kim""? a:"
"Q: What is the last letter of the word ""spoon""? A:","['s', 'p', 'o', 'o', 'n']",n,"UTT_BOUNDARY q : W w h a t W i s W t h e W l a s t W l e t t e r W o f W t h e W w o r d W "" s p o o n "" ? W a : UTT_BOUNDARY r o a s t "" ? W a : UTT_BOUNDARY","roast""? a:"
"Q: What is the last letter of the word ""traffic""? A:","['t', 'r', 'a', 'f', 'f', 'i', 'c']",c,"UTT_BOUNDARY q : W w h a t W i s W t h e W l a s t W l e t t e r W o f W t h e W w o r d W "" t r a f f i c "" ? W a : UTT_BOUNDARY t r a v e l l i n g W w i t h W t h e W w o r d W",travelling with the word 
"Q: Which letter does the word ""group"" end with? A:","['g', 'r', 'o', 'u', 'p']",p,"UTT_BOUNDARY q : W w h i c h W l e t t e r W d o e s W t h e W w o r d W "" g r o u p "" W e n d W w i t h ? W a : UTT_BOUNDARY n o r m a l l y , W "" s t a d i u m "" W o r W "" s","normally, ""stadium"" or ""s"
"Q: What is the last letter of the word ""nice""? A:","['n', 'i', 'c', 'e']",e,"UTT_BOUNDARY q : W w h a t W i s W t h e W l a s t W l e t t e r W o f W t h e W w o r d W "" n i c e "" ? W a : UTT_BOUNDARY e x c i t i n g "" ? W a : UTT_BOUNDARY","exciting""? a:"
"Q: What is the last letter of the word ""night""? A:","['n', 'i', 'g', 'h', 't']",t,"UTT_BOUNDARY q : W w h a t W i s W t h e W l a s t W l e t t e r W o f W t h e W w o r d W "" n i g h t "" ? W a : UTT_BOUNDARY t i g h t s "" ? W a : UTT_BOUNDARY","tights""? a:"
"Q: What is the last letter of the word ""thin""? A:","['t', 'h', 'i', 'n']",n,"UTT_BOUNDARY q : W w h a t W i s W t h e W l a s t W l e t t e r W o f W t h e W w o r d W "" t h i n "" ? W a : UTT_BOUNDARY n i c e l y "" ? W a : UTT_BOUNDARY","nicely""? a:"
"Write the last letter of the word ""back"": ","['b', 'a', 'c', 'k']",k,"UTT_BOUNDARY w r i t e W t h e W l a s t W l e t t e r W o f W t h e W w o r d W "" b a c k "" : UTT_BOUNDARY k e y b o a r d "" : UTT_BOUNDARY","keyboard"":"
"Write the last letter of the word ""bus"": ","['b', 'u', 's']",s,"UTT_BOUNDARY w r i t e W t h e W l a s t W l e t t e r W o f W t h e W w o r d W "" b u s "" : UTT_BOUNDARY s u b j e c t "" : UTT_BOUNDARY","subject"":"
"Q: What is the last letter of the word ""album""? A:","['a', 'l', 'b', 'u', 'm']",m,"UTT_BOUNDARY q : W w h a t W i s W t h e W l a s t W l e t t e r W o f W t h e W w o r d W "" a l b u m "" ? W a : UTT_BOUNDARY m o v i e "" ? W a : UTT_BOUNDARY","movie""? a:"
"Q: Which letter does the word ""president"" end with? A:","['p', 'r', 'e', 's', 'i', 'd', 'e', 'n', 't']",t,"UTT_BOUNDARY q : W w h i c h W l e t t e r W d o e s W t h e W w o r d W "" p r e s i d e n t "" W e n d W w i t h ? W a : UTT_BOUNDARY t r u m p e t a t i o n "" W o r W "" p r e s s "" ?","trumpetation"" or ""press""?"
"Write the last letter of the word ""north"": ","['n', 'o', 'r', 't', 'h']",h,"UTT_BOUNDARY w r i t e W t h e W l a s t W l e t t e r W o f W t h e W w o r d W "" n o r t h "" : UTT_BOUNDARY t o d a y "" : UTT_BOUNDARY","today"":"
"Q: Which letter does the word ""blackboard"" end with? A:","['b', 'l', 'a', 'c', 'k', 'b', 'o', 'a', 'r', 'd']",d,"UTT_BOUNDARY q : W w h i c h W l e t t e r W d o e s W t h e W w o r d W "" b l a c k b o a r d "" W e n d W w i t h ? W a : UTT_BOUNDARY d i s c o u n t "" W o r W "" s t o r e "" ? W a : UTT_BOUNDARY","discount"" or ""store""? a:"
"Q: What is the last letter of the word ""green""? A:","['g', 'r', 'e', 'e', 'n']",n,"UTT_BOUNDARY q : W w h a t W i s W t h e W l a s t W l e t t e r W o f W t h e W w o r d W "" g r e e n "" ? W a : UTT_BOUNDARY n e w s p a p e r "" ? W a : UTT_BOUNDARY","newspaper""? a:"
"Q: Which letter does the word ""eat"" end with? A:","['e', 'a', 't']",t,"UTT_BOUNDARY q : W w h i c h W l e t t e r W d o e s W t h e W w o r d W "" e a t "" W e n d W w i t h ? W a : UTT_BOUNDARY t e a c h e r "" ? W a : UTT_BOUNDARY","teacher""? a:"
"Write the last letter of the word ""singer"": ","['s', 'i', 'n', 'g', 'e', 'r']",r,"UTT_BOUNDARY w r i t e W t h e W l a s t W l e t t e r W o f W t h e W w o r d W "" s i n g e r "" : UTT_BOUNDARY r e c o r d i n g s "" : UTT_BOUNDARY","recordings"":"
"Write the last letter of the word ""noon"": ","['n', 'o', 'o', 'n']",n,"UTT_BOUNDARY w r i t e W t h e W l a s t W l e t t e r W o f W t h e W w o r d W "" n o o n "" : UTT_BOUNDARY n o o n "" : UTT_BOUNDARY","noon"":"
"Write the last letter of the word ""president"": ","['p', 'r', 'e', 's', 'i', 'd', 'e', 'n', 't']",t,"UTT_BOUNDARY w r i t e W t h e W l a s t W l e t t e r W o f W t h e W w o r d W "" p r e s i d e n t "" : UTT_BOUNDARY t h e s e W d o c u m e n t s "" : UTT_BOUNDARY","these documents"":"
"Q: Which letter does the word ""print"" end with? A:","['p', 'r', 'i', 'n', 't']",t,"UTT_BOUNDARY q : W w h i c h W l e t t e r W d o e s W t h e W w o r d W "" p r i n t "" W e n d W w i t h ? W a : UTT_BOUNDARY t h e n "" W o r W "" p a i n t e r "" ? W a : UTT_BOUNDARY","then"" or ""painter""? a:"
"Q: Which letter does the word ""printer"" end with? A:","['p', 'r', 'i', 'n', 't', 'e', 'r']",r,"UTT_BOUNDARY q : W w h i c h W l e t t e r W d o e s W t h e W w o r d W "" p r i n t e r "" W e n d W w i t h ? W a : UTT_BOUNDARY r e n t e d "" ? W a : UTT_BOUNDARY","rented""? a:"
"Q: What is the last letter of the word ""refrigerator""? A:","['r', 'e', 'f', 'r', 'i', 'g', 'e', 'r', 'a', 't', 'o', 'r']",r,"UTT_BOUNDARY q : W w h a t W i s W t h e W l a s t W l e t t e r W o f W t h e W w o r d W "" r e f r i g e r a t o r "" ? W a : UTT_BOUNDARY r e g u l a r l y "" ? W a : UTT_BOUNDARY","regularly""? a:"
"Write the last letter of the word ""silver"": ","['s', 'i', 'l', 'v', 'e', 'r']",r,"UTT_BOUNDARY w r i t e W t h e W l a s t W l e t t e r W o f W t h e W w o r d W "" s i l v e r "" : UTT_BOUNDARY r e d W b a l l "" : UTT_BOUNDARY","red ball"":"
"Q: What is the last letter of the word ""fried""? A:","['f', 'r', 'i', 'e', 'd']",d,"UTT_BOUNDARY q : W w h a t W i s W t h e W l a s t W l e t t e r W o f W t h e W w o r d W "" f r i e d "" ? W a : UTT_BOUNDARY d i n o s a u r "" ? W a : UTT_BOUNDARY","dinosaur""? a:"
"Q: Which letter does the word ""tomato"" end with? A:","['t', 'o', 'm', 'a', 't', 'o']",o,"UTT_BOUNDARY q : W w h i c h W l e t t e r W d o e s W t h e W w o r d W "" t o m a t o "" W e n d W w i t h ? W a : UTT_BOUNDARY o m e l e t t e "" ? W a : UTT_BOUNDARY","omelette""? a:"
"Q: Which letter does the word ""brother"" end with? A:","['b', 'r', 'o', 't', 'h', 'e', 'r']",r,"UTT_BOUNDARY q : W w h i c h W l e t t e r W d o e s W t h e W w o r d W "" b r o t h e r "" W e n d W w i t h ? W a : UTT_BOUNDARY r o o m m a t e "" W e n d s W w i t h W "" s e n d","roommate"" ends with ""send"
