Input,Options,Expected,Predicted
"Q: What is the word least related to the word ""fruit"" from the words ""pineapple"", ""duck"", ""banana"", ""peach"", and ""pear""? A:","['duck', 'pineapple', 'banana', 'peach', 'pear']",duck,its
"Q: What is the word least related to the word ""animals"" from the words ""train"", ""rabbit"", ""fish"", ""chicken"", and ""cat""? A:","['train', 'rabbit', 'fish', 'chicken', 'cat']",train,there
"Q: What is the word least related to the word ""clothes"" from the words ""skirt"", ""sweater"", ""goat"", ""shorts"", and ""jeans""? A:","['goat', 'skirt', 'sweater', 'shorts', 'jeans']",goat,clickt
"Q: Of the words ""train"", ""socks"", ""skirt"", ""pants"", and ""jacket"", what is the word least associated with ""clothes""? A:","['train', 'socks', 'skirt', 'pants', 'jacket']",train,platz
"Of the following words, choose the word least associated with the word ""animals"" - ""mango"", ""dog"", ""fish"", ""rabbit"", ""cow"": ","['mango', 'dog', 'fish', 'rabbit', 'cow']",mango,theress
"Q: What is the word least related to the word ""vehicles"" from the words ""watermelon"", ""car"", ""tram"", ""van"", and ""train""? A:","['watermelon', 'car', 'tram', 'van', 'train']",watermelon,theater
"Q: What is the word least related to the word ""furniture"" from the words ""table"", ""bed"", ""bookcase"", ""desk"", and ""lemon""? A:","['lemon', 'table', 'bed', 'bookcase', 'desk']",lemon,theater
"Of the following words, choose the word least associated with the word ""furniture"" - ""bed"", ""rabbit"", ""bookcase"", ""table"", ""chair"": ","['rabbit', 'bed', 'bookcase', 'table', 'chair']",rabbit,belown
"Q: Of the words ""mango"", ""watermelon"", ""melon"", ""strawberry"", and ""table"", what is the word least associated with ""fruit""? A:","['table', 'mango', 'watermelon', 'melon', 'strawberry']",table,the
"Of the following words, choose the word least associated with the word ""vehicles"" - ""truck"", ""train"", ""motorcycle"", ""chair"", ""tractor"": ","['chair', 'truck', 'train', 'motorcycle', 'tractor']",chair,therms
"Of the following words, choose the word least associated with the word ""furniture"" - ""bookcase"", ""couch"", ""armchair"", ""cat"", ""bed"": ","['cat', 'bookcase', 'couch', 'armchair', 'bed']",cat,beleuchtede
"Q: Of the words ""sofa"", ""car"", ""tram"", ""bus"", and ""van"", what is the word least associated with ""vehicles""? A:","['sofa', 'car', 'tram', 'bus', 'van']",sofa,the
"Q: Of the words ""dog"", ""fish"", ""cat"", ""socks"", and ""mouse"", what is the word least associated with ""animals""? A:","['socks', 'dog', 'fish', 'cat', 'mouse']",socks,and
"Q: What is the word least related to the word ""clothes"" from the words ""jeans"", ""coat"", ""socks"", ""pants"", and ""bed""? A:","['bed', 'jeans', 'coat', 'socks', 'pants']",bed,belieded
"Of the following words, choose the word least associated with the word ""clothes"" - ""desk"", ""socks"", ""sweater"", ""jacket"", ""jeans"": ","['desk', 'socks', 'sweater', 'jacket', 'jeans']",desk,clotheating
"Q: Of the words ""jeans"", ""sweater"", ""pants"", ""chicken"", and ""shirt"", what is the word least associated with ""clothes""? A:","['chicken', 'jeans', 'sweater', 'pants', 'shirt']",chicken,chili
"Q: What is the word least related to the word ""vehicles"" from the words ""van"", ""truck"", ""bed"", ""motorcycle"", and ""bus""? A:","['bed', 'van', 'truck', 'motorcycle', 'bus']",bed,balled
"Q: Of the words ""motorcycle"", ""tram"", ""van"", ""shirt"", and ""train"", what is the word least associated with ""vehicles""? A:","['shirt', 'motorcycle', 'tram', 'van', 'train']",shirt,theater
"Of the following words, choose the word least associated with the word ""animals"" - ""chicken"", ""fish"", ""cow"", ""goat"", ""pear"": ","['pear', 'chicken', 'fish', 'cow', 'goat']",pear,chiffrelding
"Of the following words, choose the word least associated with the word ""fruit"" - ""peach"", ""apple"", ""pineapple"", ""fish"", ""mango"": ","['fish', 'peach', 'apple', 'pineapple', 'mango']",fish,the gout
"Q: Of the words ""duck"", ""motorcycle"", ""bus"", ""van"", and ""tram"", what is the word least associated with ""vehicles""? A:","['duck', 'motorcycle', 'bus', 'van', 'tram']",duck,theles
"Q: Of the words ""armchair"", ""bed"", ""sofa"", ""chair"", and ""sweater"", what is the word least associated with ""furniture""? A:","['sweater', 'armchair', 'bed', 'sofa', 'chair']",sweater,be
"Q: Of the words ""bus"", ""mouse"", ""goat"", ""cow"", and ""cat"", what is the word least associated with ""animals""? A:","['bus', 'mouse', 'goat', 'cow', 'cat']",bus,the
"Of the following words, choose the word least associated with the word ""vehicles"" - ""truck"", ""train"", ""tram"", ""bus"", ""table"": ","['table', 'truck', 'train', 'tram', 'bus']",table,casting
"Q: What is the word least related to the word ""vehicles"" from the words ""cow"", ""motorcycle"", ""bus"", ""train"", and ""van""? A:","['cow', 'motorcycle', 'bus', 'train', 'van']",cow,theater
"Of the following words, choose the word least associated with the word ""fruit"" - ""mango"", ""car"", ""peach"", ""strawberry"", ""apple"": ","['car', 'mango', 'peach', 'strawberry', 'apple']",car,the oceag
"Of the following words, choose the word least associated with the word ""clothes"" - ""bus"", ""shirt"", ""coat"", ""sweater"", ""shorts"": ","['bus', 'shirt', 'coat', 'sweater', 'shorts']",bus,cafUNK
"Q: What is the word least related to the word ""vehicles"" from the words ""tram"", ""tractor"", ""train"", ""banana"", and ""truck""? A:","['banana', 'tram', 'tractor', 'train', 'truck']",banana,this
"Q: Of the words ""table"", ""chair"", ""armchair"", ""desk"", and ""shorts"", what is the word least associated with ""furniture""? A:","['shorts', 'table', 'chair', 'armchair', 'desk']",shorts,theater
"Q: What is the word least related to the word ""fruit"" from the words ""banana"", ""pear"", ""peach"", ""mouse"", and ""apple""? A:","['mouse', 'banana', 'pear', 'peach', 'apple']",mouse,thing
"Q: What is the word least related to the word ""fruit"" from the words ""watermelon"", ""melon"", ""chicken"", ""apple"", and ""pear""? A:","['chicken', 'watermelon', 'melon', 'apple', 'pear']",chicken,place
"Q: What is the word least related to the word ""furniture"" from the words ""couch"", ""sofa"", ""table"", ""sweater"", and ""bookcase""? A:","['sweater', 'couch', 'sofa', 'table', 'bookcase']",sweater,thirt
"Q: Of the words ""car"", ""sofa"", ""motorcycle"", ""train"", and ""truck"", what is the word least associated with ""vehicles""? A:","['sofa', 'car', 'motorcycle', 'train', 'truck']",sofa,office
"Of the following words, choose the word least associated with the word ""clothes"" - ""pants"", ""shirt"", ""socks"", ""bed"", ""coat"": ","['bed', 'pants', 'shirt', 'socks', 'coat']",bed,chipilliot
"Q: Of the words ""train"", ""table"", ""bookcase"", ""armchair"", and ""bed"", what is the word least associated with ""furniture""? A:","['train', 'table', 'bookcase', 'armchair', 'bed']",train,beleuert
"Q: Of the words ""cat"", ""chicken"", ""goat"", ""tractor"", and ""fish"", what is the word least associated with ""animals""? A:","['tractor', 'cat', 'chicken', 'goat', 'fish']",tractor,chef
"Of the following words, choose the word least associated with the word ""fruit"" - ""strawberry"", ""couch"", ""watermelon"", ""pineapple"", ""melon"": ","['couch', 'strawberry', 'watermelon', 'pineapple', 'melon']",couch,pleaded
"Q: Of the words ""bookcase"", ""banana"", ""table"", ""bed"", and ""desk"", what is the word least associated with ""furniture""? A:","['banana', 'bookcase', 'table', 'bed', 'desk']",banana,bew
"Q: Of the words ""car"", ""cat"", ""truck"", ""motorcycle"", and ""tractor"", what is the word least associated with ""vehicles""? A:","['cat', 'car', 'truck', 'motorcycle', 'tractor']",cat,chaos
"Q: What is the word least related to the word ""vehicles"" from the words ""car"", ""cat"", ""truck"", ""motorcycle"", and ""tractor""? A:","['cat', 'car', 'truck', 'motorcycle', 'tractor']",cat,theatredeuropek
"Q: Of the words ""shirt"", ""sweater"", ""car"", ""socks"", and ""jacket"", what is the word least associated with ""clothes""? A:","['car', 'shirt', 'sweater', 'socks', 'jacket']",car,chili
"Q: Of the words ""desk"", ""chair"", ""couch"", ""strawberry"", and ""table"", what is the word least associated with ""furniture""? A:","['strawberry', 'desk', 'chair', 'couch', 'table']",strawberry,chili
"Q: Of the words ""couch"", ""melon"", ""pear"", ""pineapple"", and ""strawberry"", what is the word least associated with ""fruit""? A:","['couch', 'melon', 'pear', 'pineapple', 'strawberry']",couch,it
"Q: Of the words ""armchair"", ""chair"", ""sofa"", ""pineapple"", and ""bed"", what is the word least associated with ""furniture""? A:","['pineapple', 'armchair', 'chair', 'sofa', 'bed']",pineapple,theating
"Q: What is the word least related to the word ""fruit"" from the words ""peach"", ""pineapple"", ""lemon"", ""pig"", and ""melon""? A:","['pig', 'peach', 'pineapple', 'lemon', 'melon']",pig,player
"Q: What is the word least related to the word ""vehicles"" from the words ""train"", ""motorcycle"", ""truck"", ""van"", and ""table""? A:","['table', 'train', 'motorcycle', 'truck', 'van']",table,the
"Of the following words, choose the word least associated with the word ""vehicles"" - ""motorcycle"", ""van"", ""car"", ""banana"", ""tractor"": ","['banana', 'motorcycle', 'van', 'car', 'tractor']",banana,theater
"Q: Of the words ""dog"", ""rabbit"", ""fish"", ""desk"", and ""mouse"", what is the word least associated with ""animals""? A:","['desk', 'dog', 'rabbit', 'fish', 'mouse']",desk,thriller
"Of the following words, choose the word least associated with the word ""clothes"" - ""shorts"", ""pants"", ""bookcase"", ""skirt"", ""jeans"": ","['bookcase', 'shorts', 'pants', 'skirt', 'jeans']",bookcase,champion
"Q: What is the word least related to the word ""animals"" from the words ""duck"", ""rabbit"", ""mouse"", ""bookcase"", and ""pig""? A:","['bookcase', 'duck', 'rabbit', 'mouse', 'pig']",bookcase,it
"Q: What is the word least related to the word ""furniture"" from the words ""couch"", ""bed"", ""jacket"", ""armchair"", and ""chair""? A:","['jacket', 'couch', 'bed', 'armchair', 'chair']",jacket,bend
"Of the following words, choose the word least associated with the word ""fruit"" - ""watermelon"", ""mango"", ""pineapple"", ""coat"", ""apple"": ","['coat', 'watermelon', 'mango', 'pineapple', 'apple']",coat,communited
"Q: Of the words ""lemon"", ""chair"", ""apple"", ""pear"", and ""banana"", what is the word least associated with ""fruit""? A:","['chair', 'lemon', 'apple', 'pear', 'banana']",chair,it
"Of the following words, choose the word least associated with the word ""furniture"" - ""bed"", ""pineapple"", ""desk"", ""sofa"", ""couch"": ","['pineapple', 'bed', 'desk', 'sofa', 'couch']",pineapple,chiparty
"Q: Of the words ""chicken"", ""fish"", ""goat"", ""mouse"", and ""train"", what is the word least associated with ""animals""? A:","['train', 'chicken', 'fish', 'goat', 'mouse']",train,italin
"Of the following words, choose the word least associated with the word ""animals"" - ""pig"", ""couch"", ""mouse"", ""dog"", ""fish"": ","['couch', 'pig', 'mouse', 'dog', 'fish']",couch,theater
"Q: What is the word least related to the word ""animals"" from the words ""bed"", ""chicken"", ""dog"", ""pig"", and ""goat""? A:","['bed', 'chicken', 'dog', 'pig', 'goat']",bed,theiler
"Q: Of the words ""sweater"", ""melon"", ""skirt"", ""shorts"", and ""jacket"", what is the word least associated with ""clothes""? A:","['melon', 'sweater', 'skirt', 'shorts', 'jacket']",melon,chili
"Of the following words, choose the word least associated with the word ""fruit"" - ""melon"", ""pear"", ""pineapple"", ""strawberry"", ""jeans"": ","['jeans', 'melon', 'pear', 'pineapple', 'strawberry']",jeans,ple
"Q: What is the word least related to the word ""fruit"" from the words ""watermelon"", ""mango"", ""bookcase"", ""peach"", and ""melon""? A:","['bookcase', 'watermelon', 'mango', 'peach', 'melon']",bookcase,who
"Q: Of the words ""watermelon"", ""pineapple"", ""banana"", ""strawberry"", and ""van"", what is the word least associated with ""fruit""? A:","['van', 'watermelon', 'pineapple', 'banana', 'strawberry']",van,pilot
"Q: Of the words ""truck"", ""bus"", ""sofa"", ""van"", and ""motorcycle"", what is the word least associated with ""vehicles""? A:","['sofa', 'truck', 'bus', 'van', 'motorcycle']",sofa,thing
"Q: Of the words ""rabbit"", ""cow"", ""goat"", ""strawberry"", and ""pig"", what is the word least associated with ""animals""? A:","['strawberry', 'rabbit', 'cow', 'goat', 'pig']",strawberry,through
"Q: Of the words ""banana"", ""apple"", ""melon"", ""armchair"", and ""strawberry"", what is the word least associated with ""fruit""? A:","['armchair', 'banana', 'apple', 'melon', 'strawberry']",armchair,theater
"Q: Of the words ""car"", ""truck"", ""train"", ""strawberry"", and ""van"", what is the word least associated with ""vehicles""? A:","['strawberry', 'car', 'truck', 'train', 'van']",strawberry,clickies
"Q: What is the word least related to the word ""fruit"" from the words ""duck"", ""strawberry"", ""pineapple"", ""banana"", and ""watermelon""? A:","['duck', 'strawberry', 'pineapple', 'banana', 'watermelon']",duck,is
"Q: What is the word least related to the word ""fruit"" from the words ""banana"", ""peach"", ""lemon"", ""pineapple"", and ""chicken""? A:","['chicken', 'banana', 'peach', 'lemon', 'pineapple']",chicken,thire
"Q: What is the word least related to the word ""vehicles"" from the words ""van"", ""motorcycle"", ""train"", ""cow"", and ""tram""? A:","['cow', 'van', 'motorcycle', 'train', 'tram']",cow,theater
"Q: What is the word least related to the word ""vehicles"" from the words ""banana"", ""train"", ""motorcycle"", ""tractor"", and ""bus""? A:","['banana', 'train', 'motorcycle', 'tractor', 'bus']",banana,blam
"Q: Of the words ""armchair"", ""jeans"", ""desk"", ""couch"", and ""sofa"", what is the word least associated with ""furniture""? A:","['jeans', 'armchair', 'desk', 'couch', 'sofa']",jeans,chao
"Q: What is the word least related to the word ""fruit"" from the words ""car"", ""watermelon"", ""pineapple"", ""strawberry"", and ""mango""? A:","['car', 'watermelon', 'pineapple', 'strawberry', 'mango']",car,with
"Of the following words, choose the word least associated with the word ""furniture"" - ""mouse"", ""desk"", ""couch"", ""bookcase"", ""table"": ","['mouse', 'desk', 'couch', 'bookcase', 'table']",mouse,courting
"Of the following words, choose the word least associated with the word ""clothes"" - ""socks"", ""coat"", ""pants"", ""shorts"", ""cow"": ","['cow', 'socks', 'coat', 'pants', 'shorts']",cow,chip
"Q: What is the word least related to the word ""clothes"" from the words ""shirt"", ""sweater"", ""jacket"", ""fish"", and ""pants""? A:","['fish', 'shirt', 'sweater', 'jacket', 'pants']",fish,the
"Q: Of the words ""fish"", ""coat"", ""shirt"", ""sweater"", and ""jacket"", what is the word least associated with ""clothes""? A:","['fish', 'coat', 'shirt', 'sweater', 'jacket']",fish,cl
"Q: Of the words ""pants"", ""fish"", ""mouse"", ""cow"", and ""cat"", what is the word least associated with ""animals""? A:","['pants', 'fish', 'mouse', 'cow', 'cat']",pants,it
"Of the following words, choose the word least associated with the word ""fruit"" - ""strawberry"", ""socks"", ""pear"", ""apple"", ""lemon"": ","['socks', 'strawberry', 'pear', 'apple', 'lemon']",socks,theater
"Of the following words, choose the word least associated with the word ""vehicles"" - ""train"", ""tractor"", ""bus"", ""bed"", ""van"": ","['bed', 'train', 'tractor', 'bus', 'van']",bed,"chiling"""
"Of the following words, choose the word least associated with the word ""furniture"" - ""sofa"", ""chair"", ""shorts"", ""couch"", ""armchair"": ","['shorts', 'sofa', 'chair', 'couch', 'armchair']",shorts,court
"Of the following words, choose the word least associated with the word ""fruit"" - ""peach"", ""lemon"", ""strawberry"", ""mango"", ""skirt"": ","['skirt', 'peach', 'lemon', 'strawberry', 'mango']",skirt,platin
"Q: What is the word least related to the word ""animals"" from the words ""rabbit"", ""cow"", ""goat"", ""strawberry"", and ""pig""? A:","['strawberry', 'rabbit', 'cow', 'goat', 'pig']",strawberry,play
"Q: What is the word least related to the word ""furniture"" from the words ""fish"", ""bookcase"", ""bed"", ""sofa"", and ""chair""? A:","['fish', 'bookcase', 'bed', 'sofa', 'chair']",fish,theater
"Q: Of the words ""bed"", ""car"", ""armchair"", ""table"", and ""desk"", what is the word least associated with ""furniture""? A:","['car', 'bed', 'armchair', 'table', 'desk']",car,theatriggs
"Q: What is the word least related to the word ""vehicles"" from the words ""motorcycle"", ""car"", ""armchair"", ""train"", and ""van""? A:","['armchair', 'motorcycle', 'car', 'train', 'van']",armchair,the
"Of the following words, choose the word least associated with the word ""fruit"" - ""watermelon"", ""mango"", ""bookcase"", ""peach"", ""melon"": ","['bookcase', 'watermelon', 'mango', 'peach', 'melon']",bookcase,monded
"Q: Of the words ""strawberry"", ""couch"", ""watermelon"", ""pineapple"", and ""melon"", what is the word least associated with ""fruit""? A:","['couch', 'strawberry', 'watermelon', 'pineapple', 'melon']",couch,couch
"Of the following words, choose the word least associated with the word ""fruit"" - ""chicken"", ""pear"", ""strawberry"", ""lemon"", ""peach"": ","['chicken', 'pear', 'strawberry', 'lemon', 'peach']",chicken,house
"Q: What is the word least related to the word ""fruit"" from the words ""tram"", ""mango"", ""strawberry"", ""apple"", and ""banana""? A:","['tram', 'mango', 'strawberry', 'apple', 'banana']",tram,the
"Of the following words, choose the word least associated with the word ""animals"" - ""desk"", ""goat"", ""fish"", ""dog"", ""pig"": ","['desk', 'goat', 'fish', 'dog', 'pig']",desk,ing
"Of the following words, choose the word least associated with the word ""animals"" - ""dog"", ""jacket"", ""goat"", ""cow"", ""cat"": ","['jacket', 'dog', 'goat', 'cow', 'cat']",jacket,whist
"Q: Of the words ""dog"", ""goat"", ""mouse"", ""rabbit"", and ""pineapple"", what is the word least associated with ""animals""? A:","['pineapple', 'dog', 'goat', 'mouse', 'rabbit']",pineapple,pilot
"Q: What is the word least related to the word ""clothes"" from the words ""coat"", ""jacket"", ""pants"", ""shorts"", and ""pig""? A:","['pig', 'coat', 'jacket', 'pants', 'shorts']",pig,it
"Of the following words, choose the word least associated with the word ""furniture"" - ""strawberry"", ""sofa"", ""chair"", ""table"", ""armchair"": ","['strawberry', 'sofa', 'chair', 'table', 'armchair']",strawberry,theater
"Q: What is the word least related to the word ""furniture"" from the words ""dog"", ""bed"", ""desk"", ""chair"", and ""armchair""? A:","['dog', 'bed', 'desk', 'chair', 'armchair']",dog,donne
"Q: What is the word least related to the word ""animals"" from the words ""fish"", ""dress"", ""cow"", ""goat"", and ""pig""? A:","['dress', 'fish', 'cow', 'goat', 'pig']",dress,ing
"Q: Of the words ""train"", ""motorcycle"", ""bus"", ""peach"", and ""tram"", what is the word least associated with ""vehicles""? A:","['peach', 'train', 'motorcycle', 'bus', 'tram']",peach,theater
"Of the following words, choose the word least associated with the word ""vehicles"" - ""tram"", ""car"", ""motorcycle"", ""train"", ""chair"": ","['chair', 'tram', 'car', 'motorcycle', 'train']",chair,life
"Of the following words, choose the word least associated with the word ""furniture"" - ""train"", ""table"", ""bookcase"", ""armchair"", ""bed"": ","['train', 'table', 'bookcase', 'armchair', 'bed']",train,beam
"Q: Of the words ""sofa"", ""bed"", ""couch"", ""socks"", and ""desk"", what is the word least associated with ""furniture""? A:","['socks', 'sofa', 'bed', 'couch', 'desk']",socks,theater
"Q: What is the word least related to the word ""fruit"" from the words ""mango"", ""desk"", ""strawberry"", ""lemon"", and ""peach""? A:","['desk', 'mango', 'strawberry', 'lemon', 'peach']",desk,theater
"Of the following words, choose the word least associated with the word ""furniture"" - ""armchair"", ""duck"", ""desk"", ""table"", ""chair"": ","['duck', 'armchair', 'desk', 'table', 'chair']",duck,theatrright
"Q: Of the words ""chair"", ""tractor"", ""desk"", ""table"", and ""bookcase"", what is the word least associated with ""furniture""? A:","['tractor', 'chair', 'desk', 'table', 'bookcase']",tractor,theat
"Q: Of the words ""chair"", ""bus"", ""desk"", ""bed"", and ""bookcase"", what is the word least associated with ""furniture""? A:","['bus', 'chair', 'desk', 'bed', 'bookcase']",bus,bewerb
"Q: What is the word least related to the word ""vehicles"" from the words ""van"", ""tram"", ""coat"", ""motorcycle"", and ""truck""? A:","['coat', 'van', 'tram', 'motorcycle', 'truck']",coat,they
"Q: What is the word least related to the word ""animals"" from the words ""fish"", ""pear"", ""chicken"", ""rabbit"", and ""duck""? A:","['pear', 'fish', 'chicken', 'rabbit', 'duck']",pear,there
"Q: Of the words ""shirt"", ""pig"", ""rabbit"", ""dog"", and ""duck"", what is the word least associated with ""animals""? A:","['shirt', 'pig', 'rabbit', 'dog', 'duck']",shirt,this
"Q: What is the word least related to the word ""furniture"" from the words ""desk"", ""couch"", ""bed"", ""table"", and ""dress""? A:","['dress', 'desk', 'couch', 'bed', 'table']",dress,it
"Q: Of the words ""watermelon"", ""cow"", ""strawberry"", ""pineapple"", and ""pear"", what is the word least associated with ""fruit""? A:","['cow', 'watermelon', 'strawberry', 'pineapple', 'pear']",cow,therentisound
"Q: Of the words ""couch"", ""tractor"", ""bed"", ""chair"", and ""bookcase"", what is the word least associated with ""furniture""? A:","['tractor', 'couch', 'bed', 'chair', 'bookcase']",tractor,be
"Q: What is the word least related to the word ""furniture"" from the words ""coat"", ""bed"", ""desk"", ""chair"", and ""bookcase""? A:","['coat', 'bed', 'desk', 'chair', 'bookcase']",coat,its
"Of the following words, choose the word least associated with the word ""furniture"" - ""strawberry"", ""table"", ""bookcase"", ""sofa"", ""bed"": ","['strawberry', 'table', 'bookcase', 'sofa', 'bed']",strawberry,theatary
"Q: Of the words ""pear"", ""lemon"", ""peach"", ""armchair"", and ""mango"", what is the word least associated with ""fruit""? A:","['armchair', 'pear', 'lemon', 'peach', 'mango']",armchair,ritter
"Of the following words, choose the word least associated with the word ""animals"" - ""duck"", ""mouse"", ""melon"", ""fish"", ""dog"": ","['melon', 'duck', 'mouse', 'fish', 'dog']",melon,worker
"Of the following words, choose the word least associated with the word ""furniture"" - ""chair"", ""tractor"", ""desk"", ""table"", ""bookcase"": ","['tractor', 'chair', 'desk', 'table', 'bookcase']",tractor,court
"Q: Of the words ""banana"", ""bookcase"", ""mango"", ""peach"", and ""apple"", what is the word least associated with ""fruit""? A:","['bookcase', 'banana', 'mango', 'peach', 'apple']",bookcase,beiseand
"Of the following words, choose the word least associated with the word ""animals"" - ""cow"", ""duck"", ""lemon"", ""cat"", ""dog"": ","['lemon', 'cow', 'duck', 'cat', 'dog']",lemon,theater
"Q: Of the words ""truck"", ""bus"", ""train"", ""chicken"", and ""van"", what is the word least associated with ""vehicles""? A:","['chicken', 'truck', 'bus', 'train', 'van']",chicken,buchen
"Q: Of the words ""tractor"", ""truck"", ""strawberry"", ""motorcycle"", and ""car"", what is the word least associated with ""vehicles""? A:","['strawberry', 'tractor', 'truck', 'motorcycle', 'car']",strawberry,the
"Q: What is the word least related to the word ""furniture"" from the words ""sofa"", ""chair"", ""shorts"", ""couch"", and ""armchair""? A:","['shorts', 'sofa', 'chair', 'couch', 'armchair']",shorts,thirt
"Q: What is the word least related to the word ""fruit"" from the words ""watermelon"", ""lemon"", ""mango"", ""tractor"", and ""apple""? A:","['tractor', 'watermelon', 'lemon', 'mango', 'apple']",tractor,thire
"Of the following words, choose the word least associated with the word ""animals"" - ""fish"", ""mouse"", ""pig"", ""lemon"", ""cow"": ","['lemon', 'fish', 'mouse', 'pig', 'cow']",lemon,placed
"Q: What is the word least related to the word ""animals"" from the words ""goat"", ""tractor"", ""cow"", ""mouse"", and ""rabbit""? A:","['tractor', 'goat', 'cow', 'mouse', 'rabbit']",tractor,theater
"Q: Of the words ""coat"", ""shorts"", ""apple"", ""shirt"", and ""pants"", what is the word least associated with ""clothes""? A:","['apple', 'coat', 'shorts', 'shirt', 'pants']",apple,cloud
"Q: What is the word least related to the word ""furniture"" from the words ""bed"", ""armchair"", ""couch"", ""bookcase"", and ""goat""? A:","['goat', 'bed', 'armchair', 'couch', 'bookcase']",goat,belied
"Q: What is the word least related to the word ""furniture"" from the words ""bed"", ""table"", ""pineapple"", ""sofa"", and ""desk""? A:","['pineapple', 'bed', 'table', 'sofa', 'desk']",pineapple,theater
"Of the following words, choose the word least associated with the word ""furniture"" - ""sofa"", ""bed"", ""couch"", ""socks"", ""desk"": ","['socks', 'sofa', 'bed', 'couch', 'desk']",socks,controlling
"Q: What is the word least related to the word ""clothes"" from the words ""sweater"", ""dress"", ""shorts"", ""pig"", and ""shirt""? A:","['pig', 'sweater', 'dress', 'shorts', 'shirt']",pig,its
"Q: Of the words ""goat"", ""rabbit"", ""fish"", ""shirt"", and ""duck"", what is the word least associated with ""animals""? A:","['shirt', 'goat', 'rabbit', 'fish', 'duck']",shirt,it
"Q: Of the words ""van"", ""bed"", ""bookcase"", ""table"", and ""desk"", what is the word least associated with ""furniture""? A:","['van', 'bed', 'bookcase', 'table', 'desk']",van,beauty
"Q: Of the words ""watermelon"", ""strawberry"", ""table"", ""peach"", and ""pear"", what is the word least associated with ""fruit""? A:","['table', 'watermelon', 'strawberry', 'peach', 'pear']",table,pers
"Of the following words, choose the word least associated with the word ""animals"" - ""duck"", ""dog"", ""goat"", ""fish"", ""apple"": ","['apple', 'duck', 'dog', 'goat', 'fish']",apple,theater
"Q: What is the word least related to the word ""vehicles"" from the words ""tram"", ""motorcycle"", ""truck"", ""car"", and ""dog""? A:","['dog', 'tram', 'motorcycle', 'truck', 'car']",dog,theater
"Q: What is the word least related to the word ""clothes"" from the words ""tractor"", ""shorts"", ""coat"", ""socks"", and ""pants""? A:","['tractor', 'shorts', 'coat', 'socks', 'pants']",tractor,the
"Q: What is the word least related to the word ""animals"" from the words ""duck"", ""van"", ""fish"", ""chicken"", and ""rabbit""? A:","['van', 'duck', 'fish', 'chicken', 'rabbit']",van,with
"Q: Of the words ""car"", ""jacket"", ""coat"", ""sweater"", and ""jeans"", what is the word least associated with ""clothes""? A:","['car', 'jacket', 'coat', 'sweater', 'jeans']",car,city
"Q: Of the words ""coat"", ""pants"", ""skirt"", ""jacket"", and ""watermelon"", what is the word least associated with ""clothes""? A:","['watermelon', 'coat', 'pants', 'skirt', 'jacket']",watermelon,chili
"Q: Of the words ""tram"", ""motorcycle"", ""bus"", ""tractor"", and ""duck"", what is the word least associated with ""vehicles""? A:","['duck', 'tram', 'motorcycle', 'bus', 'tractor']",duck,within
"Q: What is the word least related to the word ""vehicles"" from the words ""bus"", ""rabbit"", ""car"", ""train"", and ""van""? A:","['rabbit', 'bus', 'car', 'train', 'van']",rabbit,the
"Q: What is the word least related to the word ""fruit"" from the words ""lemon"", ""pineapple"", ""peach"", ""tram"", and ""watermelon""? A:","['tram', 'lemon', 'pineapple', 'peach', 'watermelon']",tram,thp
"Of the following words, choose the word least associated with the word ""fruit"" - ""peach"", ""watermelon"", ""lemon"", ""banana"", ""bus"": ","['bus', 'peach', 'watermelon', 'lemon', 'banana']",bus,place
"Of the following words, choose the word least associated with the word ""fruit"" - ""pear"", ""mango"", ""lemon"", ""bus"", ""apple"": ","['bus', 'pear', 'mango', 'lemon', 'apple']",bus,book
"Q: What is the word least related to the word ""vehicles"" from the words ""shorts"", ""tractor"", ""car"", ""truck"", and ""train""? A:","['shorts', 'tractor', 'car', 'truck', 'train']",shorts,they
"Of the following words, choose the word least associated with the word ""animals"" - ""desk"", ""cat"", ""mouse"", ""duck"", ""goat"": ","['desk', 'cat', 'mouse', 'duck', 'goat']",desk,theraostrathor
"Of the following words, choose the word least associated with the word ""vehicles"" - ""truck"", ""train"", ""motorcycle"", ""tram"", ""fish"": ","['fish', 'truck', 'train', 'motorcycle', 'tram']",fish,there
"Of the following words, choose the word least associated with the word ""clothes"" - ""jacket"", ""pear"", ""pants"", ""jeans"", ""socks"": ","['pear', 'jacket', 'pants', 'jeans', 'socks']",pear,countdown
"Q: Of the words ""mouse"", ""lemon"", ""pig"", ""goat"", and ""fish"", what is the word least associated with ""animals""? A:","['lemon', 'mouse', 'pig', 'goat', 'fish']",lemon,amplettin
"Of the following words, choose the word least associated with the word ""vehicles"" - ""truck"", ""bus"", ""peach"", ""tractor"", ""train"": ","['peach', 'truck', 'bus', 'tractor', 'train']",peach,theater
"Of the following words, choose the word least associated with the word ""animals"" - ""rabbit"", ""dog"", ""train"", ""cow"", ""cat"": ","['train', 'rabbit', 'dog', 'cow', 'cat']",train,coursest
"Of the following words, choose the word least associated with the word ""furniture"" - ""chair"", ""bed"", ""table"", ""chicken"", ""couch"": ","['chicken', 'chair', 'bed', 'table', 'couch']",chicken,chipin
"Q: Of the words ""banana"", ""peach"", ""lemon"", ""pineapple"", and ""chicken"", what is the word least associated with ""fruit""? A:","['chicken', 'banana', 'peach', 'lemon', 'pineapple']",chicken,chili
"Q: What is the word least related to the word ""animals"" from the words ""cow"", ""duck"", ""pineapple"", ""mouse"", and ""cat""? A:","['pineapple', 'cow', 'duck', 'mouse', 'cat']",pineapple,thing
"Of the following words, choose the word least associated with the word ""clothes"" - ""jacket"", ""skirt"", ""shirt"", ""tractor"", ""dress"": ","['tractor', 'jacket', 'skirt', 'shirt', 'dress']",tractor,therally
"Q: Of the words ""bookcase"", ""cow"", ""dog"", ""cat"", and ""chicken"", what is the word least associated with ""animals""? A:","['bookcase', 'cow', 'dog', 'cat', 'chicken']",bookcase,chipin
"Of the following words, choose the word least associated with the word ""furniture"" - ""motorcycle"", ""desk"", ""couch"", ""bookcase"", ""armchair"": ","['motorcycle', 'desk', 'couch', 'bookcase', 'armchair']",motorcycle,belfit
"Q: Of the words ""fish"", ""bed"", ""cat"", ""dog"", and ""duck"", what is the word least associated with ""animals""? A:","['bed', 'fish', 'cat', 'dog', 'duck']",bed,beat
"Q: What is the word least related to the word ""vehicles"" from the words ""train"", ""truck"", ""goat"", ""motorcycle"", and ""tractor""? A:","['goat', 'train', 'truck', 'motorcycle', 'tractor']",goat,theatereligion
"Q: Of the words ""tram"", ""desk"", ""car"", ""truck"", and ""tractor"", what is the word least associated with ""vehicles""? A:","['desk', 'tram', 'car', 'truck', 'tractor']",desk,theatris
"Of the following words, choose the word least associated with the word ""animals"" - ""fish"", ""dog"", ""coat"", ""pig"", ""chicken"": ","['coat', 'fish', 'dog', 'pig', 'chicken']",coat,couston
"Q: What is the word least related to the word ""animals"" from the words ""pig"", ""mouse"", ""chicken"", ""watermelon"", and ""rabbit""? A:","['watermelon', 'pig', 'mouse', 'chicken', 'rabbit']",watermelon,worth
"Of the following words, choose the word least associated with the word ""fruit"" - ""goat"", ""melon"", ""strawberry"", ""pear"", ""watermelon"": ","['goat', 'melon', 'strawberry', 'pear', 'watermelon']",goat,play
"Q: What is the word least related to the word ""fruit"" from the words ""melon"", ""jacket"", ""strawberry"", ""apple"", and ""watermelon""? A:","['jacket', 'melon', 'strawberry', 'apple', 'watermelon']",jacket,theatrel
"Q: What is the word least related to the word ""fruit"" from the words ""pineapple"", ""pear"", ""watermelon"", ""lemon"", and ""desk""? A:","['desk', 'pineapple', 'pear', 'watermelon', 'lemon']",desk,thing
"Q: Of the words ""bed"", ""desk"", ""couch"", ""table"", and ""sweater"", what is the word least associated with ""furniture""? A:","['sweater', 'bed', 'desk', 'couch', 'table']",sweater,theater
"Q: Of the words ""mango"", ""melon"", ""lemon"", ""skirt"", and ""banana"", what is the word least associated with ""fruit""? A:","['skirt', 'mango', 'melon', 'lemon', 'banana']",skirt,beispielen
"Q: What is the word least related to the word ""animals"" from the words ""mouse"", ""jacket"", ""dog"", ""goat"", and ""cow""? A:","['jacket', 'mouse', 'dog', 'goat', 'cow']",jacket,whiter
"Q: What is the word least related to the word ""furniture"" from the words ""table"", ""desk"", ""sofa"", ""pig"", and ""chair""? A:","['pig', 'table', 'desk', 'sofa', 'chair']",pig,thing
"Q: Of the words ""mango"", ""watermelon"", ""van"", ""apple"", and ""lemon"", what is the word least associated with ""fruit""? A:","['van', 'mango', 'watermelon', 'apple', 'lemon']",van,where
"Of the following words, choose the word least associated with the word ""clothes"" - ""mouse"", ""socks"", ""shirt"", ""pants"", ""dress"": ","['mouse', 'socks', 'shirt', 'pants', 'dress']",mouse,play
"Of the following words, choose the word least associated with the word ""animals"" - ""duck"", ""cat"", ""rabbit"", ""goat"", ""mango"": ","['mango', 'duck', 'cat', 'rabbit', 'goat']",mango,moticito
"Q: Of the words ""bus"", ""table"", ""bookcase"", ""armchair"", and ""sofa"", what is the word least associated with ""furniture""? A:","['bus', 'table', 'bookcase', 'armchair', 'sofa']",bus,budes
"Of the following words, choose the word least associated with the word ""vehicles"" - ""tractor"", ""bus"", ""van"", ""mouse"", ""tram"": ","['mouse', 'tractor', 'bus', 'van', 'tram']",mouse,theater
"Of the following words, choose the word least associated with the word ""clothes"" - ""skirt"", ""coat"", ""socks"", ""pants"", ""chair"": ","['chair', 'skirt', 'coat', 'socks', 'pants']",chair,chaont
"Q: What is the word least related to the word ""fruit"" from the words ""watermelon"", ""tractor"", ""pineapple"", ""strawberry"", and ""lemon""? A:","['tractor', 'watermelon', 'pineapple', 'strawberry', 'lemon']",tractor,theatrett
"Q: Of the words ""shorts"", ""pants"", ""jeans"", ""bookcase"", and ""jacket"", what is the word least associated with ""clothes""? A:","['bookcase', 'shorts', 'pants', 'jeans', 'jacket']",bookcase,chili
"Of the following words, choose the word least associated with the word ""animals"" - ""mouse"", ""jacket"", ""dog"", ""goat"", ""cow"": ","['jacket', 'mouse', 'dog', 'goat', 'cow']",jacket,therest
"Q: What is the word least related to the word ""clothes"" from the words ""jacket"", ""socks"", ""shirt"", ""pear"", and ""shorts""? A:","['pear', 'jacket', 'socks', 'shirt', 'shorts']",pear,its
"Of the following words, choose the word least associated with the word ""animals"" - ""fish"", ""cow"", ""shirt"", ""rabbit"", ""dog"": ","['shirt', 'fish', 'cow', 'rabbit', 'dog']",shirt,theress
"Q: What is the word least related to the word ""fruit"" from the words ""pear"", ""apple"", ""watermelon"", ""melon"", and ""motorcycle""? A:","['motorcycle', 'pear', 'apple', 'watermelon', 'melon']",motorcycle,theater
"Q: Of the words ""socks"", ""apple"", ""coat"", ""jeans"", and ""sweater"", what is the word least associated with ""clothes""? A:","['apple', 'socks', 'coat', 'jeans', 'sweater']",apple,computer
"Q: What is the word least related to the word ""vehicles"" from the words ""car"", ""sofa"", ""motorcycle"", ""train"", and ""truck""? A:","['sofa', 'car', 'motorcycle', 'train', 'truck']",sofa,too
"Q: Of the words ""dress"", ""chicken"", ""jacket"", ""shorts"", and ""socks"", what is the word least associated with ""clothes""? A:","['chicken', 'dress', 'jacket', 'shorts', 'socks']",chicken,theaterin
"Of the following words, choose the word least associated with the word ""vehicles"" - ""truck"", ""tram"", ""dog"", ""van"", ""tractor"": ","['dog', 'truck', 'tram', 'van', 'tractor']",dog,theatrophouse
"Q: What is the word least related to the word ""furniture"" from the words ""armchair"", ""bed"", ""bookcase"", ""mouse"", and ""chair""? A:","['mouse', 'armchair', 'bed', 'bookcase', 'chair']",mouse,butle
"Of the following words, choose the word least associated with the word ""animals"" - ""shirt"", ""pig"", ""rabbit"", ""dog"", ""duck"": ","['shirt', 'pig', 'rabbit', 'dog', 'duck']",shirt,theresallight
"Q: Of the words ""mango"", ""melon"", ""watermelon"", ""strawberry"", and ""desk"", what is the word least associated with ""fruit""? A:","['desk', 'mango', 'melon', 'watermelon', 'strawberry']",desk,detech
"Q: Of the words ""jeans"", ""shorts"", ""socks"", ""table"", and ""skirt"", what is the word least associated with ""clothes""? A:","['table', 'jeans', 'shorts', 'socks', 'skirt']",table,cloud
"Q: Of the words ""fish"", ""goat"", ""car"", ""cow"", and ""rabbit"", what is the word least associated with ""animals""? A:","['car', 'fish', 'goat', 'cow', 'rabbit']",car,chaos
"Of the following words, choose the word least associated with the word ""fruit"" - ""pineapple"", ""pear"", ""peach"", ""dog"", ""strawberry"": ","['dog', 'pineapple', 'pear', 'peach', 'strawberry']",dog,play
"Q: What is the word least related to the word ""clothes"" from the words ""socks"", ""pants"", ""jacket"", ""shorts"", and ""train""? A:","['train', 'socks', 'pants', 'jacket', 'shorts']",train,the
"Q: What is the word least related to the word ""fruit"" from the words ""peach"", ""strawberry"", ""mango"", ""dog"", and ""pear""? A:","['dog', 'peach', 'strawberry', 'mango', 'pear']",dog,wing
"Q: Of the words ""pants"", ""socks"", ""coat"", ""peach"", and ""jacket"", what is the word least associated with ""clothes""? A:","['peach', 'pants', 'socks', 'coat', 'jacket']",peach,cours
"Q: What is the word least related to the word ""clothes"" from the words ""melon"", ""socks"", ""shirt"", ""dress"", and ""sweater""? A:","['melon', 'socks', 'shirt', 'dress', 'sweater']",melon,its
"Q: What is the word least related to the word ""fruit"" from the words ""lemon"", ""watermelon"", ""banana"", ""pineapple"", and ""couch""? A:","['couch', 'lemon', 'watermelon', 'banana', 'pineapple']",couch,theater
"Q: Of the words ""fish"", ""pig"", ""rabbit"", ""goat"", and ""bus"", what is the word least associated with ""animals""? A:","['bus', 'fish', 'pig', 'rabbit', 'goat']",bus,business
"Q: What is the word least related to the word ""fruit"" from the words ""melon"", ""strawberry"", ""pants"", ""peach"", and ""apple""? A:","['pants', 'melon', 'strawberry', 'peach', 'apple']",pants,it
"Of the following words, choose the word least associated with the word ""vehicles"" - ""van"", ""tractor"", ""truck"", ""bus"", ""jacket"": ","['jacket', 'van', 'tractor', 'truck', 'bus']",jacket,the
"Q: Of the words ""goat"", ""melon"", ""pineapple"", ""mango"", and ""apple"", what is the word least associated with ""fruit""? A:","['goat', 'melon', 'pineapple', 'mango', 'apple']",goat,mit
"Of the following words, choose the word least associated with the word ""animals"" - ""apple"", ""rabbit"", ""cat"", ""dog"", ""goat"": ","['apple', 'rabbit', 'cat', 'dog', 'goat']",apple,theresalling
"Q: Of the words ""lemon"", ""dog"", ""pineapple"", ""banana"", and ""melon"", what is the word least associated with ""fruit""? A:","['dog', 'lemon', 'pineapple', 'banana', 'melon']",dog,thie
"Q: Of the words ""van"", ""car"", ""bus"", ""pear"", and ""train"", what is the word least associated with ""vehicles""? A:","['pear', 'van', 'car', 'bus', 'train']",pear,it
"Q: What is the word least related to the word ""fruit"" from the words ""motorcycle"", ""mango"", ""watermelon"", ""pear"", and ""pineapple""? A:","['motorcycle', 'mango', 'watermelon', 'pear', 'pineapple']",motorcycle,placet
"Q: What is the word least related to the word ""furniture"" from the words ""lemon"", ""chair"", ""bed"", ""table"", and ""couch""? A:","['lemon', 'chair', 'bed', 'table', 'couch']",lemon,thing
"Q: Of the words ""jacket"", ""socks"", ""shirt"", ""pear"", and ""shorts"", what is the word least associated with ""clothes""? A:","['pear', 'jacket', 'socks', 'shirt', 'shorts']",pear,clown
"Of the following words, choose the word least associated with the word ""clothes"" - ""coat"", ""pants"", ""peach"", ""shirt"", ""shorts"": ","['peach', 'coat', 'pants', 'shirt', 'shorts']",peach,placetalize
"Q: What is the word least related to the word ""furniture"" from the words ""sofa"", ""table"", ""bus"", ""bookcase"", and ""bed""? A:","['bus', 'sofa', 'table', 'bookcase', 'bed']",bus,burg
"Q: What is the word least related to the word ""vehicles"" from the words ""van"", ""car"", ""tram"", ""chair"", and ""truck""? A:","['chair', 'van', 'car', 'tram', 'truck']",chair,the chili
"Of the following words, choose the word least associated with the word ""fruit"" - ""banana"", ""watermelon"", ""mango"", ""lemon"", ""bus"": ","['bus', 'banana', 'watermelon', 'mango', 'lemon']",bus,liegtour
"Of the following words, choose the word least associated with the word ""fruit"" - ""melon"", ""strawberry"", ""pear"", ""socks"", ""pineapple"": ","['socks', 'melon', 'strawberry', 'pear', 'pineapple']",socks,olig
"Q: Of the words ""shorts"", ""pants"", ""bookcase"", ""skirt"", and ""jeans"", what is the word least associated with ""clothes""? A:","['bookcase', 'shorts', 'pants', 'skirt', 'jeans']",bookcase,charing
"Of the following words, choose the word least associated with the word ""vehicles"" - ""motorcycle"", ""van"", ""bus"", ""tram"", ""bookcase"": ","['bookcase', 'motorcycle', 'van', 'bus', 'tram']",bookcase,boot
"Of the following words, choose the word least associated with the word ""furniture"" - ""couch"", ""tractor"", ""bed"", ""chair"", ""bookcase"": ","['tractor', 'couch', 'bed', 'chair', 'bookcase']",tractor,cours
"Q: What is the word least related to the word ""furniture"" from the words ""armchair"", ""chair"", ""sofa"", ""tram"", and ""desk""? A:","['tram', 'armchair', 'chair', 'sofa', 'desk']",tram,theater
"Q: What is the word least related to the word ""clothes"" from the words ""dress"", ""pants"", ""skirt"", ""socks"", and ""pear""? A:","['pear', 'dress', 'pants', 'skirt', 'socks']",pear,it
"Of the following words, choose the word least associated with the word ""vehicles"" - ""truck"", ""tram"", ""tractor"", ""pig"", ""motorcycle"": ","['pig', 'truck', 'tram', 'tractor', 'motorcycle']",pig,play
"Q: Of the words ""duck"", ""van"", ""fish"", ""chicken"", and ""rabbit"", what is the word least associated with ""animals""? A:","['van', 'duck', 'fish', 'chicken', 'rabbit']",van,the
"Q: Of the words ""duck"", ""shirt"", ""coat"", ""sweater"", and ""jeans"", what is the word least associated with ""clothes""? A:","['duck', 'shirt', 'coat', 'sweater', 'jeans']",duck,the
"Q: Of the words ""pig"", ""strawberry"", ""cow"", ""mouse"", and ""rabbit"", what is the word least associated with ""animals""? A:","['strawberry', 'pig', 'cow', 'mouse', 'rabbit']",strawberry,rocket
"Q: Of the words ""strawberry"", ""sofa"", ""chair"", ""table"", and ""armchair"", what is the word least associated with ""furniture""? A:","['strawberry', 'sofa', 'chair', 'table', 'armchair']",strawberry,ind
"Q: What is the word least related to the word ""animals"" from the words ""rabbit"", ""duck"", ""truck"", ""dog"", and ""chicken""? A:","['truck', 'rabbit', 'duck', 'dog', 'chicken']",truck,there
"Of the following words, choose the word least associated with the word ""clothes"" - ""skirt"", ""goat"", ""pants"", ""sweater"", ""dress"": ","['goat', 'skirt', 'pants', 'sweater', 'dress']",goat,play
"Q: What is the word least related to the word ""animals"" from the words ""dog"", ""goat"", ""mouse"", ""rabbit"", and ""pineapple""? A:","['pineapple', 'dog', 'goat', 'mouse', 'rabbit']",pineapple,theater
"Q: What is the word least related to the word ""clothes"" from the words ""shorts"", ""pants"", ""bookcase"", ""skirt"", and ""jeans""? A:","['bookcase', 'shorts', 'pants', 'skirt', 'jeans']",bookcase,the
"Q: Of the words ""watermelon"", ""desk"", ""lemon"", ""apple"", and ""strawberry"", what is the word least associated with ""fruit""? A:","['desk', 'watermelon', 'lemon', 'apple', 'strawberry']",desk,theater
"Of the following words, choose the word least associated with the word ""clothes"" - ""sweater"", ""dress"", ""shorts"", ""pig"", ""shirt"": ","['pig', 'sweater', 'dress', 'shorts', 'shirt']",pig,the
"Q: What is the word least related to the word ""vehicles"" from the words ""shirt"", ""van"", ""tram"", ""motorcycle"", and ""train""? A:","['shirt', 'van', 'tram', 'motorcycle', 'train']",shirt,thirt
"Q: Of the words ""tram"", ""apple"", ""train"", ""tractor"", and ""truck"", what is the word least associated with ""vehicles""? A:","['apple', 'tram', 'train', 'tractor', 'truck']",apple,that
"Q: Of the words ""sofa"", ""bed"", ""armchair"", ""bookcase"", and ""apple"", what is the word least associated with ""furniture""? A:","['apple', 'sofa', 'bed', 'armchair', 'bookcase']",apple,beyer
"Of the following words, choose the word least associated with the word ""vehicles"" - ""table"", ""car"", ""train"", ""motorcycle"", ""tram"": ","['table', 'car', 'train', 'motorcycle', 'tram']",table,there
"Q: What is the word least related to the word ""clothes"" from the words ""pants"", ""dress"", ""lemon"", ""socks"", and ""coat""? A:","['lemon', 'pants', 'dress', 'socks', 'coat']",lemon,direktor
"Q: Of the words ""cat"", ""peach"", ""mango"", ""pineapple"", and ""apple"", what is the word least associated with ""fruit""? A:","['cat', 'peach', 'mango', 'pineapple', 'apple']",cat,it
"Q: What is the word least related to the word ""animals"" from the words ""dog"", ""goat"", ""mouse"", ""table"", and ""cat""? A:","['table', 'dog', 'goat', 'mouse', 'cat']",table,theater
"Q: What is the word least related to the word ""furniture"" from the words ""bus"", ""desk"", ""sofa"", ""couch"", and ""table""? A:","['bus', 'desk', 'sofa', 'couch', 'table']",bus,thing
"Of the following words, choose the word least associated with the word ""fruit"" - ""pear"", ""watermelon"", ""sofa"", ""melon"", ""lemon"": ","['sofa', 'pear', 'watermelon', 'melon', 'lemon']",sofa,theatrophofed
"Q: Of the words ""bookcase"", ""couch"", ""armchair"", ""cat"", and ""bed"", what is the word least associated with ""furniture""? A:","['cat', 'bookcase', 'couch', 'armchair', 'bed']",cat,thirt
"Q: Of the words ""shorts"", ""mouse"", ""chicken"", ""dog"", and ""cow"", what is the word least associated with ""animals""? A:","['shorts', 'mouse', 'chicken', 'dog', 'cow']",shorts,onkel
"Q: What is the word least related to the word ""vehicles"" from the words ""duck"", ""motorcycle"", ""bus"", ""van"", and ""tram""? A:","['duck', 'motorcycle', 'bus', 'van', 'tram']",duck,theater
"Q: Of the words ""sweater"", ""shirt"", ""lemon"", ""shorts"", and ""jacket"", what is the word least associated with ""clothes""? A:","['lemon', 'sweater', 'shirt', 'shorts', 'jacket']",lemon,chili
"Q: What is the word least related to the word ""furniture"" from the words ""bed"", ""jeans"", ""bookcase"", ""table"", and ""couch""? A:","['jeans', 'bed', 'bookcase', 'table', 'couch']",jeans,benutzer
"Of the following words, choose the word least associated with the word ""fruit"" - ""chicken"", ""pineapple"", ""lemon"", ""banana"", ""melon"": ","['chicken', 'pineapple', 'lemon', 'banana', 'melon']",chicken,chili
"Q: Of the words ""mouse"", ""chicken"", ""lemon"", ""rabbit"", and ""dog"", what is the word least associated with ""animals""? A:","['lemon', 'mouse', 'chicken', 'rabbit', 'dog']",lemon,do
"Of the following words, choose the word least associated with the word ""vehicles"" - ""motorcycle"", ""tram"", ""van"", ""shirt"", ""train"": ","['shirt', 'motorcycle', 'tram', 'van', 'train']",shirt,there
"Q: Of the words ""skirt"", ""sweater"", ""goat"", ""shorts"", and ""jeans"", what is the word least associated with ""clothes""? A:","['goat', 'skirt', 'sweater', 'shorts', 'jeans']",goat,clown
"Of the following words, choose the word least associated with the word ""fruit"" - ""strawberry"", ""watermelon"", ""lemon"", ""pineapple"", ""fish"": ","['fish', 'strawberry', 'watermelon', 'lemon', 'pineapple']",fish,places
"Q: What is the word least related to the word ""vehicles"" from the words ""bus"", ""car"", ""van"", ""tram"", and ""chair""? A:","['chair', 'bus', 'car', 'van', 'tram']",chair,chaos
"Q: Of the words ""pear"", ""goat"", ""pig"", ""mouse"", and ""dog"", what is the word least associated with ""animals""? A:","['pear', 'goat', 'pig', 'mouse', 'dog']",pear,do
"Q: Of the words ""rabbit"", ""cow"", ""fish"", ""pig"", and ""sofa"", what is the word least associated with ""animals""? A:","['sofa', 'rabbit', 'cow', 'fish', 'pig']",sofa,out
"Q: What is the word least related to the word ""furniture"" from the words ""sofa"", ""bed"", ""couch"", ""socks"", and ""desk""? A:","['socks', 'sofa', 'bed', 'couch', 'desk']",socks,cometer
"Q: Of the words ""skirt"", ""socks"", ""train"", ""dress"", and ""jacket"", what is the word least associated with ""clothes""? A:","['train', 'skirt', 'socks', 'dress', 'jacket']",train,clus
"Q: Of the words ""dog"", ""jacket"", ""goat"", ""cow"", and ""cat"", what is the word least associated with ""animals""? A:","['jacket', 'dog', 'goat', 'cow', 'cat']",jacket,ing
"Of the following words, choose the word least associated with the word ""clothes"" - ""dress"", ""coat"", ""apple"", ""shirt"", ""socks"": ","['apple', 'dress', 'coat', 'shirt', 'socks']",apple,couraldist
"Q: What is the word least related to the word ""fruit"" from the words ""chicken"", ""melon"", ""banana"", ""lemon"", and ""apple""? A:","['chicken', 'melon', 'banana', 'lemon', 'apple']",chicken,theater
"Q: What is the word least related to the word ""animals"" from the words ""fish"", ""banana"", ""pig"", ""mouse"", and ""dog""? A:","['banana', 'fish', 'pig', 'mouse', 'dog']",banana,beleved
"Q: Of the words ""armchair"", ""duck"", ""desk"", ""table"", and ""chair"", what is the word least associated with ""furniture""? A:","['duck', 'armchair', 'desk', 'table', 'chair']",duck,dialog
"Q: What is the word least related to the word ""clothes"" from the words ""socks"", ""coat"", ""watermelon"", ""shorts"", and ""sweater""? A:","['watermelon', 'socks', 'coat', 'shorts', 'sweater']",watermelon,theathing
"Of the following words, choose the word least associated with the word ""clothes"" - ""sweater"", ""dress"", ""pear"", ""shorts"", ""socks"": ","['pear', 'sweater', 'dress', 'shorts', 'socks']",pear,theater
"Of the following words, choose the word least associated with the word ""vehicles"" - ""bus"", ""motorcycle"", ""car"", ""socks"", ""van"": ","['socks', 'bus', 'motorcycle', 'car', 'van']",socks,booth
"Q: What is the word least related to the word ""clothes"" from the words ""socks"", ""pants"", ""shirt"", ""jacket"", and ""goat""? A:","['goat', 'socks', 'pants', 'shirt', 'jacket']",goat,its
"Of the following words, choose the word least associated with the word ""furniture"" - ""sofa"", ""banana"", ""armchair"", ""chair"", ""bookcase"": ","['banana', 'sofa', 'armchair', 'chair', 'bookcase']",banana,be
"Of the following words, choose the word least associated with the word ""furniture"" - ""bed"", ""sofa"", ""table"", ""strawberry"", ""chair"": ","['strawberry', 'bed', 'sofa', 'table', 'chair']",strawberry,rießer
"Of the following words, choose the word least associated with the word ""clothes"" - ""goat"", ""jacket"", ""shorts"", ""coat"", ""shirt"": ","['goat', 'jacket', 'shorts', 'coat', 'shirt']",goat,chao
"Q: What is the word least related to the word ""clothes"" from the words ""pants"", ""tram"", ""shorts"", ""skirt"", and ""socks""? A:","['tram', 'pants', 'shorts', 'skirt', 'socks']",tram,there
"Q: What is the word least related to the word ""furniture"" from the words ""bookcase"", ""chair"", ""jeans"", ""table"", and ""bed""? A:","['jeans', 'bookcase', 'chair', 'table', 'bed']",jeans,bet
"Q: Of the words ""dress"", ""skirt"", ""jeans"", ""shorts"", and ""duck"", what is the word least associated with ""clothes""? A:","['duck', 'dress', 'skirt', 'jeans', 'shorts']",duck,clown
"Q: What is the word least related to the word ""animals"" from the words ""chicken"", ""sofa"", ""goat"", ""mouse"", and ""rabbit""? A:","['sofa', 'chicken', 'goat', 'mouse', 'rabbit']",sofa,rock
"Q: Of the words ""mouse"", ""fish"", ""pineapple"", ""rabbit"", and ""goat"", what is the word least associated with ""animals""? A:","['pineapple', 'mouse', 'fish', 'rabbit', 'goat']",pineapple,pilot
"Of the following words, choose the word least associated with the word ""animals"" - ""train"", ""rabbit"", ""fish"", ""chicken"", ""cat"": ","['train', 'rabbit', 'fish', 'chicken', 'cat']",train,chaoin
"Of the following words, choose the word least associated with the word ""clothes"" - ""dress"", ""pants"", ""shirt"", ""pear"", ""socks"": ","['pear', 'dress', 'pants', 'shirt', 'socks']",pear,chaont
"Of the following words, choose the word least associated with the word ""clothes"" - ""jacket"", ""jeans"", ""desk"", ""dress"", ""coat"": ","['desk', 'jacket', 'jeans', 'dress', 'coat']",desk,chip
"Of the following words, choose the word least associated with the word ""clothes"" - ""dress"", ""skirt"", ""sweater"", ""cat"", ""coat"": ","['cat', 'dress', 'skirt', 'sweater', 'coat']",cat,cafUNK
"Q: Of the words ""bookcase"", ""desk"", ""truck"", ""bed"", and ""couch"", what is the word least associated with ""furniture""? A:","['truck', 'bookcase', 'desk', 'bed', 'couch']",truck,bewgring
"Q: What is the word least related to the word ""animals"" from the words ""fish"", ""mouse"", ""pig"", ""lemon"", and ""cow""? A:","['lemon', 'fish', 'mouse', 'pig', 'cow']",lemon,planet
"Q: What is the word least related to the word ""fruit"" from the words ""mango"", ""pineapple"", ""armchair"", ""banana"", and ""watermelon""? A:","['armchair', 'mango', 'pineapple', 'banana', 'watermelon']",armchair,whilling
"Of the following words, choose the word least associated with the word ""vehicles"" - ""shorts"", ""tractor"", ""car"", ""truck"", ""train"": ","['shorts', 'tractor', 'car', 'truck', 'train']",shorts,theater
"Q: Of the words ""van"", ""pig"", ""tractor"", ""truck"", and ""train"", what is the word least associated with ""vehicles""? A:","['pig', 'van', 'tractor', 'truck', 'train']",pig,thil
"Q: What is the word least related to the word ""vehicles"" from the words ""tram"", ""car"", ""bus"", ""truck"", and ""desk""? A:","['desk', 'tram', 'car', 'bus', 'truck']",desk,theater
"Q: What is the word least related to the word ""vehicles"" from the words ""chicken"", ""car"", ""tractor"", ""bus"", and ""truck""? A:","['chicken', 'car', 'tractor', 'bus', 'truck']",chicken,buile
"Of the following words, choose the word least associated with the word ""fruit"" - ""watermelon"", ""strawberry"", ""table"", ""peach"", ""pear"": ","['table', 'watermelon', 'strawberry', 'peach', 'pear']",table,plet
"Q: What is the word least related to the word ""vehicles"" from the words ""truck"", ""tram"", ""tractor"", ""pig"", and ""motorcycle""? A:","['pig', 'truck', 'tram', 'tractor', 'motorcycle']",pig,thirt
"Q: Of the words ""mango"", ""strawberry"", ""pineapple"", ""sofa"", and ""apple"", what is the word least associated with ""fruit""? A:","['sofa', 'mango', 'strawberry', 'pineapple', 'apple']",sofa,it
"Q: Of the words ""armchair"", ""couch"", ""table"", ""duck"", and ""desk"", what is the word least associated with ""furniture""? A:","['duck', 'armchair', 'couch', 'table', 'desk']",duck,the
"Q: What is the word least related to the word ""furniture"" from the words ""table"", ""chair"", ""lemon"", ""bookcase"", and ""armchair""? A:","['lemon', 'table', 'chair', 'bookcase', 'armchair']",lemon,theater
"Q: Of the words ""desk"", ""couch"", ""bed"", ""table"", and ""dress"", what is the word least associated with ""furniture""? A:","['dress', 'desk', 'couch', 'bed', 'table']",dress,the
"Q: Of the words ""socks"", ""jeans"", ""pants"", ""dress"", and ""strawberry"", what is the word least associated with ""clothes""? A:","['strawberry', 'socks', 'jeans', 'pants', 'dress']",strawberry,intell
"Q: Of the words ""tram"", ""truck"", ""motorcycle"", ""car"", and ""melon"", what is the word least associated with ""vehicles""? A:","['melon', 'tram', 'truck', 'motorcycle', 'car']",melon,comet
"Q: Of the words ""skirt"", ""watermelon"", ""sweater"", ""shorts"", and ""dress"", what is the word least associated with ""clothes""? A:","['watermelon', 'skirt', 'sweater', 'shorts', 'dress']",watermelon,wereld
"Q: What is the word least related to the word ""fruit"" from the words ""mango"", ""chair"", ""pear"", ""pineapple"", and ""strawberry""? A:","['chair', 'mango', 'pear', 'pineapple', 'strawberry']",chair,thirts
"Q: Of the words ""strawberry"", ""watermelon"", ""lemon"", ""pineapple"", and ""fish"", what is the word least associated with ""fruit""? A:","['fish', 'strawberry', 'watermelon', 'lemon', 'pineapple']",fish,place
"Of the following words, choose the word least associated with the word ""vehicles"" - ""bookcase"", ""tram"", ""motorcycle"", ""van"", ""tractor"": ","['bookcase', 'tram', 'motorcycle', 'van', 'tractor']",bookcase,therms
"Q: Of the words ""fish"", ""coat"", ""skirt"", ""socks"", and ""shorts"", what is the word least associated with ""clothes""? A:","['fish', 'coat', 'skirt', 'socks', 'shorts']",fish,comedon
"Q: Of the words ""duck"", ""cat"", ""dog"", ""pig"", and ""tractor"", what is the word least associated with ""animals""? A:","['tractor', 'duck', 'cat', 'dog', 'pig']",tractor,theaterduell
"Of the following words, choose the word least associated with the word ""clothes"" - ""skirt"", ""pants"", ""jeans"", ""coat"", ""motorcycle"": ","['motorcycle', 'skirt', 'pants', 'jeans', 'coat']",motorcycle,chiffring
"Of the following words, choose the word least associated with the word ""vehicles"" - ""bus"", ""motorcycle"", ""tram"", ""chicken"", ""car"": ","['chicken', 'bus', 'motorcycle', 'tram', 'car']",chicken,theread
"Q: What is the word least related to the word ""fruit"" from the words ""couch"", ""melon"", ""pear"", ""pineapple"", and ""strawberry""? A:","['couch', 'melon', 'pear', 'pineapple', 'strawberry']",couch,thirt
"Q: What is the word least related to the word ""clothes"" from the words ""socks"", ""jeans"", ""shorts"", ""armchair"", and ""pants""? A:","['armchair', 'socks', 'jeans', 'shorts', 'pants']",armchair,planet
"Q: What is the word least related to the word ""clothes"" from the words ""car"", ""jacket"", ""coat"", ""sweater"", and ""jeans""? A:","['car', 'jacket', 'coat', 'sweater', 'jeans']",car,chip
"Of the following words, choose the word least associated with the word ""vehicles"" - ""skirt"", ""train"", ""van"", ""motorcycle"", ""car"": ","['skirt', 'train', 'van', 'motorcycle', 'car']",skirt,theater
"Q: Of the words ""armchair"", ""fish"", ""table"", ""chair"", and ""sofa"", what is the word least associated with ""furniture""? A:","['fish', 'armchair', 'table', 'chair', 'sofa']",fish,theatre
"Of the following words, choose the word least associated with the word ""vehicles"" - ""van"", ""train"", ""tractor"", ""shorts"", ""bus"": ","['shorts', 'van', 'train', 'tractor', 'bus']",shorts,theater
"Of the following words, choose the word least associated with the word ""clothes"" - ""truck"", ""dress"", ""jeans"", ""jacket"", ""shirt"": ","['truck', 'dress', 'jeans', 'jacket', 'shirt']",truck,the
"Q: Of the words ""train"", ""apple"", ""strawberry"", ""lemon"", and ""pineapple"", what is the word least associated with ""fruit""? A:","['train', 'apple', 'strawberry', 'lemon', 'pineapple']",train,placed
"Q: Of the words ""tram"", ""car"", ""truck"", ""pig"", and ""tractor"", what is the word least associated with ""vehicles""? A:","['pig', 'tram', 'car', 'truck', 'tractor']",pig,it
"Q: What is the word least related to the word ""fruit"" from the words ""banana"", ""watermelon"", ""mango"", ""lemon"", and ""bus""? A:","['bus', 'banana', 'watermelon', 'mango', 'lemon']",bus,burger
"Q: Of the words ""van"", ""truck"", ""bed"", ""motorcycle"", and ""bus"", what is the word least associated with ""vehicles""? A:","['bed', 'van', 'truck', 'motorcycle', 'bus']",bed,the
"Q: What is the word least related to the word ""fruit"" from the words ""apple"", ""melon"", ""peach"", ""mango"", and ""bookcase""? A:","['bookcase', 'apple', 'melon', 'peach', 'mango']",bookcase,its
"Of the following words, choose the word least associated with the word ""animals"" - ""cow"", ""pig"", ""fish"", ""chicken"", ""armchair"": ","['armchair', 'cow', 'pig', 'fish', 'chicken']",armchair,place
"Q: Of the words ""goat"", ""duck"", ""cat"", ""fish"", and ""couch"", what is the word least associated with ""animals""? A:","['couch', 'goat', 'duck', 'cat', 'fish']",couch,indiver
"Q: What is the word least related to the word ""vehicles"" from the words ""bus"", ""car"", ""train"", ""apple"", and ""tractor""? A:","['apple', 'bus', 'car', 'train', 'tractor']",apple,thirt
"Q: What is the word least related to the word ""clothes"" from the words ""pants"", ""shirt"", ""coat"", ""dress"", and ""table""? A:","['table', 'pants', 'shirt', 'coat', 'dress']",table,distally
"Q: What is the word least related to the word ""furniture"" from the words ""couch"", ""desk"", ""chair"", ""bookcase"", and ""sweater""? A:","['sweater', 'couch', 'desk', 'chair', 'bookcase']",sweater,thirt
"Q: Of the words ""socks"", ""shirt"", ""mango"", ""jeans"", and ""coat"", what is the word least associated with ""clothes""? A:","['mango', 'socks', 'shirt', 'jeans', 'coat']",mango,cloud
"Q: Of the words ""strawberry"", ""socks"", ""pear"", ""apple"", and ""lemon"", what is the word least associated with ""fruit""? A:","['socks', 'strawberry', 'pear', 'apple', 'lemon']",socks,pers
"Q: What is the word least related to the word ""vehicles"" from the words ""train"", ""motorcycle"", ""tram"", ""peach"", and ""car""? A:","['peach', 'train', 'motorcycle', 'tram', 'car']",peach,play
"Q: Of the words ""shorts"", ""banana"", ""watermelon"", ""melon"", and ""apple"", what is the word least associated with ""fruit""? A:","['shorts', 'banana', 'watermelon', 'melon', 'apple']",shorts,index
"Of the following words, choose the word least associated with the word ""animals"" - ""goat"", ""table"", ""cow"", ""pig"", ""chicken"": ","['table', 'goat', 'cow', 'pig', 'chicken']",table,chiping
"Q: What is the word least related to the word ""vehicles"" from the words ""van"", ""pig"", ""tractor"", ""truck"", and ""train""? A:","['pig', 'van', 'tractor', 'truck', 'train']",pig,player
"Of the following words, choose the word least associated with the word ""animals"" - ""pig"", ""fish"", ""goat"", ""cat"", ""pear"": ","['pear', 'pig', 'fish', 'goat', 'cat']",pear,thermos
"Q: Of the words ""shorts"", ""apple"", ""pear"", ""mango"", and ""strawberry"", what is the word least associated with ""fruit""? A:","['shorts', 'apple', 'pear', 'mango', 'strawberry']",shorts,mod
"Of the following words, choose the word least associated with the word ""clothes"" - ""shirt"", ""sweater"", ""skirt"", ""bus"", ""jacket"": ","['bus', 'shirt', 'sweater', 'skirt', 'jacket']",bus,chip
"Q: What is the word least related to the word ""furniture"" from the words ""couch"", ""desk"", ""chair"", ""cat"", and ""bed""? A:","['cat', 'couch', 'desk', 'chair', 'bed']",cat,come
"Q: What is the word least related to the word ""animals"" from the words ""rabbit"", ""fish"", ""dog"", ""cow"", and ""truck""? A:","['truck', 'rabbit', 'fish', 'dog', 'cow']",truck,thistrieling
"Q: What is the word least related to the word ""clothes"" from the words ""dress"", ""skirt"", ""jeans"", ""shorts"", and ""duck""? A:","['duck', 'dress', 'skirt', 'jeans', 'shorts']",duck,thirty
"Q: Of the words ""couch"", ""bookcase"", ""desk"", ""pineapple"", and ""bed"", what is the word least associated with ""furniture""? A:","['pineapple', 'couch', 'bookcase', 'desk', 'bed']",pineapple,intervieword
"Of the following words, choose the word least associated with the word ""clothes"" - ""duck"", ""shirt"", ""shorts"", ""pants"", ""skirt"": ","['duck', 'shirt', 'shorts', 'pants', 'skirt']",duck,place
"Of the following words, choose the word least associated with the word ""clothes"" - ""desk"", ""shirt"", ""skirt"", ""pants"", ""shorts"": ","['desk', 'shirt', 'skirt', 'pants', 'shorts']",desk,placetalize
"Q: What is the word least related to the word ""animals"" from the words ""pig"", ""cow"", ""skirt"", ""mouse"", and ""dog""? A:","['skirt', 'pig', 'cow', 'mouse', 'dog']",skirt,donner
"Q: What is the word least related to the word ""animals"" from the words ""cat"", ""jacket"", ""rabbit"", ""cow"", and ""goat""? A:","['jacket', 'cat', 'rabbit', 'cow', 'goat']",jacket,thirty
"Q: Of the words ""apple"", ""pineapple"", ""melon"", ""banana"", and ""duck"", what is the word least associated with ""fruit""? A:","['duck', 'apple', 'pineapple', 'melon', 'banana']",duck,theater
"Of the following words, choose the word least associated with the word ""fruit"" - ""mango"", ""melon"", ""watermelon"", ""strawberry"", ""desk"": ","['desk', 'mango', 'melon', 'watermelon', 'strawberry']",desk,liegt
"Of the following words, choose the word least associated with the word ""furniture"" - ""chair"", ""bookcase"", ""van"", ""table"", ""bed"": ","['van', 'chair', 'bookcase', 'table', 'bed']",van,the
"Of the following words, choose the word least associated with the word ""vehicles"" - ""tractor"", ""motorcycle"", ""bus"", ""car"", ""jeans"": ","['jeans', 'tractor', 'motorcycle', 'bus', 'car']",jeans,charter
"Q: Of the words ""truck"", ""bed"", ""tram"", ""van"", and ""tractor"", what is the word least associated with ""vehicles""? A:","['bed', 'truck', 'tram', 'van', 'tractor']",bed,theater
"Q: What is the word least related to the word ""clothes"" from the words ""dress"", ""jacket"", ""skirt"", ""coat"", and ""pineapple""? A:","['pineapple', 'dress', 'jacket', 'skirt', 'coat']",pineapple,it
"Q: What is the word least related to the word ""vehicles"" from the words ""bookcase"", ""van"", ""tractor"", ""tram"", and ""truck""? A:","['bookcase', 'van', 'tractor', 'tram', 'truck']",bookcase,theater
"Q: What is the word least related to the word ""vehicles"" from the words ""shorts"", ""motorcycle"", ""tractor"", ""bus"", and ""tram""? A:","['shorts', 'motorcycle', 'tractor', 'bus', 'tram']",shorts,thirty
"Q: What is the word least related to the word ""clothes"" from the words ""fish"", ""coat"", ""shirt"", ""sweater"", and ""jacket""? A:","['fish', 'coat', 'shirt', 'sweater', 'jacket']",fish,chance
"Of the following words, choose the word least associated with the word ""fruit"" - ""banana"", ""jeans"", ""pear"", ""lemon"", ""pineapple"": ","['jeans', 'banana', 'pear', 'lemon', 'pineapple']",jeans,playerin
"Of the following words, choose the word least associated with the word ""fruit"" - ""tram"", ""mango"", ""strawberry"", ""apple"", ""banana"": ","['tram', 'mango', 'strawberry', 'apple', 'banana']",tram,platted
"Q: What is the word least related to the word ""fruit"" from the words ""peach"", ""chicken"", ""watermelon"", ""strawberry"", and ""lemon""? A:","['chicken', 'peach', 'watermelon', 'strawberry', 'lemon']",chicken,theater
"Of the following words, choose the word least associated with the word ""animals"" - ""goat"", ""tractor"", ""cow"", ""mouse"", ""rabbit"": ","['tractor', 'goat', 'cow', 'mouse', 'rabbit']",tractor,chaour
"Q: What is the word least related to the word ""furniture"" from the words ""table"", ""fish"", ""bookcase"", ""desk"", and ""armchair""? A:","['fish', 'table', 'bookcase', 'desk', 'armchair']",fish,thirt
"Of the following words, choose the word least associated with the word ""furniture"" - ""desk"", ""armchair"", ""cow"", ""couch"", ""bookcase"": ","['cow', 'desk', 'armchair', 'couch', 'bookcase']",cow,come
"Q: Of the words ""dress"", ""socks"", ""jeans"", ""pants"", and ""bed"", what is the word least associated with ""clothes""? A:","['bed', 'dress', 'socks', 'jeans', 'pants']",bed,theater
"Q: What is the word least related to the word ""furniture"" from the words ""chair"", ""dog"", ""bookcase"", ""desk"", and ""bed""? A:","['dog', 'chair', 'bookcase', 'desk', 'bed']",dog,believed
"Of the following words, choose the word least associated with the word ""vehicles"" - ""cat"", ""truck"", ""bus"", ""tractor"", ""train"": ","['cat', 'truck', 'bus', 'tractor', 'train']",cat,theaterevient
"Q: Of the words ""lemon"", ""mango"", ""tractor"", ""pear"", and ""melon"", what is the word least associated with ""fruit""? A:","['tractor', 'lemon', 'mango', 'pear', 'melon']",tractor,thiread
"Q: What is the word least related to the word ""furniture"" from the words ""table"", ""bookcase"", ""skirt"", ""desk"", and ""sofa""? A:","['skirt', 'table', 'bookcase', 'desk', 'sofa']",skirt,thriller
"Of the following words, choose the word least associated with the word ""vehicles"" - ""bookcase"", ""tractor"", ""van"", ""tram"", ""bus"": ","['bookcase', 'tractor', 'van', 'tram', 'bus']",bookcase,theatrets
"Q: Of the words ""cow"", ""chair"", ""cat"", ""goat"", and ""dog"", what is the word least associated with ""animals""? A:","['chair', 'cow', 'cat', 'goat', 'dog']",chair,theatronict
"Q: What is the word least related to the word ""fruit"" from the words ""lemon"", ""mango"", ""tractor"", ""pear"", and ""melon""? A:","['tractor', 'lemon', 'mango', 'pear', 'melon']",tractor,its
"Q: Of the words ""table"", ""bed"", ""bookcase"", ""desk"", and ""lemon"", what is the word least associated with ""furniture""? A:","['lemon', 'table', 'bed', 'bookcase', 'desk']",lemon,belegt
"Q: What is the word least related to the word ""vehicles"" from the words ""bus"", ""car"", ""train"", ""tractor"", and ""mango""? A:","['mango', 'bus', 'car', 'train', 'tractor']",mango,long
"Of the following words, choose the word least associated with the word ""clothes"" - ""armchair"", ""dress"", ""sweater"", ""coat"", ""skirt"": ","['armchair', 'dress', 'sweater', 'coat', 'skirt']",armchair,champion
"Q: Of the words ""peach"", ""melon"", ""pear"", ""truck"", and ""pineapple"", what is the word least associated with ""fruit""? A:","['truck', 'peach', 'melon', 'pear', 'pineapple']",truck,thic
"Of the following words, choose the word least associated with the word ""clothes"" - ""pants"", ""dress"", ""lemon"", ""socks"", ""coat"": ","['lemon', 'pants', 'dress', 'socks', 'coat']",lemon,chaont
"Of the following words, choose the word least associated with the word ""fruit"" - ""melon"", ""jacket"", ""strawberry"", ""apple"", ""watermelon"": ","['jacket', 'melon', 'strawberry', 'apple', 'watermelon']",jacket,theater
"Q: Of the words ""table"", ""chair"", ""bookcase"", ""shorts"", and ""bed"", what is the word least associated with ""furniture""? A:","['shorts', 'table', 'chair', 'bookcase', 'bed']",shorts,belieder
"Of the following words, choose the word least associated with the word ""fruit"" - ""watermelon"", ""pineapple"", ""banana"", ""strawberry"", ""van"": ","['van', 'watermelon', 'pineapple', 'banana', 'strawberry']",van,places
"Q: Of the words ""cow"", ""duck"", ""pineapple"", ""mouse"", and ""cat"", what is the word least associated with ""animals""? A:","['pineapple', 'cow', 'duck', 'mouse', 'cat']",pineapple,clouk
"Of the following words, choose the word least associated with the word ""fruit"" - ""melon"", ""mouse"", ""banana"", ""lemon"", ""peach"": ","['mouse', 'melon', 'banana', 'lemon', 'peach']",mouse,the
"Q: What is the word least related to the word ""clothes"" from the words ""shorts"", ""socks"", ""bus"", ""jacket"", and ""shirt""? A:","['bus', 'shorts', 'socks', 'jacket', 'shirt']",bus,its
"Of the following words, choose the word least associated with the word ""fruit"" - ""pear"", ""peach"", ""lemon"", ""melon"", ""tram"": ","['tram', 'pear', 'peach', 'lemon', 'melon']",tram,theresall
"Of the following words, choose the word least associated with the word ""fruit"" - ""watermelon"", ""couch"", ""mango"", ""pear"", ""banana"": ","['couch', 'watermelon', 'mango', 'pear', 'banana']",couch,plattdi
"Q: What is the word least related to the word ""clothes"" from the words ""pants"", ""jeans"", ""watermelon"", ""shorts"", and ""coat""? A:","['watermelon', 'pants', 'jeans', 'shorts', 'coat']",watermelon,thirt
"Q: Of the words ""car"", ""train"", ""dress"", ""tram"", and ""bus"", what is the word least associated with ""vehicles""? A:","['dress', 'car', 'train', 'tram', 'bus']",dress,interviewing
"Q: Of the words ""chicken"", ""cow"", ""couch"", ""goat"", and ""mouse"", what is the word least associated with ""animals""? A:","['couch', 'chicken', 'cow', 'goat', 'mouse']",couch,chili
"Q: Of the words ""bus"", ""jacket"", ""truck"", ""train"", and ""motorcycle"", what is the word least associated with ""vehicles""? A:","['jacket', 'bus', 'truck', 'train', 'motorcycle']",jacket,theater
"Q: What is the word least related to the word ""clothes"" from the words ""dress"", ""shorts"", ""mango"", ""socks"", and ""shirt""? A:","['mango', 'dress', 'shorts', 'socks', 'shirt']",mango,thrill
"Q: What is the word least related to the word ""furniture"" from the words ""watermelon"", ""sofa"", ""table"", ""chair"", and ""bed""? A:","['watermelon', 'sofa', 'table', 'chair', 'bed']",watermelon,thil
"Q: What is the word least related to the word ""clothes"" from the words ""coat"", ""shirt"", ""chicken"", ""sweater"", and ""shorts""? A:","['chicken', 'coat', 'shirt', 'sweater', 'shorts']",chicken,changel
"Of the following words, choose the word least associated with the word ""fruit"" - ""lemon"", ""pear"", ""dog"", ""pineapple"", ""banana"": ","['dog', 'lemon', 'pear', 'pineapple', 'banana']",dog,thirees
"Q: Of the words ""tram"", ""duck"", ""cow"", ""mouse"", and ""dog"", what is the word least associated with ""animals""? A:","['tram', 'duck', 'cow', 'mouse', 'dog']",tram,and
"Q: Of the words ""dress"", ""coat"", ""apple"", ""shirt"", and ""socks"", what is the word least associated with ""clothes""? A:","['apple', 'dress', 'coat', 'shirt', 'socks']",apple,theater
"Q: What is the word least related to the word ""clothes"" from the words ""socks"", ""coat"", ""pants"", ""shorts"", and ""cow""? A:","['cow', 'socks', 'coat', 'pants', 'shorts']",cow,chaos
"Q: What is the word least related to the word ""clothes"" from the words ""desk"", ""socks"", ""sweater"", ""jacket"", and ""jeans""? A:","['desk', 'socks', 'sweater', 'jacket', 'jeans']",desk,clow
"Q: Of the words ""mouse"", ""fish"", ""goat"", ""bus"", and ""cat"", what is the word least associated with ""animals""? A:","['bus', 'mouse', 'fish', 'goat', 'cat']",bus,the
"Q: What is the word least related to the word ""fruit"" from the words ""apple"", ""mouse"", ""banana"", ""strawberry"", and ""melon""? A:","['mouse', 'apple', 'banana', 'strawberry', 'melon']",mouse,blade
"Q: What is the word least related to the word ""clothes"" from the words ""mango"", ""jacket"", ""sweater"", ""skirt"", and ""coat""? A:","['mango', 'jacket', 'sweater', 'skirt', 'coat']",mango,clickt
"Q: What is the word least related to the word ""furniture"" from the words ""bookcase"", ""sofa"", ""chair"", ""armchair"", and ""mango""? A:","['mango', 'bookcase', 'sofa', 'chair', 'armchair']",mango,bull
"Q: Of the words ""jeans"", ""table"", ""couch"", ""bed"", and ""sofa"", what is the word least associated with ""furniture""? A:","['jeans', 'table', 'couch', 'bed', 'sofa']",jeans,thion
"Q: What is the word least related to the word ""vehicles"" from the words ""van"", ""tractor"", ""truck"", ""bus"", and ""jacket""? A:","['jacket', 'van', 'tractor', 'truck', 'bus']",jacket,thing
"Q: Of the words ""van"", ""tram"", ""bus"", ""motorcycle"", and ""banana"", what is the word least associated with ""vehicles""? A:","['banana', 'van', 'tram', 'bus', 'motorcycle']",banana,ball
"Of the following words, choose the word least associated with the word ""furniture"" - ""strawberry"", ""table"", ""desk"", ""chair"", ""armchair"": ","['strawberry', 'table', 'desk', 'chair', 'armchair']",strawberry,theater
"Q: Of the words ""duck"", ""bed"", ""chicken"", ""cat"", and ""mouse"", what is the word least associated with ""animals""? A:","['bed', 'duck', 'chicken', 'cat', 'mouse']",bed,theater
"Q: Of the words ""rabbit"", ""duck"", ""car"", ""mouse"", and ""cat"", what is the word least associated with ""animals""? A:","['car', 'rabbit', 'duck', 'mouse', 'cat']",car,in
"Q: Of the words ""cat"", ""goat"", ""duck"", ""rabbit"", and ""apple"", what is the word least associated with ""animals""? A:","['apple', 'cat', 'goat', 'duck', 'rabbit']",apple,theater
"Of the following words, choose the word least associated with the word ""vehicles"" - ""van"", ""tractor"", ""truck"", ""motorcycle"", ""sofa"": ","['sofa', 'van', 'tractor', 'truck', 'motorcycle']",sofa,theater
"Q: What is the word least related to the word ""clothes"" from the words ""pants"", ""socks"", ""coat"", ""peach"", and ""jacket""? A:","['peach', 'pants', 'socks', 'coat', 'jacket']",peach,thing
"Q: Of the words ""bus"", ""jeans"", ""train"", ""van"", and ""motorcycle"", what is the word least associated with ""vehicles""? A:","['jeans', 'bus', 'train', 'van', 'motorcycle']",jeans,it
"Q: Of the words ""armchair"", ""melon"", ""table"", ""sofa"", and ""desk"", what is the word least associated with ""furniture""? A:","['melon', 'armchair', 'table', 'sofa', 'desk']",melon,theater
"Q: What is the word least related to the word ""clothes"" from the words ""jeans"", ""shorts"", ""socks"", ""table"", and ""skirt""? A:","['table', 'jeans', 'shorts', 'socks', 'skirt']",table,changing
"Of the following words, choose the word least associated with the word ""animals"" - ""cat"", ""goat"", ""duck"", ""bookcase"", ""cow"": ","['bookcase', 'cat', 'goat', 'duck', 'cow']",bookcase,chef
"Q: What is the word least related to the word ""clothes"" from the words ""socks"", ""sweater"", ""shirt"", ""mango"", and ""coat""? A:","['mango', 'socks', 'sweater', 'shirt', 'coat']",mango,chaos
"Q: What is the word least related to the word ""furniture"" from the words ""table"", ""bookcase"", ""pineapple"", ""couch"", and ""bed""? A:","['pineapple', 'table', 'bookcase', 'couch', 'bed']",pineapple,belieding
"Q: What is the word least related to the word ""furniture"" from the words ""desk"", ""motorcycle"", ""sofa"", ""chair"", and ""bookcase""? A:","['motorcycle', 'desk', 'sofa', 'chair', 'bookcase']",motorcycle,beleudee
"Of the following words, choose the word least associated with the word ""animals"" - ""fish"", ""mango"", ""mouse"", ""goat"", ""cat"": ","['mango', 'fish', 'mouse', 'goat', 'cat']",mango,chaos
"Q: What is the word least related to the word ""animals"" from the words ""chicken"", ""strawberry"", ""fish"", ""mouse"", and ""cat""? A:","['strawberry', 'chicken', 'fish', 'mouse', 'cat']",strawberry,theater
"Q: Of the words ""melon"", ""pineapple"", ""couch"", ""pear"", and ""watermelon"", what is the word least associated with ""fruit""? A:","['couch', 'melon', 'pineapple', 'pear', 'watermelon']",couch,it
"Q: Of the words ""motorcycle"", ""desk"", ""tractor"", ""train"", and ""truck"", what is the word least associated with ""vehicles""? A:","['desk', 'motorcycle', 'tractor', 'train', 'truck']",desk,withing
"Q: Of the words ""bus"", ""armchair"", ""motorcycle"", ""van"", and ""tractor"", what is the word least associated with ""vehicles""? A:","['armchair', 'bus', 'motorcycle', 'van', 'tractor']",armchair,wh
"Of the following words, choose the word least associated with the word ""furniture"" - ""sofa"", ""desk"", ""watermelon"", ""armchair"", ""bed"": ","['watermelon', 'sofa', 'desk', 'armchair', 'bed']",watermelon,ritter
"Q: Of the words ""table"", ""armchair"", ""shirt"", ""desk"", and ""couch"", what is the word least associated with ""furniture""? A:","['shirt', 'table', 'armchair', 'desk', 'couch']",shirt,b
"Of the following words, choose the word least associated with the word ""animals"" - ""mouse"", ""cat"", ""cow"", ""chicken"", ""train"": ","['train', 'mouse', 'cat', 'cow', 'chicken']",train,chip
"Q: What is the word least related to the word ""clothes"" from the words ""socks"", ""motorcycle"", ""skirt"", ""shorts"", and ""coat""? A:","['motorcycle', 'socks', 'skirt', 'shorts', 'coat']",motorcycle,case
"Of the following words, choose the word least associated with the word ""fruit"" - ""strawberry"", ""sofa"", ""watermelon"", ""banana"", ""mango"": ","['sofa', 'strawberry', 'watermelon', 'banana', 'mango']",sofa,butter
"Of the following words, choose the word least associated with the word ""clothes"" - ""coat"", ""dress"", ""skirt"", ""sweater"", ""mango"": ","['mango', 'coat', 'dress', 'skirt', 'sweater']",mango,chaos
"Q: What is the word least related to the word ""vehicles"" from the words ""van"", ""motorcycle"", ""car"", ""shirt"", and ""truck""? A:","['shirt', 'van', 'motorcycle', 'car', 'truck']",shirt,they
"Q: Of the words ""pear"", ""peach"", ""melon"", ""mango"", and ""desk"", what is the word least associated with ""fruit""? A:","['desk', 'pear', 'peach', 'melon', 'mango']",desk,pilot
"Of the following words, choose the word least associated with the word ""animals"" - ""pig"", ""cow"", ""skirt"", ""mouse"", ""dog"": ","['skirt', 'pig', 'cow', 'mouse', 'dog']",skirt,whine
"Q: Of the words ""cat"", ""duck"", ""goat"", ""mouse"", and ""jeans"", what is the word least associated with ""animals""? A:","['jeans', 'cat', 'duck', 'goat', 'mouse']",jeans,thist
"Of the following words, choose the word least associated with the word ""animals"" - ""mouse"", ""pig"", ""chicken"", ""strawberry"", ""fish"": ","['strawberry', 'mouse', 'pig', 'chicken', 'fish']",strawberry,race
"Q: What is the word least related to the word ""clothes"" from the words ""mouse"", ""socks"", ""shirt"", ""pants"", and ""dress""? A:","['mouse', 'socks', 'shirt', 'pants', 'dress']",mouse,it
"Q: Of the words ""sofa"", ""couch"", ""armchair"", ""chair"", and ""fish"", what is the word least associated with ""furniture""? A:","['fish', 'sofa', 'couch', 'armchair', 'chair']",fish,theres
"Q: What is the word least related to the word ""vehicles"" from the words ""truck"", ""train"", ""coat"", ""tram"", and ""bus""? A:","['coat', 'truck', 'train', 'tram', 'bus']",coat,twitter
"Q: Of the words ""skirt"", ""banana"", ""jacket"", ""sweater"", and ""jeans"", what is the word least associated with ""clothes""? A:","['banana', 'skirt', 'jacket', 'sweater', 'jeans']",banana,cit
"Q: Of the words ""tram"", ""bus"", ""goat"", ""van"", and ""motorcycle"", what is the word least associated with ""vehicles""? A:","['goat', 'tram', 'bus', 'van', 'motorcycle']",goat,belt
"Q: What is the word least related to the word ""vehicles"" from the words ""train"", ""tram"", ""car"", ""rabbit"", and ""tractor""? A:","['rabbit', 'train', 'tram', 'car', 'tractor']",rabbit,theater
"Q: What is the word least related to the word ""vehicles"" from the words ""bookcase"", ""motorcycle"", ""tram"", ""truck"", and ""tractor""? A:","['bookcase', 'motorcycle', 'tram', 'truck', 'tractor']",bookcase,theatrep
"Q: Of the words ""watermelon"", ""mango"", ""pineapple"", ""coat"", and ""apple"", what is the word least associated with ""fruit""? A:","['coat', 'watermelon', 'mango', 'pineapple', 'apple']",coat,it
"Q: What is the word least related to the word ""fruit"" from the words ""dress"", ""pear"", ""apple"", ""melon"", and ""peach""? A:","['dress', 'pear', 'apple', 'melon', 'peach']",dress,pervers
"Q: Of the words ""car"", ""shorts"", ""jacket"", ""shirt"", and ""coat"", what is the word least associated with ""clothes""? A:","['car', 'shorts', 'jacket', 'shirt', 'coat']",car,cloud
"Q: Of the words ""goat"", ""duck"", ""cat"", ""fish"", and ""car"", what is the word least associated with ""animals""? A:","['car', 'goat', 'duck', 'cat', 'fish']",car,intellignones
"Of the following words, choose the word least associated with the word ""furniture"" - ""chair"", ""bookcase"", ""couch"", ""sofa"", ""pig"": ","['pig', 'chair', 'bookcase', 'couch', 'sofa']",pig,chaos
"Q: What is the word least related to the word ""fruit"" from the words ""pineapple"", ""pear"", ""peach"", ""dog"", and ""strawberry""? A:","['dog', 'pineapple', 'pear', 'peach', 'strawberry']",dog,this
"Q: What is the word least related to the word ""clothes"" from the words ""duck"", ""shirt"", ""coat"", ""sweater"", and ""jeans""? A:","['duck', 'shirt', 'coat', 'sweater', 'jeans']",duck,believ
"Q: Of the words ""goat"", ""melon"", ""strawberry"", ""pear"", and ""watermelon"", what is the word least associated with ""fruit""? A:","['goat', 'melon', 'strawberry', 'pear', 'watermelon']",goat,publication
"Q: Of the words ""armchair"", ""chair"", ""rabbit"", ""sofa"", and ""bed"", what is the word least associated with ""furniture""? A:","['rabbit', 'armchair', 'chair', 'sofa', 'bed']",rabbit,belleb
"Q: Of the words ""car"", ""truck"", ""shirt"", ""motorcycle"", and ""train"", what is the word least associated with ""vehicles""? A:","['shirt', 'car', 'truck', 'motorcycle', 'train']",shirt,theaty
"Q: Of the words ""shirt"", ""motorcycle"", ""van"", ""truck"", and ""tractor"", what is the word least associated with ""vehicles""? A:","['shirt', 'motorcycle', 'van', 'truck', 'tractor']",shirt,it
"Q: Of the words ""dog"", ""pig"", ""tram"", ""goat"", and ""rabbit"", what is the word least associated with ""animals""? A:","['tram', 'dog', 'pig', 'goat', 'rabbit']",tram,whitefied
"Q: Of the words ""melon"", ""pear"", ""pineapple"", ""mango"", and ""armchair"", what is the word least associated with ""fruit""? A:","['armchair', 'melon', 'pear', 'pineapple', 'mango']",armchair,perform
"Of the following words, choose the word least associated with the word ""furniture"" - ""table"", ""bookcase"", ""skirt"", ""desk"", ""sofa"": ","['skirt', 'table', 'bookcase', 'desk', 'sofa']",skirt,therality
"Q: Of the words ""skirt"", ""mouse"", ""cat"", ""goat"", and ""chicken"", what is the word least associated with ""animals""? A:","['skirt', 'mouse', 'cat', 'goat', 'chicken']",skirt,thitech
"Of the following words, choose the word least associated with the word ""clothes"" - ""dress"", ""bookcase"", ""pants"", ""shorts"", ""shirt"": ","['bookcase', 'dress', 'pants', 'shorts', 'shirt']",bookcase,ranch
"Q: What is the word least related to the word ""animals"" from the words ""fish"", ""goat"", ""car"", ""cow"", and ""rabbit""? A:","['car', 'fish', 'goat', 'cow', 'rabbit']",car,theater
"Q: What is the word least related to the word ""vehicles"" from the words ""table"", ""car"", ""train"", ""motorcycle"", and ""tram""? A:","['table', 'car', 'train', 'motorcycle', 'tram']",table,this
"Q: What is the word least related to the word ""furniture"" from the words ""truck"", ""desk"", ""couch"", ""bed"", and ""table""? A:","['truck', 'desk', 'couch', 'bed', 'table']",truck,belt
"Q: What is the word least related to the word ""fruit"" from the words ""pear"", ""mango"", ""apple"", ""cow"", and ""pineapple""? A:","['cow', 'pear', 'mango', 'apple', 'pineapple']",cow,ip
"Q: What is the word least related to the word ""vehicles"" from the words ""truck"", ""train"", ""motorcycle"", ""jeans"", and ""tractor""? A:","['jeans', 'truck', 'train', 'motorcycle', 'tractor']",jeans,theater
"Of the following words, choose the word least associated with the word ""fruit"" - ""bus"", ""pineapple"", ""strawberry"", ""banana"", ""lemon"": ","['bus', 'pineapple', 'strawberry', 'banana', 'lemon']",bus,builly
"Q: Of the words ""bed"", ""desk"", ""sofa"", ""armchair"", and ""van"", what is the word least associated with ""furniture""? A:","['van', 'bed', 'desk', 'sofa', 'armchair']",van,dead
"Q: Of the words ""desk"", ""sofa"", ""couch"", ""bed"", and ""shirt"", what is the word least associated with ""furniture""? A:","['shirt', 'desk', 'sofa', 'couch', 'bed']",shirt,theater
"Q: What is the word least related to the word ""vehicles"" from the words ""motorcycle"", ""bus"", ""tram"", ""tractor"", and ""skirt""? A:","['skirt', 'motorcycle', 'bus', 'tram', 'tractor']",skirt,theatrep
"Of the following words, choose the word least associated with the word ""furniture"" - ""bed"", ""armchair"", ""couch"", ""chair"", ""lemon"": ","['lemon', 'bed', 'armchair', 'couch', 'chair']",lemon,liftour
"Q: What is the word least related to the word ""vehicles"" from the words ""skirt"", ""train"", ""van"", ""motorcycle"", and ""car""? A:","['skirt', 'train', 'van', 'motorcycle', 'car']",skirt,they
"Of the following words, choose the word least associated with the word ""vehicles"" - ""van"", ""car"", ""bus"", ""pear"", ""train"": ","['pear', 'van', 'car', 'bus', 'train']",pear,theater
"Q: Of the words ""watermelon"", ""couch"", ""mango"", ""pear"", and ""banana"", what is the word least associated with ""fruit""? A:","['couch', 'watermelon', 'mango', 'pear', 'banana']",couch,coustol
"Of the following words, choose the word least associated with the word ""clothes"" - ""sweater"", ""skirt"", ""pineapple"", ""socks"", ""shirt"": ","['pineapple', 'sweater', 'skirt', 'socks', 'shirt']",pineapple,chaos
"Of the following words, choose the word least associated with the word ""animals"" - ""duck"", ""bed"", ""chicken"", ""cat"", ""mouse"": ","['bed', 'duck', 'chicken', 'cat', 'mouse']",bed,chipilay
"Q: Of the words ""desk"", ""shirt"", ""skirt"", ""pants"", and ""shorts"", what is the word least associated with ""clothes""? A:","['desk', 'shirt', 'skirt', 'pants', 'shorts']",desk,play
"Of the following words, choose the word least associated with the word ""clothes"" - ""sweater"", ""strawberry"", ""socks"", ""shorts"", ""jacket"": ","['strawberry', 'sweater', 'socks', 'shorts', 'jacket']",strawberry,worthout
"Of the following words, choose the word least associated with the word ""vehicles"" - ""jacket"", ""tram"", ""car"", ""tractor"", ""bus"": ","['jacket', 'tram', 'car', 'tractor', 'bus']",jacket,cafUNK
"Q: What is the word least related to the word ""vehicles"" from the words ""tractor"", ""train"", ""watermelon"", ""truck"", and ""tram""? A:","['watermelon', 'tractor', 'train', 'truck', 'tram']",watermelon,this
"Of the following words, choose the word least associated with the word ""furniture"" - ""chair"", ""armchair"", ""sofa"", ""truck"", ""bookcase"": ","['truck', 'chair', 'armchair', 'sofa', 'bookcase']",truck,beah
"Q: What is the word least related to the word ""furniture"" from the words ""sofa"", ""chair"", ""table"", ""couch"", and ""watermelon""? A:","['watermelon', 'sofa', 'chair', 'table', 'couch']",watermelon,whiched
"Q: What is the word least related to the word ""vehicles"" from the words ""tractor"", ""train"", ""truck"", ""bus"", and ""table""? A:","['table', 'tractor', 'train', 'truck', 'bus']",table,buile
"Q: Of the words ""banana"", ""sweater"", ""pear"", ""melon"", and ""pineapple"", what is the word least associated with ""fruit""? A:","['sweater', 'banana', 'pear', 'melon', 'pineapple']",sweater,it
"Q: What is the word least related to the word ""animals"" from the words ""pig"", ""goat"", ""fish"", ""jacket"", and ""duck""? A:","['jacket', 'pig', 'goat', 'fish', 'duck']",jacket,interview
"Q: Of the words ""pig"", ""shorts"", ""fish"", ""rabbit"", and ""cow"", what is the word least associated with ""animals""? A:","['shorts', 'pig', 'fish', 'rabbit', 'cow']",shorts,interviewing
"Q: Of the words ""bookcase"", ""couch"", ""bus"", ""chair"", and ""sofa"", what is the word least associated with ""furniture""? A:","['bus', 'bookcase', 'couch', 'chair', 'sofa']",bus,completition
"Q: Of the words ""table"", ""sofa"", ""armchair"", ""train"", and ""couch"", what is the word least associated with ""furniture""? A:","['train', 'table', 'sofa', 'armchair', 'couch']",train,theatries
"Q: What is the word least related to the word ""animals"" from the words ""duck"", ""dog"", ""goat"", ""fish"", and ""apple""? A:","['apple', 'duck', 'dog', 'goat', 'fish']",apple,theater
"Q: Of the words ""sweater"", ""coat"", ""tram"", ""skirt"", and ""pants"", what is the word least associated with ""clothes""? A:","['tram', 'sweater', 'coat', 'skirt', 'pants']",tram,plattform
"Q: Of the words ""bed"", ""table"", ""jacket"", ""couch"", and ""sofa"", what is the word least associated with ""furniture""? A:","['jacket', 'bed', 'table', 'couch', 'sofa']",jacket,beauty
"Q: Of the words ""car"", ""dog"", ""van"", ""motorcycle"", and ""tram"", what is the word least associated with ""vehicles""? A:","['dog', 'car', 'van', 'motorcycle', 'tram']",dog,clote
"Q: What is the word least related to the word ""furniture"" from the words ""bookcase"", ""banana"", ""table"", ""bed"", and ""desk""? A:","['banana', 'bookcase', 'table', 'bed', 'desk']",banana,bull
"Q: What is the word least related to the word ""furniture"" from the words ""bookcase"", ""sofa"", ""bed"", ""pig"", and ""couch""? A:","['pig', 'bookcase', 'sofa', 'bed', 'couch']",pig,perform
"Q: Of the words ""skirt"", ""coat"", ""socks"", ""pants"", and ""chair"", what is the word least associated with ""clothes""? A:","['chair', 'skirt', 'coat', 'socks', 'pants']",chair,chili
"Q: Of the words ""dress"", ""jacket"", ""shorts"", ""apple"", and ""pants"", what is the word least associated with ""clothes""? A:","['apple', 'dress', 'jacket', 'shorts', 'pants']",apple,thriller
"Q: Of the words ""melon"", ""train"", ""apple"", ""banana"", and ""peach"", what is the word least associated with ""fruit""? A:","['train', 'melon', 'apple', 'banana', 'peach']",train,theater
"Of the following words, choose the word least associated with the word ""animals"" - ""chicken"", ""pig"", ""dog"", ""duck"", ""mango"": ","['mango', 'chicken', 'pig', 'dog', 'duck']",mango,index
"Q: Of the words ""train"", ""motorcycle"", ""tram"", ""armchair"", and ""car"", what is the word least associated with ""vehicles""? A:","['armchair', 'train', 'motorcycle', 'tram', 'car']",armchair,thinke
"Of the following words, choose the word least associated with the word ""vehicles"" - ""train"", ""tractor"", ""car"", ""bus"", ""melon"": ","['melon', 'train', 'tractor', 'car', 'bus']",melon,theaterevient
"Of the following words, choose the word least associated with the word ""vehicles"" - ""tractor"", ""pants"", ""bus"", ""tram"", ""train"": ","['pants', 'tractor', 'bus', 'tram', 'train']",pants,theatrets
"Q: Of the words ""banana"", ""melon"", ""pineapple"", ""pants"", and ""mango"", what is the word least associated with ""fruit""? A:","['pants', 'banana', 'melon', 'pineapple', 'mango']",pants,ping
"Of the following words, choose the word least associated with the word ""animals"" - ""dog"", ""fish"", ""cat"", ""socks"", ""mouse"": ","['socks', 'dog', 'fish', 'cat', 'mouse']",socks,ing
"Of the following words, choose the word least associated with the word ""animals"" - ""cow"", ""chair"", ""cat"", ""goat"", ""dog"": ","['chair', 'cow', 'cat', 'goat', 'dog']",chair,ing
"Of the following words, choose the word least associated with the word ""animals"" - ""dog"", ""goat"", ""mouse"", ""table"", ""cat"": ","['table', 'dog', 'goat', 'mouse', 'cat']",table,theraostcom
"Of the following words, choose the word least associated with the word ""fruit"" - ""peach"", ""rabbit"", ""watermelon"", ""strawberry"", ""mango"": ","['rabbit', 'peach', 'watermelon', 'strawberry', 'mango']",rabbit,place
"Q: What is the word least related to the word ""animals"" from the words ""mouse"", ""fish"", ""bus"", ""cat"", and ""cow""? A:","['bus', 'mouse', 'fish', 'cat', 'cow']",bus,cloud
"Q: What is the word least related to the word ""animals"" from the words ""watermelon"", ""dog"", ""chicken"", ""goat"", and ""mouse""? A:","['watermelon', 'dog', 'chicken', 'goat', 'mouse']",watermelon,white
"Of the following words, choose the word least associated with the word ""furniture"" - ""armchair"", ""sofa"", ""chair"", ""bookcase"", ""van"": ","['van', 'armchair', 'sofa', 'chair', 'bookcase']",van,casting
"Q: Of the words ""chair"", ""sofa"", ""bookcase"", ""sweater"", and ""desk"", what is the word least associated with ""furniture""? A:","['sweater', 'chair', 'sofa', 'bookcase', 'desk']",sweater,believe
"Q: What is the word least related to the word ""vehicles"" from the words ""car"", ""bookcase"", ""tractor"", ""train"", and ""motorcycle""? A:","['bookcase', 'car', 'tractor', 'train', 'motorcycle']",bookcase,theatrooper
"Of the following words, choose the word least associated with the word ""clothes"" - ""goat"", ""shorts"", ""dress"", ""jacket"", ""pants"": ","['goat', 'shorts', 'dress', 'jacket', 'pants']",goat,chip
"Of the following words, choose the word least associated with the word ""vehicles"" - ""train"", ""motorcycle"", ""tram"", ""peach"", ""car"": ","['peach', 'train', 'motorcycle', 'tram', 'car']",peach,there
"Of the following words, choose the word least associated with the word ""vehicles"" - ""train"", ""motorcycle"", ""tram"", ""cow"", ""van"": ","['cow', 'train', 'motorcycle', 'tram', 'van']",cow,the girl
"Of the following words, choose the word least associated with the word ""animals"" - ""pig"", ""goat"", ""tractor"", ""fish"", ""dog"": ","['tractor', 'pig', 'goat', 'fish', 'dog']",tractor,therest
"Of the following words, choose the word least associated with the word ""clothes"" - ""socks"", ""bed"", ""jacket"", ""sweater"", ""pants"": ","['bed', 'socks', 'jacket', 'sweater', 'pants']",bed,theater
"Q: Of the words ""pig"", ""goat"", ""fish"", ""jacket"", and ""duck"", what is the word least associated with ""animals""? A:","['jacket', 'pig', 'goat', 'fish', 'duck']",jacket,this
"Of the following words, choose the word least associated with the word ""furniture"" - ""bed"", ""desk"", ""sofa"", ""armchair"", ""van"": ","['van', 'bed', 'desk', 'sofa', 'armchair']",van,theater
"Q: Of the words ""bus"", ""desk"", ""sofa"", ""couch"", and ""table"", what is the word least associated with ""furniture""? A:","['bus', 'desk', 'sofa', 'couch', 'table']",bus,thilo
"Q: What is the word least related to the word ""furniture"" from the words ""sofa"", ""chair"", ""coat"", ""bed"", and ""armchair""? A:","['coat', 'sofa', 'chair', 'bed', 'armchair']",coat,theater
"Of the following words, choose the word least associated with the word ""clothes"" - ""car"", ""jacket"", ""coat"", ""sweater"", ""jeans"": ","['car', 'jacket', 'coat', 'sweater', 'jeans']",car,chilidos
"Of the following words, choose the word least associated with the word ""fruit"" - ""pear"", ""melon"", ""pineapple"", ""van"", ""peach"": ","['van', 'pear', 'melon', 'pineapple', 'peach']",van,play
"Q: What is the word least related to the word ""furniture"" from the words ""bookcase"", ""sofa"", ""bed"", ""tractor"", and ""chair""? A:","['tractor', 'bookcase', 'sofa', 'bed', 'chair']",tractor,chance
"Q: Of the words ""shorts"", ""mouse"", ""shirt"", ""skirt"", and ""sweater"", what is the word least associated with ""clothes""? A:","['mouse', 'shorts', 'shirt', 'skirt', 'sweater']",mouse,coud
"Q: Of the words ""pear"", ""mango"", ""lemon"", ""bus"", and ""apple"", what is the word least associated with ""fruit""? A:","['bus', 'pear', 'mango', 'lemon', 'apple']",bus,whit
"Of the following words, choose the word least associated with the word ""clothes"" - ""bed"", ""dress"", ""pants"", ""skirt"", ""socks"": ","['bed', 'dress', 'pants', 'skirt', 'socks']",bed,controlling
"Q: Of the words ""train"", ""duck"", ""rabbit"", ""dog"", and ""cat"", what is the word least associated with ""animals""? A:","['train', 'duck', 'rabbit', 'dog', 'cat']",train,this
"Of the following words, choose the word least associated with the word ""vehicles"" - ""truck"", ""train"", ""motorcycle"", ""van"", ""shirt"": ","['shirt', 'truck', 'train', 'motorcycle', 'van']",shirt,rand
"Q: What is the word least related to the word ""animals"" from the words ""fish"", ""dog"", ""coat"", ""pig"", and ""chicken""? A:","['coat', 'fish', 'dog', 'pig', 'chicken']",coat,change
"Q: Of the words ""pineapple"", ""pear"", ""apple"", ""jeans"", and ""watermelon"", what is the word least associated with ""fruit""? A:","['jeans', 'pineapple', 'pear', 'apple', 'watermelon']",jeans,it
"Q: Of the words ""sofa"", ""table"", ""bus"", ""bookcase"", and ""bed"", what is the word least associated with ""furniture""? A:","['bus', 'sofa', 'table', 'bookcase', 'bed']",bus,theater
"Of the following words, choose the word least associated with the word ""fruit"" - ""table"", ""pear"", ""apple"", ""watermelon"", ""mango"": ","['table', 'pear', 'apple', 'watermelon', 'mango']",table,the
"Q: Of the words ""pants"", ""coat"", ""apple"", ""jeans"", and ""jacket"", what is the word least associated with ""clothes""? A:","['apple', 'pants', 'coat', 'jeans', 'jacket']",apple,thick
"Q: What is the word least related to the word ""furniture"" from the words ""sofa"", ""desk"", ""chair"", ""jacket"", and ""bed""? A:","['jacket', 'sofa', 'desk', 'chair', 'bed']",jacket,belmink
"Of the following words, choose the word least associated with the word ""furniture"" - ""table"", ""bed"", ""bookcase"", ""desk"", ""lemon"": ","['lemon', 'table', 'bed', 'bookcase', 'desk']",lemon,theater
"Q: What is the word least related to the word ""clothes"" from the words ""jacket"", ""tram"", ""pants"", ""shirt"", and ""socks""? A:","['tram', 'jacket', 'pants', 'shirt', 'socks']",tram,its
"Of the following words, choose the word least associated with the word ""fruit"" - ""pineapple"", ""watermelon"", ""pear"", ""rabbit"", ""mango"": ","['rabbit', 'pineapple', 'watermelon', 'pear', 'mango']",rabbit,pleating
"Q: Of the words ""chair"", ""table"", ""pants"", ""desk"", and ""armchair"", what is the word least associated with ""furniture""? A:","['pants', 'chair', 'table', 'desk', 'armchair']",pants,thriller
"Of the following words, choose the word least associated with the word ""fruit"" - ""mango"", ""melon"", ""lemon"", ""skirt"", ""banana"": ","['skirt', 'mango', 'melon', 'lemon', 'banana']",skirt,theater
"Q: Of the words ""car"", ""banana"", ""mango"", ""peach"", and ""melon"", what is the word least associated with ""fruit""? A:","['car', 'banana', 'mango', 'peach', 'melon']",car,materid
"Q: Of the words ""motorcycle"", ""bed"", ""truck"", ""tram"", and ""train"", what is the word least associated with ""vehicles""? A:","['bed', 'motorcycle', 'truck', 'tram', 'train']",bed,theatry
"Q: What is the word least related to the word ""clothes"" from the words ""dress"", ""bed"", ""coat"", ""sweater"", and ""pants""? A:","['bed', 'dress', 'coat', 'sweater', 'pants']",bed,ip
"Q: Of the words ""mouse"", ""fish"", ""pig"", ""cow"", and ""bed"", what is the word least associated with ""animals""? A:","['bed', 'mouse', 'fish', 'pig', 'cow']",bed,it
"Of the following words, choose the word least associated with the word ""furniture"" - ""chair"", ""bed"", ""bookcase"", ""pear"", ""table"": ","['pear', 'chair', 'bed', 'bookcase', 'table']",pear,theater
"Q: Of the words ""shirt"", ""sweater"", ""skirt"", ""bus"", and ""jacket"", what is the word least associated with ""clothes""? A:","['bus', 'shirt', 'sweater', 'skirt', 'jacket']",bus,burg
"Q: Of the words ""strawberry"", ""train"", ""apple"", ""peach"", and ""melon"", what is the word least associated with ""fruit""? A:","['train', 'strawberry', 'apple', 'peach', 'melon']",train,thrill
"Q: What is the word least related to the word ""furniture"" from the words ""bookcase"", ""desk"", ""chair"", ""sofa"", and ""melon""? A:","['melon', 'bookcase', 'desk', 'chair', 'sofa']",melon,believe
"Q: What is the word least related to the word ""vehicles"" from the words ""jeans"", ""bus"", ""tractor"", ""tram"", and ""motorcycle""? A:","['jeans', 'bus', 'tractor', 'tram', 'motorcycle']",jeans,butter
"Q: Of the words ""sofa"", ""chair"", ""shorts"", ""couch"", and ""armchair"", what is the word least associated with ""furniture""? A:","['shorts', 'sofa', 'chair', 'couch', 'armchair']",shorts,theater
"Q: Of the words ""bookcase"", ""table"", ""chair"", ""armchair"", and ""goat"", what is the word least associated with ""furniture""? A:","['goat', 'bookcase', 'table', 'chair', 'armchair']",goat,theater
"Q: What is the word least related to the word ""clothes"" from the words ""jacket"", ""socks"", ""shorts"", ""coat"", and ""van""? A:","['van', 'jacket', 'socks', 'shorts', 'coat']",van,liter
"Q: Of the words ""banana"", ""jeans"", ""pear"", ""lemon"", and ""pineapple"", what is the word least associated with ""fruit""? A:","['jeans', 'banana', 'pear', 'lemon', 'pineapple']",jeans,bel
"Q: Of the words ""apple"", ""mango"", ""melon"", ""pear"", and ""skirt"", what is the word least associated with ""fruit""? A:","['skirt', 'apple', 'mango', 'melon', 'pear']",skirt,place
"Q: What is the word least related to the word ""clothes"" from the words ""watermelon"", ""sweater"", ""shirt"", ""coat"", and ""pants""? A:","['watermelon', 'sweater', 'shirt', 'coat', 'pants']",watermelon,onkel
"Of the following words, choose the word least associated with the word ""vehicles"" - ""train"", ""mouse"", ""motorcycle"", ""van"", ""tractor"": ","['mouse', 'train', 'motorcycle', 'van', 'tractor']",mouse,monitorder
"Of the following words, choose the word least associated with the word ""animals"" - ""coat"", ""cat"", ""goat"", ""cow"", ""dog"": ","['coat', 'cat', 'goat', 'cow', 'dog']",coat,coup
"Q: What is the word least related to the word ""animals"" from the words ""bus"", ""mouse"", ""goat"", ""cow"", and ""cat""? A:","['bus', 'mouse', 'goat', 'cow', 'cat']",bus,the
"Of the following words, choose the word least associated with the word ""fruit"" - ""bed"", ""watermelon"", ""pear"", ""peach"", ""mango"": ","['bed', 'watermelon', 'pear', 'peach', 'mango']",bed,playgraphy
"Of the following words, choose the word least associated with the word ""animals"" - ""pig"", ""cow"", ""mouse"", ""duck"", ""table"": ","['table', 'pig', 'cow', 'mouse', 'duck']",table,theraosting
"Q: What is the word least related to the word ""vehicles"" from the words ""rabbit"", ""car"", ""tram"", ""tractor"", and ""van""? A:","['rabbit', 'car', 'tram', 'tractor', 'van']",rabbit,thirts
"Q: What is the word least related to the word ""clothes"" from the words ""sweater"", ""shirt"", ""coat"", ""tractor"", and ""pants""? A:","['tractor', 'sweater', 'shirt', 'coat', 'pants']",tractor,play
"Of the following words, choose the word least associated with the word ""animals"" - ""mango"", ""cat"", ""fish"", ""pig"", ""duck"": ","['mango', 'cat', 'fish', 'pig', 'duck']",mango,theater
"Q: Of the words ""bookcase"", ""table"", ""rabbit"", ""couch"", and ""desk"", what is the word least associated with ""furniture""? A:","['rabbit', 'bookcase', 'table', 'couch', 'desk']",rabbit,theraperinton
"Of the following words, choose the word least associated with the word ""vehicles"" - ""bookcase"", ""tram"", ""tractor"", ""motorcycle"", ""bus"": ","['bookcase', 'tram', 'tractor', 'motorcycle', 'bus']",bookcase,burger
"Q: What is the word least related to the word ""fruit"" from the words ""apple"", ""peach"", ""tram"", ""melon"", and ""lemon""? A:","['tram', 'apple', 'peach', 'melon', 'lemon']",tram,place
"Of the following words, choose the word least associated with the word ""vehicles"" - ""car"", ""truck"", ""motorcycle"", ""bus"", ""rabbit"": ","['rabbit', 'car', 'truck', 'motorcycle', 'bus']",rabbit,liter
"Q: What is the word least related to the word ""furniture"" from the words ""banana"", ""couch"", ""armchair"", ""bookcase"", and ""bed""? A:","['banana', 'couch', 'armchair', 'bookcase', 'bed']",banana,blaming
"Q: What is the word least related to the word ""clothes"" from the words ""coat"", ""duck"", ""jeans"", ""socks"", and ""dress""? A:","['duck', 'coat', 'jeans', 'socks', 'dress']",duck,it
"Of the following words, choose the word least associated with the word ""clothes"" - ""chicken"", ""jacket"", ""jeans"", ""shirt"", ""shorts"": ","['chicken', 'jacket', 'jeans', 'shirt', 'shorts']",chicken,chiffrendio
"Q: What is the word least related to the word ""animals"" from the words ""chicken"", ""fish"", ""cow"", ""goat"", and ""pear""? A:","['pear', 'chicken', 'fish', 'cow', 'goat']",pear,officery
"Q: Of the words ""socks"", ""sweater"", ""shorts"", ""bookcase"", and ""coat"", what is the word least associated with ""clothes""? A:","['bookcase', 'socks', 'sweater', 'shorts', 'coat']",bookcase,comega
"Of the following words, choose the word least associated with the word ""vehicles"" - ""pineapple"", ""car"", ""tractor"", ""train"", ""bus"": ","['pineapple', 'car', 'tractor', 'train', 'bus']",pineapple,platten
"Q: Of the words ""skirt"", ""jeans"", ""pants"", ""shirt"", and ""table"", what is the word least associated with ""clothes""? A:","['table', 'skirt', 'jeans', 'pants', 'shirt']",table,clip
"Q: What is the word least related to the word ""fruit"" from the words ""strawberry"", ""mango"", ""jacket"", ""pineapple"", and ""banana""? A:","['jacket', 'strawberry', 'mango', 'pineapple', 'banana']",jacket,ballit
"Q: Of the words ""shorts"", ""socks"", ""bus"", ""jacket"", and ""shirt"", what is the word least associated with ""clothes""? A:","['bus', 'shorts', 'socks', 'jacket', 'shirt']",bus,change
"Of the following words, choose the word least associated with the word ""vehicles"" - ""tractor"", ""cow"", ""van"", ""train"", ""bus"": ","['cow', 'tractor', 'van', 'train', 'bus']",cow,chaos
"Of the following words, choose the word least associated with the word ""furniture"" - ""coat"", ""bed"", ""table"", ""chair"", ""armchair"": ","['coat', 'bed', 'table', 'chair', 'armchair']",coat,theater
"Q: Of the words ""truck"", ""van"", ""motorcycle"", ""armchair"", and ""tractor"", what is the word least associated with ""vehicles""? A:","['armchair', 'truck', 'van', 'motorcycle', 'tractor']",armchair,witherineante
"Q: What is the word least related to the word ""fruit"" from the words ""banana"", ""jeans"", ""pear"", ""lemon"", and ""pineapple""? A:","['jeans', 'banana', 'pear', 'lemon', 'pineapple']",jeans,believe
"Of the following words, choose the word least associated with the word ""vehicles"" - ""motorcycle"", ""tractor"", ""coat"", ""tram"", ""car"": ","['coat', 'motorcycle', 'tractor', 'tram', 'car']",coat,change
"Q: Of the words ""coat"", ""jacket"", ""fish"", ""skirt"", and ""socks"", what is the word least associated with ""clothes""? A:","['fish', 'coat', 'jacket', 'skirt', 'socks']",fish,chiping
"Q: What is the word least related to the word ""fruit"" from the words ""watermelon"", ""cat"", ""pineapple"", ""strawberry"", and ""mango""? A:","['cat', 'watermelon', 'pineapple', 'strawberry', 'mango']",cat,worth
"Q: Of the words ""truck"", ""desk"", ""couch"", ""bed"", and ""table"", what is the word least associated with ""furniture""? A:","['truck', 'desk', 'couch', 'bed', 'table']",truck,theater
"Of the following words, choose the word least associated with the word ""clothes"" - ""jeans"", ""coat"", ""sweater"", ""cat"", ""skirt"": ","['cat', 'jeans', 'coat', 'sweater', 'skirt']",cat,cafUNK
"Q: Of the words ""van"", ""tractor"", ""truck"", ""bus"", and ""jacket"", what is the word least associated with ""vehicles""? A:","['jacket', 'van', 'tractor', 'truck', 'bus']",jacket,button
"Q: Of the words ""mouse"", ""rabbit"", ""desk"", ""cat"", and ""duck"", what is the word least associated with ""animals""? A:","['desk', 'mouse', 'rabbit', 'cat', 'duck']",desk,theatrible
"Q: Of the words ""chicken"", ""train"", ""bus"", ""tractor"", and ""truck"", what is the word least associated with ""vehicles""? A:","['chicken', 'train', 'bus', 'tractor', 'truck']",chicken,but
"Q: Of the words ""bus"", ""coat"", ""pants"", ""socks"", and ""shirt"", what is the word least associated with ""clothes""? A:","['bus', 'coat', 'pants', 'socks', 'shirt']",bus,comed
"Of the following words, choose the word least associated with the word ""animals"" - ""bookcase"", ""duck"", ""dog"", ""cat"", ""chicken"": ","['bookcase', 'duck', 'dog', 'cat', 'chicken']",bookcase,thriller
"Of the following words, choose the word least associated with the word ""clothes"" - ""jeans"", ""shorts"", ""socks"", ""table"", ""skirt"": ","['table', 'jeans', 'shorts', 'socks', 'skirt']",table,the
"Of the following words, choose the word least associated with the word ""clothes"" - ""socks"", ""skirt"", ""jeans"", ""shirt"", ""desk"": ","['desk', 'socks', 'skirt', 'jeans', 'shirt']",desk,chaont
"Q: Of the words ""motorcycle"", ""van"", ""tram"", ""tractor"", and ""rabbit"", what is the word least associated with ""vehicles""? A:","['rabbit', 'motorcycle', 'van', 'tram', 'tractor']",rabbit,the
"Q: Of the words ""table"", ""fish"", ""bookcase"", ""desk"", and ""armchair"", what is the word least associated with ""furniture""? A:","['fish', 'table', 'bookcase', 'desk', 'armchair']",fish,beyong
"Q: What is the word least related to the word ""vehicles"" from the words ""truck"", ""motorcycle"", ""car"", ""armchair"", and ""van""? A:","['armchair', 'truck', 'motorcycle', 'car', 'van']",armchair,theraplay
"Q: What is the word least related to the word ""vehicles"" from the words ""melon"", ""truck"", ""car"", ""tractor"", and ""train""? A:","['melon', 'truck', 'car', 'tractor', 'train']",melon,theater
"Q: Of the words ""melon"", ""pear"", ""pineapple"", ""strawberry"", and ""jeans"", what is the word least associated with ""fruit""? A:","['jeans', 'melon', 'pear', 'pineapple', 'strawberry']",jeans,it
"Q: What is the word least related to the word ""animals"" from the words ""train"", ""cat"", ""cow"", ""rabbit"", and ""duck""? A:","['train', 'cat', 'cow', 'rabbit', 'duck']",train,thistrie
"Of the following words, choose the word least associated with the word ""furniture"" - ""table"", ""fish"", ""bookcase"", ""desk"", ""armchair"": ","['fish', 'table', 'bookcase', 'desk', 'armchair']",fish,beas
"Q: Of the words ""peach"", ""strawberry"", ""mango"", ""dog"", and ""pear"", what is the word least associated with ""fruit""? A:","['dog', 'peach', 'strawberry', 'mango', 'pear']",dog,ring
"Q: Of the words ""tractor"", ""truck"", ""car"", ""shirt"", and ""tram"", what is the word least associated with ""vehicles""? A:","['shirt', 'tractor', 'truck', 'car', 'tram']",shirt,chef
"Of the following words, choose the word least associated with the word ""clothes"" - ""skirt"", ""jeans"", ""pants"", ""shirt"", ""table"": ","['table', 'skirt', 'jeans', 'pants', 'shirt']",table,theater
"Q: What is the word least related to the word ""animals"" from the words ""rabbit"", ""cow"", ""chair"", ""goat"", and ""dog""? A:","['chair', 'rabbit', 'cow', 'goat', 'dog']",chair,which
"Of the following words, choose the word least associated with the word ""clothes"" - ""skirt"", ""banana"", ""jacket"", ""sweater"", ""jeans"": ","['banana', 'skirt', 'jacket', 'sweater', 'jeans']",banana,chiligum
"Q: Of the words ""mango"", ""banana"", ""strawberry"", ""pants"", and ""pineapple"", what is the word least associated with ""fruit""? A:","['pants', 'mango', 'banana', 'strawberry', 'pineapple']",pants,ping
"Q: Of the words ""bookcase"", ""chair"", ""jeans"", ""table"", and ""bed"", what is the word least associated with ""furniture""? A:","['jeans', 'bookcase', 'chair', 'table', 'bed']",jeans,come
"Q: Of the words ""peach"", ""socks"", ""pants"", ""coat"", and ""shirt"", what is the word least associated with ""clothes""? A:","['peach', 'socks', 'pants', 'coat', 'shirt']",peach,place
"Q: What is the word least related to the word ""vehicles"" from the words ""train"", ""tractor"", ""car"", ""bus"", and ""melon""? A:","['melon', 'train', 'tractor', 'car', 'bus']",melon,building
"Q: Of the words ""couch"", ""table"", ""bookcase"", ""sofa"", and ""lemon"", what is the word least associated with ""furniture""? A:","['lemon', 'couch', 'table', 'bookcase', 'sofa']",lemon,theater
"Q: Of the words ""tractor"", ""bus"", ""van"", ""tram"", and ""apple"", what is the word least associated with ""vehicles""? A:","['apple', 'tractor', 'bus', 'van', 'tram']",apple,it
"Q: Of the words ""fish"", ""pear"", ""chicken"", ""rabbit"", and ""duck"", what is the word least associated with ""animals""? A:","['pear', 'fish', 'chicken', 'rabbit', 'duck']",pear,diskete
"Of the following words, choose the word least associated with the word ""fruit"" - ""banana"", ""peach"", ""melon"", ""cow"", ""strawberry"": ","['cow', 'banana', 'peach', 'melon', 'strawberry']",cow,theatre
"Of the following words, choose the word least associated with the word ""fruit"" - ""pineapple"", ""pear"", ""watermelon"", ""lemon"", ""desk"": ","['desk', 'pineapple', 'pear', 'watermelon', 'lemon']",desk,play
"Q: Of the words ""duck"", ""shirt"", ""shorts"", ""pants"", and ""skirt"", what is the word least associated with ""clothes""? A:","['duck', 'shirt', 'shorts', 'pants', 'skirt']",duck,plastic
"Q: What is the word least related to the word ""vehicles"" from the words ""pineapple"", ""tram"", ""van"", ""tractor"", and ""car""? A:","['pineapple', 'tram', 'van', 'tractor', 'car']",pineapple,the
"Of the following words, choose the word least associated with the word ""clothes"" - ""socks"", ""motorcycle"", ""skirt"", ""shorts"", ""coat"": ","['motorcycle', 'socks', 'skirt', 'shorts', 'coat']",motorcycle,chip
"Q: What is the word least related to the word ""furniture"" from the words ""couch"", ""duck"", ""armchair"", ""bookcase"", and ""sofa""? A:","['duck', 'couch', 'armchair', 'bookcase', 'sofa']",duck,bright
"Q: Of the words ""train"", ""pineapple"", ""lemon"", ""melon"", and ""mango"", what is the word least associated with ""fruit""? A:","['train', 'pineapple', 'lemon', 'melon', 'mango']",train,matericad
"Q: What is the word least related to the word ""fruit"" from the words ""armchair"", ""strawberry"", ""banana"", ""watermelon"", and ""pineapple""? A:","['armchair', 'strawberry', 'banana', 'watermelon', 'pineapple']",armchair,pisspin
"Of the following words, choose the word least associated with the word ""animals"" - ""cat"", ""chicken"", ""goat"", ""tractor"", ""fish"": ","['tractor', 'cat', 'chicken', 'goat', 'fish']",tractor,net
"Of the following words, choose the word least associated with the word ""furniture"" - ""tram"", ""desk"", ""couch"", ""chair"", ""armchair"": ","['tram', 'desk', 'couch', 'chair', 'armchair']",tram,theatrright
"Of the following words, choose the word least associated with the word ""vehicles"" - ""pineapple"", ""tram"", ""van"", ""tractor"", ""car"": ","['pineapple', 'tram', 'van', 'tractor', 'car']",pineapple,theatron
"Q: What is the word least related to the word ""clothes"" from the words ""pants"", ""van"", ""socks"", ""dress"", and ""shorts""? A:","['van', 'pants', 'socks', 'dress', 'shorts']",van,its
"Q: What is the word least related to the word ""vehicles"" from the words ""motorcycle"", ""tractor"", ""coat"", ""tram"", and ""car""? A:","['coat', 'motorcycle', 'tractor', 'tram', 'car']",coat,the
"Q: Of the words ""coat"", ""jacket"", ""table"", ""jeans"", and ""socks"", what is the word least associated with ""clothes""? A:","['table', 'coat', 'jacket', 'jeans', 'socks']",table,clique
"Of the following words, choose the word least associated with the word ""vehicles"" - ""car"", ""dog"", ""van"", ""motorcycle"", ""tram"": ","['dog', 'car', 'van', 'motorcycle', 'tram']",dog,"thekithing"""
"Q: Of the words ""pear"", ""car"", ""train"", ""motorcycle"", and ""bus"", what is the word least associated with ""vehicles""? A:","['pear', 'car', 'train', 'motorcycle', 'bus']",pear,coup
"Q: What is the word least related to the word ""animals"" from the words ""car"", ""pig"", ""fish"", ""duck"", and ""chicken""? A:","['car', 'pig', 'fish', 'duck', 'chicken']",car,chili
"Q: What is the word least related to the word ""animals"" from the words ""desk"", ""cat"", ""mouse"", ""duck"", and ""goat""? A:","['desk', 'cat', 'mouse', 'duck', 'goat']",desk,helikt
