Input,Options,Expected,Predicted
"F: In dem Satz ""Sie schreibt regelmäßig Briefe an ihre Großeltern auf dem Land."", welches Wort kommt unmittelbar vor dem Wort ""Briefe""? A:","['sie', 'schreibt', 'regelmäßig', 'briefe', 'an', 'ihre', 'großeltern', 'auf', 'dem', 'land']",regelmäßig,sie
"F: In dem Satz ""Sie trägt eine rote Jacke im Winter und warme Stiefel dazu."", welches Wort kommt unmittelbar vor dem Wort ""Winter""? A:","['sie', 'trägt', 'eine', 'rote', 'jacke', 'im', 'winter', 'und', 'warme', 'stiefel', 'dazu']",im,trägt
"F: In dem Satz ""Wir machen eine Wanderung durch den Wald bei schönem Wetter."", welches Wort kommt unmittelbar vor dem Wort ""durch""? A:","['wir', 'machen', 'eine', 'wanderung', 'durch', 'den', 'wald', 'bei', 'schönem', 'wetter']",wanderung,durch
"F: In dem Satz ""Der Hund bellt laut, wenn jemand an der Tür klingelt."", welches Wort steht direkt vor dem Wort ""bellt""? A:","['der', 'hund', 'bellt', 'laut', 'wenn', 'jemand', 'an', 'der', 'tür', 'klingelt']",hund,bellt
"Welches Wort steht im Satz ""Der Hund kuschelt sich zufrieden in seine warme Decke."" direkt vor ""in""? ","['der', 'hund', 'kuschelt', 'sich', 'zufrieden', 'in', 'seine', 'warme', 'decke']",zufrieden,in
"F: In dem Satz ""Wir besuchen das Schloss im nahegelegenen Ort am Sonntag."", welches Wort kommt unmittelbar vor dem Wort ""im""? A:","['wir', 'besuchen', 'das', 'schloss', 'im', 'nahegelegenen', 'ort', 'am', 'sonntag']",schloss,am
"F: In dem Satz ""Ich höre Musik, während ich meine Hausaufgaben mache zu Hause."", welches Wort kommt unmittelbar vor dem Wort ""zu""? A:","['ich', 'höre', 'musik', 'während', 'ich', 'meine', 'hausaufgaben', 'mache', 'zu', 'hause']",mache,mache
"Welches Wort steht im Satz ""Er fährt jeden Morgen mit dem Fahrrad zur Arbeit in die Stadt."" direkt vor ""mit""? ","['er', 'fährt', 'jeden', 'morgen', 'mit', 'dem', 'fahrrad', 'zur', 'arbeit', 'in', 'die', 'stadt']",morgen,stadt
"F: In dem Satz ""Ich koche heute eine Suppe mit frischem Gemüse."", welches Wort steht direkt vor dem Wort ""frischem""? A:","['ich', 'koche', 'heute', 'eine', 'suppe', 'mit', 'frischem', 'gemüse']",mit,gemüse
"Welches Wort steht im Satz ""Die Katze schläft zufrieden auf dem gemütlichen Sofa im Wohnzimmer."" direkt vor ""dem""? ","['die', 'katze', 'schläft', 'zufrieden', 'auf', 'dem', 'gemütlichen', 'sofa', 'im', 'wohnzimmer']",auf,schläft
"Welches Wort steht im Satz ""Das Kind malt ein buntes Bild mit Wasserfarben."" direkt vor ""mit""? ","['das', 'kind', 'malt', 'ein', 'buntes', 'bild', 'mit', 'wasserfarben']",bild,malt
"F: In dem Satz ""Der Film war spannend und hat mir gut gefallen."", welches Wort steht direkt vor dem Wort ""war""? A:","['der', 'film', 'war', 'spannend', 'und', 'hat', 'mir', 'gut', 'gefallen']",film,gut
"F: In dem Satz ""Der Hund liebt es, im Park mit anderen Hunden zu spielen."", welches Wort steht direkt vor dem Wort ""Hunden""? A:","['der', 'hund', 'liebt', 'es', 'im', 'park', 'mit', 'anderen', 'hunden', 'zu', 'spielen']",anderen,anderen
"F: In dem Satz ""Sie liest gern Sachbücher über Geschichte und Naturwissenschaften."", welches Wort kommt unmittelbar vor dem Wort ""gern""? A:","['sie', 'liest', 'gern', 'sachbücher', 'über', 'geschichte', 'und', 'naturwissenschaften']",liest,sie
"Welches Wort steht im Satz ""Der Lehrer erklärt geduldig neue Vokabeln im Deutschunterricht der Klasse."" direkt vor ""neue""? ","['der', 'lehrer', 'erklärt', 'geduldig', 'neue', 'vokabeln', 'im', 'deutschunterricht', 'der', 'klasse']",geduldig,klasse
"F: In dem Satz ""Ich lese oft Bücher über Geschichte und Kultur."", welches Wort steht direkt vor dem Wort ""Geschichte""? A:","['ich', 'lese', 'oft', 'bücher', 'über', 'geschichte', 'und', 'kultur']",über,geschichte
"F: In dem Satz ""Bitte öffne das Fenster, es ist warm und stickig im Zimmer."", welches Wort kommt unmittelbar vor dem Wort ""das""? A:","['bitte', 'öffne', 'das', 'fenster', 'es', 'ist', 'warm', 'und', 'stickig', 'im', 'zimmer']",öffne,ist
"F: In dem Satz ""Ich esse morgens oft frisches Obst und Joghurt zum Frühstück."", welches Wort steht direkt vor dem Wort ""oft""? A:","['ich', 'esse', 'morgens', 'oft', 'frisches', 'obst', 'und', 'joghurt', 'zum', 'frühstück']",morgens,joghurt
"Welches Wort steht im Satz ""Sie kocht heute ein neues Rezept mit viel Gemüse und Kräutern."" direkt vor ""ein""? ","['sie', 'kocht', 'heute', 'ein', 'neues', 'rezept', 'mit', 'viel', 'gemüse', 'und', 'kräutern']",heute,heute
"Welches Wort steht im Satz ""Die Kinder spielen draußen im Park mit Freunden und Ball."" direkt vor ""draußen""? ","['die', 'kinder', 'spielen', 'draußen', 'im', 'park', 'mit', 'freunden', 'und', 'ball']",spielen,freunden
"F: In dem Satz ""Sie schreibt eine E-Mail an ihre beste Freundin."", welches Wort steht direkt vor dem Wort ""schreibt""? A:","['sie', 'schreibt', 'eine', 'e-mail', 'an', 'ihre', 'beste', 'freundin']",sie,an
"F: In dem Satz ""Ich mag es, im Herbst durch bunte Blätter zu laufen."", welches Wort steht direkt vor dem Wort ""bunte""? A:","['ich', 'mag', 'es', 'im', 'herbst', 'durch', 'bunte', 'blätter', 'zu', 'laufen']",durch,bunte
"F: In dem Satz ""Die Blumen blühen bunt und duften angenehm im Frühling."", welches Wort steht direkt vor dem Wort ""und""? A:","['die', 'blumen', 'blühen', 'bunt', 'und', 'duften', 'angenehm', 'im', 'frühling']",bunt,im
"Welches Wort steht im Satz ""Wir machen eine Fahrradtour entlang des Flusses im Sommer."" direkt vor ""machen""? ","['wir', 'machen', 'eine', 'fahrradtour', 'entlang', 'des', 'flusses', 'im', 'sommer']",wir,fahrradtour
"F: In dem Satz ""Sie trinkt abends gerne einen warmen Kräutertee zum Entspannen."", welches Wort kommt unmittelbar vor dem Wort ""Kräutertee""? A:","['sie', 'trinkt', 'abends', 'gerne', 'einen', 'warmen', 'kräutertee', 'zum', 'entspannen']",warmen,abends
"Welches Wort steht im Satz ""Ich höre beim Joggen motivierende Musik, die mich antreibt."" direkt vor ""Joggen""? ","['ich', 'höre', 'beim', 'joggen', 'motivierende', 'musik', 'die', 'mich', 'antreibt']",beim,antreibt
"Welches Wort steht im Satz ""Sie tanzt voller Freude zu ihrer Lieblingsmusik am Wochenende."" direkt vor ""Freude""? ","['sie', 'tanzt', 'voller', 'freude', 'zu', 'ihrer', 'lieblingsmusik', 'am', 'wochenende']",voller,am
"F: In dem Satz ""Die Kinder spielen fröhlich im Sandkasten im Garten zusammen."", welches Wort kommt unmittelbar vor dem Wort ""Sandkasten""? A:","['die', 'kinder', 'spielen', 'fröhlich', 'im', 'sandkasten', 'im', 'garten', 'zusammen']",im,spielen
"F: In dem Satz ""Die Katze schläft gerne auf dem warmen Sofa."", welches Wort steht direkt vor dem Wort ""dem""? A:","['die', 'katze', 'schläft', 'gerne', 'auf', 'dem', 'warmen', 'sofa']",auf,auf
"F: In dem Satz ""Wir besuchen das Schloss im nahegelegenen Ort am Sonntag oft."", welches Wort kommt unmittelbar vor dem Wort ""besuchen""? A:","['wir', 'besuchen', 'das', 'schloss', 'im', 'nahegelegenen', 'ort', 'am', 'sonntag', 'oft']",wir,nahegelegenen
"F: In dem Satz ""Sie kocht gern italienische Gerichte für ihre Familie am Wochenende."", welches Wort kommt unmittelbar vor dem Wort ""für""? A:","['sie', 'kocht', 'gern', 'italienische', 'gerichte', 'für', 'ihre', 'familie', 'am', 'wochenende']",gerichte,gern
"F: In dem Satz ""Sie tanzt begeistert bei der Tanzstunde am Freitagabend in der Halle."", welches Wort kommt unmittelbar vor dem Wort ""Tanzstunde""? A:","['sie', 'tanzt', 'begeistert', 'bei', 'der', 'tanzstunde', 'am', 'freitagabend', 'in', 'der', 'halle']",der,freitagabend
"F: In dem Satz ""Die Katze schläft gerne auf dem warmen Sofa zu Hause."", welches Wort steht direkt vor dem Wort ""zu""? A:","['die', 'katze', 'schläft', 'gerne', 'auf', 'dem', 'warmen', 'sofa', 'zu', 'hause']",sofa,die
"Welches Wort steht im Satz ""Sie schreibt liebevolle Briefe an ihre Verwandten im Ausland."" direkt vor ""im""? ","['sie', 'schreibt', 'liebevolle', 'briefe', 'an', 'ihre', 'verwandten', 'im', 'ausland']",verwandten,liebevolle
"F: In dem Satz ""Wir machen einen Ausflug in den Wald am Wochenende."", welches Wort steht direkt vor dem Wort ""den""? A:","['wir', 'machen', 'einen', 'ausflug', 'in', 'den', 'wald', 'am', 'wochenende']",in,ausflug
"F: In dem Satz ""Sie tanzt jeden Freitag im Tanzkurs mit großer Freude."", welches Wort steht direkt vor dem Wort ""tanzt""? A:","['sie', 'tanzt', 'jeden', 'freitag', 'im', 'tanzkurs', 'mit', 'großer', 'freude']",sie,jeden
"Welches Wort steht im Satz ""Ich lese abends gern spannende Krimis vor dem Einschlafen."" direkt vor ""spannende""? ","['ich', 'lese', 'abends', 'gern', 'spannende', 'krimis', 'vor', 'dem', 'einschlafen']",gern,abends
"F: In dem Satz ""Bitte öffne das Fenster, es ist sehr warm hier."", welches Wort steht direkt vor dem Wort ""Fenster""? A:","['bitte', 'öffne', 'das', 'fenster', 'es', 'ist', 'sehr', 'warm', 'hier']",das,öffne
"F: In dem Satz ""Ich gehe jeden Sonntag in die Kirche."", welches Wort steht direkt vor dem Wort ""in""? A:","['ich', 'gehe', 'jeden', 'sonntag', 'in', 'die', 'kirche']",sonntag,gehe
"F: In dem Satz ""Die Kinder spielen draußen im Garten mit Freunden und haben viel Spaß heute."", welches Wort kommt unmittelbar vor dem Wort ""spielen""? A:","['die', 'kinder', 'spielen', 'draußen', 'im', 'garten', 'mit', 'freunden', 'und', 'haben', 'viel', 'spaß', 'heute']",kinder,spielen
"F: In dem Satz ""Sie macht jeden Morgen Yoga zur Entspannung."", welches Wort steht direkt vor dem Wort ""zur""? A:","['sie', 'macht', 'jeden', 'morgen', 'yoga', 'zur', 'entspannung']",yoga,jeden
"F: In dem Satz ""Das Buch ist spannend und sehr gut geschrieben."", welches Wort steht direkt vor dem Wort ""Buch""? A:","['das', 'buch', 'ist', 'spannend', 'und', 'sehr', 'gut', 'geschrieben']",das,ist
"F: In dem Satz ""Ich gehe jeden Sonntag in die Kirche."", welches Wort steht direkt vor dem Wort ""jeden""? A:","['ich', 'gehe', 'jeden', 'sonntag', 'in', 'die', 'kirche']",gehe,sonntag
"F: In dem Satz ""Der Zug fährt pünktlich um acht Uhr vom Bahnhof ab."", welches Wort steht direkt vor dem Wort ""um""? A:","['der', 'zug', 'fährt', 'pünktlich', 'um', 'acht', 'uhr', 'vom', 'bahnhof', 'ab']",pünktlich,acht
"F: In dem Satz ""Wir besuchen das Schloss im nahegelegenen Ort am Sonntag."", welches Wort kommt unmittelbar vor dem Wort ""besuchen""? A:","['wir', 'besuchen', 'das', 'schloss', 'im', 'nahegelegenen', 'ort', 'am', 'sonntag']",wir,schloss
"F: In dem Satz ""Wir machen eine Radtour am Wochenende entlang des Flusses."", welches Wort kommt unmittelbar vor dem Wort ""des""? A:","['wir', 'machen', 'eine', 'radtour', 'am', 'wochenende', 'entlang', 'des', 'flusses']",entlang,am
"Welches Wort steht im Satz ""Ich mache jeden Morgen Yoga, um entspannt in den Tag zu starten."" direkt vor ""jeden""? ","['ich', 'mache', 'jeden', 'morgen', 'yoga', 'um', 'entspannt', 'in', 'den', 'tag', 'zu', 'starten']",mache,jeden
"F: In dem Satz ""Am Wochenende machen wir eine lange Wanderung in den Bergen."", welches Wort steht direkt vor dem Wort ""eine""? A:","['am', 'wochenende', 'machen', 'wir', 'eine', 'lange', 'wanderung', 'in', 'den', 'bergen']",wir,am
"Welches Wort steht im Satz ""Der Vogel zwitschert laut und munter in den frühen Morgenstunden."" direkt vor ""zwitschert""? ","['der', 'vogel', 'zwitschert', 'laut', 'und', 'munter', 'in', 'den', 'frühen', 'morgenstunden']",vogel,in
"F: In dem Satz ""Wir feiern Ostern traditionell mit bunten Eiern und der Familie."", welches Wort kommt unmittelbar vor dem Wort ""feiern""? A:","['wir', 'feiern', 'ostern', 'traditionell', 'mit', 'bunten', 'eiern', 'und', 'der', 'familie']",wir,der
"F: In dem Satz ""Der Hund rennt schnell über die Wiese im Park."", welches Wort kommt unmittelbar vor dem Wort ""Wiese""? A:","['der', 'hund', 'rennt', 'schnell', 'über', 'die', 'wiese', 'im', 'park']",die,rennt
"Welches Wort steht im Satz ""Wir feiern Weihnachten mit der Familie und vielen leckeren Plätzchen."" direkt vor ""feiern""? ","['wir', 'feiern', 'weihnachten', 'mit', 'der', 'familie', 'und', 'vielen', 'leckeren', 'plätzchen']",wir,wir
"F: In dem Satz ""Die Sonne scheint warm auf die grünen Wiesen."", welches Wort steht direkt vor dem Wort ""scheint""? A:","['die', 'sonne', 'scheint', 'warm', 'auf', 'die', 'grünen', 'wiesen']",sonne,auf
"Welches Wort steht im Satz ""Die Kinder sammeln bunte Blätter im Park für ein Projekt."" direkt vor ""Park""? ","['die', 'kinder', 'sammeln', 'bunte', 'blätter', 'im', 'park', 'für', 'ein', 'projekt']",im,sammeln
"F: In dem Satz ""Die Katze schläft den ganzen Tag auf dem Sofa."", welches Wort steht direkt vor dem Wort ""dem""? A:","['die', 'katze', 'schläft', 'den', 'ganzen', 'tag', 'auf', 'dem', 'sofa']",auf,auf
"Welches Wort steht im Satz ""Die Kinder spielen draußen im Garten Verstecken und haben Spaß."" direkt vor ""Garten""? ","['die', 'kinder', 'spielen', 'draußen', 'im', 'garten', 'verstecken', 'und', 'haben', 'spaß']",im,garten
"F: In dem Satz ""Die Katze jagt spielerisch den kleinen roten Laserpunkt im Wohnzimmer."", welches Wort kommt unmittelbar vor dem Wort ""spielerisch""? A:","['die', 'katze', 'jagt', 'spielerisch', 'den', 'kleinen', 'roten', 'laserpunkt', 'im', 'wohnzimmer']",jagt,roten
"F: In dem Satz ""Sie hört gern Musik beim Arbeiten am Computer."", welches Wort steht direkt vor dem Wort ""gern""? A:","['sie', 'hört', 'gern', 'musik', 'beim', 'arbeiten', 'am', 'computer']",hört,computer
"Welches Wort steht im Satz ""Der Lehrer erklärt geduldig die schwierigen Aufgaben im Unterricht."" direkt vor ""im""? ","['der', 'lehrer', 'erklärt', 'geduldig', 'die', 'schwierigen', 'aufgaben', 'im', 'unterricht']",aufgaben,erklärt
"F: In dem Satz ""Sie schreibt täglich in ihr Tagebuch über ihre Erlebnisse und Gefühle."", welches Wort kommt unmittelbar vor dem Wort ""täglich""? A:","['sie', 'schreibt', 'täglich', 'in', 'ihr', 'tagebuch', 'über', 'ihre', 'erlebnisse', 'und', 'gefühle']",schreibt,sie
"F: In dem Satz ""Er schreibt eine Postkarte aus dem Urlaub an seine Familie."", welches Wort steht direkt vor dem Wort ""aus""? A:","['er', 'schreibt', 'eine', 'postkarte', 'aus', 'dem', 'urlaub', 'an', 'seine', 'familie']",postkarte,schreibt
"F: In dem Satz ""Sie tanzt jeden Samstag im Tanzkurs mit großer Freude."", welches Wort steht direkt vor dem Wort ""mit""? A:","['sie', 'tanzt', 'jeden', 'samstag', 'im', 'tanzkurs', 'mit', 'großer', 'freude']",tanzkurs,jeden
"F: In dem Satz ""Ich koche heute eine leckere Suppe mit frischen Zutaten."", welches Wort steht direkt vor dem Wort ""heute""? A:","['ich', 'koche', 'heute', 'eine', 'leckere', 'suppe', 'mit', 'frischen', 'zutaten']",koche,mit
"F: In dem Satz ""Im Park spielen viele Kinder fröhlich und laut."", welches Wort steht direkt vor dem Wort ""spielen""? A:","['im', 'park', 'spielen', 'viele', 'kinder', 'fröhlich', 'und', 'laut']",park,fröhlich
"F: In dem Satz ""Ich koche heute eine leckere Suppe mit Gemüse."", welches Wort steht direkt vor dem Wort ""eine""? A:","['ich', 'koche', 'heute', 'eine', 'leckere', 'suppe', 'mit', 'gemüse']",heute,heute
"F: In dem Satz ""Im Park spielen viele Kinder laut auf dem großen Spielplatz oft."", welches Wort kommt unmittelbar vor dem Wort ""viele""? A:","['im', 'park', 'spielen', 'viele', 'kinder', 'laut', 'auf', 'dem', 'großen', 'spielplatz', 'oft']",spielen,auf
"F: In dem Satz ""Der Hund liebt es, mit anderen Hunden im Park zu spielen viel."", welches Wort kommt unmittelbar vor dem Wort ""im""? A:","['der', 'hund', 'liebt', 'es', 'mit', 'anderen', 'hunden', 'im', 'park', 'zu', 'spielen', 'viel']",hunden,anderen
"F: In dem Satz ""Wir fahren im Sommer ans Meer zum Schwimmen und Entspannen jedes Jahr."", welches Wort kommt unmittelbar vor dem Wort ""Meer""? A:","['wir', 'fahren', 'im', 'sommer', 'ans', 'meer', 'zum', 'schwimmen', 'und', 'entspannen', 'jedes', 'jahr']",ans,jedes
"F: In dem Satz ""Der Himmel ist klar und die Sonne scheint warm und hell."", welches Wort kommt unmittelbar vor dem Wort ""klar""? A:","['der', 'himmel', 'ist', 'klar', 'und', 'die', 'sonne', 'scheint', 'warm', 'und', 'hell']",ist,die
"F: In dem Satz ""Das Wetter im Frühling ist oft wechselhaft und mild."", welches Wort steht direkt vor dem Wort ""Frühling""? A:","['das', 'wetter', 'im', 'frühling', 'ist', 'oft', 'wechselhaft', 'und', 'mild']",im,das
"F: In dem Satz ""Das Kind läuft schnell durch den Park am Nachmittag."", welches Wort kommt unmittelbar vor dem Wort ""Kind""? A:","['das', 'kind', 'läuft', 'schnell', 'durch', 'den', 'park', 'am', 'nachmittag']",das,kind
"Welches Wort steht im Satz ""Der Hund bellt laut, wenn Besucher an der Tür klingeln."" direkt vor ""Tür""? ","['der', 'hund', 'bellt', 'laut', 'wenn', 'besucher', 'an', 'der', 'tür', 'klingeln']",der,an
"Welches Wort steht im Satz ""Der Himmel ist klar und die Sterne funkeln hell in der Nacht."" direkt vor ""Himmel""? ","['der', 'himmel', 'ist', 'klar', 'und', 'die', 'sterne', 'funkeln', 'hell', 'in', 'der', 'nacht']",der,und
"F: In dem Satz ""Er fährt jeden Morgen mit dem Fahrrad zur Arbeit in die Stadt."", welches Wort kommt unmittelbar vor dem Wort ""in""? A:","['er', 'fährt', 'jeden', 'morgen', 'mit', 'dem', 'fahrrad', 'zur', 'arbeit', 'in', 'die', 'stadt']",arbeit,jeden
"F: In dem Satz ""Das Wetter wird morgen kälter und regnerisch."", welches Wort steht direkt vor dem Wort ""Wetter""? A:","['das', 'wetter', 'wird', 'morgen', 'kälter', 'und', 'regnerisch']",das,das
"F: In dem Satz ""Der Vogel singt ein schönes Lied am frühen Morgen im Garten."", welches Wort steht direkt vor dem Wort ""schönes""? A:","['der', 'vogel', 'singt', 'ein', 'schönes', 'lied', 'am', 'frühen', 'morgen', 'im', 'garten']",ein,am
"Welches Wort steht im Satz ""Sie liest gerne Romane über Abenteuer und ferne Länder."" direkt vor ""gerne""? ","['sie', 'liest', 'gerne', 'romane', 'über', 'abenteuer', 'und', 'ferne', 'länder']",liest,abenteuer
"Welches Wort steht im Satz ""Der Hund apportiert den Stock, den ich ins Wasser werfe."" direkt vor ""Wasser""? ","['der', 'hund', 'apportiert', 'den', 'stock', 'den', 'ich', 'ins', 'wasser', 'werfe']",ins,apportiert
"Welches Wort steht im Satz ""Die Kinder basteln bunte Laternen für das Martinsfest in der Schule."" direkt vor ""Kinder""? ","['die', 'kinder', 'basteln', 'bunte', 'laternen', 'für', 'das', 'martinsfest', 'in', 'der', 'schule']",die,laternen
"Welches Wort steht im Satz ""Der Vogel singt sein Lied jeden Morgen vor dem Haus."" direkt vor ""Morgen""? ","['der', 'vogel', 'singt', 'sein', 'lied', 'jeden', 'morgen', 'vor', 'dem', 'haus']",jeden,der
"F: In dem Satz ""Wir feiern Ostern traditionell mit bunten Eiern und der Familie."", welches Wort kommt unmittelbar vor dem Wort ""Ostern""? A:","['wir', 'feiern', 'ostern', 'traditionell', 'mit', 'bunten', 'eiern', 'und', 'der', 'familie']",feiern,der
"F: In dem Satz ""Wir genießen den sonnigen Tag beim Picknick im Park zusammen."", welches Wort kommt unmittelbar vor dem Wort ""den""? A:","['wir', 'genießen', 'den', 'sonnigen', 'tag', 'beim', 'picknick', 'im', 'park', 'zusammen']",genießen,genießen
"F: In dem Satz ""Ich koche heute Abend eine Pizza mit Gemüse und Käse."", welches Wort steht direkt vor dem Wort ""heute""? A:","['ich', 'koche', 'heute', 'abend', 'eine', 'pizza', 'mit', 'gemüse', 'und', 'käse']",koche,abend
"F: In dem Satz ""Ich gehe abends spazieren, um den Kopf frei zu bekommen."", welches Wort kommt unmittelbar vor dem Wort ""gehe""? A:","['ich', 'gehe', 'abends', 'spazieren', 'um', 'den', 'kopf', 'frei', 'zu', 'bekommen']",ich,abends
"Welches Wort steht im Satz ""Ich gehe abends spazieren, um den Kopf frei zu bekommen."" direkt vor ""zu""? ","['ich', 'gehe', 'abends', 'spazieren', 'um', 'den', 'kopf', 'frei', 'zu', 'bekommen']",frei,ich
"F: In dem Satz ""Ich esse gern frisches Obst und Gemüse."", welches Wort steht direkt vor dem Wort ""Obst""? A:","['ich', 'esse', 'gern', 'frisches', 'obst', 'und', 'gemüse']",frisches,ich
"Welches Wort steht im Satz ""Die Kinder spielen fröhlich Verstecken im großen Garten."" direkt vor ""Kinder""? ","['die', 'kinder', 'spielen', 'fröhlich', 'verstecken', 'im', 'großen', 'garten']",die,großen
"F: In dem Satz ""Sie tanzt elegant auf der Bühne bei der Aufführung am Wochenende heute."", welches Wort kommt unmittelbar vor dem Wort ""bei""? A:","['sie', 'tanzt', 'elegant', 'auf', 'der', 'bühne', 'bei', 'der', 'aufführung', 'am', 'wochenende', 'heute']",bühne,aufführung
"Welches Wort steht im Satz ""Sie trägt einen warmen Schal gegen die kalte Winterluft."" direkt vor ""warmen""? ","['sie', 'trägt', 'einen', 'warmen', 'schal', 'gegen', 'die', 'kalte', 'winterluft']",einen,schal
"Welches Wort steht im Satz ""Sie liest jeden Abend ein paar Seiten in ihrem Buch."" direkt vor ""ein""? ","['sie', 'liest', 'jeden', 'abend', 'ein', 'paar', 'seiten', 'in', 'ihrem', 'buch']",abend,abend
"F: In dem Satz ""Der Vogel singt ein schönes Lied am Morgen."", welches Wort steht direkt vor dem Wort ""schönes""? A:","['der', 'vogel', 'singt', 'ein', 'schönes', 'lied', 'am', 'morgen']",ein,am
"F: In dem Satz ""Der Lehrer lobt die Schüler für ihre guten Noten im Test."", welches Wort kommt unmittelbar vor dem Wort ""für""? A:","['der', 'lehrer', 'lobt', 'die', 'schüler', 'für', 'ihre', 'guten', 'noten', 'im', 'test']",schüler,guten
"Welches Wort steht im Satz ""Sie trägt eine bunte Jacke bei dem kühlen Wind."" direkt vor ""bei""? ","['sie', 'trägt', 'eine', 'bunte', 'jacke', 'bei', 'dem', 'kühlen', 'wind']",jacke,sie
"F: In dem Satz ""Ich trinke morgens Kaffee mit Milch und Zucker zum Wachwerden heute."", welches Wort kommt unmittelbar vor dem Wort ""und""? A:","['ich', 'trinke', 'morgens', 'kaffee', 'mit', 'milch', 'und', 'zucker', 'zum', 'wachwerden', 'heute']",milch,trinke
"F: In dem Satz ""Der Himmel ist klar und die Sonne scheint warm und hell."", welches Wort kommt unmittelbar vor dem Wort ""scheint""? A:","['der', 'himmel', 'ist', 'klar', 'und', 'die', 'sonne', 'scheint', 'warm', 'und', 'hell']",sonne,der
"F: In dem Satz ""Die Katze schläft auf dem warmen Fensterbrett."", welches Wort steht direkt vor dem Wort ""dem""? A:","['die', 'katze', 'schläft', 'auf', 'dem', 'warmen', 'fensterbrett']",auf,auf
"Welches Wort steht im Satz ""Wir besuchen das Museum für moderne Kunst in der Stadt."" direkt vor ""Kunst""? ","['wir', 'besuchen', 'das', 'museum', 'für', 'moderne', 'kunst', 'in', 'der', 'stadt']",moderne,in
"Welches Wort steht im Satz ""Wir fahren im Herbst oft mit dem Auto ins Gebirge zum Wandern."" direkt vor ""Herbst""? ","['wir', 'fahren', 'im', 'herbst', 'oft', 'mit', 'dem', 'auto', 'ins', 'gebirge', 'zum', 'wandern']",im,mit
"F: In dem Satz ""Der Zug kommt pünktlich am Bahnhof an."", welches Wort steht direkt vor dem Wort ""kommt""? A:","['der', 'zug', 'kommt', 'pünktlich', 'am', 'bahnhof', 'an']",zug,an
"F: In dem Satz ""Die Kinder malen bunte Bilder für das Kunstprojekt in der Schule."", welches Wort kommt unmittelbar vor dem Wort ""Kunstprojekt""? A:","['die', 'kinder', 'malen', 'bunte', 'bilder', 'für', 'das', 'kunstprojekt', 'in', 'der', 'schule']",das,die
"Welches Wort steht im Satz ""Ich trinke morgens gern Tee mit Honig und frischer Zitrone."" direkt vor ""trinke""? ","['ich', 'trinke', 'morgens', 'gern', 'tee', 'mit', 'honig', 'und', 'frischer', 'zitrone']",ich,gern
"F: In dem Satz ""Die Lampe im Wohnzimmer leuchtet hell und gemütlich."", welches Wort steht direkt vor dem Wort ""im""? A:","['die', 'lampe', 'im', 'wohnzimmer', 'leuchtet', 'hell', 'und', 'gemütlich']",lampe,lampe
"F: In dem Satz ""Der Zug kommt pünktlich am Bahnhof an und fährt weiter nach Berlin."", welches Wort steht direkt vor dem Wort ""an""? A:","['der', 'zug', 'kommt', 'pünktlich', 'am', 'bahnhof', 'an', 'und', 'fährt', 'weiter', 'nach', 'berlin']",bahnhof,der
"F: In dem Satz ""Er fährt jeden Morgen mit dem Fahrrad zur Arbeit in die Stadt."", welches Wort kommt unmittelbar vor dem Wort ""mit""? A:","['er', 'fährt', 'jeden', 'morgen', 'mit', 'dem', 'fahrrad', 'zur', 'arbeit', 'in', 'die', 'stadt']",morgen,morgen
"F: In dem Satz ""Sie trägt im Winter eine warme Jacke und Handschuhe bei Frost."", welches Wort kommt unmittelbar vor dem Wort ""und""? A:","['sie', 'trägt', 'im', 'winter', 'eine', 'warme', 'jacke', 'und', 'handschuhe', 'bei', 'frost']",jacke,frost
"F: In dem Satz ""Er fährt mit dem Bus zur Arbeit jeden Morgen."", welches Wort steht direkt vor dem Wort ""mit""? A:","['er', 'fährt', 'mit', 'dem', 'bus', 'zur', 'arbeit', 'jeden', 'morgen']",fährt,arbeit
"F: In dem Satz ""Wir gehen abends spazieren und genießen die frische Luft."", welches Wort kommt unmittelbar vor dem Wort ""und""? A:","['wir', 'gehen', 'abends', 'spazieren', 'und', 'genießen', 'die', 'frische', 'luft']",spazieren,genießen
"F: In dem Satz ""Das Wetter ist heute warm und sonnig."", welches Wort steht direkt vor dem Wort ""warm""? A:","['das', 'wetter', 'ist', 'heute', 'warm', 'und', 'sonnig']",heute,das
"F: In dem Satz ""Das Frühstück ist fertig, bitte setzt euch an den Tisch."", welches Wort steht direkt vor dem Wort ""Frühstück""? A:","['das', 'frühstück', 'ist', 'fertig', 'bitte', 'setzt', 'euch', 'an', 'den', 'tisch']",das,tisch
"F: In dem Satz ""Sie trägt im Winter eine dicke Jacke und warme Handschuhe."", welches Wort kommt unmittelbar vor dem Wort ""Jacke""? A:","['sie', 'trägt', 'im', 'winter', 'eine', 'dicke', 'jacke', 'und', 'warme', 'handschuhe']",dicke,jacke
"Welches Wort steht im Satz ""Der Hund apportiert den Ball, den ich ins Wasser werfe."" direkt vor ""apportiert""? ","['der', 'hund', 'apportiert', 'den', 'ball', 'den', 'ich', 'ins', 'wasser', 'werfe']",hund,hund
"F: In dem Satz ""Wir essen heute Abend frische Pasta mit Tomatensoße."", welches Wort steht direkt vor dem Wort ""frische""? A:","['wir', 'essen', 'heute', 'abend', 'frische', 'pasta', 'mit', 'tomatensoße']",abend,abend
"Welches Wort steht im Satz ""Sie liest im Park unter einem Baum ein spannendes Buch."" direkt vor ""liest""? ","['sie', 'liest', 'im', 'park', 'unter', 'einem', 'baum', 'ein', 'spannendes', 'buch']",sie,spannendes
"Welches Wort steht im Satz ""Ich gehe abends spazieren, um den Kopf frei zu bekommen."" direkt vor ""spazieren""? ","['ich', 'gehe', 'abends', 'spazieren', 'um', 'den', 'kopf', 'frei', 'zu', 'bekommen']",abends,zu
"F: In dem Satz ""Das Frühstück ist die wichtigste Mahlzeit des Tages."", welches Wort steht direkt vor dem Wort ""ist""? A:","['das', 'frühstück', 'ist', 'die', 'wichtigste', 'mahlzeit', 'des', 'tages']",frühstück,tages
"Welches Wort steht im Satz ""Die Blumen auf dem Balkon blühen schön in der warmen Sonne."" direkt vor ""Blumen""? ","['die', 'blumen', 'auf', 'dem', 'balkon', 'blühen', 'schön', 'in', 'der', 'warmen', 'sonne']",die,auf
"F: In dem Satz ""Der Hund läuft schnell durch den großen Garten."", welches Wort steht direkt vor dem Wort ""den""? A:","['der', 'hund', 'läuft', 'schnell', 'durch', 'den', 'großen', 'garten']",durch,großen
"F: In dem Satz ""Der Berg ist hoch und bietet eine tolle Aussicht."", welches Wort steht direkt vor dem Wort ""Berg""? A:","['der', 'berg', 'ist', 'hoch', 'und', 'bietet', 'eine', 'tolle', 'aussicht']",der,aussicht
"F: In dem Satz ""Die Kinder spielen fröhlich im Sandkasten im Garten zusammen oft."", welches Wort kommt unmittelbar vor dem Wort ""Sandkasten""? A:","['die', 'kinder', 'spielen', 'fröhlich', 'im', 'sandkasten', 'im', 'garten', 'zusammen', 'oft']",im,die
"F: In dem Satz ""Sie schreibt eine Karte an ihre Freundin zum Geburtstag."", welches Wort kommt unmittelbar vor dem Wort ""ihre""? A:","['sie', 'schreibt', 'eine', 'karte', 'an', 'ihre', 'freundin', 'zum', 'geburtstag']",an,ihre
"Welches Wort steht im Satz ""Ich trinke morgens immer eine Tasse starken schwarzen Kaffee."" direkt vor ""trinke""? ","['ich', 'trinke', 'morgens', 'immer', 'eine', 'tasse', 'starken', 'schwarzen', 'kaffee']",ich,eine
"F: In dem Satz ""Der Berg ist hoch und bietet tolle Aussicht auf das Tal heute."", welches Wort kommt unmittelbar vor dem Wort ""und""? A:","['der', 'berg', 'ist', 'hoch', 'und', 'bietet', 'tolle', 'aussicht', 'auf', 'das', 'tal', 'heute']",hoch,bietet
"F: In dem Satz ""Ich höre Musik beim Lernen, das hilft mir sehr."", welches Wort steht direkt vor dem Wort ""das""? A:","['ich', 'höre', 'musik', 'beim', 'lernen', 'das', 'hilft', 'mir', 'sehr']",lernen,beim
"F: In dem Satz ""Sie spielt Geige und übt regelmäßig für das Konzert nächste Woche."", welches Wort kommt unmittelbar vor dem Wort ""spielt""? A:","['sie', 'spielt', 'geige', 'und', 'übt', 'regelmäßig', 'für', 'das', 'konzert', 'nächste', 'woche']",sie,übt
"F: In dem Satz ""Ich lerne neue deutsche Wörter und Redewendungen täglich und fleißig."", welches Wort kommt unmittelbar vor dem Wort ""Redewendungen""? A:","['ich', 'lerne', 'neue', 'deutsche', 'wörter', 'und', 'redewendungen', 'täglich', 'und', 'fleißig']",und,deutsche
"Welches Wort steht im Satz ""Sie spielt Geige und übt fleißig für das Konzert nächste Woche."" direkt vor ""Geige""? ","['sie', 'spielt', 'geige', 'und', 'übt', 'fleißig', 'für', 'das', 'konzert', 'nächste', 'woche']",spielt,das
"F: In dem Satz ""Wir genießen den sonnigen Tag beim Picknick im Park zusammen."", welches Wort kommt unmittelbar vor dem Wort ""Park""? A:","['wir', 'genießen', 'den', 'sonnigen', 'tag', 'beim', 'picknick', 'im', 'park', 'zusammen']",im,beim
"F: In dem Satz ""Wir essen zum Abendbrot frische Nudeln mit Tomatensoße."", welches Wort steht direkt vor dem Wort ""essen""? A:","['wir', 'essen', 'zum', 'abendbrot', 'frische', 'nudeln', 'mit', 'tomatensoße']",wir,abendbrot
"F: In dem Satz ""Der Vogel singt jeden Morgen ein schönes Lied."", welches Wort steht direkt vor dem Wort ""jeden""? A:","['der', 'vogel', 'singt', 'jeden', 'morgen', 'ein', 'schönes', 'lied']",singt,schönes
"F: In dem Satz ""Der Lehrer gibt viele Hausaufgaben für das Wochenende auf."", welches Wort steht direkt vor dem Wort ""für""? A:","['der', 'lehrer', 'gibt', 'viele', 'hausaufgaben', 'für', 'das', 'wochenende', 'auf']",hausaufgaben,auf
"Welches Wort steht im Satz ""Der Lehrer erklärt geduldig die schwierigen Grammatikregeln im Unterricht."" direkt vor ""geduldig""? ","['der', 'lehrer', 'erklärt', 'geduldig', 'die', 'schwierigen', 'grammatikregeln', 'im', 'unterricht']",erklärt,lehrer
"F: In dem Satz ""Er schreibt jeden Tag in sein Tagebuch über Erlebnisse und Gedanken."", welches Wort kommt unmittelbar vor dem Wort ""über""? A:","['er', 'schreibt', 'jeden', 'tag', 'in', 'sein', 'tagebuch', 'über', 'erlebnisse', 'und', 'gedanken']",tagebuch,sein
"F: In dem Satz ""Sie schreibt eine Karte aus dem Urlaub an ihre Familie."", welches Wort kommt unmittelbar vor dem Wort ""eine""? A:","['sie', 'schreibt', 'eine', 'karte', 'aus', 'dem', 'urlaub', 'an', 'ihre', 'familie']",schreibt,aus
"F: In dem Satz ""Der Vogel zwitschert laut im Baum früh am Morgen."", welches Wort kommt unmittelbar vor dem Wort ""zwitschert""? A:","['der', 'vogel', 'zwitschert', 'laut', 'im', 'baum', 'früh', 'am', 'morgen']",vogel,früh
"F: In dem Satz ""Die Katze schläft auf dem Fensterbrett und träumt."", welches Wort steht direkt vor dem Wort ""dem""? A:","['die', 'katze', 'schläft', 'auf', 'dem', 'fensterbrett', 'und', 'träumt']",auf,auf
"F: In dem Satz ""Der Vogel singt ein schönes Lied am Morgen."", welches Wort steht direkt vor dem Wort ""am""? A:","['der', 'vogel', 'singt', 'ein', 'schönes', 'lied', 'am', 'morgen']",lied,morgen
"F: In dem Satz ""Der Hund schläft friedlich auf dem weichen Teppich."", welches Wort steht direkt vor dem Wort ""weichen""? A:","['der', 'hund', 'schläft', 'friedlich', 'auf', 'dem', 'weichen', 'teppich']",dem,auf
"F: In dem Satz ""Die Kinder malen Bilder für den Kunstwettbewerb in der Schule."", welches Wort kommt unmittelbar vor dem Wort ""malen""? A:","['die', 'kinder', 'malen', 'bilder', 'für', 'den', 'kunstwettbewerb', 'in', 'der', 'schule']",kinder,für
"F: In dem Satz ""Die Blumen blühen bunt im Frühling und Sommer in unserem Garten."", welches Wort kommt unmittelbar vor dem Wort ""Frühling""? A:","['die', 'blumen', 'blühen', 'bunt', 'im', 'frühling', 'und', 'sommer', 'in', 'unserem', 'garten']",im,frühling
"Welches Wort steht im Satz ""Wir fahren im Herbst oft mit dem Auto ins Gebirge zum Wandern."" direkt vor ""oft""? ","['wir', 'fahren', 'im', 'herbst', 'oft', 'mit', 'dem', 'auto', 'ins', 'gebirge', 'zum', 'wandern']",herbst,fahren
"Welches Wort steht im Satz ""Der Vogel fliegt hoch über die Bäume und singt laut."" direkt vor ""fliegt""? ","['der', 'vogel', 'fliegt', 'hoch', 'über', 'die', 'bäume', 'und', 'singt', 'laut']",vogel,hoch
"F: In dem Satz ""Sie trägt im Winter eine warme Jacke und Handschuhe bei Frost oft."", welches Wort kommt unmittelbar vor dem Wort ""und""? A:","['sie', 'trägt', 'im', 'winter', 'eine', 'warme', 'jacke', 'und', 'handschuhe', 'bei', 'frost', 'oft']",jacke,jacke
"Welches Wort steht im Satz ""Die Kinder basteln bunte Laternen für das Laternenfest in der Schule."" direkt vor ""das""? ","['die', 'kinder', 'basteln', 'bunte', 'laternen', 'für', 'das', 'laternenfest', 'in', 'der', 'schule']",für,das
"Welches Wort steht im Satz ""Er fährt jeden Tag mit dem Fahrrad zur Arbeit in die Stadt."" direkt vor ""dem""? ","['er', 'fährt', 'jeden', 'tag', 'mit', 'dem', 'fahrrad', 'zur', 'arbeit', 'in', 'die', 'stadt']",mit,jeden
"Welches Wort steht im Satz ""Wir feiern Geburtstag mit Familie, Freunden und leckerem Essen."" direkt vor ""mit""? ","['wir', 'feiern', 'geburtstag', 'mit', 'familie', 'freunden', 'und', 'leckerem', 'essen']",geburtstag,essen
"F: In dem Satz ""Das Wetter im Frühling ist oft wechselhaft."", welches Wort steht direkt vor dem Wort ""im""? A:","['das', 'wetter', 'im', 'frühling', 'ist', 'oft', 'wechselhaft']",wetter,wetter
"Welches Wort steht im Satz ""Er fährt jeden Morgen mit dem Fahrrad zur Arbeit in der Stadt."" direkt vor ""in""? ","['er', 'fährt', 'jeden', 'morgen', 'mit', 'dem', 'fahrrad', 'zur', 'arbeit', 'in', 'der', 'stadt']",arbeit,zur
"Welches Wort steht im Satz ""Der Hund liegt faul in der Sonne und genießt das Wetter."" direkt vor ""liegt""? ","['der', 'hund', 'liegt', 'faul', 'in', 'der', 'sonne', 'und', 'genießt', 'das', 'wetter']",hund,das
"Welches Wort steht im Satz ""Das Kind lacht laut beim Spielen im Garten draußen."" direkt vor ""Garten""? ","['das', 'kind', 'lacht', 'laut', 'beim', 'spielen', 'im', 'garten', 'draußen']",im,spielen
"F: In dem Satz ""Die Lampe leuchtet hell im dunklen Zimmer."", welches Wort steht direkt vor dem Wort ""dunklen""? A:","['die', 'lampe', 'leuchtet', 'hell', 'im', 'dunklen', 'zimmer']",im,lampe
"F: In dem Satz ""Ich gehe abends spazieren, um den Kopf frei zu bekommen."", welches Wort kommt unmittelbar vor dem Wort ""Kopf""? A:","['ich', 'gehe', 'abends', 'spazieren', 'um', 'den', 'kopf', 'frei', 'zu', 'bekommen']",den,gehe
"Welches Wort steht im Satz ""Die Sonne scheint warm auf die bunten Blätter im Park."" direkt vor ""im""? ","['die', 'sonne', 'scheint', 'warm', 'auf', 'die', 'bunten', 'blätter', 'im', 'park']",blätter,auf
"F: In dem Satz ""Ich gehe jeden Tag mindestens eine Stunde spazieren im Park."", welches Wort steht direkt vor dem Wort ""mindestens""? A:","['ich', 'gehe', 'jeden', 'tag', 'mindestens', 'eine', 'stunde', 'spazieren', 'im', 'park']",tag,tag
"Welches Wort steht im Satz ""Die Kinder spielen draußen im Park mit Freunden und Ball."" direkt vor ""Freunden""? ","['die', 'kinder', 'spielen', 'draußen', 'im', 'park', 'mit', 'freunden', 'und', 'ball']",mit,freunden
"F: In dem Satz ""Ich koche heute eine Pizza mit frischem Gemüse."", welches Wort steht direkt vor dem Wort ""Pizza""? A:","['ich', 'koche', 'heute', 'eine', 'pizza', 'mit', 'frischem', 'gemüse']",eine,pizza
"F: In dem Satz ""Wir besuchen im Sommer oft den See zum Schwimmen und Entspannen."", welches Wort kommt unmittelbar vor dem Wort ""oft""? A:","['wir', 'besuchen', 'im', 'sommer', 'oft', 'den', 'see', 'zum', 'schwimmen', 'und', 'entspannen']",sommer,sommer
"F: In dem Satz ""Im Park spielen viele Kinder fröhlich und laut."", welches Wort steht direkt vor dem Wort ""und""? A:","['im', 'park', 'spielen', 'viele', 'kinder', 'fröhlich', 'und', 'laut']",fröhlich,fröhlich
"Welches Wort steht im Satz ""Wir besuchen das Museum für moderne Kunst in der Stadt."" direkt vor ""Kunst""? ","['wir', 'besuchen', 'das', 'museum', 'für', 'moderne', 'kunst', 'in', 'der', 'stadt']",moderne,besuchen
"F: In dem Satz ""Die Katze klettert geschickt auf den Baum im Garten hoch."", welches Wort kommt unmittelbar vor dem Wort ""geschickt""? A:","['die', 'katze', 'klettert', 'geschickt', 'auf', 'den', 'baum', 'im', 'garten', 'hoch']",klettert,garten
"Welches Wort steht im Satz ""Ich trinke abends gerne eine Tasse warmen Kräutertee zur Entspannung."" direkt vor ""eine""? ","['ich', 'trinke', 'abends', 'gerne', 'eine', 'tasse', 'warmen', 'kräutertee', 'zur', 'entspannung']",gerne,abends
"F: In dem Satz ""Wir fahren am Wochenende mit dem Fahrrad durch die Stadt."", welches Wort kommt unmittelbar vor dem Wort ""durch""? A:","['wir', 'fahren', 'am', 'wochenende', 'mit', 'dem', 'fahrrad', 'durch', 'die', 'stadt']",fahrrad,stadt
"F: In dem Satz ""Ich trinke morgens gern schwarzen Kaffee ohne Zucker und Milch."", welches Wort kommt unmittelbar vor dem Wort ""morgens""? A:","['ich', 'trinke', 'morgens', 'gern', 'schwarzen', 'kaffee', 'ohne', 'zucker', 'und', 'milch']",trinke,schwarzen
"F: In dem Satz ""Der Lehrer erklärt die Aufgaben sehr verständlich."", welches Wort steht direkt vor dem Wort ""Aufgaben""? A:","['der', 'lehrer', 'erklärt', 'die', 'aufgaben', 'sehr', 'verständlich']",die,aufgaben
"F: In dem Satz ""Die Kinder spielen draußen im Garten mit ihren Freunden und haben Spaß."", welches Wort steht direkt vor dem Wort ""spielen""? A:","['die', 'kinder', 'spielen', 'draußen', 'im', 'garten', 'mit', 'ihren', 'freunden', 'und', 'haben', 'spaß']",kinder,kinder
"F: In dem Satz ""Ich höre oft Podcasts beim Autofahren zur Unterhaltung."", welches Wort kommt unmittelbar vor dem Wort ""beim""? A:","['ich', 'höre', 'oft', 'podcasts', 'beim', 'autofahren', 'zur', 'unterhaltung']",podcasts,autofahren
"F: In dem Satz ""Sie trägt im Winter eine dicke Jacke und warme Stiefel."", welches Wort kommt unmittelbar vor dem Wort ""trägt""? A:","['sie', 'trägt', 'im', 'winter', 'eine', 'dicke', 'jacke', 'und', 'warme', 'stiefel']",sie,jacke
"F: In dem Satz ""Wir feiern Weihnachten mit der ganzen Familie zusammen."", welches Wort steht direkt vor dem Wort ""mit""? A:","['wir', 'feiern', 'weihnachten', 'mit', 'der', 'ganzen', 'familie', 'zusammen']",weihnachten,der
"Welches Wort steht im Satz ""Wir feiern heute ein Fest mit Musik und guter Laune."" direkt vor ""guter""? ","['wir', 'feiern', 'heute', 'ein', 'fest', 'mit', 'musik', 'und', 'guter', 'laune']",und,fest
"Welches Wort steht im Satz ""Wir genießen den sonnigen Tag beim Picknick im Park zusammen."" direkt vor ""Picknick""? ","['wir', 'genießen', 'den', 'sonnigen', 'tag', 'beim', 'picknick', 'im', 'park', 'zusammen']",beim,park
"F: In dem Satz ""Der Hund liebt es, im Park zu rennen und zu spielen den ganzen Tag."", welches Wort steht direkt vor dem Wort ""rennen""? A:","['der', 'hund', 'liebt', 'es', 'im', 'park', 'zu', 'rennen', 'und', 'zu', 'spielen', 'den', 'ganzen', 'tag']",zu,der
"Welches Wort steht im Satz ""Er fährt mit dem Fahrrad durch den Park jeden Morgen."" direkt vor ""Fahrrad""? ","['er', 'fährt', 'mit', 'dem', 'fahrrad', 'durch', 'den', 'park', 'jeden', 'morgen']",dem,morgen
"Welches Wort steht im Satz ""Ich koche heute eine bunte Gemüsesuppe mit frischen Kräutern."" direkt vor ""frischen""? ","['ich', 'koche', 'heute', 'eine', 'bunte', 'gemüsesuppe', 'mit', 'frischen', 'kräutern']",mit,eine
"F: In dem Satz ""Wir machen einen Spaziergang am Flussufer im warmen Sonnenschein."", welches Wort kommt unmittelbar vor dem Wort ""am""? A:","['wir', 'machen', 'einen', 'spaziergang', 'am', 'flussufer', 'im', 'warmen', 'sonnenschein']",spaziergang,am
"F: In dem Satz ""Wir machen einen Spaziergang durch den Park am Abend."", welches Wort steht direkt vor dem Wort ""am""? A:","['wir', 'machen', 'einen', 'spaziergang', 'durch', 'den', 'park', 'am', 'abend']",park,abend
"Welches Wort steht im Satz ""Wir treffen uns am Sonntag zum Frühstück im kleinen Café in der Stadt."" direkt vor ""am""? ","['wir', 'treffen', 'uns', 'am', 'sonntag', 'zum', 'frühstück', 'im', 'kleinen', 'café', 'in', 'der', 'stadt']",uns,am
"F: In dem Satz ""Das Wetter im Frühling ist oft wechselhaft und mild mit Sonne."", welches Wort kommt unmittelbar vor dem Wort ""wechselhaft""? A:","['das', 'wetter', 'im', 'frühling', 'ist', 'oft', 'wechselhaft', 'und', 'mild', 'mit', 'sonne']",oft,das
"Welches Wort steht im Satz ""Ich gehe abends spazieren, um den Kopf frei zu bekommen."" direkt vor ""Kopf""? ","['ich', 'gehe', 'abends', 'spazieren', 'um', 'den', 'kopf', 'frei', 'zu', 'bekommen']",den,abends
"F: In dem Satz ""Er spielt jeden Abend Klavier und übt neue Stücke."", welches Wort kommt unmittelbar vor dem Wort ""und""? A:","['er', 'spielt', 'jeden', 'abend', 'klavier', 'und', 'übt', 'neue', 'stücke']",klavier,spielt
"F: In dem Satz ""Sie malt ein Bild von der schönen Landschaft im Herbst."", welches Wort steht direkt vor dem Wort ""ein""? A:","['sie', 'malt', 'ein', 'bild', 'von', 'der', 'schönen', 'landschaft', 'im', 'herbst']",malt,herbst
"F: In dem Satz ""Sie kocht gern leckere Gerichte aus verschiedenen Ländern Europas."", welches Wort kommt unmittelbar vor dem Wort ""gern""? A:","['sie', 'kocht', 'gern', 'leckere', 'gerichte', 'aus', 'verschiedenen', 'ländern', 'europas']",kocht,kocht
"F: In dem Satz ""Wir machen eine Wanderung durch den Wald am Wochenende."", welches Wort steht direkt vor dem Wort ""Wald""? A:","['wir', 'machen', 'eine', 'wanderung', 'durch', 'den', 'wald', 'am', 'wochenende']",den,am
"Welches Wort steht im Satz ""Ich koche heute Abend eine leckere Gemüsesuppe mit Kräutern."" direkt vor ""leckere""? ","['ich', 'koche', 'heute', 'abend', 'eine', 'leckere', 'gemüsesuppe', 'mit', 'kräutern']",eine,koche
"F: In dem Satz ""Sie kocht gern leckere Gerichte aus verschiedenen Ländern Europas."", welches Wort kommt unmittelbar vor dem Wort ""leckere""? A:","['sie', 'kocht', 'gern', 'leckere', 'gerichte', 'aus', 'verschiedenen', 'ländern', 'europas']",gern,sie
"Welches Wort steht im Satz ""Sie liest gern spannende Krimis bei Kerzenschein am Abend."" direkt vor ""Kerzenschein""? ","['sie', 'liest', 'gern', 'spannende', 'krimis', 'bei', 'kerzenschein', 'am', 'abend']",bei,krimis
"F: In dem Satz ""Ich lerne Deutsch, um besser kommunizieren zu können."", welches Wort steht direkt vor dem Wort ""zu""? A:","['ich', 'lerne', 'deutsch', 'um', 'besser', 'kommunizieren', 'zu', 'können']",kommunizieren,kommunizieren
"F: In dem Satz ""Ich lese oft spannende Bücher über Geschichte und Kultur."", welches Wort steht direkt vor dem Wort ""Geschichte""? A:","['ich', 'lese', 'oft', 'spannende', 'bücher', 'über', 'geschichte', 'und', 'kultur']",über,bücher
"F: In dem Satz ""Ich lese gern spannende Romane und Geschichten."", welches Wort steht direkt vor dem Wort ""spannende""? A:","['ich', 'lese', 'gern', 'spannende', 'romane', 'und', 'geschichten']",gern,geschichten
"Welches Wort steht im Satz ""Wir besuchen den Wochenmarkt und kaufen frisches Gemüse ein."" direkt vor ""frisches""? ","['wir', 'besuchen', 'den', 'wochenmarkt', 'und', 'kaufen', 'frisches', 'gemüse', 'ein']",kaufen,frisches
"F: In dem Satz ""Ich lese oft Bücher über Geschichte und interessante Kulturen weltweit."", welches Wort kommt unmittelbar vor dem Wort ""und""? A:","['ich', 'lese', 'oft', 'bücher', 'über', 'geschichte', 'und', 'interessante', 'kulturen', 'weltweit']",geschichte,geschichte
"F: In dem Satz ""Die Katze spielt mit ihrem Lieblingsspielzeug im Wohnzimmer fröhlich."", welches Wort kommt unmittelbar vor dem Wort ""im""? A:","['die', 'katze', 'spielt', 'mit', 'ihrem', 'lieblingsspielzeug', 'im', 'wohnzimmer', 'fröhlich']",lieblingsspielzeug,ihrem
"F: In dem Satz ""Die Kinder basteln bunte Laternen für das Laternenfest."", welches Wort steht direkt vor dem Wort ""bunte""? A:","['die', 'kinder', 'basteln', 'bunte', 'laternen', 'für', 'das', 'laternenfest']",basteln,das
"F: In dem Satz ""Ich esse gern frisches Obst und Gemüse zum Mittagessen und Abendessen."", welches Wort kommt unmittelbar vor dem Wort ""Obst""? A:","['ich', 'esse', 'gern', 'frisches', 'obst', 'und', 'gemüse', 'zum', 'mittagessen', 'und', 'abendessen']",frisches,und
"F: In dem Satz ""Die Katze schnurrt zufrieden, wenn sie auf dem Schoß liegt."", welches Wort kommt unmittelbar vor dem Wort ""Schoß""? A:","['die', 'katze', 'schnurrt', 'zufrieden', 'wenn', 'sie', 'auf', 'dem', 'schoß', 'liegt']",dem,auf
"F: In dem Satz ""Der Lehrer erklärt die Grammatik sehr verständlich und geduldig."", welches Wort steht direkt vor dem Wort ""erklärt""? A:","['der', 'lehrer', 'erklärt', 'die', 'grammatik', 'sehr', 'verständlich', 'und', 'geduldig']",lehrer,erklärt
"F: In dem Satz ""Wir fahren im Sommer an den See zum Schwimmen und Picknicken."", welches Wort kommt unmittelbar vor dem Wort ""an""? A:","['wir', 'fahren', 'im', 'sommer', 'an', 'den', 'see', 'zum', 'schwimmen', 'und', 'picknicken']",sommer,an
"Welches Wort steht im Satz ""Wir feiern Weihnachten mit der Familie und vielen leckeren Plätzchen."" direkt vor ""feiern""? ","['wir', 'feiern', 'weihnachten', 'mit', 'der', 'familie', 'und', 'vielen', 'leckeren', 'plätzchen']",wir,vielen
"F: In dem Satz ""Sie kocht gern italienische Gerichte für ihre Freunde."", welches Wort steht direkt vor dem Wort ""Gerichte""? A:","['sie', 'kocht', 'gern', 'italienische', 'gerichte', 'für', 'ihre', 'freunde']",italienische,gern
"Welches Wort steht im Satz ""Die Blumen im Park blühen in vielen verschiedenen Farben."" direkt vor ""verschiedenen""? ","['die', 'blumen', 'im', 'park', 'blühen', 'in', 'vielen', 'verschiedenen', 'farben']",vielen,vielen
"F: In dem Satz ""Er schreibt regelmäßig Briefe an seine Freunde in Deutschland."", welches Wort steht direkt vor dem Wort ""regelmäßig""? A:","['er', 'schreibt', 'regelmäßig', 'briefe', 'an', 'seine', 'freunde', 'in', 'deutschland']",schreibt,an
"F: In dem Satz ""Der Zug kommt pünktlich am Bahnhof an."", welches Wort steht direkt vor dem Wort ""pünktlich""? A:","['der', 'zug', 'kommt', 'pünktlich', 'am', 'bahnhof', 'an']",kommt,der
"F: In dem Satz ""Sie tanzt gern Ballett und übt jeden Tag fleißig zu Hause."", welches Wort kommt unmittelbar vor dem Wort ""jeden""? A:","['sie', 'tanzt', 'gern', 'ballett', 'und', 'übt', 'jeden', 'tag', 'fleißig', 'zu', 'hause']",übt,gern
"F: In dem Satz ""Die Katze schnurrt zufrieden, wenn sie gestreichelt wird vom Besitzer."", welches Wort kommt unmittelbar vor dem Wort ""sie""? A:","['die', 'katze', 'schnurrt', 'zufrieden', 'wenn', 'sie', 'gestreichelt', 'wird', 'vom', 'besitzer']",wenn,gestreichelt
"F: In dem Satz ""Der Zug kommt pünktlich um acht Uhr am Bahnhof an."", welches Wort steht direkt vor dem Wort ""um""? A:","['der', 'zug', 'kommt', 'pünktlich', 'um', 'acht', 'uhr', 'am', 'bahnhof', 'an']",pünktlich,acht
"Welches Wort steht im Satz ""Sie kocht ein neues Rezept mit viel frischem Gemüse."" direkt vor ""kocht""? ","['sie', 'kocht', 'ein', 'neues', 'rezept', 'mit', 'viel', 'frischem', 'gemüse']",sie,gemüse
"F: In dem Satz ""Er liest ein spannendes Buch auf dem Sofa am Abend."", welches Wort kommt unmittelbar vor dem Wort ""spannendes""? A:","['er', 'liest', 'ein', 'spannendes', 'buch', 'auf', 'dem', 'sofa', 'am', 'abend']",ein,auf
"F: In dem Satz ""Wir feiern Weihnachten traditionell mit der ganzen Familie und viel Essen."", welches Wort kommt unmittelbar vor dem Wort ""Familie""? A:","['wir', 'feiern', 'weihnachten', 'traditionell', 'mit', 'der', 'ganzen', 'familie', 'und', 'viel', 'essen']",ganzen,familie
"Welches Wort steht im Satz ""Der Vogel singt früh am Morgen ein wunderschönes Lied draußen."" direkt vor ""Vogel""? ","['der', 'vogel', 'singt', 'früh', 'am', 'morgen', 'ein', 'wunderschönes', 'lied', 'draußen']",der,morgen
"Welches Wort steht im Satz ""Die Blumen blühen bunt und duften herrlich im Frühlingsgarten."" direkt vor ""blühen""? ","['die', 'blumen', 'blühen', 'bunt', 'und', 'duften', 'herrlich', 'im', 'frühlingsgarten']",blumen,die
"F: In dem Satz ""Ich gehe gerne joggen im Wald am Morgen und genieße die frische Luft."", welches Wort steht direkt vor dem Wort ""frische""? A:","['ich', 'gehe', 'gerne', 'joggen', 'im', 'wald', 'am', 'morgen', 'und', 'genieße', 'die', 'frische', 'luft']",die,die
"Welches Wort steht im Satz ""Der Hund bellt laut, wenn Fremde das Grundstück betreten."" direkt vor ""laut""? ","['der', 'hund', 'bellt', 'laut', 'wenn', 'fremde', 'das', 'grundstück', 'betreten']",bellt,bellt
"Welches Wort steht im Satz ""Wir gehen abends spazieren und genießen die frische Luft draußen."" direkt vor ""gehen""? ","['wir', 'gehen', 'abends', 'spazieren', 'und', 'genießen', 'die', 'frische', 'luft', 'draußen']",wir,frische
"F: In dem Satz ""Der Lehrer erklärt die neue Grammatik im Unterricht sehr geduldig."", welches Wort kommt unmittelbar vor dem Wort ""im""? A:","['der', 'lehrer', 'erklärt', 'die', 'neue', 'grammatik', 'im', 'unterricht', 'sehr', 'geduldig']",grammatik,im
"F: In dem Satz ""Die Katze sitzt auf dem Fensterbrett und beobachtet die Vögel draußen."", welches Wort kommt unmittelbar vor dem Wort ""Vögel""? A:","['die', 'katze', 'sitzt', 'auf', 'dem', 'fensterbrett', 'und', 'beobachtet', 'die', 'vögel', 'draußen']",die,draußen
"Welches Wort steht im Satz ""Sie spielt Geige und übt fleißig für das Konzert nächste Woche."" direkt vor ""und""? ","['sie', 'spielt', 'geige', 'und', 'übt', 'fleißig', 'für', 'das', 'konzert', 'nächste', 'woche']",geige,sie
"F: In dem Satz ""Sie malt ein Bild von der Landschaft im Herbst."", welches Wort steht direkt vor dem Wort ""von""? A:","['sie', 'malt', 'ein', 'bild', 'von', 'der', 'landschaft', 'im', 'herbst']",bild,herbst
"F: In dem Satz ""Der Lehrer erklärt die Grammatik sehr verständlich."", welches Wort steht direkt vor dem Wort ""sehr""? A:","['der', 'lehrer', 'erklärt', 'die', 'grammatik', 'sehr', 'verständlich']",grammatik,grammatik
"F: In dem Satz ""Sie trägt eine schöne rote Jacke im Winter."", welches Wort steht direkt vor dem Wort ""im""? A:","['sie', 'trägt', 'eine', 'schöne', 'rote', 'jacke', 'im', 'winter']",jacke,sie
"F: In dem Satz ""Der Lehrer erklärt die Aufgaben sehr verständlich."", welches Wort steht direkt vor dem Wort ""erklärt""? A:","['der', 'lehrer', 'erklärt', 'die', 'aufgaben', 'sehr', 'verständlich']",lehrer,die
"F: In dem Satz ""Wir gehen am Abend spazieren und genießen die frische Luft."", welches Wort kommt unmittelbar vor dem Wort ""spazieren""? A:","['wir', 'gehen', 'am', 'abend', 'spazieren', 'und', 'genießen', 'die', 'frische', 'luft']",abend,am
"Welches Wort steht im Satz ""Die Kinder spielen draußen im Park mit Freunden und Ball."" direkt vor ""Park""? ","['die', 'kinder', 'spielen', 'draußen', 'im', 'park', 'mit', 'freunden', 'und', 'ball']",im,ball
"F: In dem Satz ""Der Vogel singt am frühen Morgen im Garten und freut sich oft."", welches Wort kommt unmittelbar vor dem Wort ""Morgen""? A:","['der', 'vogel', 'singt', 'am', 'frühen', 'morgen', 'im', 'garten', 'und', 'freut', 'sich', 'oft']",frühen,frühen
"F: In dem Satz ""Die Kinder basteln Laternen für das Martinsfest in der Schule."", welches Wort kommt unmittelbar vor dem Wort ""der""? A:","['die', 'kinder', 'basteln', 'laternen', 'für', 'das', 'martinsfest', 'in', 'der', 'schule']",in,das
"F: In dem Satz ""Der Lehrer erklärt die Grammatik sehr gut und geduldig."", welches Wort steht direkt vor dem Wort ""Lehrer""? A:","['der', 'lehrer', 'erklärt', 'die', 'grammatik', 'sehr', 'gut', 'und', 'geduldig']",der,gut
"Welches Wort steht im Satz ""Der Vogel singt laut auf dem Ast eines alten Baumes."" direkt vor ""laut""? ","['der', 'vogel', 'singt', 'laut', 'auf', 'dem', 'ast', 'eines', 'alten', 'baumes']",singt,eines
"F: In dem Satz ""Die Blumen brauchen täglich Wasser und viel Sonne zum Gedeihen."", welches Wort kommt unmittelbar vor dem Wort ""brauchen""? A:","['die', 'blumen', 'brauchen', 'täglich', 'wasser', 'und', 'viel', 'sonne', 'zum', 'gedeihen']",blumen,viel
"F: In dem Satz ""Das Kind spielt fröhlich mit seinen Freunden im Park."", welches Wort steht direkt vor dem Wort ""Freunden""? A:","['das', 'kind', 'spielt', 'fröhlich', 'mit', 'seinen', 'freunden', 'im', 'park']",seinen,spielt
"F: In dem Satz ""Ich trinke morgens immer einen Kaffee mit Milch und Zucker."", welches Wort steht direkt vor dem Wort ""Kaffee""? A:","['ich', 'trinke', 'morgens', 'immer', 'einen', 'kaffee', 'mit', 'milch', 'und', 'zucker']",einen,morgens
"Welches Wort steht im Satz ""Sie liest gern Romane über Freundschaft und Abenteuer in der Jugend."" direkt vor ""Romane""? ","['sie', 'liest', 'gern', 'romane', 'über', 'freundschaft', 'und', 'abenteuer', 'in', 'der', 'jugend']",gern,gern
"F: In dem Satz ""Ich lese oft Bücher über Geschichte und Kultur in meiner Freizeit."", welches Wort kommt unmittelbar vor dem Wort ""Geschichte""? A:","['ich', 'lese', 'oft', 'bücher', 'über', 'geschichte', 'und', 'kultur', 'in', 'meiner', 'freizeit']",über,freizeit
"F: In dem Satz ""Ich lese jeden Tag die Nachrichten im Internet."", welches Wort steht direkt vor dem Wort ""Tag""? A:","['ich', 'lese', 'jeden', 'tag', 'die', 'nachrichten', 'im', 'internet']",jeden,tag
"F: In dem Satz ""Sie schreibt eine Postkarte an ihre beste Freundin aus dem Urlaub."", welches Wort kommt unmittelbar vor dem Wort ""an""? A:","['sie', 'schreibt', 'eine', 'postkarte', 'an', 'ihre', 'beste', 'freundin', 'aus', 'dem', 'urlaub']",postkarte,beste
"F: In dem Satz ""Die Katze schnurrt zufrieden, wenn sie gestreichelt wird vom Besitzer."", welches Wort kommt unmittelbar vor dem Wort ""Katze""? A:","['die', 'katze', 'schnurrt', 'zufrieden', 'wenn', 'sie', 'gestreichelt', 'wird', 'vom', 'besitzer']",die,die
"Welches Wort steht im Satz ""Ich trinke morgens gern schwarzen Kaffee ohne Zucker und Milch."" direkt vor ""trinke""? ","['ich', 'trinke', 'morgens', 'gern', 'schwarzen', 'kaffee', 'ohne', 'zucker', 'und', 'milch']",ich,schwarzen
"F: In dem Satz ""Das Wetter ist heute sonnig und warm."", welches Wort steht direkt vor dem Wort ""ist""? A:","['das', 'wetter', 'ist', 'heute', 'sonnig', 'und', 'warm']",wetter,wetter
"F: In dem Satz ""Die Kinder basteln bunte Laternen für das Laternenfest."", welches Wort steht direkt vor dem Wort ""Kinder""? A:","['die', 'kinder', 'basteln', 'bunte', 'laternen', 'für', 'das', 'laternenfest']",die,für
"F: In dem Satz ""Wir feiern Silvester mit Freunden und genießen das Feuerwerk am Himmel."", welches Wort kommt unmittelbar vor dem Wort ""Silvester""? A:","['wir', 'feiern', 'silvester', 'mit', 'freunden', 'und', 'genießen', 'das', 'feuerwerk', 'am', 'himmel']",feiern,am
"F: In dem Satz ""Der Zug kommt pünktlich am Bahnhof an und fährt weiter nach Berlin."", welches Wort steht direkt vor dem Wort ""Bahnhof""? A:","['der', 'zug', 'kommt', 'pünktlich', 'am', 'bahnhof', 'an', 'und', 'fährt', 'weiter', 'nach', 'berlin']",am,der
"F: In dem Satz ""Wir essen heute Abend Spaghetti mit Tomatensoße und Parmesan."", welches Wort kommt unmittelbar vor dem Wort ""Spaghetti""? A:","['wir', 'essen', 'heute', 'abend', 'spaghetti', 'mit', 'tomatensoße', 'und', 'parmesan']",abend,abend
"Welches Wort steht im Satz ""Wir feiern Weihnachten mit der ganzen Familie und vielen Geschenken."" direkt vor ""Weihnachten""? ","['wir', 'feiern', 'weihnachten', 'mit', 'der', 'ganzen', 'familie', 'und', 'vielen', 'geschenken']",feiern,der
"F: In dem Satz ""Sie schreibt einen Brief an ihre Großeltern zum Geburtstag."", welches Wort steht direkt vor dem Wort ""ihre""? A:","['sie', 'schreibt', 'einen', 'brief', 'an', 'ihre', 'großeltern', 'zum', 'geburtstag']",an,großeltern
"Welches Wort steht im Satz ""Der Hund läuft schnell über die Wiese und fängt den Ball."" direkt vor ""schnell""? ","['der', 'hund', 'läuft', 'schnell', 'über', 'die', 'wiese', 'und', 'fängt', 'den', 'ball']",läuft,hund
"F: In dem Satz ""Das Kind malt ein buntes Bild mit Farben."", welches Wort steht direkt vor dem Wort ""buntes""? A:","['das', 'kind', 'malt', 'ein', 'buntes', 'bild', 'mit', 'farben']",ein,farben
"Welches Wort steht im Satz ""Die Katze schnurrt zufrieden, wenn sie gestreichelt wird vom Besitzer."" direkt vor ""Katze""? ","['die', 'katze', 'schnurrt', 'zufrieden', 'wenn', 'sie', 'gestreichelt', 'wird', 'vom', 'besitzer']",die,die
"F: In dem Satz ""Die Blumen duften wunderbar im Garten nach einem Regen."", welches Wort kommt unmittelbar vor dem Wort ""Garten""? A:","['die', 'blumen', 'duften', 'wunderbar', 'im', 'garten', 'nach', 'einem', 'regen']",im,garten
"F: In dem Satz ""Der Hund läuft fröhlich durch den Park."", welches Wort steht direkt vor dem Wort ""Hund""? A:","['der', 'hund', 'läuft', 'fröhlich', 'durch', 'den', 'park']",der,hund
"F: In dem Satz ""Der Himmel ist blau und die Sonne scheint."", welches Wort steht direkt vor dem Wort ""Sonne""? A:","['der', 'himmel', 'ist', 'blau', 'und', 'die', 'sonne', 'scheint']",die,der
"F: In dem Satz ""Die Kinder spielen draußen im Garten mit Freunden und haben viel Spaß."", welches Wort kommt unmittelbar vor dem Wort ""Kinder""? A:","['die', 'kinder', 'spielen', 'draußen', 'im', 'garten', 'mit', 'freunden', 'und', 'haben', 'viel', 'spaß']",die,freunden
"F: In dem Satz ""Ich trinke abends gern eine heiße Tasse Tee."", welches Wort steht direkt vor dem Wort ""trinke""? A:","['ich', 'trinke', 'abends', 'gern', 'eine', 'heiße', 'tasse', 'tee']",ich,heiße
"F: In dem Satz ""Der Hund bellt laut, wenn Fremde das Haus betreten."", welches Wort steht direkt vor dem Wort ""wenn""? A:","['der', 'hund', 'bellt', 'laut', 'wenn', 'fremde', 'das', 'haus', 'betreten']",laut,hund
"Welches Wort steht im Satz ""Die Katze klettert geschickt auf den höchsten Baum im Garten."" direkt vor ""klettert""? ","['die', 'katze', 'klettert', 'geschickt', 'auf', 'den', 'höchsten', 'baum', 'im', 'garten']",katze,auf
"F: In dem Satz ""Ich höre Musik, während ich Hausaufgaben mache und mich konzentriere."", welches Wort kommt unmittelbar vor dem Wort ""höre""? A:","['ich', 'höre', 'musik', 'während', 'ich', 'hausaufgaben', 'mache', 'und', 'mich', 'konzentriere']",ich,hausaufgaben
"F: In dem Satz ""Sie malt ein Bild von der Landschaft im Herbst mit bunten Farben heute."", welches Wort kommt unmittelbar vor dem Wort ""mit""? A:","['sie', 'malt', 'ein', 'bild', 'von', 'der', 'landschaft', 'im', 'herbst', 'mit', 'bunten', 'farben', 'heute']",herbst,malt
"F: In dem Satz ""Wir besuchen das Museum, um mehr über Kunst zu lernen."", welches Wort steht direkt vor dem Wort ""über""? A:","['wir', 'besuchen', 'das', 'museum', 'um', 'mehr', 'über', 'kunst', 'zu', 'lernen']",mehr,kunst
"F: In dem Satz ""Die Katze schnurrt zufrieden, wenn sie gestreichelt wird vom Besitzer."", welches Wort kommt unmittelbar vor dem Wort ""wird""? A:","['die', 'katze', 'schnurrt', 'zufrieden', 'wenn', 'sie', 'gestreichelt', 'wird', 'vom', 'besitzer']",gestreichelt,vom
"Welches Wort steht im Satz ""Wir fahren im Herbst oft in die Berge zum Wandern."" direkt vor ""Herbst""? ","['wir', 'fahren', 'im', 'herbst', 'oft', 'in', 'die', 'berge', 'zum', 'wandern']",im,die
"Welches Wort steht im Satz ""Der Himmel ist klar und die Sterne funkeln hell in der Nacht."" direkt vor ""Himmel""? ","['der', 'himmel', 'ist', 'klar', 'und', 'die', 'sterne', 'funkeln', 'hell', 'in', 'der', 'nacht']",der,sterne
"F: In dem Satz ""Ich koche heute Abend Nudeln mit Tomatensoße und frischem Basilikum."", welches Wort kommt unmittelbar vor dem Wort ""heute""? A:","['ich', 'koche', 'heute', 'abend', 'nudeln', 'mit', 'tomatensoße', 'und', 'frischem', 'basilikum']",koche,abend
"Welches Wort steht im Satz ""Er fährt täglich mit dem Fahrrad zur Arbeit in die Stadt."" direkt vor ""zur""? ","['er', 'fährt', 'täglich', 'mit', 'dem', 'fahrrad', 'zur', 'arbeit', 'in', 'die', 'stadt']",fahrrad,arbeit
"Welches Wort steht im Satz ""Die Kinder basteln Laternen für das Martinsfest in der Schule."" direkt vor ""das""? ","['die', 'kinder', 'basteln', 'laternen', 'für', 'das', 'martinsfest', 'in', 'der', 'schule']",für,für
"Welches Wort steht im Satz ""Ich höre beim Lernen klassische Musik zur besseren Konzentration."" direkt vor ""höre""? ","['ich', 'höre', 'beim', 'lernen', 'klassische', 'musik', 'zur', 'besseren', 'konzentration']",ich,musik
"F: In dem Satz ""Sie liest gern Sachbücher über Geschichte und Naturwissenschaften."", welches Wort kommt unmittelbar vor dem Wort ""Sachbücher""? A:","['sie', 'liest', 'gern', 'sachbücher', 'über', 'geschichte', 'und', 'naturwissenschaften']",gern,gern
"F: In dem Satz ""Sie liest gern Sachbücher über Geschichte und Naturwissenschaften."", welches Wort kommt unmittelbar vor dem Wort ""gern""? A:","['sie', 'liest', 'gern', 'sachbücher', 'über', 'geschichte', 'und', 'naturwissenschaften']",liest,und
"F: In dem Satz ""Sie trägt eine schöne rote Jacke im Winter."", welches Wort steht direkt vor dem Wort ""Jacke""? A:","['sie', 'trägt', 'eine', 'schöne', 'rote', 'jacke', 'im', 'winter']",rote,jacke
"F: In dem Satz ""Wir spazieren am Abend oft am Fluss entlang und genießen die Ruhe."", welches Wort kommt unmittelbar vor dem Wort ""spazieren""? A:","['wir', 'spazieren', 'am', 'abend', 'oft', 'am', 'fluss', 'entlang', 'und', 'genießen', 'die', 'ruhe']",wir,spazieren
"F: In dem Satz ""Ich gehe jeden Morgen eine halbe Stunde spazieren."", welches Wort steht direkt vor dem Wort ""jeden""? A:","['ich', 'gehe', 'jeden', 'morgen', 'eine', 'halbe', 'stunde', 'spazieren']",gehe,ich
"Welches Wort steht im Satz ""Wir essen heute Abend frisch gebackenes Brot mit Käse und Wurst."" direkt vor ""Brot""? ","['wir', 'essen', 'heute', 'abend', 'frisch', 'gebackenes', 'brot', 'mit', 'käse', 'und', 'wurst']",gebackenes,abend
"Welches Wort steht im Satz ""Er repariert sein altes Fahrrad in der Garage am Nachmittag."" direkt vor ""repariert""? ","['er', 'repariert', 'sein', 'altes', 'fahrrad', 'in', 'der', 'garage', 'am', 'nachmittag']",er,altes
"Welches Wort steht im Satz ""Ich trinke morgens gerne schwarzen Kaffee mit Milch."" direkt vor ""gerne""? ","['ich', 'trinke', 'morgens', 'gerne', 'schwarzen', 'kaffee', 'mit', 'milch']",morgens,ich
"Welches Wort steht im Satz ""Die Sonne scheint warm auf die bunten Blätter im Herbstpark."" direkt vor ""im""? ","['die', 'sonne', 'scheint', 'warm', 'auf', 'die', 'bunten', 'blätter', 'im', 'herbstpark']",blätter,auf
"F: In dem Satz ""Wir fahren im Winter oft in die Berge zum Skifahren."", welches Wort steht direkt vor dem Wort ""oft""? A:","['wir', 'fahren', 'im', 'winter', 'oft', 'in', 'die', 'berge', 'zum', 'skifahren']",winter,berge
"F: In dem Satz ""Er fährt jeden Tag mit dem Fahrrad zur Arbeit in der Stadt."", welches Wort kommt unmittelbar vor dem Wort ""jeden""? A:","['er', 'fährt', 'jeden', 'tag', 'mit', 'dem', 'fahrrad', 'zur', 'arbeit', 'in', 'der', 'stadt']",fährt,er
"F: In dem Satz ""Der Hund bellt, wenn jemand an der Tür klingelt oder klingelt."", welches Wort kommt unmittelbar vor dem Wort ""Tür""? A:","['der', 'hund', 'bellt', 'wenn', 'jemand', 'an', 'der', 'tür', 'klingelt', 'oder', 'klingelt']",der,jemand
"Welches Wort steht im Satz ""Sie tanzt leidenschaftlich gern jeden Samstagabend in der Tanzschule."" direkt vor ""in""? ","['sie', 'tanzt', 'leidenschaftlich', 'gern', 'jeden', 'samstagabend', 'in', 'der', 'tanzschule']",samstagabend,jeden
"F: In dem Satz ""Wir besuchen das Theater und sehen ein neues Stück am Freitagabend."", welches Wort steht direkt vor dem Wort ""neues""? A:","['wir', 'besuchen', 'das', 'theater', 'und', 'sehen', 'ein', 'neues', 'stück', 'am', 'freitagabend']",ein,freitagabend
"F: In dem Satz ""Ich gehe abends spazieren, um den Kopf frei zu bekommen."", welches Wort kommt unmittelbar vor dem Wort ""abends""? A:","['ich', 'gehe', 'abends', 'spazieren', 'um', 'den', 'kopf', 'frei', 'zu', 'bekommen']",gehe,abends
"F: In dem Satz ""Die Blumen auf dem Balkon blühen schön in der Sonne."", welches Wort kommt unmittelbar vor dem Wort ""schön""? A:","['die', 'blumen', 'auf', 'dem', 'balkon', 'blühen', 'schön', 'in', 'der', 'sonne']",blühen,schön
"Welches Wort steht im Satz ""Er fährt täglich mit dem Fahrrad zur Arbeit in die Stadt."" direkt vor ""täglich""? ","['er', 'fährt', 'täglich', 'mit', 'dem', 'fahrrad', 'zur', 'arbeit', 'in', 'die', 'stadt']",fährt,arbeit
"F: In dem Satz ""Die Katze schläft auf dem warmen Sofa und träumt friedlich."", welches Wort kommt unmittelbar vor dem Wort ""Sofa""? A:","['die', 'katze', 'schläft', 'auf', 'dem', 'warmen', 'sofa', 'und', 'träumt', 'friedlich']",warmen,friedlich
"F: In dem Satz ""Der Berg ist hoch und bietet tolle Aussicht."", welches Wort steht direkt vor dem Wort ""bietet""? A:","['der', 'berg', 'ist', 'hoch', 'und', 'bietet', 'tolle', 'aussicht']",und,ist
"F: In dem Satz ""Sie malt ein Bild von der schönen Landschaft."", welches Wort steht direkt vor dem Wort ""der""? A:","['sie', 'malt', 'ein', 'bild', 'von', 'der', 'schönen', 'landschaft']",von,der
"F: In dem Satz ""Sie tanzt begeistert bei der Tanzstunde am Freitagabend in der Halle."", welches Wort kommt unmittelbar vor dem Wort ""in""? A:","['sie', 'tanzt', 'begeistert', 'bei', 'der', 'tanzstunde', 'am', 'freitagabend', 'in', 'der', 'halle']",freitagabend,am
"F: In dem Satz ""Der Hund liegt zufrieden in der Sonne auf der Terrasse."", welches Wort steht direkt vor dem Wort ""in""? A:","['der', 'hund', 'liegt', 'zufrieden', 'in', 'der', 'sonne', 'auf', 'der', 'terrasse']",zufrieden,sonne
"F: In dem Satz ""Sie hört gern klassische Musik beim Lesen eines Buches."", welches Wort steht direkt vor dem Wort ""eines""? A:","['sie', 'hört', 'gern', 'klassische', 'musik', 'beim', 'lesen', 'eines', 'buches']",lesen,sie
"F: In dem Satz ""Die Katze schnurrt laut, wenn sie gestreichelt wird."", welches Wort steht direkt vor dem Wort ""Katze""? A:","['die', 'katze', 'schnurrt', 'laut', 'wenn', 'sie', 'gestreichelt', 'wird']",die,gestreichelt
"F: In dem Satz ""Die Katze schläft gerne auf dem warmen Sofa zu Hause im Wohnzimmer."", welches Wort steht direkt vor dem Wort ""Hause""? A:","['die', 'katze', 'schläft', 'gerne', 'auf', 'dem', 'warmen', 'sofa', 'zu', 'hause', 'im', 'wohnzimmer']",zu,wohnzimmer
"F: In dem Satz ""Wir machen im Sommer eine Bootsfahrt auf dem nahegelegenen See."", welches Wort kommt unmittelbar vor dem Wort ""dem""? A:","['wir', 'machen', 'im', 'sommer', 'eine', 'bootsfahrt', 'auf', 'dem', 'nahegelegenen', 'see']",auf,auf
"F: In dem Satz ""Die Kinder spielen Fußball auf dem Schulhof."", welches Wort steht direkt vor dem Wort ""auf""? A:","['die', 'kinder', 'spielen', 'fußball', 'auf', 'dem', 'schulhof']",fußball,fußball
"Welches Wort steht im Satz ""Ich genieße den Duft von frisch gebackenem Brot am Morgen."" direkt vor ""von""? ","['ich', 'genieße', 'den', 'duft', 'von', 'frisch', 'gebackenem', 'brot', 'am', 'morgen']",duft,morgen
"F: In dem Satz ""Ich gehe gerne joggen im Wald am Morgen."", welches Wort steht direkt vor dem Wort ""Wald""? A:","['ich', 'gehe', 'gerne', 'joggen', 'im', 'wald', 'am', 'morgen']",im,joggen
"F: In dem Satz ""Sie kocht gern italienische Gerichte für ihre Freunde am Wochenende."", welches Wort steht direkt vor dem Wort ""Gerichte""? A:","['sie', 'kocht', 'gern', 'italienische', 'gerichte', 'für', 'ihre', 'freunde', 'am', 'wochenende']",italienische,am
"Welches Wort steht im Satz ""Sie liest gern Romane über ferne Länder und spannende Abenteuer."" direkt vor ""Romane""? ","['sie', 'liest', 'gern', 'romane', 'über', 'ferne', 'länder', 'und', 'spannende', 'abenteuer']",gern,ferne
"Welches Wort steht im Satz ""Die Sonne scheint warm auf die bunten Blätter im Park."" direkt vor ""scheint""? ","['die', 'sonne', 'scheint', 'warm', 'auf', 'die', 'bunten', 'blätter', 'im', 'park']",sonne,bunten
"F: In dem Satz ""Sie tanzt begeistert bei der Tanzstunde am Freitagabend in der Halle."", welches Wort kommt unmittelbar vor dem Wort ""in""? A:","['sie', 'tanzt', 'begeistert', 'bei', 'der', 'tanzstunde', 'am', 'freitagabend', 'in', 'der', 'halle']",freitagabend,am
"F: In dem Satz ""Ich koche heute eine cremige Kürbissuppe mit frischen Gewürzen."", welches Wort kommt unmittelbar vor dem Wort ""frischen""? A:","['ich', 'koche', 'heute', 'eine', 'cremige', 'kürbissuppe', 'mit', 'frischen', 'gewürzen']",mit,frischen
"F: In dem Satz ""Er schreibt täglich in sein Tagebuch über seine Erlebnisse und Gedanken."", welches Wort kommt unmittelbar vor dem Wort ""in""? A:","['er', 'schreibt', 'täglich', 'in', 'sein', 'tagebuch', 'über', 'seine', 'erlebnisse', 'und', 'gedanken']",täglich,täglich
"Welches Wort steht im Satz ""Wir machen eine Fahrradtour entlang der schönen Flussauen heute."" direkt vor ""machen""? ","['wir', 'machen', 'eine', 'fahrradtour', 'entlang', 'der', 'schönen', 'flussauen', 'heute']",wir,fahrradtour
"F: In dem Satz ""Ich höre oft klassische Musik beim Lernen zu Hause."", welches Wort steht direkt vor dem Wort ""Lernen""? A:","['ich', 'höre', 'oft', 'klassische', 'musik', 'beim', 'lernen', 'zu', 'hause']",beim,höre
"Welches Wort steht im Satz ""Wir feiern ein kleines Fest im Garten mit Freunden."" direkt vor ""mit""? ","['wir', 'feiern', 'ein', 'kleines', 'fest', 'im', 'garten', 'mit', 'freunden']",garten,kleines
"Welches Wort steht im Satz ""Die Sonne scheint warm auf die bunten Blätter im Park."" direkt vor ""bunten""? ","['die', 'sonne', 'scheint', 'warm', 'auf', 'die', 'bunten', 'blätter', 'im', 'park']",die,die
"F: In dem Satz ""Die Katze schläft auf dem warmen Fensterbrett."", welches Wort steht direkt vor dem Wort ""Katze""? A:","['die', 'katze', 'schläft', 'auf', 'dem', 'warmen', 'fensterbrett']",die,fensterbrett
"F: In dem Satz ""Das Kind malt ein buntes Bild mit vielen Farben."", welches Wort steht direkt vor dem Wort ""buntes""? A:","['das', 'kind', 'malt', 'ein', 'buntes', 'bild', 'mit', 'vielen', 'farben']",ein,buntes
"F: In dem Satz ""Der Himmel ist blau und die Sonne scheint warm und hell heute."", welches Wort kommt unmittelbar vor dem Wort ""blau""? A:","['der', 'himmel', 'ist', 'blau', 'und', 'die', 'sonne', 'scheint', 'warm', 'und', 'hell', 'heute']",ist,ist
"F: In dem Satz ""Wir besuchen das Museum, um mehr über Kunst zu lernen."", welches Wort steht direkt vor dem Wort ""mehr""? A:","['wir', 'besuchen', 'das', 'museum', 'um', 'mehr', 'über', 'kunst', 'zu', 'lernen']",um,wir
"F: In dem Satz ""Der Himmel ist heute bewölkt, aber es bleibt trocken und mild."", welches Wort kommt unmittelbar vor dem Wort ""Himmel""? A:","['der', 'himmel', 'ist', 'heute', 'bewölkt', 'aber', 'es', 'bleibt', 'trocken', 'und', 'mild']",der,aber
"Welches Wort steht im Satz ""Sie liest gern spannende Romane über ferne Länder."" direkt vor ""gern""? ","['sie', 'liest', 'gern', 'spannende', 'romane', 'über', 'ferne', 'länder']",liest,ferne
"F: In dem Satz ""Die Katze jagt gern Schmetterlinge im Garten während des Sommers."", welches Wort steht direkt vor dem Wort ""jagt""? A:","['die', 'katze', 'jagt', 'gern', 'schmetterlinge', 'im', 'garten', 'während', 'des', 'sommers']",katze,jagt
"F: In dem Satz ""Sie tanzt jeden Freitag im Tanzkurs mit großer Freude und Schwung."", welches Wort kommt unmittelbar vor dem Wort ""im""? A:","['sie', 'tanzt', 'jeden', 'freitag', 'im', 'tanzkurs', 'mit', 'großer', 'freude', 'und', 'schwung']",freitag,tanzt
"F: In dem Satz ""Wir besuchen im Sommer oft den See zum Schwimmen und Entspannen."", welches Wort kommt unmittelbar vor dem Wort ""zum""? A:","['wir', 'besuchen', 'im', 'sommer', 'oft', 'den', 'see', 'zum', 'schwimmen', 'und', 'entspannen']",see,besuchen
"F: In dem Satz ""Wir fahren im Herbst oft mit dem Auto ins Gebirge zum Wandern."", welches Wort kommt unmittelbar vor dem Wort ""oft""? A:","['wir', 'fahren', 'im', 'herbst', 'oft', 'mit', 'dem', 'auto', 'ins', 'gebirge', 'zum', 'wandern']",herbst,fahren
"F: In dem Satz ""Sie spielt Klavier seit vielen Jahren sehr gut."", welches Wort steht direkt vor dem Wort ""spielt""? A:","['sie', 'spielt', 'klavier', 'seit', 'vielen', 'jahren', 'sehr', 'gut']",sie,gut
"F: In dem Satz ""Er fährt mit dem Fahrrad zur Arbeit jeden Tag."", welches Wort steht direkt vor dem Wort ""Arbeit""? A:","['er', 'fährt', 'mit', 'dem', 'fahrrad', 'zur', 'arbeit', 'jeden', 'tag']",zur,dem
"F: In dem Satz ""Wir essen heute Abend frisch gebackenes Brot mit Käse und Wurst."", welches Wort kommt unmittelbar vor dem Wort ""und""? A:","['wir', 'essen', 'heute', 'abend', 'frisch', 'gebackenes', 'brot', 'mit', 'käse', 'und', 'wurst']",käse,mit
"F: In dem Satz ""Wir fahren im Sommer an den See zum Schwimmen und Entspannen."", welches Wort steht direkt vor dem Wort ""und""? A:","['wir', 'fahren', 'im', 'sommer', 'an', 'den', 'see', 'zum', 'schwimmen', 'und', 'entspannen']",schwimmen,sommer
"Welches Wort steht im Satz ""Wir treffen uns am Sonntag zum Frühstück im kleinen Café."" direkt vor ""kleinen""? ","['wir', 'treffen', 'uns', 'am', 'sonntag', 'zum', 'frühstück', 'im', 'kleinen', 'café']",im,am
"F: In dem Satz ""Wir treffen uns am Sonntag zum gemütlichen Frühstück im Café."", welches Wort kommt unmittelbar vor dem Wort ""zum""? A:","['wir', 'treffen', 'uns', 'am', 'sonntag', 'zum', 'gemütlichen', 'frühstück', 'im', 'café']",sonntag,café
"Welches Wort steht im Satz ""Die Katze schnurrt zufrieden, wenn sie auf dem Sofa liegt."" direkt vor ""Katze""? ","['die', 'katze', 'schnurrt', 'zufrieden', 'wenn', 'sie', 'auf', 'dem', 'sofa', 'liegt']",die,sie
"F: In dem Satz ""Wir machen eine Pause und trinken eine Tasse Kaffee zusammen im Büro."", welches Wort steht direkt vor dem Wort ""Pause""? A:","['wir', 'machen', 'eine', 'pause', 'und', 'trinken', 'eine', 'tasse', 'kaffee', 'zusammen', 'im', 'büro']",eine,und
"Welches Wort steht im Satz ""Sie tanzt fröhlich im Regen auf der nassen Straße."" direkt vor ""tanzt""? ","['sie', 'tanzt', 'fröhlich', 'im', 'regen', 'auf', 'der', 'nassen', 'straße']",sie,sie
"F: In dem Satz ""Die Kinder malen bunte Bilder für das Schulprojekt im Kunstunterricht."", welches Wort kommt unmittelbar vor dem Wort ""im""? A:","['die', 'kinder', 'malen', 'bunte', 'bilder', 'für', 'das', 'schulprojekt', 'im', 'kunstunterricht']",schulprojekt,schulprojekt
"F: In dem Satz ""Ich koche heute Abend eine leckere Suppe mit frischem Gemüse."", welches Wort kommt unmittelbar vor dem Wort ""Abend""? A:","['ich', 'koche', 'heute', 'abend', 'eine', 'leckere', 'suppe', 'mit', 'frischem', 'gemüse']",heute,abend
"F: In dem Satz ""Der Lehrer gibt viele Hausaufgaben für das Wochenende auf zur Übung."", welches Wort kommt unmittelbar vor dem Wort ""zur""? A:","['der', 'lehrer', 'gibt', 'viele', 'hausaufgaben', 'für', 'das', 'wochenende', 'auf', 'zur', 'übung']",auf,gibt
"F: In dem Satz ""Ich esse gern Schokolade und süße Kuchen am Nachmittag."", welches Wort steht direkt vor dem Wort ""Schokolade""? A:","['ich', 'esse', 'gern', 'schokolade', 'und', 'süße', 'kuchen', 'am', 'nachmittag']",gern,am
"Welches Wort steht im Satz ""Wir besuchen am Wochenende das neue Museum in der Innenstadt."" direkt vor ""besuchen""? ","['wir', 'besuchen', 'am', 'wochenende', 'das', 'neue', 'museum', 'in', 'der', 'innenstadt']",wir,das
"Welches Wort steht im Satz ""Wir gehen abends spazieren und genießen die frische Luft draußen."" direkt vor ""spazieren""? ","['wir', 'gehen', 'abends', 'spazieren', 'und', 'genießen', 'die', 'frische', 'luft', 'draußen']",abends,abends
"F: In dem Satz ""Ich höre oft Podcasts beim Autofahren zur Unterhaltung und Information."", welches Wort kommt unmittelbar vor dem Wort ""und""? A:","['ich', 'höre', 'oft', 'podcasts', 'beim', 'autofahren', 'zur', 'unterhaltung', 'und', 'information']",unterhaltung,autofahren
"F: In dem Satz ""Ich schreibe eine E-Mail an meinen Chef wegen eines Meetings."", welches Wort kommt unmittelbar vor dem Wort ""E-Mail""? A:","['ich', 'schreibe', 'eine', 'e-mail', 'an', 'meinen', 'chef', 'wegen', 'eines', 'meetings']",eine,meetings
"F: In dem Satz ""Sie liest gern spannende Bücher über Abenteuer."", welches Wort steht direkt vor dem Wort ""über""? A:","['sie', 'liest', 'gern', 'spannende', 'bücher', 'über', 'abenteuer']",bücher,gern
"Welches Wort steht im Satz ""Ich trinke morgens gern Tee mit Honig und frischer Zitrone."" direkt vor ""trinke""? ","['ich', 'trinke', 'morgens', 'gern', 'tee', 'mit', 'honig', 'und', 'frischer', 'zitrone']",ich,gern
"Welches Wort steht im Satz ""Die Katze liegt faul in der Sonne auf dem Fensterbrett."" direkt vor ""auf""? ","['die', 'katze', 'liegt', 'faul', 'in', 'der', 'sonne', 'auf', 'dem', 'fensterbrett']",sonne,faul
"Welches Wort steht im Satz ""Der Himmel ist heute bewölkt, aber es bleibt trocken und mild."" direkt vor ""Himmel""? ","['der', 'himmel', 'ist', 'heute', 'bewölkt', 'aber', 'es', 'bleibt', 'trocken', 'und', 'mild']",der,aber
"F: In dem Satz ""Ich koche heute Abend ein leckeres Gericht mit Fisch."", welches Wort steht direkt vor dem Wort ""ein""? A:","['ich', 'koche', 'heute', 'abend', 'ein', 'leckeres', 'gericht', 'mit', 'fisch']",abend,fisch
"F: In dem Satz ""Der Vogel singt früh am Morgen ein fröhliches Lied im Garten."", welches Wort kommt unmittelbar vor dem Wort ""im""? A:","['der', 'vogel', 'singt', 'früh', 'am', 'morgen', 'ein', 'fröhliches', 'lied', 'im', 'garten']",lied,am
"F: In dem Satz ""Sie trinkt morgens gerne Kaffee mit frischer Milch und Zucker."", welches Wort kommt unmittelbar vor dem Wort ""und""? A:","['sie', 'trinkt', 'morgens', 'gerne', 'kaffee', 'mit', 'frischer', 'milch', 'und', 'zucker']",milch,sie
"F: In dem Satz ""Der Himmel ist bewölkt, aber es bleibt trocken und mild."", welches Wort kommt unmittelbar vor dem Wort ""und""? A:","['der', 'himmel', 'ist', 'bewölkt', 'aber', 'es', 'bleibt', 'trocken', 'und', 'mild']",trocken,aber
"F: In dem Satz ""Sie kocht gern leckere Gerichte aus verschiedenen Ländern Europas."", welches Wort kommt unmittelbar vor dem Wort ""leckere""? A:","['sie', 'kocht', 'gern', 'leckere', 'gerichte', 'aus', 'verschiedenen', 'ländern', 'europas']",gern,sie
"Welches Wort steht im Satz ""Wir fahren im Herbst oft mit dem Auto ins Gebirge zum Wandern."" direkt vor ""ins""? ","['wir', 'fahren', 'im', 'herbst', 'oft', 'mit', 'dem', 'auto', 'ins', 'gebirge', 'zum', 'wandern']",auto,auto
"Welches Wort steht im Satz ""Wir essen heute Abend Pizza mit viel Käse und Tomaten."" direkt vor ""viel""? ","['wir', 'essen', 'heute', 'abend', 'pizza', 'mit', 'viel', 'käse', 'und', 'tomaten']",mit,pizza
"F: In dem Satz ""Ich schreibe eine E-Mail an meinen Chef wegen des Meetings."", welches Wort kommt unmittelbar vor dem Wort ""wegen""? A:","['ich', 'schreibe', 'eine', 'e-mail', 'an', 'meinen', 'chef', 'wegen', 'des', 'meetings']",chef,schreibe
"Welches Wort steht im Satz ""Der Vogel zwitschert fröhlich auf dem Ast des alten Baums."" direkt vor ""Vogel""? ","['der', 'vogel', 'zwitschert', 'fröhlich', 'auf', 'dem', 'ast', 'des', 'alten', 'baums']",der,auf
"F: In dem Satz ""Der Vogel singt früh am Morgen ein fröhliches Lied im Garten."", welches Wort kommt unmittelbar vor dem Wort ""singt""? A:","['der', 'vogel', 'singt', 'früh', 'am', 'morgen', 'ein', 'fröhliches', 'lied', 'im', 'garten']",vogel,am
"Welches Wort steht im Satz ""Wir machen eine Bootsfahrt auf dem See bei schönem Wetter."" direkt vor ""Bootsfahrt""? ","['wir', 'machen', 'eine', 'bootsfahrt', 'auf', 'dem', 'see', 'bei', 'schönem', 'wetter']",eine,auf
"F: In dem Satz ""Sie schreibt eine Postkarte an ihre beste Freundin."", welches Wort steht direkt vor dem Wort ""ihre""? A:","['sie', 'schreibt', 'eine', 'postkarte', 'an', 'ihre', 'beste', 'freundin']",an,sie
"F: In dem Satz ""Wir feiern Ostern traditionell mit bunten Eiern und Familie."", welches Wort kommt unmittelbar vor dem Wort ""mit""? A:","['wir', 'feiern', 'ostern', 'traditionell', 'mit', 'bunten', 'eiern', 'und', 'familie']",traditionell,familie
"Welches Wort steht im Satz ""Der Vogel baut ein Nest im Baum vor unserem Haus."" direkt vor ""baut""? ","['der', 'vogel', 'baut', 'ein', 'nest', 'im', 'baum', 'vor', 'unserem', 'haus']",vogel,im
"F: In dem Satz ""Ich lerne Deutsch, um in Deutschland zu arbeiten und mich zu verständigen."", welches Wort steht direkt vor dem Wort ""und""? A:","['ich', 'lerne', 'deutsch', 'um', 'in', 'deutschland', 'zu', 'arbeiten', 'und', 'mich', 'zu', 'verständigen']",arbeiten,deutschland
"F: In dem Satz ""Wir essen heute frische Pasta mit Tomatensoße und Salat dazu gern."", welches Wort kommt unmittelbar vor dem Wort ""essen""? A:","['wir', 'essen', 'heute', 'frische', 'pasta', 'mit', 'tomatensoße', 'und', 'salat', 'dazu', 'gern']",wir,frische
"Welches Wort steht im Satz ""Wir treffen uns am Sonntag zum Frühstück im Café."" direkt vor ""uns""? ","['wir', 'treffen', 'uns', 'am', 'sonntag', 'zum', 'frühstück', 'im', 'café']",treffen,treffen
"F: In dem Satz ""Der Junge spielt gerne Fußball auf dem Sportplatz."", welches Wort steht direkt vor dem Wort ""dem""? A:","['der', 'junge', 'spielt', 'gerne', 'fußball', 'auf', 'dem', 'sportplatz']",auf,sportplatz
"F: In dem Satz ""Ich koche heute eine cremige Kürbissuppe mit frischen Gewürzen."", welches Wort kommt unmittelbar vor dem Wort ""frischen""? A:","['ich', 'koche', 'heute', 'eine', 'cremige', 'kürbissuppe', 'mit', 'frischen', 'gewürzen']",mit,heute
"F: In dem Satz ""Die Kinder spielen draußen im Garten mit ihren Freunden."", welches Wort steht direkt vor dem Wort ""spielen""? A:","['die', 'kinder', 'spielen', 'draußen', 'im', 'garten', 'mit', 'ihren', 'freunden']",kinder,ihren
"F: In dem Satz ""Sie hört Musik, während sie Hausaufgaben macht und sich konzentriert."", welches Wort kommt unmittelbar vor dem Wort ""Musik""? A:","['sie', 'hört', 'musik', 'während', 'sie', 'hausaufgaben', 'macht', 'und', 'sich', 'konzentriert']",hört,hört
"Welches Wort steht im Satz ""Ich genieße die Ruhe beim Lesen eines spannenden Romans."" direkt vor ""Ruhe""? ","['ich', 'genieße', 'die', 'ruhe', 'beim', 'lesen', 'eines', 'spannenden', 'romans']",die,lesen
"F: In dem Satz ""Sie schreibt ein Gedicht über den Frühling und die Natur."", welches Wort steht direkt vor dem Wort ""Frühling""? A:","['sie', 'schreibt', 'ein', 'gedicht', 'über', 'den', 'frühling', 'und', 'die', 'natur']",den,gedicht
"Welches Wort steht im Satz ""Die Blumen blühen bunt im Frühling auf dem Balkon zuhause."" direkt vor ""Blumen""? ","['die', 'blumen', 'blühen', 'bunt', 'im', 'frühling', 'auf', 'dem', 'balkon', 'zuhause']",die,auf
"Welches Wort steht im Satz ""Der Vogel baut ein Nest im Baum vor unserem Haus."" direkt vor ""im""? ","['der', 'vogel', 'baut', 'ein', 'nest', 'im', 'baum', 'vor', 'unserem', 'haus']",nest,nest
"F: In dem Satz ""Das Kind malt ein buntes Bild mit vielen Farben."", welches Wort steht direkt vor dem Wort ""ein""? A:","['das', 'kind', 'malt', 'ein', 'buntes', 'bild', 'mit', 'vielen', 'farben']",malt,ein
"Welches Wort steht im Satz ""Der Vogel zwitschert fröhlich auf dem Baum im Park."" direkt vor ""Vogel""? ","['der', 'vogel', 'zwitschert', 'fröhlich', 'auf', 'dem', 'baum', 'im', 'park']",der,park
"F: In dem Satz ""Der Vogel baut ein Nest hoch oben im Baum."", welches Wort steht direkt vor dem Wort ""ein""? A:","['der', 'vogel', 'baut', 'ein', 'nest', 'hoch', 'oben', 'im', 'baum']",baut,hoch
"Welches Wort steht im Satz ""Der Regen fällt sanft auf die Blätter im Garten."" direkt vor ""auf""? ","['der', 'regen', 'fällt', 'sanft', 'auf', 'die', 'blätter', 'im', 'garten']",sanft,auf
"F: In dem Satz ""Wir besuchen am Sonntag das Museum für moderne Kunst in der Stadt."", welches Wort kommt unmittelbar vor dem Wort ""das""? A:","['wir', 'besuchen', 'am', 'sonntag', 'das', 'museum', 'für', 'moderne', 'kunst', 'in', 'der', 'stadt']",sonntag,am
"Welches Wort steht im Satz ""Der Lehrer erklärt die neue Grammatikregel geduldig und verständlich."" direkt vor ""und""? ","['der', 'lehrer', 'erklärt', 'die', 'neue', 'grammatikregel', 'geduldig', 'und', 'verständlich']",geduldig,und
"Welches Wort steht im Satz ""Ich koche heute Abend eine leckere Gemüsesuppe mit frischen Kräutern."" direkt vor ""eine""? ","['ich', 'koche', 'heute', 'abend', 'eine', 'leckere', 'gemüsesuppe', 'mit', 'frischen', 'kräutern']",abend,abend
"F: In dem Satz ""Die Katze spielt mit dem kleinen roten Laserpunkt im Wohnzimmer."", welches Wort kommt unmittelbar vor dem Wort ""mit""? A:","['die', 'katze', 'spielt', 'mit', 'dem', 'kleinen', 'roten', 'laserpunkt', 'im', 'wohnzimmer']",spielt,laserpunkt
"F: In dem Satz ""Der Hund bellt laut, wenn jemand an der Tür klingelt und begrüßt."", welches Wort steht direkt vor dem Wort ""der""? A:","['der', 'hund', 'bellt', 'laut', 'wenn', 'jemand', 'an', 'der', 'tür', 'klingelt', 'und', 'begrüßt']",an,an
"F: In dem Satz ""Die Blumen im Garten blühen bunt und duften wunderbar."", welches Wort steht direkt vor dem Wort ""und""? A:","['die', 'blumen', 'im', 'garten', 'blühen', 'bunt', 'und', 'duften', 'wunderbar']",bunt,und
"F: In dem Satz ""Wir machen einen Ausflug zum See am Samstag."", welches Wort steht direkt vor dem Wort ""See""? A:","['wir', 'machen', 'einen', 'ausflug', 'zum', 'see', 'am', 'samstag']",zum,samstag
"F: In dem Satz ""Die Blumen duften herrlich im Garten neben dem Haus."", welches Wort kommt unmittelbar vor dem Wort ""dem""? A:","['die', 'blumen', 'duften', 'herrlich', 'im', 'garten', 'neben', 'dem', 'haus']",neben,haus
"F: In dem Satz ""Sie kocht leckere Gerichte aus frischem Gemüse und Kräutern."", welches Wort kommt unmittelbar vor dem Wort ""leckere""? A:","['sie', 'kocht', 'leckere', 'gerichte', 'aus', 'frischem', 'gemüse', 'und', 'kräutern']",kocht,sie
"F: In dem Satz ""Wir feiern Silvester mit Freunden und einem großen Feuerwerk."", welches Wort kommt unmittelbar vor dem Wort ""mit""? A:","['wir', 'feiern', 'silvester', 'mit', 'freunden', 'und', 'einem', 'großen', 'feuerwerk']",silvester,silvester
"Welches Wort steht im Satz ""Sie schreibt eine Karte an ihre Freundin zum Geburtstag."" direkt vor ""Freundin""? ","['sie', 'schreibt', 'eine', 'karte', 'an', 'ihre', 'freundin', 'zum', 'geburtstag']",ihre,an
"F: In dem Satz ""Sie fährt jeden Tag mit dem Fahrrad zur Arbeit."", welches Wort steht direkt vor dem Wort ""Fahrrad""? A:","['sie', 'fährt', 'jeden', 'tag', 'mit', 'dem', 'fahrrad', 'zur', 'arbeit']",dem,zur
"F: In dem Satz ""Wir machen eine Pause und trinken eine Tasse Kaffee zusammen im Café."", welches Wort steht direkt vor dem Wort ""Kaffee""? A:","['wir', 'machen', 'eine', 'pause', 'und', 'trinken', 'eine', 'tasse', 'kaffee', 'zusammen', 'im', 'café']",tasse,kaffee
"F: In dem Satz ""Der Lehrer lobt die Schüler für ihre guten Leistungen."", welches Wort kommt unmittelbar vor dem Wort ""ihre""? A:","['der', 'lehrer', 'lobt', 'die', 'schüler', 'für', 'ihre', 'guten', 'leistungen']",für,für
"F: In dem Satz ""Ich gehe abends spazieren, um den Kopf frei zu bekommen."", welches Wort kommt unmittelbar vor dem Wort ""zu""? A:","['ich', 'gehe', 'abends', 'spazieren', 'um', 'den', 'kopf', 'frei', 'zu', 'bekommen']",frei,den
"F: In dem Satz ""Sie liest jeden Abend vor dem Schlafengehen ein Buch."", welches Wort steht direkt vor dem Wort ""dem""? A:","['sie', 'liest', 'jeden', 'abend', 'vor', 'dem', 'schlafengehen', 'ein', 'buch']",vor,buch
"F: In dem Satz ""Sie trinkt morgens warmen Tee mit Honig und Zitrone."", welches Wort kommt unmittelbar vor dem Wort ""Honig""? A:","['sie', 'trinkt', 'morgens', 'warmen', 'tee', 'mit', 'honig', 'und', 'zitrone']",mit,sie
"F: In dem Satz ""Der Vogel zwitschert laut im Garten und begrüßt den neuen Tag."", welches Wort kommt unmittelbar vor dem Wort ""Vogel""? A:","['der', 'vogel', 'zwitschert', 'laut', 'im', 'garten', 'und', 'begrüßt', 'den', 'neuen', 'tag']",der,neuen
"F: In dem Satz ""Wir feiern Weihnachten traditionell mit der ganzen Familie und Geschenken."", welches Wort kommt unmittelbar vor dem Wort ""feiern""? A:","['wir', 'feiern', 'weihnachten', 'traditionell', 'mit', 'der', 'ganzen', 'familie', 'und', 'geschenken']",wir,familie
"F: In dem Satz ""Das Konzert beginnt um acht Uhr am Abend."", welches Wort steht direkt vor dem Wort ""um""? A:","['das', 'konzert', 'beginnt', 'um', 'acht', 'uhr', 'am', 'abend']",beginnt,beginnt
"F: In dem Satz ""Die Blumen auf dem Balkon blühen schön in der warmen Sonne."", welches Wort kommt unmittelbar vor dem Wort ""dem""? A:","['die', 'blumen', 'auf', 'dem', 'balkon', 'blühen', 'schön', 'in', 'der', 'warmen', 'sonne']",auf,in
"F: In dem Satz ""Sie kocht heute eine Suppe mit vielen frischen Kräutern."", welches Wort steht direkt vor dem Wort ""kocht""? A:","['sie', 'kocht', 'heute', 'eine', 'suppe', 'mit', 'vielen', 'frischen', 'kräutern']",sie,heute
"Welches Wort steht im Satz ""Der Himmel ist heute bewölkt, aber es bleibt trocken und mild."" direkt vor ""bewölkt""? ","['der', 'himmel', 'ist', 'heute', 'bewölkt', 'aber', 'es', 'bleibt', 'trocken', 'und', 'mild']",heute,bewölkt
"F: In dem Satz ""Wir machen einen Ausflug in die Berge und genießen die Natur."", welches Wort steht direkt vor dem Wort ""genießen""? A:","['wir', 'machen', 'einen', 'ausflug', 'in', 'die', 'berge', 'und', 'genießen', 'die', 'natur']",und,genießen
"F: In dem Satz ""Die Blumen blühen bunt und duften angenehm im Frühling."", welches Wort steht direkt vor dem Wort ""im""? A:","['die', 'blumen', 'blühen', 'bunt', 'und', 'duften', 'angenehm', 'im', 'frühling']",angenehm,bunt
"F: In dem Satz ""Der Zug kommt pünktlich am Bahnhof an."", welches Wort steht direkt vor dem Wort ""am""? A:","['der', 'zug', 'kommt', 'pünktlich', 'am', 'bahnhof', 'an']",pünktlich,am
"Welches Wort steht im Satz ""Die Katze spielt mit ihrem Lieblingsspielzeug im Wohnzimmer fröhlich."" direkt vor ""Katze""? ","['die', 'katze', 'spielt', 'mit', 'ihrem', 'lieblingsspielzeug', 'im', 'wohnzimmer', 'fröhlich']",die,katze
"F: In dem Satz ""Sie spielt Geige und übt fleißig für das Konzert nächste Woche."", welches Wort kommt unmittelbar vor dem Wort ""fleißig""? A:","['sie', 'spielt', 'geige', 'und', 'übt', 'fleißig', 'für', 'das', 'konzert', 'nächste', 'woche']",übt,konzert
"F: In dem Satz ""Wir besuchen nächste Woche das Museum für moderne Kunst."", welches Wort steht direkt vor dem Wort ""Woche""? A:","['wir', 'besuchen', 'nächste', 'woche', 'das', 'museum', 'für', 'moderne', 'kunst']",nächste,das
"F: In dem Satz ""Sie schreibt eine Karte an ihre Großeltern zum Geburtstag."", welches Wort steht direkt vor dem Wort ""Karte""? A:","['sie', 'schreibt', 'eine', 'karte', 'an', 'ihre', 'großeltern', 'zum', 'geburtstag']",eine,zum
"F: In dem Satz ""Wir fahren im Winter in die Berge zum Skifahren und Rodeln oft."", welches Wort kommt unmittelbar vor dem Wort ""fahren""? A:","['wir', 'fahren', 'im', 'winter', 'in', 'die', 'berge', 'zum', 'skifahren', 'und', 'rodeln', 'oft']",wir,die
"Welches Wort steht im Satz ""Die Blumen auf dem Balkon blühen schön in der warmen Sonne."" direkt vor ""warmen""? ","['die', 'blumen', 'auf', 'dem', 'balkon', 'blühen', 'schön', 'in', 'der', 'warmen', 'sonne']",der,die
"F: In dem Satz ""Die Kinder malen Bilder für den Kunstwettbewerb in der Schule."", welches Wort kommt unmittelbar vor dem Wort ""der""? A:","['die', 'kinder', 'malen', 'bilder', 'für', 'den', 'kunstwettbewerb', 'in', 'der', 'schule']",in,den
"F: In dem Satz ""Wir fahren mit dem Fahrrad durch den Park am Wochenende zum Ausflug."", welches Wort kommt unmittelbar vor dem Wort ""am""? A:","['wir', 'fahren', 'mit', 'dem', 'fahrrad', 'durch', 'den', 'park', 'am', 'wochenende', 'zum', 'ausflug']",park,durch
"F: In dem Satz ""Sie schreibt eine Postkarte aus dem Urlaub an ihre Freunde."", welches Wort kommt unmittelbar vor dem Wort ""Urlaub""? A:","['sie', 'schreibt', 'eine', 'postkarte', 'aus', 'dem', 'urlaub', 'an', 'ihre', 'freunde']",dem,sie
"Welches Wort steht im Satz ""Er fährt jeden Tag mit dem Fahrrad zur Arbeit in der Stadt."" direkt vor ""fährt""? ","['er', 'fährt', 'jeden', 'tag', 'mit', 'dem', 'fahrrad', 'zur', 'arbeit', 'in', 'der', 'stadt']",er,in
"F: In dem Satz ""Die Katze spielt mit ihrem Lieblingsspielzeug im Wohnzimmer fröhlich."", welches Wort kommt unmittelbar vor dem Wort ""mit""? A:","['die', 'katze', 'spielt', 'mit', 'ihrem', 'lieblingsspielzeug', 'im', 'wohnzimmer', 'fröhlich']",spielt,die
"F: In dem Satz ""Ich lese oft spannende Bücher über Geschichte und Kultur aus aller Welt."", welches Wort steht direkt vor dem Wort ""oft""? A:","['ich', 'lese', 'oft', 'spannende', 'bücher', 'über', 'geschichte', 'und', 'kultur', 'aus', 'aller', 'welt']",lese,aller
"F: In dem Satz ""Wir feiern Weihnachten mit der ganzen Familie zusammen und essen viel."", welches Wort steht direkt vor dem Wort ""zusammen""? A:","['wir', 'feiern', 'weihnachten', 'mit', 'der', 'ganzen', 'familie', 'zusammen', 'und', 'essen', 'viel']",familie,essen
"F: In dem Satz ""Im Park spielen viele Kinder laut auf dem Spielplatz."", welches Wort steht direkt vor dem Wort ""laut""? A:","['im', 'park', 'spielen', 'viele', 'kinder', 'laut', 'auf', 'dem', 'spielplatz']",kinder,spielplatz
"Welches Wort steht im Satz ""Die Kinder spielen Verstecken im Garten und lachen laut."" direkt vor ""Verstecken""? ","['die', 'kinder', 'spielen', 'verstecken', 'im', 'garten', 'und', 'lachen', 'laut']",spielen,garten
"F: In dem Satz ""Er liest die Zeitung beim Frühstück jeden Morgen."", welches Wort steht direkt vor dem Wort ""Frühstück""? A:","['er', 'liest', 'die', 'zeitung', 'beim', 'frühstück', 'jeden', 'morgen']",beim,beim
"Welches Wort steht im Satz ""Er repariert sein Fahrrad in der Werkstatt seines Nachbarn."" direkt vor ""der""? ","['er', 'repariert', 'sein', 'fahrrad', 'in', 'der', 'werkstatt', 'seines', 'nachbarn']",in,der
"F: In dem Satz ""Ich gehe abends spazieren, um den Kopf frei zu bekommen."", welches Wort kommt unmittelbar vor dem Wort ""den""? A:","['ich', 'gehe', 'abends', 'spazieren', 'um', 'den', 'kopf', 'frei', 'zu', 'bekommen']",um,frei
"Welches Wort steht im Satz ""Die Sonne scheint warm auf das Gesicht im Sommer."" direkt vor ""warm""? ","['die', 'sonne', 'scheint', 'warm', 'auf', 'das', 'gesicht', 'im', 'sommer']",scheint,auf
"Welches Wort steht im Satz ""Er repariert das Fahrrad im Keller mit Werkzeug und Geduld."" direkt vor ""im""? ","['er', 'repariert', 'das', 'fahrrad', 'im', 'keller', 'mit', 'werkzeug', 'und', 'geduld']",fahrrad,im
"F: In dem Satz ""Der Himmel ist klar und die Sonne scheint warm und hell."", welches Wort kommt unmittelbar vor dem Wort ""scheint""? A:","['der', 'himmel', 'ist', 'klar', 'und', 'die', 'sonne', 'scheint', 'warm', 'und', 'hell']",sonne,himmel
"F: In dem Satz ""Der Film im Kino war sehr spannend und lustig."", welches Wort steht direkt vor dem Wort ""sehr""? A:","['der', 'film', 'im', 'kino', 'war', 'sehr', 'spannend', 'und', 'lustig']",war,im
"Welches Wort steht im Satz ""Die Blumen blühen bunt und duften herrlich im Frühlingsgarten."" direkt vor ""im""? ","['die', 'blumen', 'blühen', 'bunt', 'und', 'duften', 'herrlich', 'im', 'frühlingsgarten']",herrlich,herrlich
"F: In dem Satz ""Ich gehe joggen im Wald am Morgen und genieße."", welches Wort steht direkt vor dem Wort ""joggen""? A:","['ich', 'gehe', 'joggen', 'im', 'wald', 'am', 'morgen', 'und', 'genieße']",gehe,joggen
"Welches Wort steht im Satz ""Der Hund liebt es, im Park mit anderen Hunden zu spielen."" direkt vor ""zu""? ","['der', 'hund', 'liebt', 'es', 'im', 'park', 'mit', 'anderen', 'hunden', 'zu', 'spielen']",hunden,anderen
"F: In dem Satz ""Sie kocht oft italienische Gerichte mit frischen Kräutern und Tomaten."", welches Wort kommt unmittelbar vor dem Wort ""kocht""? A:","['sie', 'kocht', 'oft', 'italienische', 'gerichte', 'mit', 'frischen', 'kräutern', 'und', 'tomaten']",sie,tomaten
"F: In dem Satz ""Ich lese oft spannende Bücher über Geschichte und Kultur."", welches Wort steht direkt vor dem Wort ""über""? A:","['ich', 'lese', 'oft', 'spannende', 'bücher', 'über', 'geschichte', 'und', 'kultur']",bücher,spannende
"F: In dem Satz ""Wir treffen uns am Sonntag zum gemütlichen Frühstück im Café."", welches Wort kommt unmittelbar vor dem Wort ""im""? A:","['wir', 'treffen', 'uns', 'am', 'sonntag', 'zum', 'gemütlichen', 'frühstück', 'im', 'café']",frühstück,am
"F: In dem Satz ""Wir besuchen nächste Woche das Theater und sehen ein neues Stück."", welches Wort steht direkt vor dem Wort ""neues""? A:","['wir', 'besuchen', 'nächste', 'woche', 'das', 'theater', 'und', 'sehen', 'ein', 'neues', 'stück']",ein,nächste
"F: In dem Satz ""Der Vogel singt ein schönes Lied am frühen Morgen."", welches Wort steht direkt vor dem Wort ""singt""? A:","['der', 'vogel', 'singt', 'ein', 'schönes', 'lied', 'am', 'frühen', 'morgen']",vogel,am
"F: In dem Satz ""Wir fahren im Sommer ans Meer zum Schwimmen und Entspannen jedes Jahr heute."", welches Wort kommt unmittelbar vor dem Wort ""im""? A:","['wir', 'fahren', 'im', 'sommer', 'ans', 'meer', 'zum', 'schwimmen', 'und', 'entspannen', 'jedes', 'jahr', 'heute']",fahren,meer
"F: In dem Satz ""Die Blumen auf dem Balkon blühen schön in der warmen Sonne."", welches Wort kommt unmittelbar vor dem Wort ""schön""? A:","['die', 'blumen', 'auf', 'dem', 'balkon', 'blühen', 'schön', 'in', 'der', 'warmen', 'sonne']",blühen,auf
"F: In dem Satz ""Der Hund wartet geduldig vor der Tür."", welches Wort steht direkt vor dem Wort ""der""? A:","['der', 'hund', 'wartet', 'geduldig', 'vor', 'der', 'tür']",vor,tür
"F: In dem Satz ""Er fährt jeden Morgen mit dem Fahrrad zur Arbeit in die Stadt."", welches Wort kommt unmittelbar vor dem Wort ""dem""? A:","['er', 'fährt', 'jeden', 'morgen', 'mit', 'dem', 'fahrrad', 'zur', 'arbeit', 'in', 'die', 'stadt']",mit,dem
"F: In dem Satz ""Wir feiern Weihnachten mit der ganzen Familie zusammen."", welches Wort steht direkt vor dem Wort ""Weihnachten""? A:","['wir', 'feiern', 'weihnachten', 'mit', 'der', 'ganzen', 'familie', 'zusammen']",feiern,mit
"F: In dem Satz ""Wir besuchen morgen das neue Museum in der Stadt."", welches Wort steht direkt vor dem Wort ""der""? A:","['wir', 'besuchen', 'morgen', 'das', 'neue', 'museum', 'in', 'der', 'stadt']",in,neue
"Welches Wort steht im Satz ""Wir essen heute Abend frische Pasta mit Tomatensoße und Parmesan."" direkt vor ""und""? ","['wir', 'essen', 'heute', 'abend', 'frische', 'pasta', 'mit', 'tomatensoße', 'und', 'parmesan']",tomatensoße,parmesan
"F: In dem Satz ""Wir machen eine Pause und trinken Kaffee zusammen in der Küche oft."", welches Wort kommt unmittelbar vor dem Wort ""in""? A:","['wir', 'machen', 'eine', 'pause', 'und', 'trinken', 'kaffee', 'zusammen', 'in', 'der', 'küche', 'oft']",zusammen,der
"F: In dem Satz ""Ich schreibe eine Nachricht an meine Eltern zum Geburtstag heute."", welches Wort kommt unmittelbar vor dem Wort ""eine""? A:","['ich', 'schreibe', 'eine', 'nachricht', 'an', 'meine', 'eltern', 'zum', 'geburtstag', 'heute']",schreibe,an
"F: In dem Satz ""Ich schreibe eine E-Mail an meinen Chef wegen Terminen."", welches Wort steht direkt vor dem Wort ""an""? A:","['ich', 'schreibe', 'eine', 'e-mail', 'an', 'meinen', 'chef', 'wegen', 'terminen']",e-mail,ich
"F: In dem Satz ""Wir fahren mit dem Fahrrad durch den Park am Wochenende."", welches Wort steht direkt vor dem Wort ""durch""? A:","['wir', 'fahren', 'mit', 'dem', 'fahrrad', 'durch', 'den', 'park', 'am', 'wochenende']",fahrrad,dem
"F: In dem Satz ""Sie schreibt eine E-Mail an ihre Freundin und erzählt."", welches Wort steht direkt vor dem Wort ""und""? A:","['sie', 'schreibt', 'eine', 'e-mail', 'an', 'ihre', 'freundin', 'und', 'erzählt']",freundin,an
"F: In dem Satz ""Ich lerne jeden Tag neue deutsche Wörter."", welches Wort steht direkt vor dem Wort ""deutsche""? A:","['ich', 'lerne', 'jeden', 'tag', 'neue', 'deutsche', 'wörter']",neue,jeden
"F: In dem Satz ""Der Lehrer gibt viele Hausaufgaben für das Wochenende an seine Schüler."", welches Wort steht direkt vor dem Wort ""gibt""? A:","['der', 'lehrer', 'gibt', 'viele', 'hausaufgaben', 'für', 'das', 'wochenende', 'an', 'seine', 'schüler']",lehrer,an
"F: In dem Satz ""Sie kocht gern mit frischen Kräutern aus dem Garten."", welches Wort steht direkt vor dem Wort ""kocht""? A:","['sie', 'kocht', 'gern', 'mit', 'frischen', 'kräutern', 'aus', 'dem', 'garten']",sie,aus
"Welches Wort steht im Satz ""Die Kinder freuen sich auf die bevorstehenden Sommerferien sehr."" direkt vor ""Kinder""? ","['die', 'kinder', 'freuen', 'sich', 'auf', 'die', 'bevorstehenden', 'sommerferien', 'sehr']",die,auf
"F: In dem Satz ""Sie kocht gerne mit frischen Kräutern aus dem Garten."", welches Wort steht direkt vor dem Wort ""kocht""? A:","['sie', 'kocht', 'gerne', 'mit', 'frischen', 'kräutern', 'aus', 'dem', 'garten']",sie,frischen
"Welches Wort steht im Satz ""Wir feiern heute ein Fest mit Freunden und leckerem Essen."" direkt vor ""heute""? ","['wir', 'feiern', 'heute', 'ein', 'fest', 'mit', 'freunden', 'und', 'leckerem', 'essen']",feiern,fest
"F: In dem Satz ""Der Berg ist hoch und bietet tolle Aussicht auf das Tal."", welches Wort kommt unmittelbar vor dem Wort ""das""? A:","['der', 'berg', 'ist', 'hoch', 'und', 'bietet', 'tolle', 'aussicht', 'auf', 'das', 'tal']",auf,der
"F: In dem Satz ""Wir feiern Weihnachten mit der ganzen Familie zusammen und genießen."", welches Wort kommt unmittelbar vor dem Wort ""ganzen""? A:","['wir', 'feiern', 'weihnachten', 'mit', 'der', 'ganzen', 'familie', 'zusammen', 'und', 'genießen']",der,ganzen
"F: In dem Satz ""Sie liest gern spannende Krimis und Thriller am Abend vor dem Schlafen."", welches Wort kommt unmittelbar vor dem Wort ""am""? A:","['sie', 'liest', 'gern', 'spannende', 'krimis', 'und', 'thriller', 'am', 'abend', 'vor', 'dem', 'schlafen']",thriller,abend
"F: In dem Satz ""Sie hört gern Musik, während sie am Computer arbeitet zu Hause oft."", welches Wort kommt unmittelbar vor dem Wort ""Hause""? A:","['sie', 'hört', 'gern', 'musik', 'während', 'sie', 'am', 'computer', 'arbeitet', 'zu', 'hause', 'oft']",zu,musik
"F: In dem Satz ""Wir feiern Ostern traditionell mit bunten Eiern und der Familie."", welches Wort kommt unmittelbar vor dem Wort ""Eiern""? A:","['wir', 'feiern', 'ostern', 'traditionell', 'mit', 'bunten', 'eiern', 'und', 'der', 'familie']",bunten,familie
"Welches Wort steht im Satz ""Er fährt jeden Morgen mit dem Fahrrad zur Arbeit in die Stadt."" direkt vor ""die""? ","['er', 'fährt', 'jeden', 'morgen', 'mit', 'dem', 'fahrrad', 'zur', 'arbeit', 'in', 'die', 'stadt']",in,arbeit
"F: In dem Satz ""Sie hört Musik, während sie Hausaufgaben macht."", welches Wort steht direkt vor dem Wort ""Musik""? A:","['sie', 'hört', 'musik', 'während', 'sie', 'hausaufgaben', 'macht']",hört,sie
"F: In dem Satz ""Ich koche heute Abend ein leckeres Abendessen für meine Familie."", welches Wort steht direkt vor dem Wort ""ein""? A:","['ich', 'koche', 'heute', 'abend', 'ein', 'leckeres', 'abendessen', 'für', 'meine', 'familie']",abend,abendessen
"F: In dem Satz ""Sie schreibt eine Karte an ihre Freundin zum Geburtstag."", welches Wort kommt unmittelbar vor dem Wort ""eine""? A:","['sie', 'schreibt', 'eine', 'karte', 'an', 'ihre', 'freundin', 'zum', 'geburtstag']",schreibt,ihre
"Welches Wort steht im Satz ""Sie liest gern spannende Romane über Abenteuer und ferne Länder."" direkt vor ""liest""? ","['sie', 'liest', 'gern', 'spannende', 'romane', 'über', 'abenteuer', 'und', 'ferne', 'länder']",sie,abenteuer
"F: In dem Satz ""Der Vogel baut ein Nest hoch oben im alten Baum."", welches Wort kommt unmittelbar vor dem Wort ""Nest""? A:","['der', 'vogel', 'baut', 'ein', 'nest', 'hoch', 'oben', 'im', 'alten', 'baum']",ein,alten
"Welches Wort steht im Satz ""Wir gehen morgen früh zum Markt, um frisches Obst zu kaufen."" direkt vor ""gehen""? ","['wir', 'gehen', 'morgen', 'früh', 'zum', 'markt', 'um', 'frisches', 'obst', 'zu', 'kaufen']",wir,kaufen
"F: In dem Satz ""Wir feiern im Sommer ein großes Familienfest."", welches Wort steht direkt vor dem Wort ""ein""? A:","['wir', 'feiern', 'im', 'sommer', 'ein', 'großes', 'familienfest']",sommer,großes
"Welches Wort steht im Satz ""Wir feiern heute den Geburtstag meiner Schwester mit vielen Gästen."" direkt vor ""den""? ","['wir', 'feiern', 'heute', 'den', 'geburtstag', 'meiner', 'schwester', 'mit', 'vielen', 'gästen']",heute,mit
"Welches Wort steht im Satz ""Wir treffen uns am Sonntag zum Frühstück im kleinen Café."" direkt vor ""treffen""? ","['wir', 'treffen', 'uns', 'am', 'sonntag', 'zum', 'frühstück', 'im', 'kleinen', 'café']",wir,im
"F: In dem Satz ""Wir feiern nächsten Monat eine große Geburtstagsparty."", welches Wort steht direkt vor dem Wort ""Monat""? A:","['wir', 'feiern', 'nächsten', 'monat', 'eine', 'große', 'geburtstagsparty']",nächsten,geburtstagsparty
"Welches Wort steht im Satz ""Die Katze springt geschickt auf das hohe Bücherregal oben."" direkt vor ""das""? ","['die', 'katze', 'springt', 'geschickt', 'auf', 'das', 'hohe', 'bücherregal', 'oben']",auf,bücherregal
"Welches Wort steht im Satz ""Der Vogel fliegt hoch in den blauen Himmel über uns."" direkt vor ""blauen""? ","['der', 'vogel', 'fliegt', 'hoch', 'in', 'den', 'blauen', 'himmel', 'über', 'uns']",den,blauen
"F: In dem Satz ""Der Hund läuft schnell durch den Garten und spielt mit dem Ball."", welches Wort kommt unmittelbar vor dem Wort ""Hund""? A:","['der', 'hund', 'läuft', 'schnell', 'durch', 'den', 'garten', 'und', 'spielt', 'mit', 'dem', 'ball']",der,durch
"Welches Wort steht im Satz ""Wir feiern Weihnachten mit der ganzen Familie und leckerem Essen."" direkt vor ""Weihnachten""? ","['wir', 'feiern', 'weihnachten', 'mit', 'der', 'ganzen', 'familie', 'und', 'leckerem', 'essen']",feiern,der
"F: In dem Satz ""Der Vogel zwitschert laut im Garten und begrüßt den neuen Tag."", welches Wort kommt unmittelbar vor dem Wort ""im""? A:","['der', 'vogel', 'zwitschert', 'laut', 'im', 'garten', 'und', 'begrüßt', 'den', 'neuen', 'tag']",laut,laut
"F: In dem Satz ""Ich höre Musik, während ich Hausaufgaben mache und mich konzentriere."", welches Wort kommt unmittelbar vor dem Wort ""mache""? A:","['ich', 'höre', 'musik', 'während', 'ich', 'hausaufgaben', 'mache', 'und', 'mich', 'konzentriere']",hausaufgaben,mich
"F: In dem Satz ""Das Kind malt ein buntes Bild mit vielen Farben."", welches Wort steht direkt vor dem Wort ""malt""? A:","['das', 'kind', 'malt', 'ein', 'buntes', 'bild', 'mit', 'vielen', 'farben']",kind,das
"F: In dem Satz ""Wir besuchen im Sommer oft den See zum Schwimmen und Entspannen."", welches Wort kommt unmittelbar vor dem Wort ""Sommer""? A:","['wir', 'besuchen', 'im', 'sommer', 'oft', 'den', 'see', 'zum', 'schwimmen', 'und', 'entspannen']",im,im
"F: In dem Satz ""Der Lehrer lobt die Schüler für ihre guten Leistungen."", welches Wort steht direkt vor dem Wort ""ihre""? A:","['der', 'lehrer', 'lobt', 'die', 'schüler', 'für', 'ihre', 'guten', 'leistungen']",für,guten
"F: In dem Satz ""Wir machen eine Pause und trinken eine Tasse Kaffee."", welches Wort steht direkt vor dem Wort ""Tasse""? A:","['wir', 'machen', 'eine', 'pause', 'und', 'trinken', 'eine', 'tasse', 'kaffee']",eine,pause
"F: In dem Satz ""Wir machen eine Pause und trinken eine Tasse Kaffee."", welches Wort steht direkt vor dem Wort ""Tasse""? A:","['wir', 'machen', 'eine', 'pause', 'und', 'trinken', 'eine', 'tasse', 'kaffee']",eine,machen
"F: In dem Satz ""Ich trinke morgens gern Tee mit Honig und frischer Zitrone."", welches Wort kommt unmittelbar vor dem Wort ""gern""? A:","['ich', 'trinke', 'morgens', 'gern', 'tee', 'mit', 'honig', 'und', 'frischer', 'zitrone']",morgens,morgens
"F: In dem Satz ""Der Lehrer gibt uns viele interessante Aufgaben im Unterricht."", welches Wort steht direkt vor dem Wort ""Aufgaben""? A:","['der', 'lehrer', 'gibt', 'uns', 'viele', 'interessante', 'aufgaben', 'im', 'unterricht']",interessante,interessante
"F: In dem Satz ""Der Hund bellt laut, wenn jemand an der Tür klingelt."", welches Wort steht direkt vor dem Wort ""jemand""? A:","['der', 'hund', 'bellt', 'laut', 'wenn', 'jemand', 'an', 'der', 'tür', 'klingelt']",wenn,an
"F: In dem Satz ""Sie hat ein neues Kleid für die Party gekauft."", welches Wort steht direkt vor dem Wort ""die""? A:","['sie', 'hat', 'ein', 'neues', 'kleid', 'für', 'die', 'party', 'gekauft']",für,gekauft
"F: In dem Satz ""Bitte öffne das Fenster, es ist warm und stickig im Zimmer heute."", welches Wort kommt unmittelbar vor dem Wort ""ist""? A:","['bitte', 'öffne', 'das', 'fenster', 'es', 'ist', 'warm', 'und', 'stickig', 'im', 'zimmer', 'heute']",es,stickig
"F: In dem Satz ""Wir treffen uns am Sonntag zum Frühstück im Café."", welches Wort kommt unmittelbar vor dem Wort ""Frühstück""? A:","['wir', 'treffen', 'uns', 'am', 'sonntag', 'zum', 'frühstück', 'im', 'café']",zum,treffen
"F: In dem Satz ""Wir feiern Silvester mit Freunden und viel Spaß und Musik in der Stadt."", welches Wort steht direkt vor dem Wort ""Musik""? A:","['wir', 'feiern', 'silvester', 'mit', 'freunden', 'und', 'viel', 'spaß', 'und', 'musik', 'in', 'der', 'stadt']",und,der
"F: In dem Satz ""Sie kocht heute eine Suppe mit frischen Kräutern."", welches Wort steht direkt vor dem Wort ""Suppe""? A:","['sie', 'kocht', 'heute', 'eine', 'suppe', 'mit', 'frischen', 'kräutern']",eine,heute
"F: In dem Satz ""Das Wetter im Frühling ist oft wechselhaft."", welches Wort steht direkt vor dem Wort ""im""? A:","['das', 'wetter', 'im', 'frühling', 'ist', 'oft', 'wechselhaft']",wetter,ist
"Welches Wort steht im Satz ""Wir pflanzen gemeinsam Blumen im Garten für den Frühling."" direkt vor ""Garten""? ","['wir', 'pflanzen', 'gemeinsam', 'blumen', 'im', 'garten', 'für', 'den', 'frühling']",im,pflanzen
"F: In dem Satz ""Im Park spielen viele Kinder fröhlich und laut auf dem Spielplatz."", welches Wort steht direkt vor dem Wort ""fröhlich""? A:","['im', 'park', 'spielen', 'viele', 'kinder', 'fröhlich', 'und', 'laut', 'auf', 'dem', 'spielplatz']",kinder,fröhlich
"Welches Wort steht im Satz ""Die Blumen im Garten blühen schön in der warmen Sonne."" direkt vor ""schön""? ","['die', 'blumen', 'im', 'garten', 'blühen', 'schön', 'in', 'der', 'warmen', 'sonne']",blühen,die
"Welches Wort steht im Satz ""Der Lehrer lobt die Schüler für ihre guten Leistungen im Test."" direkt vor ""im""? ","['der', 'lehrer', 'lobt', 'die', 'schüler', 'für', 'ihre', 'guten', 'leistungen', 'im', 'test']",leistungen,die
"F: In dem Satz ""Wir besuchen das Museum, um mehr über Kunst zu lernen."", welches Wort steht direkt vor dem Wort ""das""? A:","['wir', 'besuchen', 'das', 'museum', 'um', 'mehr', 'über', 'kunst', 'zu', 'lernen']",besuchen,das
"Welches Wort steht im Satz ""Der Hund liegt zufrieden in seinem Körbchen und schläft."" direkt vor ""zufrieden""? ","['der', 'hund', 'liegt', 'zufrieden', 'in', 'seinem', 'körbchen', 'und', 'schläft']",liegt,schläft
"Welches Wort steht im Satz ""Die Kinder spielen draußen im Garten Verstecken und haben viel Spaß."" direkt vor ""draußen""? ","['die', 'kinder', 'spielen', 'draußen', 'im', 'garten', 'verstecken', 'und', 'haben', 'viel', 'spaß']",spielen,haben
"Welches Wort steht im Satz ""Ich trinke morgens gern schwarzen Kaffee ohne Zucker und Milch."" direkt vor ""Kaffee""? ","['ich', 'trinke', 'morgens', 'gern', 'schwarzen', 'kaffee', 'ohne', 'zucker', 'und', 'milch']",schwarzen,kaffee
"Welches Wort steht im Satz ""Wir machen eine Wanderung durch den Wald und hören Vögel."" direkt vor ""Wanderung""? ","['wir', 'machen', 'eine', 'wanderung', 'durch', 'den', 'wald', 'und', 'hören', 'vögel']",eine,eine
"F: In dem Satz ""Sie liest jeden Abend vor dem Schlafengehen ein interessantes Buch."", welches Wort kommt unmittelbar vor dem Wort ""interessantes""? A:","['sie', 'liest', 'jeden', 'abend', 'vor', 'dem', 'schlafengehen', 'ein', 'interessantes', 'buch']",ein,interessantes
"F: In dem Satz ""Wir machen einen Ausflug zum See am Samstag mit der Familie."", welches Wort kommt unmittelbar vor dem Wort ""am""? A:","['wir', 'machen', 'einen', 'ausflug', 'zum', 'see', 'am', 'samstag', 'mit', 'der', 'familie']",see,samstag
"Welches Wort steht im Satz ""Der Winter bringt oft Schnee und kalte Temperaturen in unsere Region."" direkt vor ""Schnee""? ","['der', 'winter', 'bringt', 'oft', 'schnee', 'und', 'kalte', 'temperaturen', 'in', 'unsere', 'region']",oft,schnee
"F: In dem Satz ""Ich höre gern Podcasts über Wissenschaft und Technik."", welches Wort steht direkt vor dem Wort ""über""? A:","['ich', 'höre', 'gern', 'podcasts', 'über', 'wissenschaft', 'und', 'technik']",podcasts,höre
"F: In dem Satz ""Der Hund bellt laut, wenn jemand an der Tür klingelt."", welches Wort kommt unmittelbar vor dem Wort ""bellt""? A:","['der', 'hund', 'bellt', 'laut', 'wenn', 'jemand', 'an', 'der', 'tür', 'klingelt']",hund,der
"Welches Wort steht im Satz ""Wir gehen morgen früh zum Markt, um frisches Obst zu kaufen."" direkt vor ""gehen""? ","['wir', 'gehen', 'morgen', 'früh', 'zum', 'markt', 'um', 'frisches', 'obst', 'zu', 'kaufen']",wir,kaufen
"Welches Wort steht im Satz ""Der Himmel ist heute bewölkt, aber es bleibt trocken und mild."" direkt vor ""trocken""? ","['der', 'himmel', 'ist', 'heute', 'bewölkt', 'aber', 'es', 'bleibt', 'trocken', 'und', 'mild']",bleibt,himmel
"Welches Wort steht im Satz ""Sie näht eine warme Jacke für den kommenden Winter."" direkt vor ""für""? ","['sie', 'näht', 'eine', 'warme', 'jacke', 'für', 'den', 'kommenden', 'winter']",jacke,näht
"Welches Wort steht im Satz ""Die Katze spielt mit ihrem Lieblingsspielzeug auf dem Wohnzimmerboden."" direkt vor ""spielt""? ","['die', 'katze', 'spielt', 'mit', 'ihrem', 'lieblingsspielzeug', 'auf', 'dem', 'wohnzimmerboden']",katze,mit
"Welches Wort steht im Satz ""Wir spielen Karten und lachen laut bis spät in Nacht."" direkt vor ""in""? ","['wir', 'spielen', 'karten', 'und', 'lachen', 'laut', 'bis', 'spät', 'in', 'nacht']",spät,spielen
"F: In dem Satz ""Das Wetter wird im Sommer oft sehr heiß und trocken."", welches Wort steht direkt vor dem Wort ""heiß""? A:","['das', 'wetter', 'wird', 'im', 'sommer', 'oft', 'sehr', 'heiß', 'und', 'trocken']",sehr,das
"Welches Wort steht im Satz ""Sie schreibt regelmäßig Briefe an ihre Freunde und Verwandten."" direkt vor ""Briefe""? ","['sie', 'schreibt', 'regelmäßig', 'briefe', 'an', 'ihre', 'freunde', 'und', 'verwandten']",regelmäßig,sie
"F: In dem Satz ""Der Hund frisst sein Futter mit großem Appetit."", welches Wort steht direkt vor dem Wort ""Hund""? A:","['der', 'hund', 'frisst', 'sein', 'futter', 'mit', 'großem', 'appetit']",der,appetit
"F: In dem Satz ""Die Blumen blühen bunt im Frühling auf dem Balkon."", welches Wort kommt unmittelbar vor dem Wort ""dem""? A:","['die', 'blumen', 'blühen', 'bunt', 'im', 'frühling', 'auf', 'dem', 'balkon']",auf,balkon
"Welches Wort steht im Satz ""Die Kinder spielen draußen im Park mit bunten Luftballons."" direkt vor ""Park""? ","['die', 'kinder', 'spielen', 'draußen', 'im', 'park', 'mit', 'bunten', 'luftballons']",im,draußen
"Welches Wort steht im Satz ""Die Kinder spielen draußen im Garten mit ihren bunten Spielsachen."" direkt vor ""Kinder""? ","['die', 'kinder', 'spielen', 'draußen', 'im', 'garten', 'mit', 'ihren', 'bunten', 'spielsachen']",die,draußen
"F: In dem Satz ""Sie schreibt regelmäßig Briefe an ihre Großeltern auf dem Land."", welches Wort kommt unmittelbar vor dem Wort ""an""? A:","['sie', 'schreibt', 'regelmäßig', 'briefe', 'an', 'ihre', 'großeltern', 'auf', 'dem', 'land']",briefe,auf
"F: In dem Satz ""Sie tanzt begeistert im Tanzkurs jeden Freitagabend."", welches Wort steht direkt vor dem Wort ""begeistert""? A:","['sie', 'tanzt', 'begeistert', 'im', 'tanzkurs', 'jeden', 'freitagabend']",tanzt,sie
"F: In dem Satz ""Der Vogel zwitschert fröhlich im Baum neben dem Haus morgens."", welches Wort steht direkt vor dem Wort ""dem""? A:","['der', 'vogel', 'zwitschert', 'fröhlich', 'im', 'baum', 'neben', 'dem', 'haus', 'morgens']",neben,haus
"Welches Wort steht im Satz ""Er liest täglich die Zeitung am Frühstückstisch in der Küche."" direkt vor ""der""? ","['er', 'liest', 'täglich', 'die', 'zeitung', 'am', 'frühstückstisch', 'in', 'der', 'küche']",in,er
"F: In dem Satz ""Wir feiern nächsten Monat eine große Geburtstagsparty."", welches Wort steht direkt vor dem Wort ""nächsten""? A:","['wir', 'feiern', 'nächsten', 'monat', 'eine', 'große', 'geburtstagsparty']",feiern,große
"Welches Wort steht im Satz ""Er schreibt täglich in sein Tagebuch über seine Erlebnisse und Gedanken."" direkt vor ""in""? ","['er', 'schreibt', 'täglich', 'in', 'sein', 'tagebuch', 'über', 'seine', 'erlebnisse', 'und', 'gedanken']",täglich,tagebuch
"F: In dem Satz ""Wir fahren oft mit dem Auto ins Gebirge zum Wandern."", welches Wort kommt unmittelbar vor dem Wort ""zum""? A:","['wir', 'fahren', 'oft', 'mit', 'dem', 'auto', 'ins', 'gebirge', 'zum', 'wandern']",gebirge,fahren
"F: In dem Satz ""Wir machen eine Pause und trinken frischen Kaffee in der Sonne."", welches Wort steht direkt vor dem Wort ""der""? A:","['wir', 'machen', 'eine', 'pause', 'und', 'trinken', 'frischen', 'kaffee', 'in', 'der', 'sonne']",in,der
"F: In dem Satz ""Die Lampe leuchtet hell im Zimmer neben dem Bett."", welches Wort steht direkt vor dem Wort ""leuchtet""? A:","['die', 'lampe', 'leuchtet', 'hell', 'im', 'zimmer', 'neben', 'dem', 'bett']",lampe,lampe
"Welches Wort steht im Satz ""Der Hund rennt schnell durch den Park voller Freude."" direkt vor ""Park""? ","['der', 'hund', 'rennt', 'schnell', 'durch', 'den', 'park', 'voller', 'freude']",den,durch
"F: In dem Satz ""Ich koche heute eine Pizza mit frischem Gemüse."", welches Wort steht direkt vor dem Wort ""heute""? A:","['ich', 'koche', 'heute', 'eine', 'pizza', 'mit', 'frischem', 'gemüse']",koche,heute
"F: In dem Satz ""Die Kinder malen bunte Bilder für das Schulprojekt im Kunstunterricht."", welches Wort kommt unmittelbar vor dem Wort ""das""? A:","['die', 'kinder', 'malen', 'bunte', 'bilder', 'für', 'das', 'schulprojekt', 'im', 'kunstunterricht']",für,schulprojekt
"Welches Wort steht im Satz ""Die Sonne scheint warm durch das Fenster ins Wohnzimmer."" direkt vor ""warm""? ","['die', 'sonne', 'scheint', 'warm', 'durch', 'das', 'fenster', 'ins', 'wohnzimmer']",scheint,scheint
"F: In dem Satz ""Wir fahren mit dem Fahrrad durch den Park am Wochenende zum Entspannen."", welches Wort kommt unmittelbar vor dem Wort ""durch""? A:","['wir', 'fahren', 'mit', 'dem', 'fahrrad', 'durch', 'den', 'park', 'am', 'wochenende', 'zum', 'entspannen']",fahrrad,zum
"Welches Wort steht im Satz ""Wir machen eine Wanderung durch die Berge am Wochenende."" direkt vor ""machen""? ","['wir', 'machen', 'eine', 'wanderung', 'durch', 'die', 'berge', 'am', 'wochenende']",wir,machen
"F: In dem Satz ""Der Hund bellt, wenn jemand an der Tür klingelt."", welches Wort steht direkt vor dem Wort ""Tür""? A:","['der', 'hund', 'bellt', 'wenn', 'jemand', 'an', 'der', 'tür', 'klingelt']",der,tür
"Welches Wort steht im Satz ""Wir besuchen am Wochenende das neue Theaterstück in der Stadt."" direkt vor ""Theaterstück""? ","['wir', 'besuchen', 'am', 'wochenende', 'das', 'neue', 'theaterstück', 'in', 'der', 'stadt']",neue,das
"F: In dem Satz ""Ich gehe gerne joggen im Wald am Morgen."", welches Wort steht direkt vor dem Wort ""Wald""? A:","['ich', 'gehe', 'gerne', 'joggen', 'im', 'wald', 'am', 'morgen']",im,joggen
"F: In dem Satz ""Sie schreibt eine E-Mail an ihre beste Freundin und erzählt Neuigkeiten."", welches Wort steht direkt vor dem Wort ""an""? A:","['sie', 'schreibt', 'eine', 'e-mail', 'an', 'ihre', 'beste', 'freundin', 'und', 'erzählt', 'neuigkeiten']",e-mail,an
"F: In dem Satz ""Wir feiern heute Geburtstag mit Familie und Freunden zusammen."", welches Wort kommt unmittelbar vor dem Wort ""Freunden""? A:","['wir', 'feiern', 'heute', 'geburtstag', 'mit', 'familie', 'und', 'freunden', 'zusammen']",und,heute
"F: In dem Satz ""Die Blumen blühen bunt im Frühling und Sommer."", welches Wort steht direkt vor dem Wort ""blühen""? A:","['die', 'blumen', 'blühen', 'bunt', 'im', 'frühling', 'und', 'sommer']",blumen,bunt
"Welches Wort steht im Satz ""Wir machen eine Fahrradtour entlang des Flusses bei schönem Wetter."" direkt vor ""machen""? ","['wir', 'machen', 'eine', 'fahrradtour', 'entlang', 'des', 'flusses', 'bei', 'schönem', 'wetter']",wir,machen
"F: In dem Satz ""Der Hund frisst sein Futter mit großem Appetit."", welches Wort steht direkt vor dem Wort ""frisst""? A:","['der', 'hund', 'frisst', 'sein', 'futter', 'mit', 'großem', 'appetit']",hund,großem
"F: In dem Satz ""Ich mag es, im Herbst durch bunte Blätter zu laufen."", welches Wort steht direkt vor dem Wort ""bunte""? A:","['ich', 'mag', 'es', 'im', 'herbst', 'durch', 'bunte', 'blätter', 'zu', 'laufen']",durch,bunte
"F: In dem Satz ""Wir besuchen im Sommer oft den See zum Schwimmen und Entspannen."", welches Wort kommt unmittelbar vor dem Wort ""und""? A:","['wir', 'besuchen', 'im', 'sommer', 'oft', 'den', 'see', 'zum', 'schwimmen', 'und', 'entspannen']",schwimmen,sommer
"F: In dem Satz ""Wir feiern heute das Fest mit Freunden und Familie zusammen."", welches Wort kommt unmittelbar vor dem Wort ""Fest""? A:","['wir', 'feiern', 'heute', 'das', 'fest', 'mit', 'freunden', 'und', 'familie', 'zusammen']",das,heute
"F: In dem Satz ""Sie kocht gern italienische Gerichte für ihre Freunde."", welches Wort steht direkt vor dem Wort ""für""? A:","['sie', 'kocht', 'gern', 'italienische', 'gerichte', 'für', 'ihre', 'freunde']",gerichte,sie
"F: In dem Satz ""Ich lerne Deutsch, um besser arbeiten zu können."", welches Wort steht direkt vor dem Wort ""Deutsch""? A:","['ich', 'lerne', 'deutsch', 'um', 'besser', 'arbeiten', 'zu', 'können']",lerne,deutsch
"F: In dem Satz ""Er schreibt täglich in sein Tagebuch über seine Gedanken."", welches Wort kommt unmittelbar vor dem Wort ""über""? A:","['er', 'schreibt', 'täglich', 'in', 'sein', 'tagebuch', 'über', 'seine', 'gedanken']",tagebuch,täglich
"F: In dem Satz ""Sie spielt gern Klavier und übt jeden Tag fleißig."", welches Wort steht direkt vor dem Wort ""jeden""? A:","['sie', 'spielt', 'gern', 'klavier', 'und', 'übt', 'jeden', 'tag', 'fleißig']",übt,tag
"F: In dem Satz ""Das Auto ist schnell und sparsam im Verbrauch."", welches Wort steht direkt vor dem Wort ""sparsam""? A:","['das', 'auto', 'ist', 'schnell', 'und', 'sparsam', 'im', 'verbrauch']",und,und
"F: In dem Satz ""Der Vogel singt früh am Morgen ein fröhliches Lied draußen."", welches Wort kommt unmittelbar vor dem Wort ""Morgen""? A:","['der', 'vogel', 'singt', 'früh', 'am', 'morgen', 'ein', 'fröhliches', 'lied', 'draußen']",am,am
"Welches Wort steht im Satz ""Der Himmel ist klar und die Sterne leuchten in der Nacht."" direkt vor ""in""? ","['der', 'himmel', 'ist', 'klar', 'und', 'die', 'sterne', 'leuchten', 'in', 'der', 'nacht']",leuchten,sterne
"Welches Wort steht im Satz ""Ich koche heute eine leckere Tomatensuppe mit frischen Kräutern."" direkt vor ""frischen""? ","['ich', 'koche', 'heute', 'eine', 'leckere', 'tomatensuppe', 'mit', 'frischen', 'kräutern']",mit,mit
"F: In dem Satz ""Ich trinke abends gerne warmen Kräutertee zum Entspannen."", welches Wort kommt unmittelbar vor dem Wort ""gerne""? A:","['ich', 'trinke', 'abends', 'gerne', 'warmen', 'kräutertee', 'zum', 'entspannen']",abends,ich
"Welches Wort steht im Satz ""Wir genießen den sonnigen Tag beim Spielen im Park zusammen."" direkt vor ""Park""? ","['wir', 'genießen', 'den', 'sonnigen', 'tag', 'beim', 'spielen', 'im', 'park', 'zusammen']",im,tag
"Welches Wort steht im Satz ""Er liest täglich die Zeitung am Frühstückstisch zu Hause."" direkt vor ""liest""? ","['er', 'liest', 'täglich', 'die', 'zeitung', 'am', 'frühstückstisch', 'zu', 'hause']",er,am
"F: In dem Satz ""Wir fahren im Herbst oft mit dem Auto ins Gebirge."", welches Wort kommt unmittelbar vor dem Wort ""dem""? A:","['wir', 'fahren', 'im', 'herbst', 'oft', 'mit', 'dem', 'auto', 'ins', 'gebirge']",mit,ins
"F: In dem Satz ""Er fährt mit dem Zug zur Arbeit in die Stadt jeden Tag heute."", welches Wort kommt unmittelbar vor dem Wort ""die""? A:","['er', 'fährt', 'mit', 'dem', 'zug', 'zur', 'arbeit', 'in', 'die', 'stadt', 'jeden', 'tag', 'heute']",in,arbeit
"Welches Wort steht im Satz ""Die Sonne scheint warm und hell durch die geöffneten Fenster."" direkt vor ""scheint""? ","['die', 'sonne', 'scheint', 'warm', 'und', 'hell', 'durch', 'die', 'geöffneten', 'fenster']",sonne,durch
"F: In dem Satz ""Ich esse gern Schokolade und süße Kuchen."", welches Wort steht direkt vor dem Wort ""und""? A:","['ich', 'esse', 'gern', 'schokolade', 'und', 'süße', 'kuchen']",schokolade,schokolade
"Welches Wort steht im Satz ""Ich gehe abends oft spazieren, um den Kopf frei zu bekommen."" direkt vor ""frei""? ","['ich', 'gehe', 'abends', 'oft', 'spazieren', 'um', 'den', 'kopf', 'frei', 'zu', 'bekommen']",kopf,abends
"F: In dem Satz ""Wir besuchen das Museum, um Kunst zu lernen und zu bewundern."", welches Wort kommt unmittelbar vor dem Wort ""und""? A:","['wir', 'besuchen', 'das', 'museum', 'um', 'kunst', 'zu', 'lernen', 'und', 'zu', 'bewundern']",lernen,lernen
"Welches Wort steht im Satz ""Ich genieße den Duft von frischem Kaffee am frühen Morgen."" direkt vor ""frischem""? ","['ich', 'genieße', 'den', 'duft', 'von', 'frischem', 'kaffee', 'am', 'frühen', 'morgen']",von,frischem
"F: In dem Satz ""Sie liest gern Romane über Abenteuer und spannende Geschichten."", welches Wort kommt unmittelbar vor dem Wort ""Abenteuer""? A:","['sie', 'liest', 'gern', 'romane', 'über', 'abenteuer', 'und', 'spannende', 'geschichten']",über,abenteuer
"F: In dem Satz ""Ich lese oft Bücher über Geschichte und interessante Kulturen weltweit."", welches Wort kommt unmittelbar vor dem Wort ""oft""? A:","['ich', 'lese', 'oft', 'bücher', 'über', 'geschichte', 'und', 'interessante', 'kulturen', 'weltweit']",lese,lese
"Welches Wort steht im Satz ""Die Katze schnurrt zufrieden, wenn sie gestreichelt wird vom Besitzer."" direkt vor ""wenn""? ","['die', 'katze', 'schnurrt', 'zufrieden', 'wenn', 'sie', 'gestreichelt', 'wird', 'vom', 'besitzer']",zufrieden,die
"F: In dem Satz ""Die Katze schnurrt zufrieden, wenn sie gestreichelt wird."", welches Wort kommt unmittelbar vor dem Wort ""wenn""? A:","['die', 'katze', 'schnurrt', 'zufrieden', 'wenn', 'sie', 'gestreichelt', 'wird']",zufrieden,katze
"F: In dem Satz ""Die Lampe leuchtet hell im dunklen Zimmer."", welches Wort steht direkt vor dem Wort ""hell""? A:","['die', 'lampe', 'leuchtet', 'hell', 'im', 'dunklen', 'zimmer']",leuchtet,hell
"Welches Wort steht im Satz ""Der Lehrer erklärt geduldig die schwierigen Grammatikregeln im Unterricht."" direkt vor ""Grammatikregeln""? ","['der', 'lehrer', 'erklärt', 'geduldig', 'die', 'schwierigen', 'grammatikregeln', 'im', 'unterricht']",schwierigen,schwierigen
"F: In dem Satz ""Wir besuchen nächste Woche das neue Museum in der Stadt."", welches Wort steht direkt vor dem Wort ""das""? A:","['wir', 'besuchen', 'nächste', 'woche', 'das', 'neue', 'museum', 'in', 'der', 'stadt']",woche,in
"F: In dem Satz ""Wir fahren im Winter in die Berge zum Skifahren und Rodeln oft heute."", welches Wort kommt unmittelbar vor dem Wort ""Rodeln""? A:","['wir', 'fahren', 'im', 'winter', 'in', 'die', 'berge', 'zum', 'skifahren', 'und', 'rodeln', 'oft', 'heute']",und,berge
"F: In dem Satz ""Wir machen einen Spaziergang durch den Wald am Nachmittag."", welches Wort steht direkt vor dem Wort ""einen""? A:","['wir', 'machen', 'einen', 'spaziergang', 'durch', 'den', 'wald', 'am', 'nachmittag']",machen,am
"Welches Wort steht im Satz ""Die Kinder basteln Laternen für das Martinsfest in der Schule."" direkt vor ""der""? ","['die', 'kinder', 'basteln', 'laternen', 'für', 'das', 'martinsfest', 'in', 'der', 'schule']",in,für
"Welches Wort steht im Satz ""Sie pflückt Wildblumen und bindet einen bunten Strauß daraus."" direkt vor ""einen""? ","['sie', 'pflückt', 'wildblumen', 'und', 'bindet', 'einen', 'bunten', 'strauß', 'daraus']",bindet,daraus
"F: In dem Satz ""Der Lehrer erklärt die Grammatik sehr geduldig und klar."", welches Wort steht direkt vor dem Wort ""sehr""? A:","['der', 'lehrer', 'erklärt', 'die', 'grammatik', 'sehr', 'geduldig', 'und', 'klar']",grammatik,die
"F: In dem Satz ""Wir machen eine Radtour am Wochenende entlang des Flusses."", welches Wort kommt unmittelbar vor dem Wort ""des""? A:","['wir', 'machen', 'eine', 'radtour', 'am', 'wochenende', 'entlang', 'des', 'flusses']",entlang,am
"Welches Wort steht im Satz ""Sie tanzt leidenschaftlich gern jeden Samstagabend in der Tanzschule."" direkt vor ""in""? ","['sie', 'tanzt', 'leidenschaftlich', 'gern', 'jeden', 'samstagabend', 'in', 'der', 'tanzschule']",samstagabend,tanzt
"F: In dem Satz ""Wir fahren mit dem Zug in die nächste Stadt."", welches Wort steht direkt vor dem Wort ""die""? A:","['wir', 'fahren', 'mit', 'dem', 'zug', 'in', 'die', 'nächste', 'stadt']",in,nächste
"F: In dem Satz ""Er fährt mit dem Zug pünktlich zur Arbeit in die Stadt."", welches Wort kommt unmittelbar vor dem Wort ""fährt""? A:","['er', 'fährt', 'mit', 'dem', 'zug', 'pünktlich', 'zur', 'arbeit', 'in', 'die', 'stadt']",er,arbeit
"F: In dem Satz ""Ich trinke abends gern eine heiße Tasse Tee."", welches Wort steht direkt vor dem Wort ""abends""? A:","['ich', 'trinke', 'abends', 'gern', 'eine', 'heiße', 'tasse', 'tee']",trinke,abends
"Welches Wort steht im Satz ""Der Himmel färbt sich rosa beim Sonnenaufgang über den Bergen."" direkt vor ""rosa""? ","['der', 'himmel', 'färbt', 'sich', 'rosa', 'beim', 'sonnenaufgang', 'über', 'den', 'bergen']",sich,der
"F: In dem Satz ""Wir treffen uns morgen im Café zum Frühstücken."", welches Wort steht direkt vor dem Wort ""uns""? A:","['wir', 'treffen', 'uns', 'morgen', 'im', 'café', 'zum', 'frühstücken']",treffen,zum
"F: In dem Satz ""Der Film war spannend und sehr unterhaltsam."", welches Wort steht direkt vor dem Wort ""sehr""? A:","['der', 'film', 'war', 'spannend', 'und', 'sehr', 'unterhaltsam']",und,spannend
"F: In dem Satz ""Der Fluss fließt ruhig durch die grüne Landschaft."", welches Wort steht direkt vor dem Wort ""ruhig""? A:","['der', 'fluss', 'fließt', 'ruhig', 'durch', 'die', 'grüne', 'landschaft']",fließt,grüne
"F: In dem Satz ""Ich lerne jeden Tag neue deutsche Wörter und Redewendungen für den Alltag."", welches Wort steht direkt vor dem Wort ""und""? A:","['ich', 'lerne', 'jeden', 'tag', 'neue', 'deutsche', 'wörter', 'und', 'redewendungen', 'für', 'den', 'alltag']",wörter,jeden
"Welches Wort steht im Satz ""Die Kinder spielen draußen im Garten Verstecken und haben viel Spaß."" direkt vor ""spielen""? ","['die', 'kinder', 'spielen', 'draußen', 'im', 'garten', 'verstecken', 'und', 'haben', 'viel', 'spaß']",kinder,die
"Welches Wort steht im Satz ""Die Kinder basteln Laternen für das Martinsfest in der Schule."" direkt vor ""Kinder""? ","['die', 'kinder', 'basteln', 'laternen', 'für', 'das', 'martinsfest', 'in', 'der', 'schule']",die,schule
"Welches Wort steht im Satz ""Er fährt täglich mit dem Fahrrad zur Arbeit in die Stadt."" direkt vor ""Fahrrad""? ","['er', 'fährt', 'täglich', 'mit', 'dem', 'fahrrad', 'zur', 'arbeit', 'in', 'die', 'stadt']",dem,stadt
"F: In dem Satz ""Der Hund bellt, wenn jemand an der Tür klingelt."", welches Wort steht direkt vor dem Wort ""bellt""? A:","['der', 'hund', 'bellt', 'wenn', 'jemand', 'an', 'der', 'tür', 'klingelt']",hund,bellt
"F: In dem Satz ""Sie liest gern spannende Bücher über Abenteuer."", welches Wort steht direkt vor dem Wort ""gern""? A:","['sie', 'liest', 'gern', 'spannende', 'bücher', 'über', 'abenteuer']",liest,abenteuer
"F: In dem Satz ""Die Katze spielt mit ihrem Lieblingsspielzeug auf dem Wohnzimmerboden."", welches Wort kommt unmittelbar vor dem Wort ""dem""? A:","['die', 'katze', 'spielt', 'mit', 'ihrem', 'lieblingsspielzeug', 'auf', 'dem', 'wohnzimmerboden']",auf,auf
"F: In dem Satz ""Ich trinke gerne schwarzen Kaffee mit etwas Zucker und Milch."", welches Wort kommt unmittelbar vor dem Wort ""Zucker""? A:","['ich', 'trinke', 'gerne', 'schwarzen', 'kaffee', 'mit', 'etwas', 'zucker', 'und', 'milch']",etwas,ich
"F: In dem Satz ""Sie hört Musik, während sie ihre Hausaufgaben macht und sich konzentriert."", welches Wort steht direkt vor dem Wort ""hört""? A:","['sie', 'hört', 'musik', 'während', 'sie', 'ihre', 'hausaufgaben', 'macht', 'und', 'sich', 'konzentriert']",sie,macht
"F: In dem Satz ""Sie liest gern spannende Bücher über ferne Länder und Kulturen oft."", welches Wort kommt unmittelbar vor dem Wort ""ferne""? A:","['sie', 'liest', 'gern', 'spannende', 'bücher', 'über', 'ferne', 'länder', 'und', 'kulturen', 'oft']",über,gern
"Welches Wort steht im Satz ""Das Wetter ist heute ideal zum Fahrradfahren im Park."" direkt vor ""Fahrradfahren""? ","['das', 'wetter', 'ist', 'heute', 'ideal', 'zum', 'fahrradfahren', 'im', 'park']",zum,fahrradfahren
"F: In dem Satz ""Wir feiern nächsten Monat eine große Geburtstagsparty zu Hause mit Freunden und Familie."", welches Wort steht direkt vor dem Wort ""Monat""? A:","['wir', 'feiern', 'nächsten', 'monat', 'eine', 'große', 'geburtstagsparty', 'zu', 'hause', 'mit', 'freunden', 'und', 'familie']",nächsten,hause
"F: In dem Satz ""Der Vogel singt ein schönes Lied am Morgen."", welches Wort steht direkt vor dem Wort ""Lied""? A:","['der', 'vogel', 'singt', 'ein', 'schönes', 'lied', 'am', 'morgen']",schönes,schönes
"Welches Wort steht im Satz ""Sie schreibt einen Brief an ihre beste Freundin in Berlin."" direkt vor ""Freundin""? ","['sie', 'schreibt', 'einen', 'brief', 'an', 'ihre', 'beste', 'freundin', 'in', 'berlin']",beste,ihre
"F: In dem Satz ""Der Himmel ist blau und die Sonne scheint hell und warm heute."", welches Wort kommt unmittelbar vor dem Wort ""scheint""? A:","['der', 'himmel', 'ist', 'blau', 'und', 'die', 'sonne', 'scheint', 'hell', 'und', 'warm', 'heute']",sonne,der
"Welches Wort steht im Satz ""Wir genießen den sonnigen Tag beim Picknick im Park zusammen."" direkt vor ""genießen""? ","['wir', 'genießen', 'den', 'sonnigen', 'tag', 'beim', 'picknick', 'im', 'park', 'zusammen']",wir,zusammen
"F: In dem Satz ""Wir fahren im Sommer an den See zum Baden."", welches Wort steht direkt vor dem Wort ""den""? A:","['wir', 'fahren', 'im', 'sommer', 'an', 'den', 'see', 'zum', 'baden']",an,fahren
"F: In dem Satz ""Der Hund läuft schnell durch den großen Garten und spielt."", welches Wort steht direkt vor dem Wort ""Hund""? A:","['der', 'hund', 'läuft', 'schnell', 'durch', 'den', 'großen', 'garten', 'und', 'spielt']",der,schnell
"F: In dem Satz ""Der Zug kommt pünktlich am Bahnhof an."", welches Wort steht direkt vor dem Wort ""am""? A:","['der', 'zug', 'kommt', 'pünktlich', 'am', 'bahnhof', 'an']",pünktlich,am
"F: In dem Satz ""Wir gehen heute Abend ins Restaurant zum gemütlichen Essen."", welches Wort kommt unmittelbar vor dem Wort ""ins""? A:","['wir', 'gehen', 'heute', 'abend', 'ins', 'restaurant', 'zum', 'gemütlichen', 'essen']",abend,heute
"F: In dem Satz ""Sie schreibt eine Postkarte an ihre Großeltern."", welches Wort steht direkt vor dem Wort ""an""? A:","['sie', 'schreibt', 'eine', 'postkarte', 'an', 'ihre', 'großeltern']",postkarte,an
"F: In dem Satz ""Wir fahren im Sommer ans Meer zum Schwimmen."", welches Wort steht direkt vor dem Wort ""ans""? A:","['wir', 'fahren', 'im', 'sommer', 'ans', 'meer', 'zum', 'schwimmen']",sommer,fahren
"F: In dem Satz ""Ich höre gern Podcasts über Wissenschaft und Technik."", welches Wort steht direkt vor dem Wort ""und""? A:","['ich', 'höre', 'gern', 'podcasts', 'über', 'wissenschaft', 'und', 'technik']",wissenschaft,ich
"Welches Wort steht im Satz ""Er fährt jeden Tag mit dem Fahrrad zur Arbeit in die Stadt."" direkt vor ""mit""? ","['er', 'fährt', 'jeden', 'tag', 'mit', 'dem', 'fahrrad', 'zur', 'arbeit', 'in', 'die', 'stadt']",tag,arbeit
"Welches Wort steht im Satz ""Der Hund wartet geduldig vor der Haustür auf seinen Spaziergang."" direkt vor ""geduldig""? ","['der', 'hund', 'wartet', 'geduldig', 'vor', 'der', 'haustür', 'auf', 'seinen', 'spaziergang']",wartet,spaziergang
"F: In dem Satz ""Wir machen eine Wanderung durch den schönen Wald."", welches Wort steht direkt vor dem Wort ""machen""? A:","['wir', 'machen', 'eine', 'wanderung', 'durch', 'den', 'schönen', 'wald']",wir,wanderung
"F: In dem Satz ""Der Hund liegt entspannt auf dem Teppich vor dem Kamin."", welches Wort kommt unmittelbar vor dem Wort ""Teppich""? A:","['der', 'hund', 'liegt', 'entspannt', 'auf', 'dem', 'teppich', 'vor', 'dem', 'kamin']",dem,dem
"Welches Wort steht im Satz ""Ich genieße die Ruhe beim Lesen eines guten Romans am Abend."" direkt vor ""genieße""? ","['ich', 'genieße', 'die', 'ruhe', 'beim', 'lesen', 'eines', 'guten', 'romans', 'am', 'abend']",ich,ruhe
"F: In dem Satz ""Die Katze spielt mit ihrem Lieblingsspielzeug im Wohnzimmer fröhlich."", welches Wort kommt unmittelbar vor dem Wort ""Lieblingsspielzeug""? A:","['die', 'katze', 'spielt', 'mit', 'ihrem', 'lieblingsspielzeug', 'im', 'wohnzimmer', 'fröhlich']",ihrem,spielt
"F: In dem Satz ""Wir fahren im Winter oft in die Berge zum Skifahren."", welches Wort steht direkt vor dem Wort ""Berge""? A:","['wir', 'fahren', 'im', 'winter', 'oft', 'in', 'die', 'berge', 'zum', 'skifahren']",die,wir
"F: In dem Satz ""Sie kocht leckere Gerichte mit frischem Gemüse aus dem Garten."", welches Wort kommt unmittelbar vor dem Wort ""leckere""? A:","['sie', 'kocht', 'leckere', 'gerichte', 'mit', 'frischem', 'gemüse', 'aus', 'dem', 'garten']",kocht,dem
"Welches Wort steht im Satz ""Die Kinder spielen draußen im Park mit bunten Luftballons und lachen."" direkt vor ""Park""? ","['die', 'kinder', 'spielen', 'draußen', 'im', 'park', 'mit', 'bunten', 'luftballons', 'und', 'lachen']",im,draußen
"Welches Wort steht im Satz ""Ich trinke morgens heißen Kaffee, um wach zu werden."" direkt vor ""trinke""? ","['ich', 'trinke', 'morgens', 'heißen', 'kaffee', 'um', 'wach', 'zu', 'werden']",ich,wach
"Welches Wort steht im Satz ""Die Katze schnurrt leise, während sie auf dem Schoß sitzt."" direkt vor ""Katze""? ","['die', 'katze', 'schnurrt', 'leise', 'während', 'sie', 'auf', 'dem', 'schoß', 'sitzt']",die,auf
"F: In dem Satz ""Ich trinke abends oft einen Kräutertee zum Entspannen vor dem Schlaf."", welches Wort kommt unmittelbar vor dem Wort ""trinke""? A:","['ich', 'trinke', 'abends', 'oft', 'einen', 'kräutertee', 'zum', 'entspannen', 'vor', 'dem', 'schlaf']",ich,schlaf
"F: In dem Satz ""Ich koche heute eine cremige Kürbissuppe mit frischen Gewürzen."", welches Wort kommt unmittelbar vor dem Wort ""frischen""? A:","['ich', 'koche', 'heute', 'eine', 'cremige', 'kürbissuppe', 'mit', 'frischen', 'gewürzen']",mit,eine
"F: In dem Satz ""Wir gehen heute Abend ins Theater und sehen ein Stück."", welches Wort steht direkt vor dem Wort ""heute""? A:","['wir', 'gehen', 'heute', 'abend', 'ins', 'theater', 'und', 'sehen', 'ein', 'stück']",gehen,ins
"Welches Wort steht im Satz ""Der Vogel zwitschert munter im Baum vor unserem Fenster."" direkt vor ""munter""? ","['der', 'vogel', 'zwitschert', 'munter', 'im', 'baum', 'vor', 'unserem', 'fenster']",zwitschert,der
"F: In dem Satz ""Die Blumen im Park blühen bunt und duften angenehm."", welches Wort steht direkt vor dem Wort ""und""? A:","['die', 'blumen', 'im', 'park', 'blühen', 'bunt', 'und', 'duften', 'angenehm']",bunt,angenehm
"F: In dem Satz ""Er fährt jeden Morgen mit dem Fahrrad zur Arbeit in die Stadt."", welches Wort kommt unmittelbar vor dem Wort ""die""? A:","['er', 'fährt', 'jeden', 'morgen', 'mit', 'dem', 'fahrrad', 'zur', 'arbeit', 'in', 'die', 'stadt']",in,arbeit
"F: In dem Satz ""Die Lampe leuchtet hell im Zimmer neben dem Bett und Tisch heute."", welches Wort kommt unmittelbar vor dem Wort ""hell""? A:","['die', 'lampe', 'leuchtet', 'hell', 'im', 'zimmer', 'neben', 'dem', 'bett', 'und', 'tisch', 'heute']",leuchtet,im
